DateTime,doy,pp_id,value,hy
2015-01-01,1,294,2.0810909328078586,0
2015-01-02,2,294,2.1984987401171394,24
2015-01-03,3,294,2.3681046581659646,48
2015-01-04,4,294,2.36669514717326,72
2015-01-05,5,294,2.1880547735685267,96
2015-01-06,6,294,2.1857266127194235,120
2015-01-07,7,294,2.236389482541285,144
2015-01-08,8,294,2.3716122349092217,168
2015-01-09,9,294,2.499210580930483,192
2015-01-10,10,294,2.7614523786061143,216
2015-01-11,11,294,2.40050240325636,240
2015-01-12,12,294,2.3236595215613187,264
2015-01-13,13,294,2.4332317414464906,288
2015-01-14,14,294,2.4433995575079828,312
2015-01-15,15,294,2.4022700860023263,336
2015-01-16,16,294,2.4146212963504707,360
2015-01-17,17,294,2.261549748771397,384
2015-01-18,18,294,2.1867609438562314,408
2015-01-19,19,294,2.2122171026412687,432
2015-01-20,20,294,2.2372254116659103,456
2015-01-21,21,294,2.2276018366461874,480
2015-01-22,22,294,2.22410481718904,504
2015-01-23,23,294,2.224102485040228,528
2015-01-24,24,294,2.230006162251703,552
2015-01-25,25,294,2.1995423570663606,576
2015-01-26,26,294,2.1650983570738727,600
2015-01-27,27,294,2.2454943990222143,624
2015-01-28,28,294,2.224531662155237,648
2015-01-29,29,294,2.2808511203922,672
2015-01-30,30,294,2.2319358208548024,696
2015-01-31,31,294,2.2156104161799823,720
2015-02-01,32,294,2.204537076538217,744
2015-02-02,33,294,2.2024776890691458,768
2015-02-03,34,294,2.1240700145451976,792
2015-02-04,35,294,2.118662296247026,816
2015-02-05,36,294,2.118476927860589,840
2015-02-06,37,294,2.1289979704962043,864
2015-02-07,38,294,2.09023590443119,888
2015-02-08,39,294,2.1096650942889137,912
2015-02-09,40,294,2.1362211138371934,936
2015-02-10,41,294,2.164812346655221,960
2015-02-11,42,294,2.168566037001259,984
2015-02-12,43,294,2.1691254152136006,1008
2015-02-13,44,294,2.2160992710519207,1032
2015-02-14,45,294,2.3012661910558982,1056
2015-02-15,46,294,2.2526761210216333,1080
2015-02-16,47,294,2.2065947433907094,1104
2015-02-17,48,294,2.216329549031516,1128
2015-02-18,49,294,2.2033482032226512,1152
2015-02-19,50,294,2.2397051749901817,1176
2015-02-20,51,294,2.3330879985871604,1200
2015-02-21,52,294,2.2948354789305427,1224
2015-02-22,53,294,2.250015412750069,1248
2015-02-23,54,294,2.263257016507809,1272
2015-02-24,55,294,2.3195951983486176,1296
2015-02-25,56,294,2.3049176471534856,1320
2015-02-26,57,294,2.274334824110371,1344
2015-02-27,58,294,2.299929441169976,1368
2015-02-28,59,294,2.293530465505254,1392
2015-03-01,60,294,2.4008175858985616,1416
2015-03-02,61,294,2.493306235732519,1440
2015-03-03,62,294,2.427047529235417,1464
2015-03-04,63,294,2.329413939406112,1488
2015-03-05,64,294,2.2956452103713882,1512
2015-03-06,65,294,2.30149333991735,1536
2015-03-07,66,294,2.3428631214515754,1560
2015-03-08,67,294,2.4420759320301744,1584
2015-03-09,68,294,2.507520007553886,1608
2015-03-10,69,294,2.5274380710821442,1632
2015-03-11,70,294,2.5281029139406974,1656
2015-03-12,71,294,2.3929205575373254,1680
2015-03-13,72,294,2.363636578743873,1704
2015-03-14,73,294,2.3560995815477184,1728
2015-03-15,74,294,2.364716126782128,1752
2015-03-16,75,294,2.5135536057889234,1776
2015-03-17,76,294,2.5999280417843167,1800
2015-03-18,77,294,2.6577845844508063,1824
2015-03-19,78,294,2.6233298672215457,1848
2015-03-20,79,294,2.5589028568779777,1872
2015-03-21,80,294,2.4964841045396584,1896
2015-03-22,81,294,2.3990560001348813,1920
2015-03-23,82,294,2.491831218315849,1944
2015-03-24,83,294,2.5824021285752408,1968
2015-03-25,84,294,2.5091071728178145,1992
2015-03-26,85,294,2.4273767105593653,2016
2015-03-27,86,294,2.485143162251146,2040
2015-03-28,87,294,2.49049168328367,2064
2015-03-29,88,294,2.6027205155075372,2088
2015-03-30,89,294,2.6249401221835886,2112
2015-03-31,90,294,2.6939329542324257,2136
2015-04-01,91,294,2.417599557288544,2160
2015-04-02,92,294,2.412977461827538,2184
2015-04-03,93,294,2.4189502645360577,2208
2015-04-04,94,294,2.4206289892598223,2232
2015-04-05,95,294,2.3499640679118308,2256
2015-04-06,96,294,2.348266831471251,2280
2015-04-07,97,294,2.3977999575371154,2304
2015-04-08,98,294,2.514189563924496,2328
2015-04-09,99,294,2.6710433891264227,2352
2015-04-10,100,294,2.8276889867534094,2376
2015-04-11,101,294,2.7553631255297537,2400
2015-04-12,102,294,2.79686326878132,2424
2015-04-13,103,294,2.8475961936507885,2448
2015-04-14,104,294,2.8334738740921654,2472
2015-04-15,105,294,2.904651214627565,2496
2015-04-16,106,294,2.8714074045274707,2520
2015-04-17,107,294,2.7410907801224202,2544
2015-04-18,108,294,2.5721072126472944,2568
2015-04-19,109,294,2.5975974840911595,2592
2015-04-20,110,294,2.6958476498764123,2616
2015-04-21,111,294,2.7978679148525685,2640
2015-04-22,112,294,2.8739479755855735,2664
2015-04-23,113,294,2.728326383990472,2688
2015-04-24,114,294,2.807432330532898,2712
2015-04-25,115,294,2.8192980271555417,2736
2015-04-26,116,294,2.875087703772423,2760
2015-04-27,117,294,2.8913964737195244,2784
2015-04-28,118,294,2.534882163747747,2808
2015-04-29,119,294,2.584342067472338,2832
2015-04-30,120,294,2.72544585155559,2856
2015-05-01,121,294,2.707996905662972,2880
2015-05-02,122,294,2.826531476561448,2904
2015-05-03,123,294,2.91579713588419,2928
2015-05-04,124,294,3.0279514357799764,2952
2015-05-05,125,294,3.0561122066326485,2976
2015-05-06,126,294,2.8527472473419504,3000
2015-05-07,127,294,2.8151639019226598,3024
2015-05-08,128,294,2.873108293425384,3048
2015-05-09,129,294,2.9256796848920987,3072
2015-05-10,130,294,2.938897455258473,3096
2015-05-11,131,294,3.081026363540852,3120
2015-05-12,132,294,3.3133620892345235,3144
2015-05-13,133,294,3.3567733468214738,3168
2015-05-14,134,294,3.1271270260665442,3192
2015-05-15,135,294,2.552339661543923,3216
2015-05-16,136,294,2.812177772639634,3240
2015-05-17,137,294,2.9326139963253057,3264
2015-05-18,138,294,3.014485281890846,3288
2015-05-19,139,294,2.7960435059125666,3312
2015-05-20,140,294,2.5862282920636965,3336
2015-05-21,141,294,2.5598335268094154,3360
2015-05-22,142,294,2.6997351739601414,3384
2015-05-23,143,294,2.785623100757812,3408
2015-05-24,144,294,2.9027577187951223,3432
2015-05-25,145,294,2.8698878526571168,3456
2015-05-26,146,294,2.72223150600152,3480
2015-05-27,147,294,2.737208039813714,3504
2015-05-28,148,294,2.8734566541063806,3528
2015-05-29,149,294,3.0701216329233616,3552
2015-05-30,150,294,2.9918920187130675,3576
2015-05-31,151,294,3.0532867221073765,3600
2015-06-01,152,294,3.1210404192169734,3624
2015-06-02,153,294,3.238652956631657,3648
2015-06-03,154,294,3.3716466796091003,3672
2015-06-04,155,294,3.4230791432132315,3696
2015-06-05,156,294,3.6043789988431554,3720
2015-06-06,157,294,3.5699526456904502,3744
2015-06-07,158,294,3.424369767708189,3768
2015-06-08,159,294,3.127652324108362,3792
2015-06-09,160,294,2.897267736604169,3816
2015-06-10,161,294,2.992879604186593,3840
2015-06-11,162,294,3.2346919345454217,3864
2015-06-12,163,294,3.3396085316570496,3888
2015-06-13,164,294,3.3201701227571934,3912
2015-06-14,165,294,3.150103165013366,3936
2015-06-15,166,294,3.0220440723112847,3960
2015-06-16,167,294,3.0292219497185284,3984
2015-06-17,168,294,3.0473931891119266,4008
2015-06-18,169,294,2.9830726060754627,4032
2015-06-19,170,294,3.0120450484220003,4056
2015-06-20,171,294,2.861896632435474,4080
2015-06-21,172,294,2.9316582023199005,4104
2015-06-22,173,294,3.101862972379648,4128
2015-06-23,174,294,2.8846207729187934,4152
2015-06-24,175,294,2.956520081553083,4176
2015-06-25,176,294,3.1030988936359005,4200
2015-06-26,177,294,3.2364957904631395,4224
2015-06-27,178,294,3.2868903542628485,4248
2015-06-28,179,294,3.2949177392834548,4272
2015-06-29,180,294,3.3538716029980105,4296
2015-06-30,181,294,3.5295810831026264,4320
2015-07-01,182,294,3.704203230012744,4344
2015-07-02,183,294,3.88692322953473,4368
2015-07-03,184,294,3.9731783512167413,4392
2015-07-04,185,294,4.022090357768455,4416
2015-07-05,186,294,4.052478818930899,4440
2015-07-06,187,294,3.7546472916926414,4464
2015-07-07,188,294,4.0115454299721005,4488
2015-07-08,189,294,3.335201038084173,4512
2015-07-09,190,294,3.1947675117588163,4536
2015-07-10,191,294,3.22562462354544,4560
2015-07-11,192,294,3.560057140874398,4584
2015-07-12,193,294,3.5197043292017,4608
2015-07-13,194,294,3.4681390535494665,4632
2015-07-14,195,294,3.554419882658572,4656
2015-07-15,196,294,3.592181436561113,4680
2015-07-16,197,294,3.7905790546607054,4704
2015-07-17,198,294,3.785122804574232,4728
2015-07-18,199,294,3.52008236295742,4752
2015-07-19,200,294,3.6558815806264726,4776
2015-07-20,201,294,3.681783131252985,4800
2015-07-21,202,294,3.8428143596465087,4824
2015-07-22,203,294,3.6901637215138137,4848
2015-07-23,204,294,3.401875003177365,4872
2015-07-24,205,294,3.4992221711565734,4896
2015-07-25,206,294,3.217774707121276,4920
2015-07-26,207,294,3.0249632640463915,4944
2015-07-27,208,294,3.2252406400872413,4968
2015-07-28,209,294,3.171368795608801,4992
2015-07-29,210,294,2.972059314872828,5016
2015-07-30,211,294,2.997443371336248,5040
2015-07-31,212,294,3.0994706686580287,5064
2015-08-01,213,294,3.0441851659314434,5088
2015-08-02,214,294,3.2582279816964164,5112
2015-08-03,215,294,3.499381869357783,5136
2015-08-04,216,294,3.3633033838166457,5160
2015-08-05,217,294,3.507184773279857,5184
2015-08-06,218,294,3.8402399392349733,5208
2015-08-07,219,294,3.9497840520388015,5232
2015-08-08,220,294,3.825526237212349,5256
2015-08-09,221,294,3.4462136675812696,5280
2015-08-10,222,294,3.4145076417982234,5304
2015-08-11,223,294,3.5408886270390085,5328
2015-08-12,224,294,3.673194541241527,5352
2015-08-13,225,294,3.5928675224217415,5376
2015-08-14,226,294,3.202965859137956,5400
2015-08-15,227,294,3.012211396360992,5424
2015-08-16,228,294,2.95316206806462,5448
2015-08-17,229,294,3.0214999570734893,5472
2015-08-18,230,294,3.008094586714153,5496
2015-08-19,231,294,2.919327132938053,5520
2015-08-20,232,294,3.0100268521577203,5544
2015-08-21,233,294,3.1104136588008338,5568
2015-08-22,234,294,3.1571591692770777,5592
2015-08-23,235,294,3.1003514228097857,5616
2015-08-24,236,294,3.0336801625910184,5640
2015-08-25,237,294,2.992843944395592,5664
2015-08-26,238,294,3.1319330989943786,5688
2015-08-27,239,294,3.4242338171967726,5712
2015-08-28,240,294,3.5689898435921505,5736
2015-08-29,241,294,3.573955360753665,5760
2015-08-30,242,294,3.697727576363854,5784
2015-08-31,243,294,3.6279864033155818,5808
2015-09-01,244,294,3.2021300911833737,5832
2015-09-02,245,294,3.061197176720848,5856
2015-09-03,246,294,2.971428045116953,5880
2015-09-04,247,294,2.970527223489456,5904
2015-09-05,248,294,2.81941284348184,5928
2015-09-06,249,294,2.7616639593734784,5952
2015-09-07,250,294,2.756668542104513,5976
2015-09-08,251,294,2.8219415628046765,6000
2015-09-09,252,294,2.8682583219409983,6024
2015-09-10,253,294,2.786695565047912,6048
2015-09-11,254,294,2.8769685780751333,6072
2015-09-12,255,294,3.1087882983415507,6096
2015-09-13,256,294,3.088682103943429,6120
2015-09-14,257,294,2.9325940692262256,6144
2015-09-15,258,294,2.8847042070068416,6168
2015-09-16,259,294,3.1133105445328586,6192
2015-09-17,260,294,2.853288347730936,6216
2015-09-18,261,294,2.7701739786691184,6240
2015-09-19,262,294,2.791801723075868,6264
2015-09-20,263,294,2.818171560518871,6288
2015-09-21,264,294,2.758780008238777,6312
2015-09-22,265,294,2.7996133798222083,6336
2015-09-23,266,294,2.631827650930105,6360
2015-09-24,267,294,2.709594604963603,6384
2015-09-25,268,294,2.7270197900087902,6408
2015-09-26,269,294,2.778578286914441,6432
2015-09-27,270,294,2.795031942183913,6456
2015-09-28,271,294,2.696527316687907,6480
2015-09-29,272,294,2.6775349388882166,6504
2015-09-30,273,294,2.616141322025355,6528
2015-10-01,274,294,2.5939778392853263,6552
2015-10-02,275,294,2.7009358369586534,6576
2015-10-03,276,294,2.851356460162767,6600
2015-10-04,277,294,2.7700712265791108,6624
2015-10-05,278,294,2.86403641167086,6648
2015-10-06,279,294,2.9034922539368546,6672
2015-10-07,280,294,2.8162497969860096,6696
2015-10-08,281,294,2.7259059204441005,6720
2015-10-09,282,294,2.7161240978063335,6744
2015-10-10,283,294,2.6642406806172247,6768
2015-10-11,284,294,2.7005644767864005,6792
2015-10-12,285,294,2.6565852646189643,6816
2015-10-13,286,294,2.59468005384916,6840
2015-10-14,287,294,2.4754030048563824,6864
2015-10-15,288,294,2.409199941280326,6888
2015-10-16,289,294,2.4125942838417447,6912
2015-10-17,290,294,2.42351029302313,6936
2015-10-18,291,294,2.4880709298677224,6960
2015-10-19,292,294,2.487177855949253,6984
2015-10-20,293,294,2.451956774029616,7008
2015-10-21,294,294,2.4534378910326806,7032
2015-10-22,295,294,2.5124740551563303,7056
2015-10-23,296,294,2.63139096949022,7080
2015-10-24,297,294,2.6810590914404875,7104
2015-10-25,298,294,2.6967240702505086,7128
2015-10-26,299,294,2.611224032428247,7152
2015-10-27,300,294,2.5847409973537183,7176
2015-10-28,301,294,2.667862898038337,7200
2015-10-29,302,294,2.6372114300977527,7224
2015-10-30,303,294,2.6345699341331157,7248
2015-10-31,304,294,2.594543003429179,7272
2015-11-01,305,294,2.548464421902012,7296
2015-11-02,306,294,2.4915015557814257,7320
2015-11-03,307,294,2.508578299599441,7344
2015-11-04,308,294,2.595913962362029,7368
2015-11-05,309,294,2.607676026569446,7392
2015-11-06,310,294,2.7195247293093585,7416
2015-11-07,311,294,2.7903093386480933,7440
2015-11-08,312,294,2.7452535472011346,7464
2015-11-09,313,294,2.8031465711670442,7488
2015-11-10,314,294,2.678139179535849,7512
2015-11-11,315,294,2.52521765459592,7536
2015-11-12,316,294,2.475551133741058,7560
2015-11-13,317,294,2.542246251770421,7584
2015-11-14,318,294,2.6137091016991536,7608
2015-11-15,319,294,2.7234789806218083,7632
2015-11-16,320,294,2.6441764906894347,7656
2015-11-17,321,294,2.680878206247897,7680
2015-11-18,322,294,2.7718612730068743,7704
2015-11-19,323,294,2.7631730777531525,7728
2015-11-20,324,294,2.721976520860167,7752
2015-11-21,325,294,2.337438993828916,7776
2015-11-22,326,294,2.2585415774283506,7800
2015-11-23,327,294,2.209331195276809,7824
2015-11-24,328,294,2.1836071358859908,7848
2015-11-25,329,294,2.286766680098252,7872
2015-11-26,330,294,2.297441083946043,7896
2015-11-27,331,294,2.24697363790963,7920
2015-11-28,332,294,2.244849777248678,7944
2015-11-29,333,294,2.3703101419246098,7968
2015-11-30,334,294,2.5525200514735698,7992
2015-12-01,335,294,2.5118003822725994,8016
2015-12-02,336,294,2.332171286025754,8040
2015-12-03,337,294,2.261387901081699,8064
2015-12-04,338,294,2.3382026801193576,8088
2015-12-05,339,294,2.3748136027700086,8112
2015-12-06,340,294,2.398137876195425,8136
2015-12-07,341,294,2.370496158174124,8160
2015-12-08,342,294,2.3374224749557984,8184
2015-12-09,343,294,2.4114591800473164,8208
2015-12-10,344,294,2.262337537455413,8232
2015-12-11,345,294,2.2993660252895096,8256
2015-12-12,346,294,2.328158768187561,8280
2015-12-13,347,294,2.2578004002002885,8304
2015-12-14,348,294,2.2344081240949656,8328
2015-12-15,349,294,2.297744507167958,8352
2015-12-16,350,294,2.486074943484479,8376
2015-12-17,351,294,2.4874595091349048,8400
2015-12-18,352,294,2.4708399275567405,8424
2015-12-19,353,294,2.434841637900293,8448
2015-12-20,354,294,2.4063721078699682,8472
2015-12-21,355,294,2.505262843515266,8496
2015-12-22,356,294,2.4710568196716785,8520
2015-12-23,357,294,2.477107220481056,8544
2015-12-24,358,294,2.446785676588186,8568
2015-12-25,359,294,2.441475464847473,8592
2015-12-26,360,294,2.3422140942701586,8616
2015-12-27,361,294,2.3143097199853644,8640
2015-12-28,362,294,2.2577750742957594,8664
2015-12-29,363,294,2.2929785959400024,8688
2015-12-30,364,294,2.2967212778573174,8712
2015-12-31,365,294,2.3652695875319294,8736
2015-01-01,1,295,2.0458102915224363,0
2015-01-02,2,295,2.2054585489103897,24
2015-01-03,3,295,2.3574028608622952,48
2015-01-04,4,295,2.320644670613582,72
2015-01-05,5,295,2.1731676632099735,96
2015-01-06,6,295,2.2027200071494044,120
2015-01-07,7,295,2.2416823268656065,144
2015-01-08,8,295,2.3504078699875897,168
2015-01-09,9,295,2.46995092565312,192
2015-01-10,10,295,2.718830359073381,216
2015-01-11,11,295,2.355153239289576,240
2015-01-12,12,295,2.291871349104222,264
2015-01-13,13,295,2.4265691402126346,288
2015-01-14,14,295,2.395556274481069,312
2015-01-15,15,295,2.368228907583648,336
2015-01-16,16,295,2.3958941429402807,360
2015-01-17,17,295,2.228858301087725,384
2015-01-18,18,295,2.141728797320208,408
2015-01-19,19,295,2.1672293197675203,432
2015-01-20,20,295,2.204084371726778,456
2015-01-21,21,295,2.1806426247056003,480
2015-01-22,22,295,2.175669139916452,504
2015-01-23,23,295,2.171066066502723,528
2015-01-24,24,295,2.180051047447502,552
2015-01-25,25,295,2.1477916381336306,576
2015-01-26,26,295,2.1183784659725537,600
2015-01-27,27,295,2.205535816145856,624
2015-01-28,28,295,2.1775463640294896,648
2015-01-29,29,295,2.2456554516902814,672
2015-01-30,30,295,2.1877663721644915,696
2015-01-31,31,295,2.1729222465230147,720
2015-02-01,32,295,2.1621484496747767,744
2015-02-02,33,295,2.1589090437980225,768
2015-02-03,34,295,2.0700517444199376,792
2015-02-04,35,295,2.0706361880544364,816
2015-02-05,36,295,2.070492978896647,840
2015-02-06,37,295,2.080871152107421,864
2015-02-07,38,295,2.0500965827745965,888
2015-02-08,39,295,2.0669857281815838,912
2015-02-09,40,295,2.093345452995616,936
2015-02-10,41,295,2.118813001721238,960
2015-02-11,42,295,2.1508904017047263,984
2015-02-12,43,295,2.179123085350976,1008
2015-02-13,44,295,2.2246627083174086,1032
2015-02-14,45,295,2.281217977549837,1056
2015-02-15,46,295,2.2193880274913127,1080
2015-02-16,47,295,2.173693693599805,1104
2015-02-17,48,295,2.1846175321604377,1128
2015-02-18,49,295,2.161504452708395,1152
2015-02-19,50,295,2.2022930599469848,1176
2015-02-20,51,295,2.310275538240228,1200
2015-02-21,52,295,2.2557916613229683,1224
2015-02-22,53,295,2.204536304516941,1248
2015-02-23,54,295,2.2200568497575195,1272
2015-02-24,55,295,2.267859915766005,1296
2015-02-25,56,295,2.2521296213048707,1320
2015-02-26,57,295,2.2258246775586974,1344
2015-02-27,58,295,2.258984724056728,1368
2015-02-28,59,295,2.2459058258075424,1392
2015-03-01,60,295,2.354949529508006,1416
2015-03-02,61,295,2.4395872194111843,1440
2015-03-03,62,295,2.3791428611747842,1464
2015-03-04,63,295,2.2722610408152457,1488
2015-03-05,64,295,2.232417352159167,1512
2015-03-06,65,295,2.2439591863159407,1536
2015-03-07,66,295,2.3126910846984536,1560
2015-03-08,67,295,2.415364891218206,1584
2015-03-09,68,295,2.4732507999726017,1608
2015-03-10,69,295,2.4946513907113355,1632
2015-03-11,70,295,2.4648397677810663,1656
2015-03-12,71,295,2.3465263476283216,1680
2015-03-13,72,295,2.318911192322728,1704
2015-03-14,73,295,2.310008818448169,1728
2015-03-15,74,295,2.313908169424715,1752
2015-03-16,75,295,2.4881349929568666,1776
2015-03-17,76,295,2.5766127116085733,1800
2015-03-18,77,295,2.6165947470556365,1824
2015-03-19,78,295,2.5728410521702725,1848
2015-03-20,79,295,2.518242567537236,1872
2015-03-21,80,295,2.451576934735999,1896
2015-03-22,81,295,2.3364009455878576,1920
2015-03-23,82,295,2.4555467369905686,1944
2015-03-24,83,295,2.5663946272696903,1968
2015-03-25,84,295,2.469120251253406,1992
2015-03-26,85,295,2.3653639009818983,2016
2015-03-27,86,295,2.4263478495648143,2040
2015-03-28,87,295,2.445069019540353,2064
2015-03-29,88,295,2.5528246228431213,2088
2015-03-30,89,295,2.5554107092206104,2112
2015-03-31,90,295,2.633239064550254,2136
2015-04-01,91,295,2.3549031944078904,2160
2015-04-02,92,295,2.3665746984674483,2184
2015-04-03,93,295,2.3752573027854007,2208
2015-04-04,94,295,2.367852502504704,2232
2015-04-05,95,295,2.2901703255396795,2256
2015-04-06,96,295,2.296538946274115,2280
2015-04-07,97,295,2.344772899891534,2304
2015-04-08,98,295,2.473290646640684,2328
2015-04-09,99,295,2.6350368340246173,2352
2015-04-10,100,295,2.8060619782604235,2376
2015-04-11,101,295,2.68697000040764,2400
2015-04-12,102,295,2.747434518001588,2424
2015-04-13,103,295,2.7941522037033684,2448
2015-04-14,104,295,2.782999891289781,2472
2015-04-15,105,295,2.8821335091389204,2496
2015-04-16,106,295,2.835867804187969,2520
2015-04-17,107,295,2.6902493008690977,2544
2015-04-18,108,295,2.497932102365355,2568
2015-04-19,109,295,2.529791295840448,2592
2015-04-20,110,295,2.6358147383598163,2616
2015-04-21,111,295,2.731173860096569,2640
2015-04-22,112,295,2.8351724418095565,2664
2015-04-23,113,295,2.66269310156885,2688
2015-04-24,114,295,2.7710691549323845,2712
2015-04-25,115,295,2.7736596766117483,2736
2015-04-26,116,295,2.8129994236526525,2760
2015-04-27,117,295,2.821599942303775,2784
2015-04-28,118,295,2.4608912301840475,2808
2015-04-29,119,295,2.5273682329743163,2832
2015-04-30,120,295,2.6660326188983614,2856
2015-05-01,121,295,2.6677609906478184,2880
2015-05-02,122,295,2.774988434292564,2904
2015-05-03,123,295,2.8735787830519297,2928
2015-05-04,124,295,2.986196676285655,2952
2015-05-05,125,295,3.022061843779192,2976
2015-05-06,126,295,2.7880545183091727,3000
2015-05-07,127,295,2.760837710387708,3024
2015-05-08,128,295,2.827904170685672,3048
2015-05-09,129,295,2.8590535209624814,3072
2015-05-10,130,295,2.8747984920987264,3096
2015-05-11,131,295,3.0548039208474362,3120
2015-05-12,132,295,3.2727347122987744,3144
2015-05-13,133,295,3.2813615561052885,3168
2015-05-14,134,295,3.0555898292002035,3192
2015-05-15,135,295,2.4850788890846687,3216
2015-05-16,136,295,2.745169635294857,3240
2015-05-17,137,295,2.8577142998676948,3264
2015-05-18,138,295,2.9614842101154646,3288
2015-05-19,139,295,2.728215095927528,3312
2015-05-20,140,295,2.5052844062825272,3336
2015-05-21,141,295,2.4832476885599437,3360
2015-05-22,142,295,2.6225830513613326,3384
2015-05-23,143,295,2.7016348318042165,3408
2015-05-24,144,295,2.828356640504527,3432
2015-05-25,145,295,2.7988416061530867,3456
2015-05-26,146,295,2.63760362527776,3480
2015-05-27,147,295,2.669368585596398,3504
2015-05-28,148,295,2.8219529104521115,3528
2015-05-29,149,295,3.0157572721021837,3552
2015-05-30,150,295,2.9151421926950536,3576
2015-05-31,151,295,2.9901664902648943,3600
2015-06-01,152,295,3.0667055600924744,3624
2015-06-02,153,295,3.163303505086823,3648
2015-06-03,154,295,3.312220285176845,3672
2015-06-04,155,295,3.3533050216773845,3696
2015-06-05,156,295,3.5427214556523285,3720
2015-06-06,157,295,3.4815010369269936,3744
2015-06-07,158,295,3.331492682410897,3768
2015-06-08,159,295,3.0604196118712466,3792
2015-06-09,160,295,2.825388740275892,3816
2015-06-10,161,295,2.916128884675212,3840
2015-06-11,162,295,3.157560924187628,3864
2015-06-12,163,295,3.274861912656542,3888
2015-06-13,164,295,3.24017599553275,3912
2015-06-14,165,295,3.0659368613864864,3936
2015-06-15,166,295,2.9488905201534545,3960
2015-06-16,167,295,2.9465494845893363,3984
2015-06-17,168,295,2.963586383364422,4008
2015-06-18,169,295,2.9171553986534526,4032
2015-06-19,170,295,2.9313926212863146,4056
2015-06-20,171,295,2.7920556228859312,4080
2015-06-21,172,295,2.8630058896591986,4104
2015-06-22,173,295,3.027441300836209,4128
2015-06-23,174,295,2.7989628689142885,4152
2015-06-24,175,295,2.8884276701901253,4176
2015-06-25,176,295,3.0460386251466987,4200
2015-06-26,177,295,3.1711227392619,4224
2015-06-27,178,295,3.224704264864971,4248
2015-06-28,179,295,3.216126820249455,4272
2015-06-29,180,295,3.2902790187135738,4296
2015-06-30,181,295,3.464700702367279,4320
2015-07-01,182,295,3.6379588181159774,4344
2015-07-02,183,295,3.8239782257019024,4368
2015-07-03,184,295,3.889254543914873,4392
2015-07-04,185,295,3.914141512393576,4416
2015-07-05,186,295,3.9486547136146712,4440
2015-07-06,187,295,3.639435668927226,4464
2015-07-07,188,295,3.919328198029001,4488
2015-07-08,189,295,3.224564604172625,4512
2015-07-09,190,295,3.084473901398622,4536
2015-07-10,191,295,3.1466058902784217,4560
2015-07-11,192,295,3.488659998685003,4584
2015-07-12,193,295,3.425318557476058,4608
2015-07-13,194,295,3.358772103734665,4632
2015-07-14,195,295,3.4543258835762622,4656
2015-07-15,196,295,3.4960416563625683,4680
2015-07-16,197,295,3.718422985165642,4704
2015-07-17,198,295,3.68586418050984,4728
2015-07-18,199,295,3.4374330254644305,4752
2015-07-19,200,295,3.5463258044835877,4776
2015-07-20,201,295,3.5624494922391268,4800
2015-07-21,202,295,3.7359691013701015,4824
2015-07-22,203,295,3.57226283955307,4848
2015-07-23,204,295,3.2902972369678944,4872
2015-07-24,205,295,3.397018191658024,4896
2015-07-25,206,295,3.11265821111869,4920
2015-07-26,207,295,2.937664405557161,4944
2015-07-27,208,295,3.1409373418167807,4968
2015-07-28,209,295,3.0691089777113745,4992
2015-07-29,210,295,2.9067689805780064,5016
2015-07-30,211,295,2.911828588123992,5040
2015-07-31,212,295,3.0211687161108762,5064
2015-08-01,213,295,2.9897528048291897,5088
2015-08-02,214,295,3.1768385101098424,5112
2015-08-03,215,295,3.4479474490157123,5136
2015-08-04,216,295,3.3045147841981906,5160
2015-08-05,217,295,3.4290838032169795,5184
2015-08-06,218,295,3.7929650648697595,5208
2015-08-07,219,295,3.8820594902924,5232
2015-08-08,220,295,3.7242513974562006,5256
2015-08-09,221,295,3.343233193024917,5280
2015-08-10,222,295,3.317460574850179,5304
2015-08-11,223,295,3.444347544123708,5328
2015-08-12,224,295,3.585998724883692,5352
2015-08-13,225,295,3.5035828066118437,5376
2015-08-14,226,295,3.1206657312644266,5400
2015-08-15,227,295,2.9307876960061066,5424
2015-08-16,228,295,2.8717272920958665,5448
2015-08-17,229,295,2.9356726060876186,5472
2015-08-18,230,295,2.9248563630675184,5496
2015-08-19,231,295,2.83192772876094,5520
2015-08-20,232,295,2.93734632845995,5544
2015-08-21,233,295,3.038331085930149,5568
2015-08-22,234,295,3.087916590128024,5592
2015-08-23,235,295,3.046820056484087,5616
2015-08-24,236,295,2.9694601642653904,5640
2015-08-25,237,295,2.922822107701348,5664
2015-08-26,238,295,3.1007834531934955,5688
2015-08-27,239,295,3.361678579123373,5712
2015-08-28,240,295,3.503333475251892,5736
2015-08-29,241,295,3.5078245387152185,5760
2015-08-30,242,295,3.652947220282293,5784
2015-08-31,243,295,3.560209453511721,5808
2015-09-01,244,295,3.1360578538890445,5832
2015-09-02,245,295,2.961064787518002,5856
2015-09-03,246,295,2.888675994777051,5880
2015-09-04,247,295,2.8912371572768385,5904
2015-09-05,248,295,2.7298651571337342,5928
2015-09-06,249,295,2.69475869559895,5952
2015-09-07,250,295,2.6951667600708764,5976
2015-09-08,251,295,2.749384520215965,6000
2015-09-09,252,295,2.79265162498603,6024
2015-09-10,253,295,2.7137141665533213,6048
2015-09-11,254,295,2.8299345409081256,6072
2015-09-12,255,295,3.0427698307621367,6096
2015-09-13,256,295,3.0216954463362984,6120
2015-09-14,257,295,2.865953892448217,6144
2015-09-15,258,295,2.813107557856716,6168
2015-09-16,259,295,3.103138289418532,6192
2015-09-17,260,295,2.7912454058090765,6216
2015-09-18,261,295,2.712048251358,6240
2015-09-19,262,295,2.7368898315168138,6264
2015-09-20,263,295,2.749372772870643,6288
2015-09-21,264,295,2.70874530291817,6312
2015-09-22,265,295,2.749823341446874,6336
2015-09-23,266,295,2.5640408337874416,6360
2015-09-24,267,295,2.644767595881442,6384
2015-09-25,268,295,2.6686819927041374,6408
2015-09-26,269,295,2.7080192738077105,6432
2015-09-27,270,295,2.7023459863479733,6456
2015-09-28,271,295,2.6228274869198414,6480
2015-09-29,272,295,2.5935427646334097,6504
2015-09-30,273,295,2.544403105623962,6528
2015-10-01,274,295,2.533166333695954,6552
2015-10-02,275,295,2.6567235294450935,6576
2015-10-03,276,295,2.800311045719455,6600
2015-10-04,277,295,2.7131825305234125,6624
2015-10-05,278,295,2.8281194937972405,6648
2015-10-06,279,295,2.8607780569724848,6672
2015-10-07,280,295,2.7463300365406553,6696
2015-10-08,281,295,2.6633772433919694,6720
2015-10-09,282,295,2.650884172259953,6744
2015-10-10,283,295,2.602887228004567,6768
2015-10-11,284,295,2.6236498420095886,6792
2015-10-12,285,295,2.613241864483338,6816
2015-10-13,286,295,2.5567274681106955,6840
2015-10-14,287,295,2.4216230171425965,6864
2015-10-15,288,295,2.3564935295562432,6888
2015-10-16,289,295,2.3594770177870514,6912
2015-10-17,290,295,2.3851908099482118,6936
2015-10-18,291,295,2.4509610016152097,6960
2015-10-19,292,295,2.438628063244678,6984
2015-10-20,293,295,2.4003869362658654,7008
2015-10-21,294,295,2.3942496310444743,7032
2015-10-22,295,295,2.4659286804094926,7056
2015-10-23,296,295,2.5811709040014232,7080
2015-10-24,297,295,2.6556844193373657,7104
2015-10-25,298,295,2.6592644344682546,7128
2015-10-26,299,295,2.564030599016177,7152
2015-10-27,300,295,2.5428020430861635,7176
2015-10-28,301,295,2.6431990929675515,7200
2015-10-29,302,295,2.5790173855694887,7224
2015-10-30,303,295,2.5928612389819343,7248
2015-10-31,304,295,2.5479101006805376,7272
2015-11-01,305,295,2.52261448184566,7296
2015-11-02,306,295,2.4533015064281245,7320
2015-11-03,307,295,2.516072537184223,7344
2015-11-04,308,295,2.622340164581458,7368
2015-11-05,309,295,2.601885967090019,7392
2015-11-06,310,295,2.7161485244060573,7416
2015-11-07,311,295,2.7679071663569883,7440
2015-11-08,312,295,2.746335683711272,7464
2015-11-09,313,295,2.808642977850316,7488
2015-11-10,314,295,2.6561470274122767,7512
2015-11-11,315,295,2.5317757942786883,7536
2015-11-12,316,295,2.4711939751894447,7560
2015-11-13,317,295,2.5312277605559323,7584
2015-11-14,318,295,2.573613403797547,7608
2015-11-15,319,295,2.7140543496932183,7632
2015-11-16,320,295,2.6518415430863467,7656
2015-11-17,321,295,2.64578135157308,7680
2015-11-18,322,295,2.7229838029031534,7704
2015-11-19,323,295,2.7056136437485105,7728
2015-11-20,324,295,2.682043600869641,7752
2015-11-21,325,295,2.2836426948813413,7776
2015-11-22,326,295,2.209122089533844,7800
2015-11-23,327,295,2.1527017981740046,7824
2015-11-24,328,295,2.1324817126248257,7848
2015-11-25,329,295,2.252353445082194,7872
2015-11-26,330,295,2.2460944552225284,7896
2015-11-27,331,295,2.1944283032870247,7920
2015-11-28,332,295,2.2055990922002207,7944
2015-11-29,333,295,2.329168175689424,7968
2015-11-30,334,295,2.507033185367624,7992
2015-12-01,335,295,2.4571196799176014,8016
2015-12-02,336,295,2.3235235199962547,8040
2015-12-03,337,295,2.2633882387244944,8064
2015-12-04,338,295,2.3464825199312247,8088
2015-12-05,339,295,2.3621052902909976,8112
2015-12-06,340,295,2.393493961354631,8136
2015-12-07,341,295,2.395830726695744,8160
2015-12-08,342,295,2.348641796062368,8184
2015-12-09,343,295,2.3830199747349026,8208
2015-12-10,344,295,2.2225359882101965,8232
2015-12-11,345,295,2.3012554985019995,8256
2015-12-12,346,295,2.3096769809928004,8280
2015-12-13,347,295,2.2504566117071625,8304
2015-12-14,348,295,2.250210953834292,8328
2015-12-15,349,295,2.3221101308738596,8352
2015-12-16,350,295,2.4847578955693232,8376
2015-12-17,351,295,2.4783877031101222,8400
2015-12-18,352,295,2.482150343389224,8424
2015-12-19,353,295,2.4698146837108013,8448
2015-12-20,354,295,2.43309391168512,8472
2015-12-21,355,295,2.4900215075804506,8496
2015-12-22,356,295,2.4507597726937016,8520
2015-12-23,357,295,2.4525464812648683,8544
2015-12-24,358,295,2.4401201101240457,8568
2015-12-25,359,295,2.4453056632293184,8592
2015-12-26,360,295,2.352530600435679,8616
2015-12-27,361,295,2.3635102514458066,8640
2015-12-28,362,295,2.3015113525251976,8664
2015-12-29,363,295,2.34170689656788,8688
2015-12-30,364,295,2.2810101468275623,8712
2015-12-31,365,295,2.3497122216308868,8736
2015-01-01,1,296,2.072638250149611,0
2015-01-02,2,296,2.207807284566461,24
2015-01-03,3,296,2.3625693316993597,48
2015-01-04,4,296,2.3483299157652264,72
2015-01-05,5,296,2.1869542170919782,96
2015-01-06,6,296,2.2014368129894466,120
2015-01-07,7,296,2.2367263659887846,144
2015-01-08,8,296,2.3546152141283607,168
2015-01-09,9,296,2.4770851584187485,192
2015-01-10,10,296,2.7267831260508566,216
2015-01-11,11,296,2.3773221832822835,240
2015-01-12,12,296,2.3116059657157515,264
2015-01-13,13,296,2.431402666766651,288
2015-01-14,14,296,2.4155453595462597,312
2015-01-15,15,296,2.3901751480677844,336
2015-01-16,16,296,2.408903652036168,360
2015-01-17,17,296,2.2452260605716456,384
2015-01-18,18,296,2.165961148460421,408
2015-01-19,19,296,2.1916004022517117,432
2015-01-20,20,296,2.219980228917107,456
2015-01-21,21,296,2.203336593529985,480
2015-01-22,22,296,2.201115115740824,504
2015-01-23,23,296,2.1977383965319794,528
2015-01-24,24,296,2.2050012702229185,552
2015-01-25,25,296,2.1759713796816933,576
2015-01-26,26,296,2.141379101950045,600
2015-01-27,27,296,2.2247775370828875,624
2015-01-28,28,296,2.199635186634085,648
2015-01-29,29,296,2.2620278865664534,672
2015-01-30,30,296,2.2067352947032806,696
2015-01-31,31,296,2.18980364450188,720
2015-02-01,32,296,2.1795799981938635,744
2015-02-02,33,296,2.1768154337095367,768
2015-02-03,34,296,2.096480531701214,792
2015-02-04,35,296,2.095473220438925,816
2015-02-05,36,296,2.093476392703883,840
2015-02-06,37,296,2.104588539975952,864
2015-02-07,38,296,2.073592515548074,888
2015-02-08,39,296,2.0963771883686246,912
2015-02-09,40,296,2.1222456238856484,936
2015-02-10,41,296,2.1497867761727147,960
2015-02-11,42,296,2.171901170557486,984
2015-02-12,43,296,2.184052761022453,1008
2015-02-13,44,296,2.225956626233574,1032
2015-02-14,45,296,2.291858500738256,1056
2015-02-15,46,296,2.2379711342136432,1080
2015-02-16,47,296,2.2006882314994014,1104
2015-02-17,48,296,2.210299842040246,1128
2015-02-18,49,296,2.18577622870754,1152
2015-02-19,50,296,2.2262120247071224,1176
2015-02-20,51,296,2.3222152658293704,1200
2015-02-21,52,296,2.27581327470515,1224
2015-02-22,53,296,2.226465802909084,1248
2015-02-23,54,296,2.2406644456404265,1272
2015-02-24,55,296,2.292737716810354,1296
2015-02-25,56,296,2.2785961505032857,1320
2015-02-26,57,296,2.2489868962792503,1344
2015-02-27,58,296,2.2788633776696536,1368
2015-02-28,59,296,2.2704855097238523,1392
2015-03-01,60,296,2.377624185527462,1416
2015-03-02,61,296,2.4621288262351686,1440
2015-03-03,62,296,2.403138558341882,1464
2015-03-04,63,296,2.3007205691066748,1488
2015-03-05,64,296,2.265953477628886,1512
2015-03-06,65,296,2.273882405254183,1536
2015-03-07,66,296,2.332370977766068,1560
2015-03-08,67,296,2.4301895918604663,1584
2015-03-09,68,296,2.4882677108615283,1608
2015-03-10,69,296,2.5075072230075306,1632
2015-03-11,70,296,2.4979642517318643,1656
2015-03-12,71,296,2.3705455977819576,1680
2015-03-13,72,296,2.3416575654005203,1704
2015-03-14,73,296,2.3349518995719167,1728
2015-03-15,74,296,2.3441221841280435,1752
2015-03-16,75,296,2.4994865802200987,1776
2015-03-17,76,296,2.5821861206911496,1800
2015-03-18,77,296,2.6294409242177603,1824
2015-03-19,78,296,2.59518123224339,1848
2015-03-20,79,296,2.5398992033205787,1872
2015-03-21,80,296,2.4739268033469246,1896
2015-03-22,81,296,2.3688367148745506,1920
2015-03-23,82,296,2.470900107369433,1944
2015-03-24,83,296,2.5701338297946825,1968
2015-03-25,84,296,2.490123526910708,1992
2015-03-26,85,296,2.3976033411865285,2016
2015-03-27,86,296,2.456485581926747,2040
2015-03-28,87,296,2.471110707858565,2064
2015-03-29,88,296,2.5739440309475885,2088
2015-03-30,89,296,2.587083338029477,2112
2015-03-31,90,296,2.660077745572099,2136
2015-04-01,91,296,2.386489016084272,2160
2015-04-02,92,296,2.3901513545272106,2184
2015-04-03,93,296,2.40354680136106,2208
2015-04-04,94,296,2.395656326805546,2232
2015-04-05,95,296,2.3210197119076152,2256
2015-04-06,96,296,2.322106640800965,2280
2015-04-07,97,296,2.3741277195362938,2304
2015-04-08,98,296,2.4951745684691424,2328
2015-04-09,99,296,2.6557377705873733,2352
2015-04-10,100,296,2.8119856115292077,2376
2015-04-11,101,296,2.717853123712877,2400
2015-04-12,102,296,2.7681431562835037,2424
2015-04-13,103,296,2.8207978673266187,2448
2015-04-14,104,296,2.8086808681713133,2472
2015-04-15,105,296,2.8914860586179763,2496
2015-04-16,106,296,2.8513018946734823,2520
2015-04-17,107,296,2.71281522532756,2544
2015-04-18,108,296,2.5414536249885606,2568
2015-04-19,109,296,2.5633625583513795,2592
2015-04-20,110,296,2.66693238050252,2616
2015-04-21,111,296,2.766776768024286,2640
2015-04-22,112,296,2.8553406055292325,2664
2015-04-23,113,296,2.7038630795613665,2688
2015-04-24,114,296,2.7919651929958453,2712
2015-04-25,115,296,2.793461270564785,2736
2015-04-26,116,296,2.836779640303152,2760
2015-04-27,117,296,2.8508012550818385,2784
2015-04-28,118,296,2.501926803357667,2808
2015-04-29,119,296,2.5570922926419803,2832
2015-04-30,120,296,2.693301781337248,2856
2015-05-01,121,296,2.6810715025489453,2880
2015-05-02,122,296,2.796298881166687,2904
2015-05-03,123,296,2.888349640116936,2928
2015-05-04,124,296,2.9996965293049223,2952
2015-05-05,125,296,3.03455484891705,2976
2015-05-06,126,296,2.8164012237165896,3000
2015-05-07,127,296,2.7871705819014467,3024
2015-05-08,128,296,2.8475917127748875,3048
2015-05-09,129,296,2.8897949366138977,3072
2015-05-10,130,296,2.9072686382281936,3096
2015-05-11,131,296,3.066355225251012,3120
2015-05-12,132,296,3.2854652891729312,3144
2015-05-13,133,296,3.3159063843508725,3168
2015-05-14,134,296,3.0890834393489883,3192
2015-05-15,135,296,2.5178109879508948,3216
2015-05-16,136,296,2.7762647624942645,3240
2015-05-17,137,296,2.8948653194117187,3264
2015-05-18,138,296,2.9887287876492103,3288
2015-05-19,139,296,2.7626810294103183,3312
2015-05-20,140,296,2.544535636462458,3336
2015-05-21,141,296,2.524120618129273,3360
2015-05-22,142,296,2.6632246308749763,3384
2015-05-23,143,296,2.7426388161024216,3408
2015-05-24,144,296,2.857775746662701,3432
2015-05-25,145,296,2.832138493346944,3456
2015-05-26,146,296,2.685134912669986,3480
2015-05-27,147,296,2.707409836220339,3504
2015-05-28,148,296,2.847465648363135,3528
2015-05-29,149,296,3.0392448056639134,3552
2015-05-30,150,296,2.9540710586248307,3576
2015-05-31,151,296,3.0145506155855335,3600
2015-06-01,152,296,3.089975565449844,3624
2015-06-02,153,296,3.1957515475107874,3648
2015-06-03,154,296,3.3368813332806737,3672
2015-06-04,155,296,3.3866230402000395,3696
2015-06-05,156,296,3.56513820109554,3720
2015-06-06,157,296,3.515160291973101,3744
2015-06-07,158,296,3.3728215487977424,3768
2015-06-08,159,296,3.0938663433370515,3792
2015-06-09,160,296,2.86933780473782,3816
2015-06-10,161,296,2.9617055195438438,3840
2015-06-11,162,296,3.1947640536895685,3864
2015-06-12,163,296,3.2988572059685985,3888
2015-06-13,164,296,3.2700727837999333,3912
2015-06-14,165,296,3.098265404410888,3936
2015-06-15,166,296,2.9846230059079235,3960
2015-06-16,167,296,2.986458332568928,3984
2015-06-17,168,296,3.005722813822962,4008
2015-06-18,169,296,2.9536744479097585,4032
2015-06-19,170,296,2.9723947939793565,4056
2015-06-20,171,296,2.826789375710302,4080
2015-06-21,172,296,2.8969597095994297,4104
2015-06-22,173,296,3.067366903627307,4128
2015-06-23,174,296,2.8481148951049304,4152
2015-06-24,175,296,2.9240694656819812,4176
2015-06-25,176,296,3.073938492392575,4200
2015-06-26,177,296,3.2007429733282997,4224
2015-06-27,178,296,3.2529861287914645,4248
2015-06-28,179,296,3.255865550588221,4272
2015-06-29,180,296,3.3227662025606506,4296
2015-06-30,181,296,3.4941003374562967,4320
2015-07-01,182,296,3.669568411115172,4344
2015-07-02,183,296,3.849217159264139,4368
2015-07-03,184,296,3.9221453344271775,4392
2015-07-04,185,296,3.9588347089020335,4416
2015-07-05,186,296,3.9882285305431986,4440
2015-07-06,187,296,3.695573583954409,4464
2015-07-07,188,296,3.955006532791801,4488
2015-07-08,189,296,3.279455450800933,4512
2015-07-09,190,296,3.1408985229236013,4536
2015-07-10,191,296,3.1881420331902404,4560
2015-07-11,192,296,3.524560303031356,4584
2015-07-12,193,296,3.4736364041042886,4608
2015-07-13,194,296,3.414827167315805,4632
2015-07-14,195,296,3.5069052685079547,4656
2015-07-15,196,296,3.5450101414908888,4680
2015-07-16,197,296,3.749947606350484,4704
2015-07-17,198,296,3.724039768883959,4728
2015-07-18,199,296,3.47967915669086,4752
2015-07-19,200,296,3.5950287314498017,4776
2015-07-20,201,296,3.617265004344628,4800
2015-07-21,202,296,3.7839072631261503,4824
2015-07-22,203,296,3.626782510839532,4848
2015-07-23,204,296,3.3515138979914685,4872
2015-07-24,205,296,3.442138312579477,4896
2015-07-25,206,296,3.1641544630695213,4920
2015-07-26,207,296,2.986296314866812,4944
2015-07-27,208,296,3.1817593069909416,4968
2015-07-28,209,296,3.122367056839708,4992
2015-07-29,210,296,2.948776480259838,5016
2015-07-30,211,296,2.959457130713439,5040
2015-07-31,212,296,3.0603191117428645,5064
2015-08-01,213,296,3.0138950632759682,5088
2015-08-02,214,296,3.2120224830542434,5112
2015-08-03,215,296,3.4645898999977165,5136
2015-08-04,216,296,3.33621401281973,5160
2015-08-05,217,296,3.465316353433984,5184
2015-08-06,218,296,3.803552605897621,5208
2015-08-07,219,296,3.9094830745000975,5232
2015-08-08,220,296,3.763663994608741,5256
2015-08-09,221,296,3.3859607144469552,5280
2015-08-10,222,296,3.358998566595857,5304
2015-08-11,223,296,3.484030551645962,5328
2015-08-12,224,296,3.619768890498616,5352
2015-08-13,225,296,3.5454714870584594,5376
2015-08-14,226,296,3.1564297152921315,5400
2015-08-15,227,296,2.964887973717255,5424
2015-08-16,228,296,2.911532224608784,5448
2015-08-17,229,296,2.977071011240376,5472
2015-08-18,230,296,2.9610052971661216,5496
2015-08-19,231,296,2.8744978861808383,5520
2015-08-20,232,296,2.9729500019925346,5544
2015-08-21,233,296,3.0736821322929835,5568
2015-08-22,234,296,3.1233072678641003,5592
2015-08-23,235,296,3.0748868685075825,5616
2015-08-24,236,296,3.001551789735448,5640
2015-08-25,237,296,2.958274489542028,5664
2015-08-26,238,296,3.1149576080920807,5688
2015-08-27,239,296,3.3879149919616265,5712
2015-08-28,240,296,3.5262053040800265,5736
2015-08-29,241,296,3.5361838547435545,5760
2015-08-30,242,296,3.657376865874133,5784
2015-08-31,243,296,3.579060354406756,5808
2015-09-01,244,296,3.1679270273068307,5832
2015-09-02,245,296,3.0091180172587104,5856
2015-09-03,246,296,2.925686968338749,5880
2015-09-04,247,296,2.9278888695538003,5904
2015-09-05,248,296,2.7705341961849768,5928
2015-09-06,249,296,2.7266195540607985,5952
2015-09-07,250,296,2.7270818819120604,5976
2015-09-08,251,296,2.786213072811624,6000
2015-09-09,252,296,2.83384913948861,6024
2015-09-10,253,296,2.75382674642324,6048
2015-09-11,254,296,2.854940771381892,6072
2015-09-12,255,296,3.068560514404315,6096
2015-09-13,256,296,3.0466009882044713,6120
2015-09-14,257,296,2.8954884627477755,6144
2015-09-15,258,296,2.85151555968605,6168
2015-09-16,259,296,3.1116003576645386,6192
2015-09-17,260,296,2.8340303935270827,6216
2015-09-18,261,296,2.7437133727824534,6240
2015-09-19,262,296,2.763152750540251,6264
2015-09-20,263,296,2.782556616028586,6288
2015-09-21,264,296,2.7348708351508484,6312
2015-09-22,265,296,2.7744102742491745,6336
2015-09-23,266,296,2.596229112201144,6360
2015-09-24,267,296,2.675585307967584,6384
2015-09-25,268,296,2.7008683917897955,6408
2015-09-26,269,296,2.7443444082408552,6432
2015-09-27,270,296,2.751322716897473,6456
2015-09-28,271,296,2.661526447559598,6480
2015-09-29,272,296,2.6326489453114594,6504
2015-09-30,273,296,2.5842794749465434,6528
2015-10-01,274,296,2.570240408155924,6552
2015-10-02,275,296,2.6814058897816757,6576
2015-10-03,276,296,2.820751047919822,6600
2015-10-04,277,296,2.737972502557317,6624
2015-10-05,278,296,2.844779212425946,6648
2015-10-06,279,296,2.878263512385828,6672
2015-10-07,280,296,2.776673441143731,6696
2015-10-08,281,296,2.6937261745844765,6720
2015-10-09,282,296,2.6851769680674042,6744
2015-10-10,283,296,2.6347699127305035,6768
2015-10-11,284,296,2.6634500886173846,6792
2015-10-12,285,296,2.6356372944611586,6816
2015-10-13,286,296,2.579963131837091,6840
2015-10-14,287,296,2.448813637114544,6864
2015-10-15,288,296,2.3826324218396486,6888
2015-10-16,289,296,2.3878922334111774,6912
2015-10-17,290,296,2.408508384214524,6936
2015-10-18,291,296,2.4724352241528,6960
2015-10-19,292,296,2.465296265404374,6984
2015-10-20,293,296,2.4288264872550243,7008
2015-10-21,294,296,2.426346748781583,7032
2015-10-22,295,296,2.4880772268112357,7056
2015-10-23,296,296,2.6022608667860303,7080
2015-10-24,297,296,2.66753725328144,7104
2015-10-25,298,296,2.6786172943120574,7128
2015-10-26,299,296,2.595879779635005,7152
2015-10-27,300,296,2.5729826549171384,7176
2015-10-28,301,296,2.6545401597061566,7200
2015-10-29,302,296,2.60422028148198,7224
2015-10-30,303,296,2.611340663661474,7248
2015-10-31,304,296,2.5794428615737988,7272
2015-11-01,305,296,2.5463832157084094,7296
2015-11-02,306,296,2.491712625365324,7320
2015-11-03,307,296,2.532258375193539,7344
2015-11-04,308,296,2.6054828124770046,7368
2015-11-05,309,296,2.6028502934722884,7392
2015-11-06,310,296,2.7124646420590985,7416
2015-11-07,311,296,2.7744309897965618,7440
2015-11-08,312,296,2.7477497232980856,7464
2015-11-09,313,296,2.800450378085773,7488
2015-11-10,314,296,2.6700599853537126,7512
2015-11-11,315,296,2.533344630237804,7536
2015-11-12,316,296,2.484201051084199,7560
2015-11-13,317,296,2.538827277076555,7584
2015-11-14,318,296,2.588556382599375,7608
2015-11-15,319,296,2.710076306200695,7632
2015-11-16,320,296,2.6465997192402164,7656
2015-11-17,321,296,2.6581516603132926,7680
2015-11-18,322,296,2.7363267766494257,7704
2015-11-19,323,296,2.7218987948155804,7728
2015-11-20,324,296,2.691752207784864,7752
2015-11-21,325,296,2.3124086219020565,7776
2015-11-22,326,296,2.2322271763410826,7800
2015-11-23,327,296,2.177878754023707,7824
2015-11-24,328,296,2.157959763566086,7848
2015-11-25,329,296,2.2660076554102058,7872
2015-11-26,330,296,2.2712409908844458,7896
2015-11-27,331,296,2.2166385080485957,7920
2015-11-28,332,296,2.221995698023887,7944
2015-11-29,333,296,2.3439743264787003,7968
2015-11-30,334,296,2.514871828987318,7992
2015-12-01,335,296,2.47675871252182,8016
2015-12-02,336,296,2.334320344096409,8040
2015-12-03,337,296,2.27563909766875,8064
2015-12-04,338,296,2.3443884003658586,8088
2015-12-05,339,296,2.370571549873399,8112
2015-12-06,340,296,2.3919320624609104,8136
2015-12-07,341,296,2.382500822231366,8160
2015-12-08,342,296,2.34309841346271,8184
2015-12-09,343,296,2.3948447862762934,8208
2015-12-10,344,296,2.2494302703200058,8232
2015-12-11,345,296,2.2999846383462343,8256
2015-12-12,346,296,2.316260530510565,8280
2015-12-13,347,296,2.2581241783155472,8304
2015-12-14,348,296,2.245806894826394,8328
2015-12-15,349,296,2.31084861423567,8352
2015-12-16,350,296,2.4803451916621886,8376
2015-12-17,351,296,2.479669204138415,8400
2015-12-18,352,296,2.475261403213349,8424
2015-12-19,353,296,2.4533138263973044,8448
2015-12-20,354,296,2.4236775141507922,8472
2015-12-21,355,296,2.4918778746151458,8496
2015-12-22,356,296,2.459322338253942,8520
2015-12-23,357,296,2.4619533155072912,8544
2015-12-24,358,296,2.4410153626605573,8568
2015-12-25,359,296,2.441527564684493,8592
2015-12-26,360,296,2.3519724117126555,8616
2015-12-27,361,296,2.34127329621544,8640
2015-12-28,362,296,2.29413947412119,8664
2015-12-29,363,296,2.315096474046162,8688
2015-12-30,364,296,2.2907424949867736,8712
2015-12-31,365,296,2.3568212119191143,8736
2015-01-01,1,297,2.06203915305888,0
2015-01-02,2,297,2.2424189407812882,24
2015-01-03,3,297,2.3245024224739903,48
2015-01-04,4,297,2.255291170999623,72
2015-01-05,5,297,2.1425652090406304,96
2015-01-06,6,297,2.2193160974347417,120
2015-01-07,7,297,2.1938702637863385,144
2015-01-08,8,297,2.2564083866613065,168
2015-01-09,9,297,2.370749350768269,192
2015-01-10,10,297,2.5583743543495463,216
2015-01-11,11,297,2.2570748569325225,240
2015-01-12,12,297,2.2530723292759456,264
2015-01-13,13,297,2.3902122111831146,288
2015-01-14,14,297,2.2843920029752405,312
2015-01-15,15,297,2.324586830449642,336
2015-01-16,16,297,2.3507944955904474,360
2015-01-17,17,297,2.164160419321396,384
2015-01-18,18,297,2.0557032505406423,408
2015-01-19,19,297,2.0927134650859682,432
2015-01-20,20,297,2.123502004321016,456
2015-01-21,21,297,2.1067605212978124,480
2015-01-22,22,297,2.117759534533964,504
2015-01-23,23,297,2.075732887952124,528
2015-01-24,24,297,2.0767617690645217,552
2015-01-25,25,297,2.055571844165707,576
2015-01-26,26,297,2.02961937108003,600
2015-01-27,27,297,2.1245306062325806,624
2015-01-28,28,297,2.0854678782081058,648
2015-01-29,29,297,2.1752283650074715,672
2015-01-30,30,297,2.08300737055773,696
2015-01-31,31,297,2.0635147599925627,720
2015-02-01,32,297,2.0554683075529754,744
2015-02-02,33,297,2.0531820054136767,768
2015-02-03,34,297,1.9796510838939685,792
2015-02-04,35,297,1.9904674420243358,816
2015-02-05,36,297,1.98121608793506,840
2015-02-06,37,297,1.9980112956877791,864
2015-02-07,38,297,1.9849864993357256,888
2015-02-08,39,297,2.0154381442455085,912
2015-02-09,40,297,2.0419072011874047,936
2015-02-10,41,297,2.101052142950475,960
2015-02-11,42,297,2.2130058528102188,984
2015-02-12,43,297,2.232592097525042,1008
2015-02-13,44,297,2.24104943384502,1032
2015-02-14,45,297,2.250721272620091,1056
2015-02-15,46,297,2.2013692121889497,1080
2015-02-16,47,297,2.20806294429802,1104
2015-02-17,48,297,2.202246219175388,1128
2015-02-18,49,297,2.1012586422868287,1152
2015-02-19,50,297,2.178358780804555,1176
2015-02-20,51,297,2.240257983021654,1200
2015-02-21,52,297,2.191486171376269,1224
2015-02-22,53,297,2.1217552671361624,1248
2015-02-23,54,297,2.1586269764823167,1272
2015-02-24,55,297,2.1644140574986017,1296
2015-02-25,56,297,2.142626912253248,1320
2015-02-26,57,297,2.1212320602232206,1344
2015-02-27,58,297,2.1734019006085457,1368
2015-02-28,59,297,2.1509863093836263,1392
2015-03-01,60,297,2.2776557100195487,1416
2015-03-02,61,297,2.3169445664716752,1440
2015-03-03,62,297,2.2619043323637817,1464
2015-03-04,63,297,2.165504216232718,1488
2015-03-05,64,297,2.1249227539675735,1512
2015-03-06,65,297,2.1469217404842875,1536
2015-03-07,66,297,2.2836734486592807,1560
2015-03-08,67,297,2.3782654138607606,1584
2015-03-09,68,297,2.4021411270742616,1608
2015-03-10,69,297,2.3969348150791343,1632
2015-03-11,70,297,2.362083829302088,1656
2015-03-12,71,297,2.2547101710190587,1680
2015-03-13,72,297,2.239246133441605,1704
2015-03-14,73,297,2.240886881257254,1728
2015-03-15,74,297,2.2685740822864258,1752
2015-03-16,75,297,2.412944985035632,1776
2015-03-17,76,297,2.4742516538334303,1800
2015-03-18,77,297,2.4945906849328883,1824
2015-03-19,78,297,2.467257441121941,1848
2015-03-20,79,297,2.4443209482303287,1872
2015-03-21,80,297,2.3643591376848727,1896
2015-03-22,81,297,2.2524190698549336,1920
2015-03-23,82,297,2.3664021936276307,1944
2015-03-24,83,297,2.464052069437475,1968
2015-03-25,84,297,2.3750832190479114,1992
2015-03-26,85,297,2.2665680005737165,2016
2015-03-27,86,297,2.3049718631557434,2040
2015-03-28,87,297,2.350143606093272,2064
2015-03-29,88,297,2.4281566605008704,2088
2015-03-30,89,297,2.410298034772602,2112
2015-03-31,90,297,2.484283497583687,2136
2015-04-01,91,297,2.2307576105477085,2160
2015-04-02,92,297,2.2595228328999792,2184
2015-04-03,93,297,2.2922459708193488,2208
2015-04-04,94,297,2.280317545428316,2232
2015-04-05,95,297,2.1850563469046387,2256
2015-04-06,96,297,2.185236668854592,2280
2015-04-07,97,297,2.2505935232195418,2304
2015-04-08,98,297,2.3922220280299267,2328
2015-04-09,99,297,2.577586197837136,2352
2015-04-10,100,297,2.6779846174634976,2376
2015-04-11,101,297,2.541936697138473,2400
2015-04-12,102,297,2.6061730685153988,2424
2015-04-13,103,297,2.664751259351599,2448
2015-04-14,104,297,2.6466856994895283,2472
2015-04-15,105,297,2.7578268375592407,2496
2015-04-16,106,297,2.70560673340159,2520
2015-04-17,107,297,2.5672821697083408,2544
2015-04-18,108,297,2.411514121240286,2568
2015-04-19,109,297,2.4355540814854417,2592
2015-04-20,110,297,2.5449101754187806,2616
2015-04-21,111,297,2.6323509288971554,2640
2015-04-22,112,297,2.7313351739162277,2664
2015-04-23,113,297,2.619567412926252,2688
2015-04-24,114,297,2.687932679414592,2712
2015-04-25,115,297,2.650949458080273,2736
2015-04-26,116,297,2.668420202764169,2760
2015-04-27,117,297,2.6729158718290846,2784
2015-04-28,118,297,2.362409480863413,2808
2015-04-29,119,297,2.437190930470284,2832
2015-04-30,120,297,2.539393502006015,2856
2015-05-01,121,297,2.5437522680924918,2880
2015-05-02,122,297,2.6420091591140737,2904
2015-05-03,123,297,2.7535382935700814,2928
2015-05-04,124,297,2.844460045810268,2952
2015-05-05,125,297,2.8959956723640614,2976
2015-05-06,126,297,2.63595144846031,3000
2015-05-07,127,297,2.6391924126366715,3024
2015-05-08,128,297,2.713592005400145,3048
2015-05-09,129,297,2.7047429451517617,3072
2015-05-10,130,297,2.743039520772653,3096
2015-05-11,131,297,2.954627210354937,3120
2015-05-12,132,297,3.0959578997054003,3144
2015-05-13,133,297,3.139344836201816,3168
2015-05-14,134,297,2.8939462424877482,3192
2015-05-15,135,297,2.3708300448727857,3216
2015-05-16,136,297,2.6064979259460577,3240
2015-05-17,137,297,2.706817733497988,3264
2015-05-18,138,297,2.838845605256305,3288
2015-05-19,139,297,2.5977791764247216,3312
2015-05-20,140,297,2.368888725515768,3336
2015-05-21,141,297,2.3653861086255685,3360
2015-05-22,142,297,2.4833748999668344,3384
2015-05-23,143,297,2.54300878574636,3408
2015-05-24,144,297,2.6498976824631373,3432
2015-05-25,145,297,2.655374831557125,3456
2015-05-26,146,297,2.5197325840461384,3480
2015-05-27,147,297,2.5442087876195134,3504
2015-05-28,148,297,2.7029808852201915,3528
2015-05-29,149,297,2.8588072037958057,3552
2015-05-30,150,297,2.7583619561358947,3576
2015-05-31,151,297,2.8169227285253458,3600
2015-06-01,152,297,2.908047932313665,3624
2015-06-02,153,297,2.9834786360071406,3648
2015-06-03,154,297,3.1279520216502013,3672
2015-06-04,155,297,3.1965321947805214,3696
2015-06-05,156,297,3.326509515120203,3720
2015-06-06,157,297,3.2493123620817834,3744
2015-06-07,158,297,3.1280995087467964,3768
2015-06-08,159,297,2.917684866478884,3792
2015-06-09,160,297,2.7423613354139675,3816
2015-06-10,161,297,2.827001956882859,3840
2015-06-11,162,297,3.0130817375126266,3864
2015-06-12,163,297,3.081730045735594,3888
2015-06-13,164,297,3.0391169500587747,3912
2015-06-14,165,297,2.881767723467477,3936
2015-06-15,166,297,2.809403813417447,3960
2015-06-16,167,297,2.7919237128323227,3984
2015-06-17,168,297,2.8046779123686307,4008
2015-06-18,169,297,2.7891605576184864,4032
2015-06-19,170,297,2.7693974468674267,4056
2015-06-20,171,297,2.6408317025421324,4080
2015-06-21,172,297,2.7156101783858158,4104
2015-06-22,173,297,2.894166171668824,4128
2015-06-23,174,297,2.6628593743632303,4152
2015-06-24,175,297,2.7538816003856748,4176
2015-06-25,176,297,2.9092542690248138,4200
2015-06-26,177,297,3.015853657048772,4224
2015-06-27,178,297,3.047896766113989,4248
2015-06-28,179,297,3.051188030065497,4272
2015-06-29,180,297,3.140427470503109,4296
2015-06-30,181,297,3.2877595105309503,4320
2015-07-01,182,297,3.4779123890744064,4344
2015-07-02,183,297,3.62631524193105,4368
2015-07-03,184,297,3.662106284730693,4392
2015-07-04,185,297,3.6651924967419234,4416
2015-07-05,186,297,3.67921551434956,4440
2015-07-06,187,297,3.4412655191052988,4464
2015-07-07,188,297,3.664076337742282,4488
2015-07-08,189,297,3.0230886487113486,4512
2015-07-09,190,297,2.8880745473937046,4536
2015-07-10,191,297,3.011334030808372,4560
2015-07-11,192,297,3.3266902831118617,4584
2015-07-12,193,297,3.2379546147826903,4608
2015-07-13,194,297,3.1554707659985763,4632
2015-07-14,195,297,3.2534027475504588,4656
2015-07-15,196,297,3.3208630298838338,4680
2015-07-16,197,297,3.5262951734928234,4704
2015-07-17,198,297,3.4096798986882835,4728
2015-07-18,199,297,3.262344172952915,4752
2015-07-19,200,297,3.3085783332492866,4776
2015-07-20,201,297,3.316063088014189,4800
2015-07-21,202,297,3.496491209017064,4824
2015-07-22,203,297,3.3504602388253844,4848
2015-07-23,204,297,3.120359729665504,4872
2015-07-24,205,297,3.203723094353361,4896
2015-07-25,206,297,2.9162614596341245,4920
2015-07-26,207,297,2.8056123718862933,4944
2015-07-27,208,297,2.9597309146793864,4968
2015-07-28,209,297,2.8877732231779243,4992
2015-07-29,210,297,2.8064997996022005,5016
2015-07-30,211,297,2.7652416066382126,5040
2015-07-31,212,297,2.8806390044092285,5064
2015-08-01,213,297,2.8582164435197006,5088
2015-08-02,214,297,2.9985171547043965,5112
2015-08-03,215,297,3.2488007336096767,5136
2015-08-04,216,297,3.1450197503226693,5160
2015-08-05,217,297,3.256237104303864,5184
2015-08-06,218,297,3.5415353523022284,5208
2015-08-07,219,297,3.6706908029568015,5232
2015-08-08,220,297,3.4421362928729065,5256
2015-08-09,221,297,3.1160668344209705,5280
2015-08-10,222,297,3.089731972693877,5304
2015-08-11,223,297,3.2172533476605296,5328
2015-08-12,224,297,3.3475609773478365,5352
2015-08-13,225,297,3.3173456197464657,5376
2015-08-14,226,297,2.9432707419818103,5400
2015-08-15,227,297,2.7521904409615807,5424
2015-08-16,228,297,2.7268699732803188,5448
2015-08-17,229,297,2.7687322573523825,5472
2015-08-18,230,297,2.7487009410659318,5496
2015-08-19,231,297,2.684344821274088,5520
2015-08-20,232,297,2.7919243147819928,5544
2015-08-21,233,297,2.882050142607848,5568
2015-08-22,234,297,2.9510784956079443,5592
2015-08-23,235,297,2.926979073186886,5616
2015-08-24,236,297,2.8492057309101324,5640
2015-08-25,237,297,2.775906242753168,5664
2015-08-26,238,297,2.9746061516951725,5688
2015-08-27,239,297,3.1912057289430718,5712
2015-08-28,240,297,3.2951716377304434,5736
2015-08-29,241,297,3.353334919720848,5760
2015-08-30,242,297,3.389778874707144,5784
2015-08-31,243,297,3.297131848095868,5808
2015-09-01,244,297,2.9812650515524908,5832
2015-09-02,245,297,2.7917588502170085,5856
2015-09-03,246,297,2.7244052070681377,5880
2015-09-04,247,297,2.7199993092132635,5904
2015-09-05,248,297,2.5566224228750816,5928
2015-09-06,249,297,2.554492872585829,5952
2015-09-07,250,297,2.571893543947224,5976
2015-09-08,251,297,2.629791974578436,6000
2015-09-09,252,297,2.68846533255426,6024
2015-09-10,253,297,2.625333309951293,6048
2015-09-11,254,297,2.7206461093463625,6072
2015-09-12,255,297,2.8671995196429485,6096
2015-09-13,256,297,2.8681305744354666,6120
2015-09-14,257,297,2.7186942029517445,6144
2015-09-15,258,297,2.7000000019359978,6168
2015-09-16,259,297,3.048805821868654,6192
2015-09-17,260,297,2.7342189409231734,6216
2015-09-18,261,297,2.6118542211603084,6240
2015-09-19,262,297,2.6178218967808724,6264
2015-09-20,263,297,2.612291860346112,6288
2015-09-21,264,297,2.611382618612486,6312
2015-09-22,265,297,2.6378080660939904,6336
2015-09-23,266,297,2.4334117569257856,6360
2015-09-24,267,297,2.5103819075743976,6384
2015-09-25,268,297,2.572455028939511,6408
2015-09-26,269,297,2.599491014251624,6432
2015-09-27,270,297,2.586781230759394,6456
2015-09-28,271,297,2.514832345739027,6480
2015-09-29,272,297,2.473545390058628,6504
2015-09-30,273,297,2.4699281146050773,6528
2015-10-01,274,297,2.47908180288504,6552
2015-10-02,275,297,2.6135414333098663,6576
2015-10-03,276,297,2.6801803577603898,6600
2015-10-04,277,297,2.5838624186199715,6624
2015-10-05,278,297,2.7429794664457257,6648
2015-10-06,279,297,2.753330229394896,6672
2015-10-07,280,297,2.59416987797493,6696
2015-10-08,281,297,2.541656002278532,6720
2015-10-09,282,297,2.5579622358623224,6744
2015-10-10,283,297,2.517267057502913,6768
2015-10-11,284,297,2.5216337596173664,6792
2015-10-12,285,297,2.543750617291804,6816
2015-10-13,286,297,2.490185092014749,6840
2015-10-14,287,297,2.307792954565857,6864
2015-10-15,288,297,2.2559035745671294,6888
2015-10-16,289,297,2.257544950756201,6912
2015-10-17,290,297,2.310432630160124,6936
2015-10-18,291,297,2.3821439416145282,6960
2015-10-19,292,297,2.354712469113517,6984
2015-10-20,293,297,2.324856720290065,7008
2015-10-21,294,297,2.319801953266244,7032
2015-10-22,295,297,2.3779538908761557,7056
2015-10-23,296,297,2.482446932620882,7080
2015-10-24,297,297,2.611761622788893,7104
2015-10-25,298,297,2.5889838098820124,7128
2015-10-26,299,297,2.571361814411466,7152
2015-10-27,300,297,2.5634542511016134,7176
2015-10-28,301,297,2.5881536592672405,7200
2015-10-29,302,297,2.455887267132124,7224
2015-10-30,303,297,2.5151510784336097,7248
2015-10-31,304,297,2.5681076864888164,7272
2015-11-01,305,297,2.5740916491399912,7296
2015-11-02,306,297,2.557870496171736,7320
2015-11-03,307,297,2.6404815423614707,7344
2015-11-04,308,297,2.5800118947161708,7368
2015-11-05,309,297,2.544293015534399,7392
2015-11-06,310,297,2.635043789262337,7416
2015-11-07,311,297,2.6936101173211457,7440
2015-11-08,312,297,2.736563217230364,7464
2015-11-09,313,297,2.7187247055422232,7488
2015-11-10,314,297,2.6097622196201917,7512
2015-11-11,315,297,2.5283084051910016,7536
2015-11-12,316,297,2.5209425925403632,7560
2015-11-13,317,297,2.5216075284437376,7584
2015-11-14,318,297,2.4690590181068783,7608
2015-11-15,319,297,2.62551309467424,7632
2015-11-16,320,297,2.5885582884568032,7656
2015-11-17,321,297,2.5574829222470274,7680
2015-11-18,322,297,2.5691546471781392,7704
2015-11-19,323,297,2.5477278981651192,7728
2015-11-20,324,297,2.5453635318829693,7752
2015-11-21,325,297,2.18919706574572,7776
2015-11-22,326,297,2.1054774525879525,7800
2015-11-23,327,297,2.0279182674772875,7824
2015-11-24,328,297,2.037819997737111,7848
2015-11-25,329,297,2.176454003483338,7872
2015-11-26,330,297,2.1444840487451806,7896
2015-11-27,331,297,2.061889057727701,7920
2015-11-28,332,297,2.111015985852358,7944
2015-11-29,333,297,2.2235517169999155,7968
2015-11-30,334,297,2.3400768432263352,7992
2015-12-01,335,297,2.319794517403691,8016
2015-12-02,336,297,2.3379522555592334,8040
2015-12-03,337,297,2.3498390904235813,8064
2015-12-04,338,297,2.3646127559897376,8088
2015-12-05,339,297,2.3398712921907943,8112
2015-12-06,340,297,2.3531844107116933,8136
2015-12-07,341,297,2.3653665261937413,8160
2015-12-08,342,297,2.350746547331628,8184
2015-12-09,343,297,2.2959253698410578,8208
2015-12-10,344,297,2.199898890012665,8232
2015-12-11,345,297,2.277111606286117,8256
2015-12-12,346,297,2.2448307902154627,8280
2015-12-13,347,297,2.2409907386283408,8304
2015-12-14,348,297,2.25574483272471,8328
2015-12-15,349,297,2.3176482574661077,8352
2015-12-16,350,297,2.4246923422268694,8376
2015-12-17,351,297,2.4265956466182463,8400
2015-12-18,352,297,2.4626494593109487,8424
2015-12-19,353,297,2.4757252091277,8448
2015-12-20,354,297,2.4799937295404257,8472
2015-12-21,355,297,2.396894989890491,8496
2015-12-22,356,297,2.397009966312941,8520
2015-12-23,357,297,2.3711541917835266,8544
2015-12-24,358,297,2.3775107466010543,8568
2015-12-25,359,297,2.3884949186042217,8592
2015-12-26,360,297,2.3699792755814517,8616
2015-12-27,361,297,2.3976136721249954,8640
2015-12-28,362,297,2.4220125448224,8664
2015-12-29,363,297,2.3446589460706564,8688
2015-12-30,364,297,2.2634072025925938,8712
2015-12-31,365,297,2.318277043288079,8736
2015-01-01,1,298,2.07609031171067,0
2015-01-02,2,298,2.19487163984151,24
2015-01-03,3,298,2.3702086917182186,48
2015-01-04,4,298,2.3668405433064947,72
2015-01-05,5,298,2.181617309187493,96
2015-01-06,6,298,2.1740573853175924,120
2015-01-07,7,298,2.238216377136219,144
2015-01-08,8,298,2.374594913371672,168
2015-01-09,9,298,2.5118185863585274,192
2015-01-10,10,298,2.7892544316053502,216
2015-01-11,11,298,2.4087128360983927,240
2015-01-12,12,298,2.3202101991151287,264
2015-01-13,13,298,2.415791011353628,288
2015-01-14,14,298,2.4506762084618865,312
2015-01-15,15,298,2.380070233004382,336
2015-01-16,16,298,2.402831759964948,360
2015-01-17,17,298,2.2611639828036783,384
2015-01-18,18,298,2.1919526472835167,408
2015-01-19,19,298,2.2166304394410576,432
2015-01-20,20,298,2.242537976153236,456
2015-01-21,21,298,2.233790628464753,480
2015-01-22,22,298,2.228795847688956,504
2015-01-23,23,298,2.2272576129844506,528
2015-01-24,24,298,2.2340824303359503,552
2015-01-25,25,298,2.201849246666708,576
2015-01-26,26,298,2.1657690114750987,600
2015-01-27,27,298,2.250922558082289,624
2015-01-28,28,298,2.2270196162245206,648
2015-01-29,29,298,2.2845220789701117,672
2015-01-30,30,298,2.239716124446076,696
2015-01-31,31,298,2.2263683217983594,720
2015-02-01,32,298,2.2121955437344267,744
2015-02-02,33,298,2.209363920714165,768
2015-02-03,34,298,2.1319873840821213,792
2015-02-04,35,298,2.1228969293623545,816
2015-02-05,36,298,2.123126788783749,840
2015-02-06,37,298,2.134140026137365,864
2015-02-07,38,298,2.0883916856640337,888
2015-02-08,39,298,2.099487165431423,912
2015-02-09,40,298,2.12685438972165,936
2015-02-10,41,298,2.155830060983252,960
2015-02-11,42,298,2.1589503271386152,984
2015-02-12,43,298,2.1584532400361875,1008
2015-02-13,44,298,2.203100680860358,1032
2015-02-14,45,298,2.287220135187162,1056
2015-02-15,46,298,2.2475411724741625,1080
2015-02-16,47,298,2.2073627328024648,1104
2015-02-17,48,298,2.217354415754118,1128
2015-02-18,49,298,2.204046906176383,1152
2015-02-19,50,298,2.2431475592076047,1176
2015-02-20,51,298,2.3227834608818347,1200
2015-02-21,52,298,2.289137612010924,1224
2015-02-22,53,298,2.252679446927016,1248
2015-02-23,54,298,2.2609617611343538,1272
2015-02-24,55,298,2.3261079795930164,1296
2015-02-25,56,298,2.3113277136362504,1320
2015-02-26,57,298,2.2736227410359517,1344
2015-02-27,58,298,2.3015861349593902,1368
2015-02-28,59,298,2.2973146486635185,1392
2015-03-01,60,298,2.4001013846211703,1416
2015-03-02,61,298,2.502219407720537,1440
2015-03-03,62,298,2.4361677857967736,1464
2015-03-04,63,298,2.334661854011609,1488
2015-03-05,64,298,2.2986105533806023,1512
2015-03-06,65,298,2.2981007740666466,1536
2015-03-07,66,298,2.3389624822390602,1560
2015-03-08,67,298,2.4358200434315305,1584
2015-03-09,68,298,2.5043102554288925,1608
2015-03-10,69,298,2.5271127971467333,1632
2015-03-11,70,298,2.535020428192732,1656
2015-03-12,71,298,2.392211499532249,1680
2015-03-13,72,298,2.3657442529621866,1704
2015-03-14,73,298,2.3565395734276566,1728
2015-03-15,74,298,2.365061356898805,1752
2015-03-16,75,298,2.507027668135573,1776
2015-03-17,76,298,2.5995844417115697,1800
2015-03-18,77,298,2.6633238013342604,1824
2015-03-19,78,298,2.627889945974313,1848
2015-03-20,79,298,2.5574842230915,1872
2015-03-21,80,298,2.496732666863065,1896
2015-03-22,81,298,2.4010464649050167,1920
2015-03-23,82,298,2.5002502307427816,1944
2015-03-24,83,298,2.5809437517439715,1968
2015-03-25,84,298,2.509793802771157,1992
2015-03-26,85,298,2.4295976677216378,2016
2015-03-27,86,298,2.4928899857656046,2040
2015-03-28,87,298,2.4920120983550498,2064
2015-03-29,88,298,2.6154424391255167,2088
2015-03-30,89,298,2.6350867377852056,2112
2015-03-31,90,298,2.7097190402808438,2136
2015-04-01,91,298,2.42301889007441,2160
2015-04-02,92,298,2.422305422731037,2184
2015-04-03,93,298,2.418237724435813,2208
2015-04-04,94,298,2.421548315516372,2232
2015-04-05,95,298,2.351066658369628,2256
2015-04-06,96,298,2.3474539407276693,2280
2015-04-07,97,298,2.3946042958264795,2304
2015-04-08,98,298,2.5086591133309333,2328
2015-04-09,99,298,2.668763851232516,2352
2015-04-10,100,298,2.8293089813823302,2376
2015-04-11,101,298,2.772051973057431,2400
2015-04-12,102,298,2.802432300547117,2424
2015-04-13,103,298,2.851391024022032,2448
2015-04-14,104,298,2.8353532912592563,2472
2015-04-15,105,298,2.9015470104100785,2496
2015-04-16,106,298,2.874509794786741,2520
2015-04-17,107,298,2.7477642275545766,2544
2015-04-18,108,298,2.575124836956032,2568
2015-04-19,109,298,2.6040757272152817,2592
2015-04-20,110,298,2.6964540307406533,2616
2015-04-21,111,298,2.799030016083526,2640
2015-04-22,112,298,2.875675096367128,2664
2015-04-23,113,298,2.7338939111757896,2688
2015-04-24,114,298,2.8104836722820936,2712
2015-04-25,115,298,2.8274210896291367,2736
2015-04-26,116,298,2.8837822488704132,2760
2015-04-27,117,298,2.9065921191340225,2784
2015-04-28,118,298,2.5371548102446133,2808
2015-04-29,119,298,2.5890242120910765,2832
2015-04-30,120,298,2.7358434001038643,2856
2015-05-01,121,298,2.71421749085976,2880
2015-05-02,122,298,2.8358423405796964,2904
2015-05-03,123,298,2.921370427386561,2928
2015-05-04,124,298,3.0371899222058425,2952
2015-05-05,125,298,3.0565835909739225,2976
2015-05-06,126,298,2.8658398099500952,3000
2015-05-07,127,298,2.8234620715047094,3024
2015-05-08,128,298,2.8868979862651605,3048
2015-05-09,129,298,2.9411644619643247,3072
2015-05-10,130,298,2.9508654320702776,3096
2015-05-11,131,298,3.089127303572715,3120
2015-05-12,132,298,3.324426651076494,3144
2015-05-13,133,298,3.3836900644971637,3168
2015-05-14,134,298,3.1460370031134945,3192
2015-05-15,135,298,2.5565571782565235,3216
2015-05-16,136,298,2.8161038460641263,3240
2015-05-17,137,298,2.9444502868610782,3264
2015-05-18,138,298,3.0277165936444845,3288
2015-05-19,139,298,2.7987686905622096,3312
2015-05-20,140,298,2.5908264400761696,3336
2015-05-21,141,298,2.5636930998922263,3360
2015-05-22,142,298,2.706363905545302,3384
2015-05-23,143,298,2.7864161802924325,3408
2015-05-24,144,298,2.9137640192353302,3432
2015-05-25,145,298,2.8772387314964205,3456
2015-05-26,146,298,2.7285087780758226,3480
2015-05-27,147,298,2.7373206348451493,3504
2015-05-28,148,298,2.881732217607618,3528
2015-05-29,149,298,3.0859264807051434,3552
2015-05-30,150,298,3.0056549819582443,3576
2015-05-31,151,298,3.0697007801308964,3600
2015-06-01,152,298,3.1392303295518214,3624
2015-06-02,153,298,3.2541969526407346,3648
2015-06-03,154,298,3.3821012715030627,3672
2015-06-04,155,298,3.43644446388192,3696
2015-06-05,156,298,3.622942868620347,3720
2015-06-06,157,298,3.5881856976605118,3744
2015-06-07,158,298,3.4470959681623903,3768
2015-06-08,159,298,3.134282006440451,3792
2015-06-09,160,298,2.900119733596988,3816
2015-06-10,161,298,2.997696716695504,3840
2015-06-11,162,298,3.247432809834345,3864
2015-06-12,163,298,3.346097876649892,3888
2015-06-13,164,298,3.3383319197508854,3912
2015-06-14,165,298,3.1728801413309795,3936
2015-06-15,166,298,3.0314672922588874,3960
2015-06-16,167,298,3.0408196284604663,3984
2015-06-17,168,298,3.0564828280974217,4008
2015-06-18,169,298,2.987125121766167,4032
2015-06-19,170,298,3.0252148446429343,4056
2015-06-20,171,298,2.8744053116970116,4080
2015-06-21,172,298,2.9310974755830603,4104
2015-06-22,173,298,3.1122804820613115,4128
2015-06-23,174,298,2.8953133472099464,4152
2015-06-24,175,298,2.9593373402854684,4176
2015-06-25,176,298,3.111864207796551,4200
2015-06-26,177,298,3.249573101963266,4224
2015-06-27,178,298,3.3068794806599238,4248
2015-06-28,179,298,3.3092603147967563,4272
2015-06-29,180,298,3.360214842176885,4296
2015-06-30,181,298,3.5360540654481656,4320
2015-07-01,182,298,3.7099535577676255,4344
2015-07-02,183,298,3.90010147382432,4368
2015-07-03,184,298,3.9942075538145656,4392
2015-07-04,185,298,4.038051680787649,4416
2015-07-05,186,298,4.0882523641706285,4440
2015-07-06,187,298,3.779724211407752,4464
2015-07-07,188,298,4.044445548567424,4488
2015-07-08,189,298,3.3527333481110566,4512
2015-07-09,190,298,3.2073619920597665,4536
2015-07-10,191,298,3.2360917294046065,4560
2015-07-11,192,298,3.5712021798278943,4584
2015-07-12,193,298,3.5360893653974594,4608
2015-07-13,194,298,3.479088828528744,4632
2015-07-14,195,298,3.5735948644346447,4656
2015-07-15,196,298,3.6041168391350067,4680
2015-07-16,197,298,3.8003599171718254,4704
2015-07-17,198,298,3.792687371477052,4728
2015-07-18,199,298,3.5256876009099334,4752
2015-07-19,200,298,3.6757656029621946,4776
2015-07-20,201,298,3.7072938840463214,4800
2015-07-21,202,298,3.86795211689726,4824
2015-07-22,203,298,3.7052482821044737,4848
2015-07-23,204,298,3.4185144317561584,4872
2015-07-24,205,298,3.5183810780840163,4896
2015-07-25,206,298,3.228923661973247,4920
2015-07-26,207,298,3.033934482643404,4944
2015-07-27,208,298,3.2468194408725584,4968
2015-07-28,209,298,3.185790563842706,4992
2015-07-29,210,298,2.9757482653461005,5016
2015-07-30,211,298,3.0075407740764564,5040
2015-07-31,212,298,3.1099258141353037,5064
2015-08-01,213,298,3.0599464184678125,5088
2015-08-02,214,298,3.278184066296056,5112
2015-08-03,215,298,3.510121236667372,5136
2015-08-04,216,298,3.3795424249682715,5160
2015-08-05,217,298,3.532251097359697,5184
2015-08-06,218,298,3.845805219747938,5208
2015-08-07,219,298,3.966865900314581,5232
2015-08-08,220,298,3.880954028944593,5256
2015-08-09,221,298,3.485681638098997,5280
2015-08-10,222,298,3.4438780118900527,5304
2015-08-11,223,298,3.56278397729935,5328
2015-08-12,224,298,3.689214341194922,5352
2015-08-13,225,298,3.615756710875985,5376
2015-08-14,226,298,3.221281962076981,5400
2015-08-15,227,298,3.0277651506209096,5424
2015-08-16,228,298,2.9602783140740927,5448
2015-08-17,229,298,3.0284961658634733,5472
2015-08-18,230,298,3.022060096382108,5496
2015-08-19,231,298,2.9240157421330712,5520
2015-08-20,232,298,3.0199082083240776,5544
2015-08-21,233,298,3.1204669430741383,5568
2015-08-22,234,298,3.1661625651961027,5592
2015-08-23,235,298,3.1058921410405285,5616
2015-08-24,236,298,3.04180575551427,5640
2015-08-25,237,298,3.005085327609735,5664
2015-08-26,238,298,3.1424306387200915,5688
2015-08-27,239,298,3.4276366666826164,5712
2015-08-28,240,298,3.588516466547482,5736
2015-08-29,241,298,3.5975954581354133,5760
2015-08-30,242,298,3.717105190818641,5784
2015-08-31,243,298,3.63919411191244,5808
2015-09-01,244,298,3.209439862129178,5832
2015-09-02,245,298,3.0722662843973,5856
2015-09-03,246,298,2.985435703661945,5880
2015-09-04,247,298,2.984860076139065,5904
2015-09-05,248,298,2.8315879096069914,5928
2015-09-06,249,298,2.7749436297384875,5952
2015-09-07,250,298,2.7611401418882475,5976
2015-09-08,251,298,2.8293479413362226,6000
2015-09-09,252,298,2.873310699770085,6024
2015-09-10,253,298,2.7851398055766605,6048
2015-09-11,254,298,2.887421055834405,6072
2015-09-12,255,298,3.1248588664126165,6096
2015-09-13,256,298,3.0984311950951935,6120
2015-09-14,257,298,2.9487624920952173,6144
2015-09-15,258,298,2.8947026777829308,6168
2015-09-16,259,298,3.0852089749058327,6192
2015-09-17,260,298,2.845891251975314,6216
2015-09-18,261,298,2.777736032540352,6240
2015-09-19,262,298,2.8002492183991725,6264
2015-09-20,263,298,2.826351687522018,6288
2015-09-21,264,298,2.7668493170688686,6312
2015-09-22,265,298,2.8096762758446245,6336
2015-09-23,266,298,2.6419071814341617,6360
2015-09-24,267,298,2.7113452844670367,6384
2015-09-25,268,298,2.721156719857938,6408
2015-09-26,269,298,2.779142353349532,6432
2015-09-27,270,298,2.8040851413093466,6456
2015-09-28,271,298,2.7006457816867293,6480
2015-09-29,272,298,2.6881534702172116,6504
2015-09-30,273,298,2.619559131254116,6528
2015-10-01,274,298,2.595386385987439,6552
2015-10-02,275,298,2.6990292809397824,6576
2015-10-03,276,298,2.865749056027992,6600
2015-10-04,277,298,2.7831445238864227,6624
2015-10-05,278,298,2.871773720151149,6648
2015-10-06,279,298,2.9035789287363643,6672
2015-10-07,280,298,2.8290002531868668,6696
2015-10-08,281,298,2.735833413201,6720
2015-10-09,282,298,2.7170668758309366,6744
2015-10-10,283,298,2.6712657076955386,6768
2015-10-11,284,298,2.7068010653062418,6792
2015-10-12,285,298,2.663045705901961,6816
2015-10-13,286,298,2.5927675333341966,6840
2015-10-14,287,298,2.4857939575861185,6864
2015-10-15,288,298,2.415765719826205,6888
2015-10-16,289,298,2.4116840654115097,6912
2015-10-17,290,298,2.420689140852121,6936
2015-10-18,291,298,2.4882119719985,6960
2015-10-19,292,298,2.4895541962798635,6984
2015-10-20,293,298,2.4507807823585632,7008
2015-10-21,294,298,2.4503215318862144,7032
2015-10-22,295,298,2.515861055171788,7056
2015-10-23,296,298,2.6439344388671544,7080
2015-10-24,297,298,2.6923657355702466,7104
2015-10-25,298,298,2.6967461404428854,7128
2015-10-26,299,298,2.6176474430986603,7152
2015-10-27,300,298,2.587154203606381,7176
2015-10-28,301,298,2.669220287282839,7200
2015-10-29,302,298,2.6440889148715785,7224
2015-10-30,303,298,2.644995186070387,7248
2015-10-31,304,298,2.604808427043504,7272
2015-11-01,305,298,2.5510484639639235,7296
2015-11-02,306,298,2.4867789696913394,7320
2015-11-03,307,298,2.4933103820282034,7344
2015-11-04,308,298,2.5816794457105017,7368
2015-11-05,309,298,2.6036099772326247,7392
2015-11-06,310,298,2.7171989462503423,7416
2015-11-07,311,298,2.79297346427931,7440
2015-11-08,312,298,2.7401602363864352,7464
2015-11-09,313,298,2.798879630069331,7488
2015-11-10,314,298,2.6746091216374035,7512
2015-11-11,315,298,2.520413933522638,7536
2015-11-12,316,298,2.470753897379432,7560
2015-11-13,317,298,2.547653710360076,7584
2015-11-14,318,298,2.6131550554383485,7608
2015-11-15,319,298,2.7299508003415442,7632
2015-11-16,320,298,2.631797791154625,7656
2015-11-17,321,298,2.686099778695917,7680
2015-11-18,322,298,2.794749904133683,7704
2015-11-19,323,298,2.7889539381153186,7728
2015-11-20,324,298,2.7397799876977817,7752
2015-11-21,325,298,2.342698192448217,7776
2015-11-22,326,298,2.264091132596569,7800
2015-11-23,327,298,2.2159015027502864,7824
2015-11-24,328,298,2.1865740427006117,7848
2015-11-25,329,298,2.292235939571192,7872
2015-11-26,330,298,2.299854046797204,7896
2015-11-27,331,298,2.2570709006806102,7920
2015-11-28,332,298,2.2493697793201357,7944
2015-11-29,333,298,2.3825070708223692,7968
2015-11-30,334,298,2.5784661153365467,7992
2015-12-01,335,298,2.529194443248408,8016
2015-12-02,336,298,2.3265031656942035,8040
2015-12-03,337,298,2.2543998005325343,8064
2015-12-04,338,298,2.331985729993843,8088
2015-12-05,339,298,2.3673205999339344,8112
2015-12-06,340,298,2.392140756841054,8136
2015-12-07,341,298,2.357410104226928,8160
2015-12-08,342,298,2.3216052666867384,8184
2015-12-09,343,298,2.405147638658897,8208
2015-12-10,344,298,2.2637518324328663,8232
2015-12-11,345,298,2.2972498414389904,8256
2015-12-12,346,298,2.3373082817210697,8280
2015-12-13,347,298,2.2555680017582675,8304
2015-12-14,348,298,2.2193538062251355,8328
2015-12-15,349,298,2.2806782923487185,8352
2015-12-16,350,298,2.48108995366846,8376
2015-12-17,351,298,2.489476190550059,8400
2015-12-18,352,298,2.4647551240999332,8424
2015-12-19,353,298,2.4214500787461515,8448
2015-12-20,354,298,2.385325839529272,8472
2015-12-21,355,298,2.5077679168721283,8496
2015-12-22,356,298,2.478152946658615,8520
2015-12-23,357,298,2.487548637109921,8544
2015-12-24,358,298,2.4436155808782787,8568
2015-12-25,359,298,2.438903599434103,8592
2015-12-26,360,298,2.338515013167424,8616
2015-12-27,361,298,2.3037824928182014,8640
2015-12-28,362,298,2.2318440131081343,8664
2015-12-29,363,298,2.2803921100423183,8688
2015-12-30,364,298,2.2884466936458843,8712
2015-12-31,365,298,2.363368627466583,8736
2015-01-01,1,299,2.1114979231091398,0
2015-01-02,2,299,2.2091312237762755,24
2015-01-03,3,299,2.3800791403447645,48
2015-01-04,4,299,2.42505574074155,72
2015-01-05,5,299,2.225576647505196,96
2015-01-06,6,299,2.204601746906888,120
2015-01-07,7,299,2.2470320706921623,144
2015-01-08,8,299,2.3709825782025264,168
2015-01-09,9,299,2.4892278375541093,192
2015-01-10,10,299,2.75726361314575,216
2015-01-11,11,299,2.435030556222507,240
2015-01-12,12,299,2.3343841237155143,264
2015-01-13,13,299,2.4472257347162176,288
2015-01-14,14,299,2.4672625746575867,312
2015-01-15,15,299,2.426448697717448,336
2015-01-16,16,299,2.4236536699740387,360
2015-01-17,17,299,2.2967629710853816,384
2015-01-18,18,299,2.2098744297797746,408
2015-01-19,19,299,2.2402742762267573,432
2015-01-20,20,299,2.2561976135355017,456
2015-01-21,21,299,2.247368065582125,480
2015-01-22,22,299,2.25095591845408,504
2015-01-23,23,299,2.2571358948946765,528
2015-01-24,24,299,2.2648038843936042,552
2015-01-25,25,299,2.250728047442568,576
2015-01-26,26,299,2.197688816877775,600
2015-01-27,27,299,2.268524871523648,624
2015-01-28,28,299,2.251919816362163,648
2015-01-29,29,299,2.3078853434711,672
2015-01-30,30,299,2.257319986736562,696
2015-01-31,31,299,2.232282164087489,720
2015-02-01,32,299,2.226817710084838,744
2015-02-02,33,299,2.2223092367953616,768
2015-02-03,34,299,2.157222888887316,792
2015-02-04,35,299,2.152622811068862,816
2015-02-05,36,299,2.1468205580295563,840
2015-02-06,37,299,2.161453706049356,864
2015-02-07,38,299,2.128894546448266,888
2015-02-08,39,299,2.163403264212925,912
2015-02-09,40,299,2.1976209903266533,936
2015-02-10,41,299,2.2078288622433253,960
2015-02-11,42,299,2.2086239004396746,984
2015-02-12,43,299,2.207010386337541,1008
2015-02-13,44,299,2.2562302903951847,1032
2015-02-14,45,299,2.3390526472655098,1056
2015-02-15,46,299,2.2925236032359027,1080
2015-02-16,47,299,2.252488245384919,1104
2015-02-17,48,299,2.2558736522972938,1128
2015-02-18,49,299,2.2402372233020094,1152
2015-02-19,50,299,2.267234142712512,1176
2015-02-20,51,299,2.367434046440628,1200
2015-02-21,52,299,2.3124160456914944,1224
2015-02-22,53,299,2.280711607196748,1248
2015-02-23,54,299,2.2862050106288816,1272
2015-02-24,55,299,2.3583281447908635,1296
2015-02-25,56,299,2.358070882213237,1320
2015-02-26,57,299,2.31070329691609,1344
2015-02-27,58,299,2.3352474431599943,1368
2015-02-28,59,299,2.332017379177299,1392
2015-03-01,60,299,2.4284120886722698,1416
2015-03-02,61,299,2.530712909936275,1440
2015-03-03,62,299,2.474202383584994,1464
2015-03-04,63,299,2.371496413200099,1488
2015-03-05,64,299,2.3513042797915964,1512
2015-03-06,65,299,2.350078205568004,1536
2015-03-07,66,299,2.3717275122844583,1560
2015-03-08,67,299,2.4575269374487205,1584
2015-03-09,68,299,2.516832316361165,1608
2015-03-10,69,299,2.53875585306818,1632
2015-03-11,70,299,2.576244236558303,1656
2015-03-12,71,299,2.4366236842406064,1680
2015-03-13,72,299,2.3992689423890314,1704
2015-03-14,73,299,2.400636460067524,1728
2015-03-15,74,299,2.3949020913243086,1752
2015-03-16,75,299,2.50875143012182,1776
2015-03-17,76,299,2.597214468039104,1800
2015-03-18,77,299,2.6538654331245177,1824
2015-03-19,78,299,2.648395709875176,1848
2015-03-20,79,299,2.587403225461723,1872
2015-03-21,80,299,2.532971488619665,1896
2015-03-22,81,299,2.4328863569246293,1920
2015-03-23,82,299,2.5243799220978467,1944
2015-03-24,83,299,2.599128161147344,1968
2015-03-25,84,299,2.5297340083165603,1992
2015-03-26,85,299,2.469429479475044,2016
2015-03-27,86,299,2.5387015935406883,2040
2015-03-28,87,299,2.525199223488148,2064
2015-03-29,88,299,2.6328691017221977,2088
2015-03-30,89,299,2.6679716315809547,2112
2015-03-31,90,299,2.7408229460747155,2136
2015-04-01,91,299,2.472598604536966,2160
2015-04-02,92,299,2.4671033740778245,2184
2015-04-03,93,299,2.4798747802489407,2208
2015-04-04,94,299,2.4633392463683097,2232
2015-04-05,95,299,2.395596591574727,2256
2015-04-06,96,299,2.402061852412559,2280
2015-04-07,97,299,2.457381682611312,2304
2015-04-08,98,299,2.5486019386520966,2328
2015-04-09,99,299,2.7009808990117703,2352
2015-04-10,100,299,2.844172040705093,2376
2015-04-11,101,299,2.7883216326047497,2400
2015-04-12,102,299,2.822836293275925,2424
2015-04-13,103,299,2.896125147014053,2448
2015-04-14,104,299,2.8970900787479,2472
2015-04-15,105,299,2.945764801594478,2496
2015-04-16,106,299,2.8920841277556493,2520
2015-04-17,107,299,2.7679247313818967,2544
2015-04-18,108,299,2.6375513517672293,2568
2015-04-19,109,299,2.625327956017777,2592
2015-04-20,110,299,2.7350275662565284,2616
2015-04-21,111,299,2.8427436809554067,2640
2015-04-22,112,299,2.9102047458093274,2664
2015-04-23,113,299,2.8017380476104603,2688
2015-04-24,114,299,2.86421248202098,2712
2015-04-25,115,299,2.844245536568904,2736
2015-04-26,116,299,2.8763134304717064,2760
2015-04-27,117,299,2.89187186713318,2784
2015-04-28,118,299,2.589973006135556,2808
2015-04-29,119,299,2.6275383707277697,2832
2015-04-30,120,299,2.756183328462696,2856
2015-05-01,121,299,2.7326881814810227,2880
2015-05-02,122,299,2.857375981439352,2904
2015-05-03,123,299,2.9325058472954626,2928
2015-05-04,124,299,3.0404323928817454,2952
2015-05-05,125,299,3.061295895414312,2976
2015-05-06,126,299,2.90266994003261,3000
2015-05-07,127,299,2.857200835691632,3024
2015-05-08,128,299,2.8933894998434715,3048
2015-05-09,129,299,2.9734299279481453,3072
2015-05-10,130,299,2.9888195889042666,3096
2015-05-11,131,299,3.1126121836930034,3120
2015-05-12,132,299,3.3408207966083387,3144
2015-05-13,133,299,3.4078035140177816,3168
2015-05-14,134,299,3.163592238472174,3192
2015-05-15,135,299,2.589046450673992,3216
2015-05-16,136,299,2.8626289199711943,3240
2015-05-17,137,299,2.986172563473978,3264
2015-05-18,138,299,3.0635139819480197,3288
2015-05-19,139,299,2.8515221320945536,3312
2015-05-20,140,299,2.6371670172148045,3336
2015-05-21,141,299,2.624987539435516,3360
2015-05-22,142,299,2.7696370718472614,3384
2015-05-23,143,299,2.846691842929648,3408
2015-05-24,144,299,2.944009765770016,3432
2015-05-25,145,299,2.9216555887725764,3456
2015-05-26,146,299,2.8060489699676268,3480
2015-05-27,147,299,2.8172962670062582,3504
2015-05-28,148,299,2.9184868423320145,3528
2015-05-29,149,299,3.1128582812049723,3552
2015-05-30,150,299,3.0545186942155285,3576
2015-05-31,151,299,3.0896970535475026,3600
2015-06-01,152,299,3.1590638668752598,3624
2015-06-02,153,299,3.2831658969917763,3648
2015-06-03,154,299,3.4157039683049826,3672
2015-06-04,155,299,3.478668168149201,3696
2015-06-05,156,299,3.633985357615317,3720
2015-06-06,157,299,3.5991677675082285,3744
2015-06-07,158,299,3.4611272009131717,3768
2015-06-08,159,299,3.1882095823814254,3792
2015-06-09,160,299,2.9891694377964217,3816
2015-06-10,161,299,3.069046039233944,3840
2015-06-11,162,299,3.2921077576624884,3864
2015-06-12,163,299,3.3362722048135924,3888
2015-06-13,164,299,3.326433204788574,3912
2015-06-14,165,299,3.172863002509416,3936
2015-06-15,166,299,3.0798060533266787,3960
2015-06-16,167,299,3.075259835215564,3984
2015-06-17,168,299,3.1054772477794907,4008
2015-06-18,169,299,3.0566219116932736,4032
2015-06-19,170,299,3.10098207113159,4056
2015-06-20,171,299,2.9446771981233715,4080
2015-06-21,172,299,3.007934073761332,4104
2015-06-22,173,299,3.179222207639981,4128
2015-06-23,174,299,2.987661235393855,4152
2015-06-24,175,299,3.0187906241454687,4176
2015-06-25,176,299,3.162877675734621,4200
2015-06-26,177,299,3.2922297972170305,4224
2015-06-27,178,299,3.3720594010980682,4248
2015-06-28,179,299,3.372026406310946,4272
2015-06-29,180,299,3.4288659055344883,4296
2015-06-30,181,299,3.5873486523476035,4320
2015-07-01,182,299,3.784436071456597,4344
2015-07-02,183,299,3.958232735725765,4368
2015-07-03,184,299,4.024275321312746,4392
2015-07-04,185,299,4.086774515249815,4416
2015-07-05,186,299,4.112194027796033,4440
2015-07-06,187,299,3.8586640760586186,4464
2015-07-07,188,299,4.085248927149308,4488
2015-07-08,189,299,3.43187584959923,4512
2015-07-09,190,299,3.2950636407642566,4536
2015-07-10,191,299,3.3126251172237438,4560
2015-07-11,192,299,3.6484721080258486,4584
2015-07-12,193,299,3.601819318265758,4608
2015-07-13,194,299,3.5782087248738983,4632
2015-07-14,195,299,3.644715693251532,4656
2015-07-15,196,299,3.6807028993552486,4680
2015-07-16,197,299,3.869985580795477,4704
2015-07-17,198,299,3.902312964628647,4728
2015-07-18,199,299,3.6155344171383694,4752
2015-07-19,200,299,3.757720787295858,4776
2015-07-20,201,299,3.781508514467085,4800
2015-07-21,202,299,3.9440800751345892,4824
2015-07-22,203,299,3.753530212156489,4848
2015-07-23,204,299,3.5213112168391167,4872
2015-07-24,205,299,3.577961654338936,4896
2015-07-25,206,299,3.2980289389482214,4920
2015-07-26,207,299,3.0994134818820647,4944
2015-07-27,208,299,3.309889494252326,4968
2015-07-28,209,299,3.2613424126879584,4992
2015-07-29,210,299,3.0690589705406137,5016
2015-07-30,211,299,3.0858551981049196,5040
2015-07-31,212,299,3.153494695026612,5064
2015-08-01,213,299,3.0754095805522983,5088
2015-08-02,214,299,3.302164846421446,5112
2015-08-03,215,299,3.5507724552601347,5136
2015-08-04,216,299,3.438452003020563,5160
2015-08-05,217,299,3.576105502962468,5184
2015-08-06,218,299,3.8907057219295753,5208
2015-08-07,219,299,4.01714254106205,5232
2015-08-08,220,299,3.835433298405515,5256
2015-08-09,221,299,3.454087843414813,5280
2015-08-10,222,299,3.4388285017446387,5304
2015-08-11,223,299,3.5895034563174413,5328
2015-08-12,224,299,3.723721840939541,5352
2015-08-13,225,299,3.6169596333553855,5376
2015-08-14,226,299,3.2375330249998244,5400
2015-08-15,227,299,3.05871626041111,5424
2015-08-16,228,299,2.995664771998274,5448
2015-08-17,229,299,3.084550138069825,5472
2015-08-18,230,299,3.0557326329130143,5496
2015-08-19,231,299,2.9832005237916563,5520
2015-08-20,232,299,3.071739980196939,5544
2015-08-21,233,299,3.1903589941580144,5568
2015-08-22,234,299,3.2258266396391604,5592
2015-08-23,235,299,3.129190772804418,5616
2015-08-24,236,299,3.0626857395236207,5640
2015-08-25,237,299,3.058787632327104,5664
2015-08-26,238,299,3.185314811671056,5688
2015-08-27,239,299,3.4720457998871987,5712
2015-08-28,240,299,3.6038809672758734,5736
2015-08-29,241,299,3.6120727259225927,5760
2015-08-30,242,299,3.711060257302016,5784
2015-08-31,243,299,3.6542354946532796,5808
2015-09-01,244,299,3.259896605146637,5832
2015-09-02,245,299,3.1186806158870453,5856
2015-09-03,246,299,3.026881565717172,5880
2015-09-04,247,299,3.0163226762577717,5904
2015-09-05,248,299,2.8754689565492617,5928
2015-09-06,249,299,2.82441772951876,5952
2015-09-07,250,299,2.8247083759942755,5976
2015-09-08,251,299,2.87713481900859,6000
2015-09-09,252,299,2.9337087749283794,6024
2015-09-10,253,299,2.8604616935372813,6048
2015-09-11,254,299,2.94778091031092,6072
2015-09-12,255,299,3.124055814786483,6096
2015-09-13,256,299,3.1073594560111983,6120
2015-09-14,257,299,2.9745709749216744,6144
2015-09-15,258,299,2.9385793804426306,6168
2015-09-16,259,299,3.125646418505245,6192
2015-09-17,260,299,2.9298100959144007,6216
2015-09-18,261,299,2.8447682200078988,6240
2015-09-19,262,299,2.8373596435224933,6264
2015-09-20,263,299,2.877020594201582,6288
2015-09-21,264,299,2.806255433878857,6312
2015-09-22,265,299,2.8414729349717502,6336
2015-09-23,266,299,2.6780182114204534,6360
2015-09-24,267,299,2.7664324574866392,6384
2015-09-25,268,299,2.7855474973145182,6408
2015-09-26,269,299,2.8190330434137985,6432
2015-09-27,270,299,2.8418001109800435,6456
2015-09-28,271,299,2.7511948614904145,6480
2015-09-29,272,299,2.7124819611527795,6504
2015-09-30,273,299,2.6694981410007768,6528
2015-10-01,274,299,2.647365093181148,6552
2015-10-02,275,299,2.723687811695462,6576
2015-10-03,276,299,2.8573872870722874,6600
2015-10-04,277,299,2.8065430206897317,6624
2015-10-05,278,299,2.897748380665942,6648
2015-10-06,279,299,2.926448608334344,6672
2015-10-07,280,299,2.8453870497305163,6696
2015-10-08,281,299,2.764120964359629,6720
2015-10-09,282,299,2.754790273215737,6744
2015-10-10,283,299,2.7150094409118424,6768
2015-10-11,284,299,2.743190001547172,6792
2015-10-12,285,299,2.6991714125802786,6816
2015-10-13,286,299,2.6451749742948185,6840
2015-10-14,287,299,2.5149343261318804,6864
2015-10-15,288,299,2.4438260174317645,6888
2015-10-16,289,299,2.4575624816408546,6912
2015-10-17,290,299,2.4677887302380945,6936
2015-10-18,291,299,2.5359128572302674,6960
2015-10-19,292,299,2.5350539515714425,6984
2015-10-20,293,299,2.4947517005749886,7008
2015-10-21,294,299,2.498753953492721,7032
2015-10-22,295,299,2.5423556066359283,7056
2015-10-23,296,299,2.6562186573118893,7080
2015-10-24,297,299,2.6905507673222546,7104
2015-10-25,298,299,2.7239800797150835,7128
2015-10-26,299,299,2.639390492290524,7152
2015-10-27,300,299,2.6145158025387536,7176
2015-10-28,301,299,2.6761365302034807,7200
2015-10-29,302,299,2.6670049465844183,7224
2015-10-30,303,299,2.6558634962219694,7248
2015-10-31,304,299,2.6181746186076555,7272
2015-11-01,305,299,2.5651190777611954,7296
2015-11-02,306,299,2.5251183638029056,7320
2015-11-03,307,299,2.533900940045946,7344
2015-11-04,308,299,2.6157441461521103,7368
2015-11-05,309,299,2.6325482323891287,7392
2015-11-06,310,299,2.7275884234262464,7416
2015-11-07,311,299,2.7899806857987994,7440
2015-11-08,312,299,2.7548685819821737,7464
2015-11-09,313,299,2.7851091338788923,7488
2015-11-10,314,299,2.6905426839940687,7512
2015-11-11,315,299,2.551187453225436,7536
2015-11-12,316,299,2.5158441917631578,7560
2015-11-13,317,299,2.567471686947296,7584
2015-11-14,318,299,2.618102358361824,7608
2015-11-15,319,299,2.69556977275861,7632
2015-11-16,320,299,2.6313627331422893,7656
2015-11-17,321,299,2.6972220955527373,7680
2015-11-18,322,299,2.769189540299162,7704
2015-11-19,323,299,2.7700917323656413,7728
2015-11-20,324,299,2.737843901666497,7752
2015-11-21,325,299,2.385965425269232,7776
2015-11-22,326,299,2.2933124763537225,7800
2015-11-23,327,299,2.2399198153736086,7824
2015-11-24,328,299,2.213980030249585,7848
2015-11-25,329,299,2.2969862649657298,7872
2015-11-26,330,299,2.330064175197696,7896
2015-11-27,331,299,2.2750401769969684,7920
2015-11-28,332,299,2.2637217759728614,7944
2015-11-29,333,299,2.3879913812133537,7968
2015-11-30,334,299,2.5535215842531125,7992
2015-12-01,335,299,2.5227931723663377,8016
2015-12-02,336,299,2.354831643252012,8040
2015-12-03,337,299,2.2842299199367244,8064
2015-12-04,338,299,2.341032095337772,8088
2015-12-05,339,299,2.392494960481136,8112
2015-12-06,340,299,2.4061940481905486,8136
2015-12-07,341,299,2.396896545868765,8160
2015-12-08,342,299,2.356075709598091,8184
2015-12-09,343,299,2.435720321067579,8208
2015-12-10,344,299,2.2909212706032367,8232
2015-12-11,345,299,2.3183872829158227,8256
2015-12-12,346,299,2.338738615535467,8280
2015-12-13,347,299,2.2851880471802755,8304
2015-12-14,348,299,2.268338972861002,8328
2015-12-15,349,299,2.3086924438758656,8352
2015-12-16,350,299,2.4803531786853683,8376
2015-12-17,351,299,2.477410864526814,8400
2015-12-18,352,299,2.4610433961947127,8424
2015-12-19,353,299,2.4316432279822204,8448
2015-12-20,354,299,2.419432633108701,8472
2015-12-21,355,299,2.523069604772944,8496
2015-12-22,356,299,2.4768154470041552,8520
2015-12-23,357,299,2.4942219345032264,8544
2015-12-24,358,299,2.4770186104560765,8568
2015-12-25,359,299,2.454714198343785,8592
2015-12-26,360,299,2.362329492590045,8616
2015-12-27,361,299,2.3209265477793903,8640
2015-12-28,362,299,2.280944742581944,8664
2015-12-29,363,299,2.299741885711449,8688
2015-12-30,364,299,2.3219147058636787,8712
2015-12-31,365,299,2.3848708093399047,8736
2015-01-01,1,300,2.056989235505507,0
2015-01-02,2,300,2.1968257976190984,24
2015-01-03,3,300,2.3576335269363184,48
2015-01-04,4,300,2.3275600828679925,72
2015-01-05,5,300,2.1596629476587452,96
2015-01-06,6,300,2.1731137168107035,120
2015-01-07,7,300,2.2252016059647195,144
2015-01-08,8,300,2.3470038437378773,168
2015-01-09,9,300,2.4796624722859195,192
2015-01-10,10,300,2.739287752499727,216
2015-01-11,11,300,2.3648360696180086,240
2015-01-12,12,300,2.2896583073953902,264
2015-01-13,13,300,2.395192923862307,288
2015-01-14,14,300,2.403475516181031,312
2015-01-15,15,300,2.354240537780844,336
2015-01-16,16,300,2.383223793269276,360
2015-01-17,17,300,2.231065159605201,384
2015-01-18,18,300,2.1489455375757536,408
2015-01-19,19,300,2.174887779682355,432
2015-01-20,20,300,2.2061571483270908,456
2015-01-21,21,300,2.1917995647787034,480
2015-01-22,22,300,2.190537588187913,504
2015-01-23,23,300,2.1800520568886346,528
2015-01-24,24,300,2.1854755807331694,552
2015-01-25,25,300,2.152409855636142,576
2015-01-26,26,300,2.1210115370091884,600
2015-01-27,27,300,2.2139914626030373,624
2015-01-28,28,300,2.1852084517662442,648
2015-01-29,29,300,2.251105172218686,672
2015-01-30,30,300,2.1943519951643125,696
2015-01-31,31,300,2.181386232383024,720
2015-02-01,32,300,2.1677730151345767,744
2015-02-02,33,300,2.1656559454342283,768
2015-02-03,34,300,2.0832547667547336,792
2015-02-04,35,300,2.0808213272165044,816
2015-02-05,36,300,2.080025875481501,840
2015-02-06,37,300,2.0928770801412107,864
2015-02-07,38,300,2.0542412764328866,888
2015-02-08,39,300,2.0662697024900205,912
2015-02-09,40,300,2.0899358608099954,936
2015-02-10,41,300,2.1245472761906363,960
2015-02-11,42,300,2.1475450317422133,984
2015-02-12,43,300,2.1589033422995256,1008
2015-02-13,44,300,2.2017825007443794,1032
2015-02-14,45,300,2.267639648814486,1056
2015-02-15,46,300,2.2246378828118183,1080
2015-02-16,47,300,2.1832025312707453,1104
2015-02-17,48,300,2.194060251328551,1128
2015-02-18,49,300,2.167434970167685,1152
2015-02-19,50,300,2.212282439262132,1176
2015-02-20,51,300,2.2930076883433057,1200
2015-02-21,52,300,2.254286953964165,1224
2015-02-22,53,300,2.2111242271289284,1248
2015-02-23,54,300,2.2249412062694525,1272
2015-02-24,55,300,2.278306234511292,1296
2015-02-25,56,300,2.2590090081647167,1320
2015-02-26,57,300,2.2251478225822674,1344
2015-02-27,58,300,2.2605696444682306,1368
2015-02-28,59,300,2.252663875726294,1392
2015-03-01,60,300,2.3598374942360603,1416
2015-03-02,61,300,2.451050871913466,1440
2015-03-03,62,300,2.3871953481479733,1464
2015-03-04,63,300,2.2837173660078482,1488
2015-03-05,64,300,2.244462730631487,1512
2015-03-06,65,300,2.2473869332111565,1536
2015-03-07,66,300,2.309982321945713,1560
2015-03-08,67,300,2.4074113678861377,1584
2015-03-09,68,300,2.468005258059541,1608
2015-03-10,69,300,2.4851485025988342,1632
2015-03-11,70,300,2.480945399953313,1656
2015-03-12,71,300,2.3470233092791735,1680
2015-03-13,72,300,2.3215301924223697,1704
2015-03-14,73,300,2.313911176670874,1728
2015-03-15,74,300,2.323858904737916,1752
2015-03-16,75,300,2.476134426908933,1776
2015-03-17,76,300,2.562381482714505,1800
2015-03-18,77,300,2.6150395760335585,1824
2015-03-19,78,300,2.57959845305034,1848
2015-03-20,79,300,2.516502364606805,1872
2015-03-21,80,300,2.452731635306633,1896
2015-03-22,81,300,2.351988850358978,1920
2015-03-23,82,300,2.459079646858623,1944
2015-03-24,83,300,2.546271777063617,1968
2015-03-25,84,300,2.466483202221924,1992
2015-03-26,85,300,2.378465789267523,2016
2015-03-27,86,300,2.43627893020045,2040
2015-03-28,87,300,2.44807547378698,2064
2015-03-29,88,300,2.5642678174585707,2088
2015-03-30,89,300,2.5723551711244856,2112
2015-03-31,90,300,2.646489747176852,2136
2015-04-01,91,300,2.3660113224603267,2160
2015-04-02,92,300,2.375435691541389,2184
2015-04-03,93,300,2.373600607970829,2208
2015-04-04,94,300,2.3785115504378416,2232
2015-04-05,95,300,2.2995139985734268,2256
2015-04-06,96,300,2.2975796622560307,2280
2015-04-07,97,300,2.3477578648187922,2304
2015-04-08,98,300,2.4703862977293483,2328
2015-04-09,99,300,2.633751769289956,2352
2015-04-10,100,300,2.7869694250115784,2376
2015-04-11,101,300,2.7069999846528017,2400
2015-04-12,102,300,2.7461199721032443,2424
2015-04-13,103,300,2.7920185908624693,2448
2015-04-14,104,300,2.7767622018335163,2472
2015-04-15,105,300,2.8569514477024653,2496
2015-04-16,106,300,2.825537304820532,2520
2015-04-17,107,300,2.696220118212713,2544
2015-04-18,108,300,2.5190610077093933,2568
2015-04-19,109,300,2.5504071818172966,2592
2015-04-20,110,300,2.6447600300844654,2616
2015-04-21,111,300,2.7458815139752137,2640
2015-04-22,112,300,2.8331529837214617,2664
2015-04-23,113,300,2.6840858782739816,2688
2015-04-24,114,300,2.7674258756369454,2712
2015-04-25,115,300,2.775604837569834,2736
2015-04-26,116,300,2.826007171098598,2760
2015-04-27,117,300,2.8404812041209286,2784
2015-04-28,118,300,2.4785396234813946,2808
2015-04-29,119,300,2.5388499797617885,2832
2015-04-30,120,300,2.67652705180308,2856
2015-05-01,121,300,2.6707509430032945,2880
2015-05-02,122,300,2.7822400335273763,2904
2015-05-03,123,300,2.877447146670768,2928
2015-05-04,124,300,2.98528652470663,2952
2015-05-05,125,300,3.0078671852092884,2976
2015-05-06,126,300,2.7987780999551584,3000
2015-05-07,127,300,2.7649287582413145,3024
2015-05-08,128,300,2.8373092250864365,3048
2015-05-09,129,300,2.873441037623536,3072
2015-05-10,130,300,2.887143063679053,3096
2015-05-11,131,300,3.047944826420608,3120
2015-05-12,132,300,3.261068119367148,3144
2015-05-13,133,300,3.3109785898123976,3168
2015-05-14,134,300,3.0704550868823755,3192
2015-05-15,135,300,2.502925865108496,3216
2015-05-16,136,300,2.7559842121972014,3240
2015-05-17,137,300,2.8740663046073847,3264
2015-05-18,138,300,2.9658496236600023,3288
2015-05-19,139,300,2.7358189637215604,3312
2015-05-20,140,300,2.5236894964016727,3336
2015-05-21,141,300,2.503970465884708,3360
2015-05-22,142,300,2.6397818200234053,3384
2015-05-23,143,300,2.715944312849061,3408
2015-05-24,144,300,2.8430240630494423,3432
2015-05-25,145,300,2.8121482885973648,3456
2015-05-26,146,300,2.6579630460081405,3480
2015-05-27,147,300,2.6721181839929096,3504
2015-05-28,148,300,2.82580757547178,3528
2015-05-29,149,300,3.0216301504745577,3552
2015-05-30,150,300,2.9293342404727722,3576
2015-05-31,151,300,2.9974017953963568,3600
2015-06-01,152,300,3.071447587677686,3624
2015-06-02,153,300,3.176633606709583,3648
2015-06-03,154,300,3.3064556508600864,3672
2015-06-04,155,300,3.361436513377106,3696
2015-06-05,156,300,3.5468155887031747,3720
2015-06-06,157,300,3.493393349588928,3744
2015-06-07,158,300,3.35877641045884,3768
2015-06-08,159,300,3.0732579865036334,3792
2015-06-09,160,300,2.8391015502430283,3816
2015-06-10,161,300,2.9375496545669764,3840
2015-06-11,162,300,3.1759860603238965,3864
2015-06-12,163,300,3.2730645313516082,3888
2015-06-13,164,300,3.2554985351706174,3912
2015-06-14,165,300,3.0956761220810267,3936
2015-06-15,166,300,2.9653027119087363,3960
2015-06-16,167,300,2.9673753043158997,3984
2015-06-17,168,300,2.9802141595163487,4008
2015-06-18,169,300,2.9233925944902635,4032
2015-06-19,170,300,2.9467932825588483,4056
2015-06-20,171,300,2.80630550066512,4080
2015-06-21,172,300,2.8663135045854014,4104
2015-06-22,173,300,3.0419360147972005,4128
2015-06-23,174,300,2.8167990598303763,4152
2015-06-24,175,300,2.893196976931845,4176
2015-06-25,176,300,3.049188861569071,4200
2015-06-26,177,300,3.1787163863837784,4224
2015-06-27,178,300,3.23143301962338,4248
2015-06-28,179,300,3.229054469422897,4272
2015-06-29,180,300,3.290985552178173,4296
2015-06-30,181,300,3.462875743587546,4320
2015-07-01,182,300,3.6355661897397344,4344
2015-07-02,183,300,3.8227302157042975,4368
2015-07-03,184,300,3.902158535808137,4392
2015-07-04,185,300,3.924554765259937,4416
2015-07-05,186,300,3.9739736340630754,4440
2015-07-06,187,300,3.676451201487621,4464
2015-07-07,188,300,3.9405947428981047,4488
2015-07-08,189,300,3.248382825817138,4512
2015-07-09,190,300,3.106980465916596,4536
2015-07-10,191,300,3.1630027436839616,4560
2015-07-11,192,300,3.490212789431289,4584
2015-07-12,193,300,3.440190414427752,4608
2015-07-13,194,300,3.3766901693356366,4632
2015-07-14,195,300,3.472420531825727,4656
2015-07-15,196,300,3.513266531124123,4680
2015-07-16,197,300,3.715133964112944,4704
2015-07-17,198,300,3.678960532999021,4728
2015-07-18,199,300,3.44597957606453,4752
2015-07-19,200,300,3.5690019789058915,4776
2015-07-20,201,300,3.593078332020188,4800
2015-07-21,202,300,3.7581448205876153,4824
2015-07-22,203,300,3.6023526553422385,4848
2015-07-23,204,300,3.3234901970083213,4872
2015-07-24,205,300,3.426962502461877,4896
2015-07-25,206,300,3.1341532240617536,4920
2015-07-26,207,300,2.959002198089661,4944
2015-07-27,208,300,3.1605471766813658,4968
2015-07-28,209,300,3.094409336765172,4992
2015-07-29,210,300,2.9152075247754445,5016
2015-07-30,211,300,2.9305672693616542,5040
2015-07-31,212,300,3.0409474027063323,5064
2015-08-01,213,300,3.0034880637717523,5088
2015-08-02,214,300,3.1993864198177486,5112
2015-08-03,215,300,3.442116135888529,5136
2015-08-04,216,300,3.309370594410169,5160
2015-08-05,217,300,3.4515526328404005,5184
2015-08-06,218,300,3.768302941011101,5208
2015-08-07,219,300,3.8803777253783713,5232
2015-08-08,220,300,3.7695682834551634,5256
2015-08-09,221,300,3.3891296086707587,5280
2015-08-10,222,300,3.347278830937673,5304
2015-08-11,223,300,3.4695721842088174,5328
2015-08-12,224,300,3.5999616715038223,5352
2015-08-13,225,300,3.5279960359865408,5376
2015-08-14,226,300,3.1424174549403086,5400
2015-08-15,227,300,2.9485654503977954,5424
2015-08-16,228,300,2.890054972271588,5448
2015-08-17,229,300,2.953051084833953,5472
2015-08-18,230,300,2.946644978174592,5496
2015-08-19,231,300,2.8520924274025785,5520
2015-08-20,232,300,2.9520476899166317,5544
2015-08-21,233,300,3.044712211060288,5568
2015-08-22,234,300,3.0970973651096405,5592
2015-08-23,235,300,3.0498171808741628,5616
2015-08-24,236,300,2.9831161978026275,5640
2015-08-25,237,300,2.9382656993215392,5664
2015-08-26,238,300,3.0964571523901783,5688
2015-08-27,239,300,3.3605755562102417,5712
2015-08-28,240,300,3.5068848304800246,5736
2015-08-29,241,300,3.5262549883997405,5760
2015-08-30,242,300,3.6361737496989193,5784
2015-08-31,243,300,3.5504352380278603,5808
2015-09-01,244,300,3.1390038147716868,5832
2015-09-02,245,300,2.988347278599235,5856
2015-09-03,246,300,2.9080032862983045,5880
2015-09-04,247,300,2.907245662270252,5904
2015-09-05,248,300,2.7514087524043043,5928
2015-09-06,249,300,2.709656946878994,5952
2015-09-07,250,300,2.701730017460912,5976
2015-09-08,251,300,2.768419507661187,6000
2015-09-09,252,300,2.811465184206531,6024
2015-09-10,253,300,2.7263795224095206,6048
2015-09-11,254,300,2.833371686516428,6072
2015-09-12,255,300,3.0542335672795486,6096
2015-09-13,256,300,3.0313981820528104,6120
2015-09-14,257,300,2.8847528060256105,6144
2015-09-15,258,300,2.8374951628265164,6168
2015-09-16,259,300,3.0672326843599618,6192
2015-09-17,260,300,2.7983131017261136,6216
2015-09-18,261,300,2.7260810315962543,6240
2015-09-19,262,300,2.74718016765447,6264
2015-09-20,263,300,2.7617944226343334,6288
2015-09-21,264,300,2.7192533268318204,6312
2015-09-22,265,300,2.759052017303992,6336
2015-09-23,266,300,2.581170347471259,6360
2015-09-24,267,300,2.6512517037113428,6384
2015-09-25,268,300,2.669562674626945,6408
2015-09-26,269,300,2.7229900623946994,6432
2015-09-27,270,300,2.7340283294281424,6456
2015-09-28,271,300,2.6401948573129794,6480
2015-09-29,272,300,2.625130714448761,6504
2015-09-30,273,300,2.567524027407518,6528
2015-10-01,274,300,2.5496161548344256,6552
2015-10-02,275,300,2.666687092288138,6576
2015-10-03,276,300,2.814301347325433,6600
2015-10-04,277,300,2.72768266639642,6624
2015-10-05,278,300,2.8360339192435475,6648
2015-10-06,279,300,2.8574312651158236,6672
2015-10-07,280,300,2.7642857026998664,6696
2015-10-08,281,300,2.6777505947187232,6720
2015-10-09,282,300,2.6647400776597965,6744
2015-10-10,283,300,2.620316051640612,6768
2015-10-11,284,300,2.647459878935425,6792
2015-10-12,285,300,2.623060395421257,6816
2015-10-13,286,300,2.555245573501792,6840
2015-10-14,287,300,2.434033032020517,6864
2015-10-15,288,300,2.3673684764688923,6888
2015-10-16,289,300,2.3614716692024698,6912
2015-10-17,290,300,2.382708459607671,6936
2015-10-18,291,300,2.4525255738242326,6960
2015-10-19,292,300,2.4448458125684978,6984
2015-10-20,293,300,2.406652266932805,7008
2015-10-21,294,300,2.4029446547281985,7032
2015-10-22,295,300,2.4714739928438667,7056
2015-10-23,296,300,2.5962725261412034,7080
2015-10-24,297,300,2.665813411824161,7104
2015-10-25,298,300,2.6597722282514247,7128
2015-10-26,299,300,2.585864759710797,7152
2015-10-27,300,300,2.563129040147357,7176
2015-10-28,301,300,2.642978670069976,7200
2015-10-29,302,300,2.5917969358306663,7224
2015-10-30,303,300,2.6056729584681864,7248
2015-10-31,304,300,2.5741435395726744,7272
2015-11-01,305,300,2.5362777634269054,7296
2015-11-02,306,300,2.4774042814144512,7320
2015-11-03,307,300,2.504223526744878,7344
2015-11-04,308,300,2.582195278466496,7368
2015-11-05,309,300,2.5806233962284284,7392
2015-11-06,310,300,2.6923345103000487,7416
2015-11-07,311,300,2.7626548173713004,7440
2015-11-08,312,300,2.7293903573515723,7464
2015-11-09,313,300,2.7847409996344314,7488
2015-11-10,314,300,2.6498157125908417,7512
2015-11-11,315,300,2.5116486154036384,7536
2015-11-12,316,300,2.464300276068351,7560
2015-11-13,317,300,2.532689709730869,7584
2015-11-14,318,300,2.5732300721444794,7608
2015-11-15,319,300,2.710568301261996,7632
2015-11-16,320,300,2.617237574179584,7656
2015-11-17,321,300,2.6494744340228715,7680
2015-11-18,322,300,2.7387269247757704,7704
2015-11-19,323,300,2.7303311443561977,7728
2015-11-20,324,300,2.692173495128085,7752
2015-11-21,325,300,2.294324697305084,7776
2015-11-22,326,300,2.2179610809046184,7800
2015-11-23,327,300,2.1634339774820472,7824
2015-11-24,328,300,2.139920695041816,7848
2015-11-25,329,300,2.262125295790632,7872
2015-11-26,330,300,2.253655215598419,7896
2015-11-27,331,300,2.204313140143644,7920
2015-11-28,332,300,2.2119971141842982,7944
2015-11-29,333,300,2.343123955053356,7968
2015-11-30,334,300,2.527469281943349,7992
2015-12-01,335,300,2.480395100991082,8016
2015-12-02,336,300,2.315295727289904,8040
2015-12-03,337,300,2.25779324512548,8064
2015-12-04,338,300,2.334468701131542,8088
2015-12-05,339,300,2.351010546340451,8112
2015-12-06,340,300,2.3785527721756345,8136
2015-12-07,341,300,2.352777943561978,8160
2015-12-08,342,300,2.320445795621679,8184
2015-12-09,343,300,2.3713331299607145,8208
2015-12-10,344,300,2.2332291696220956,8232
2015-12-11,345,300,2.286554686105716,8256
2015-12-12,346,300,2.314181319232339,8280
2015-12-13,347,300,2.240966527362397,8304
2015-12-14,348,300,2.2184186057087687,8328
2015-12-15,349,300,2.2850630791637156,8352
2015-12-16,350,300,2.471369424164506,8376
2015-12-17,351,300,2.4714850703300284,8400
2015-12-18,352,300,2.45844764898129,8424
2015-12-19,353,300,2.428599404995426,8448
2015-12-20,354,300,2.3991157330541086,8472
2015-12-21,355,300,2.4805111423423742,8496
2015-12-22,356,300,2.4518539799056156,8520
2015-12-23,357,300,2.457682563567261,8544
2015-12-24,358,300,2.4216867502915846,8568
2015-12-25,359,300,2.423086018819676,8592
2015-12-26,360,300,2.333690465296224,8616
2015-12-27,361,300,2.317217557757456,8640
2015-12-28,362,300,2.2621488485917256,8664
2015-12-29,363,300,2.2958183724982835,8688
2015-12-30,364,300,2.2715419684893656,8712
2015-12-31,365,300,2.3485906453210412,8736
2015-01-01,1,301,2.0964679021374555,0
2015-01-02,2,301,2.2070197243748817,24
2015-01-03,3,301,2.378313295953216,48
2015-01-04,4,301,2.4043505413980566,72
2015-01-05,5,301,2.2113962788353474,96
2015-01-06,6,301,2.1963764307795257,120
2015-01-07,7,301,2.24440764056246,144
2015-01-08,8,301,2.368007531099288,168
2015-01-09,9,301,2.495929420007917,192
2015-01-10,10,301,2.7681799346296887,216
2015-01-11,11,301,2.4261558651072552,240
2015-01-12,12,301,2.3315913903365297,264
2015-01-13,13,301,2.4246328191040223,288
2015-01-14,14,301,2.4519519327876504,312
2015-01-15,15,301,2.3957749538081705,336
2015-01-16,16,301,2.4101536510066635,360
2015-01-17,17,301,2.28152700570578,384
2015-01-18,18,301,2.2066240339472545,408
2015-01-19,19,301,2.230029869247897,432
2015-01-20,20,301,2.2528116249935635,456
2015-01-21,21,301,2.2372427157269987,480
2015-01-22,22,301,2.237807556501476,504
2015-01-23,23,301,2.2479767388714107,528
2015-01-24,24,301,2.2586003777174435,552
2015-01-25,25,301,2.2349936842679394,576
2015-01-26,26,301,2.182876906234996,600
2015-01-27,27,301,2.263074520831376,624
2015-01-28,28,301,2.240405697431139,648
2015-01-29,29,301,2.292436162709293,672
2015-01-30,30,301,2.248956599848792,696
2015-01-31,31,301,2.2300441260932566,720
2015-02-01,32,301,2.2203735424223843,744
2015-02-02,33,301,2.2183398020656435,768
2015-02-03,34,301,2.1445242988327524,792
2015-02-04,35,301,2.141948606779404,816
2015-02-05,36,301,2.1393822688000594,840
2015-02-06,37,301,2.151716303961132,864
2015-02-07,38,301,2.1160155398693,888
2015-02-08,39,301,2.141972504144544,912
2015-02-09,40,301,2.1715904565918493,936
2015-02-10,41,301,2.190900170469923,960
2015-02-11,42,301,2.189723719803336,984
2015-02-12,43,301,2.189910733520541,1008
2015-02-13,44,301,2.231724777433288,1032
2015-02-14,45,301,2.304647835295715,1056
2015-02-15,46,301,2.260676247251877,1080
2015-02-16,47,301,2.2306031769003107,1104
2015-02-17,48,301,2.241789719973712,1128
2015-02-18,49,301,2.226541340975352,1152
2015-02-19,50,301,2.2568968566669207,1176
2015-02-20,51,301,2.341186582839084,1200
2015-02-21,52,301,2.297251482381871,1224
2015-02-22,53,301,2.2674613686287826,1248
2015-02-23,54,301,2.271100026608917,1272
2015-02-24,55,301,2.3449841548070136,1296
2015-02-25,56,301,2.3417905919191706,1320
2015-02-26,57,301,2.2914459025162985,1344
2015-02-27,58,301,2.3193214848556765,1368
2015-02-28,59,301,2.322423033442876,1392
2015-03-01,60,301,2.412747251114893,1416
2015-03-02,61,301,2.5124833771002013,1440
2015-03-03,62,301,2.4608246952826702,1464
2015-03-04,63,301,2.3572329782688053,1488
2015-03-05,64,301,2.3315445910097163,1512
2015-03-06,65,301,2.325583044972102,1536
2015-03-07,66,301,2.3536210334714167,1560
2015-03-08,67,301,2.4427361871822457,1584
2015-03-09,68,301,2.5049331323546125,1608
2015-03-10,69,301,2.531828519016148,1632
2015-03-11,70,301,2.5590970734196783,1656
2015-03-12,71,301,2.4185083706643207,1680
2015-03-13,72,301,2.385397512238624,1704
2015-03-14,73,301,2.380570670368188,1728
2015-03-15,74,301,2.382842573026549,1752
2015-03-16,75,301,2.5046370271247462,1776
2015-03-17,76,301,2.5946704923589285,1800
2015-03-18,77,301,2.6531965137385143,1824
2015-03-19,78,301,2.635308040029606,1848
2015-03-20,79,301,2.573470496982288,1872
2015-03-21,80,301,2.51335966515564,1896
2015-03-22,81,301,2.416624309399072,1920
2015-03-23,82,301,2.5134691734515267,1944
2015-03-24,83,301,2.585702272681292,1968
2015-03-25,84,301,2.523325766772314,1992
2015-03-26,85,301,2.4563339766441263,2016
2015-03-27,86,301,2.526208542386552,2040
2015-03-28,87,301,2.5238998808868325,2064
2015-03-29,88,301,2.6298907915021097,2088
2015-03-30,89,301,2.6521213387147733,2112
2015-03-31,90,301,2.7310103546190283,2136
2015-04-01,91,301,2.456904269651268,2160
2015-04-02,92,301,2.4553564315788994,2184
2015-04-03,93,301,2.46232970463471,2208
2015-04-04,94,301,2.446964776784049,2232
2015-04-05,95,301,2.377347102769076,2256
2015-04-06,96,301,2.378181274500548,2280
2015-04-07,97,301,2.431435081139456,2304
2015-04-08,98,301,2.5319092506769394,2328
2015-04-09,99,301,2.686892895703299,2352
2015-04-10,100,301,2.8332357952304603,2376
2015-04-11,101,301,2.7815156081148507,2400
2015-04-12,102,301,2.814731122082132,2424
2015-04-13,103,301,2.8787337439918304,2448
2015-04-14,104,301,2.8770269710197,2472
2015-04-15,105,301,2.9234111672581813,2496
2015-04-16,106,301,2.8880957456928766,2520
2015-04-17,107,301,2.7587798465143347,2544
2015-04-18,108,301,2.6130079790310887,2568
2015-04-19,109,301,2.613645672951627,2592
2015-04-20,110,301,2.7138638077803217,2616
2015-04-21,111,301,2.824746947251935,2640
2015-04-22,112,301,2.9005217879722465,2664
2015-04-23,113,301,2.7696667254077787,2688
2015-04-24,114,301,2.8385692094316184,2712
2015-04-25,115,301,2.8302746600986164,2736
2015-04-26,116,301,2.8730715043210875,2760
2015-04-27,117,301,2.890591160835036,2784
2015-04-28,118,301,2.575971467733451,2808
2015-04-29,119,301,2.6133584402747654,2832
2015-04-30,120,301,2.7458808553519236,2856
2015-05-01,121,301,2.7187284334671653,2880
2015-05-02,122,301,2.850197984948034,2904
2015-05-03,123,301,2.9219985219200897,2928
2015-05-04,124,301,3.0321305683452486,2952
2015-05-05,125,301,3.059148319421556,2976
2015-05-06,126,301,2.888352484107681,3000
2015-05-07,127,301,2.850746970162937,3024
2015-05-08,128,301,2.8942564934113455,3048
2015-05-09,129,301,2.964371868759472,3072
2015-05-10,130,301,2.9783798270849084,3096
2015-05-11,131,301,3.10101043955522,3120
2015-05-12,132,301,3.3240903736504026,3144
2015-05-13,133,301,3.3848028029447943,3168
2015-05-14,134,301,3.162681989926748,3192
2015-05-15,135,301,2.5791702713213707,3216
2015-05-16,136,301,2.845758816907513,3240
2015-05-17,137,301,2.9741353586676222,3264
2015-05-18,138,301,3.0528109886971047,3288
2015-05-19,139,301,2.830354398746328,3312
2015-05-20,140,301,2.6164551483111738,3336
2015-05-21,141,301,2.600053870491767,3360
2015-05-22,142,301,2.746166135204823,3384
2015-05-23,143,301,2.8165519221716213,3408
2015-05-24,144,301,2.9250351822875085,3432
2015-05-25,145,301,2.9010489744633534,3456
2015-05-26,146,301,2.7795999758855183,3480
2015-05-27,147,301,2.7914608911229783,3504
2015-05-28,148,301,2.9028041342273285,3528
2015-05-29,149,301,3.097159086983647,3552
2015-05-30,150,301,3.034245085184965,3576
2015-05-31,151,301,3.0728960557028087,3600
2015-06-01,152,301,3.1512294933749314,3624
2015-06-02,153,301,3.26765007044284,3648
2015-06-03,154,301,3.399089240435605,3672
2015-06-04,155,301,3.4605824751834486,3696
2015-06-05,156,301,3.6279790159251895,3720
2015-06-06,157,301,3.595488384295069,3744
2015-06-07,158,301,3.4627314581343507,3768
2015-06-08,159,301,3.1721660814825365,3792
2015-06-09,160,301,2.95773500262142,3816
2015-06-10,161,301,3.0403170124594947,3840
2015-06-11,162,301,3.268059688250962,3864
2015-06-12,163,301,3.3366488085995742,3888
2015-06-13,164,301,3.3267893881226542,3912
2015-06-14,165,301,3.1629103393037683,3936
2015-06-15,166,301,3.0576650702060224,3960
2015-06-16,167,301,3.05734205377693,3984
2015-06-17,168,301,3.083446453427153,4008
2015-06-18,169,301,3.0292018698650507,4032
2015-06-19,170,301,3.07718285700201,4056
2015-06-20,171,301,2.9231140277559917,4080
2015-06-21,172,301,2.9754973010190984,4104
2015-06-22,173,301,3.14514830666314,4128
2015-06-23,174,301,2.9542238045275897,4152
2015-06-24,175,301,2.9959266724927365,4176
2015-06-25,176,301,3.1394607561295462,4200
2015-06-26,177,301,3.270059295813464,4224
2015-06-27,178,301,3.3404186455003573,4248
2015-06-28,179,301,3.3453355780573397,4272
2015-06-29,180,301,3.3934537381758063,4296
2015-06-30,181,301,3.557309510340895,4320
2015-07-01,182,301,3.73817052494668,4344
2015-07-02,183,301,3.914446203617361,4368
2015-07-03,184,301,3.9918459206491215,4392
2015-07-04,185,301,4.03657646154556,4416
2015-07-05,186,301,4.079403200165621,4440
2015-07-06,187,301,3.814816881986956,4464
2015-07-07,188,301,4.053933018190442,4488
2015-07-08,189,301,3.4037247710880565,4512
2015-07-09,190,301,3.266988205596767,4536
2015-07-10,191,301,3.2779507380532715,4560
2015-07-11,192,301,3.601203285029102,4584
2015-07-12,193,301,3.574370934923934,4608
2015-07-13,194,301,3.540297956401377,4632
2015-07-14,195,301,3.61823386865072,4656
2015-07-15,196,301,3.649506432631511,4680
2015-07-16,197,301,3.8313409365866873,4704
2015-07-17,198,301,3.8311084750356783,4728
2015-07-18,199,301,3.5744473366937055,4752
2015-07-19,200,301,3.7143354524289713,4776
2015-07-20,201,301,3.746923622684288,4800
2015-07-21,202,301,3.905154617800727,4824
2015-07-22,203,301,3.7351843914297937,4848
2015-07-23,204,301,3.488050636573416,4872
2015-07-24,205,301,3.5440061747149776,4896
2015-07-25,206,301,3.2743760626844733,4920
2015-07-26,207,301,3.0877344810902883,4944
2015-07-27,208,301,3.290234698028661,4968
2015-07-28,209,301,3.2359994355733144,4992
2015-07-29,210,301,3.040231815281302,5016
2015-07-30,211,301,3.063971217157877,5040
2015-07-31,212,301,3.141287176956648,5064
2015-08-01,213,301,3.0703179230142017,5088
2015-08-02,214,301,3.2905822865063667,5112
2015-08-03,215,301,3.5262828254212923,5136
2015-08-04,216,301,3.4173843052645765,5160
2015-08-05,217,301,3.5574270132852983,5184
2015-08-06,218,301,3.863748853230168,5208
2015-08-07,219,301,3.980988612514625,5232
2015-08-08,220,301,3.8636762190737333,5256
2015-08-09,221,301,3.4813949895700116,5280
2015-08-10,222,301,3.4452981391434485,5304
2015-08-11,223,301,3.578185030442862,5328
2015-08-12,224,301,3.7040381394516686,5352
2015-08-13,225,301,3.624582800571509,5376
2015-08-14,226,301,3.231896018250588,5400
2015-08-15,227,301,3.0416111828986194,5424
2015-08-16,228,301,2.9864659941249507,5448
2015-08-17,229,301,3.0605311489490554,5472
2015-08-18,230,301,3.040796870962642,5496
2015-08-19,231,301,2.9563851872134013,5520
2015-08-20,232,301,3.0517818375208563,5544
2015-08-21,233,301,3.1582592127827307,5568
2015-08-22,234,301,3.1982714175063505,5592
2015-08-23,235,301,3.1147202746090388,5616
2015-08-24,236,301,3.0526813864426656,5640
2015-08-25,237,301,3.0440105135810427,5664
2015-08-26,238,301,3.169478990637157,5688
2015-08-27,239,301,3.4390182692901203,5712
2015-08-28,240,301,3.5875008031218614,5736
2015-08-29,241,301,3.60040564556104,5760
2015-08-30,242,301,3.70525408460535,5784
2015-08-31,243,301,3.63496618787494,5808
2015-09-01,244,301,3.236859532380612,5832
2015-09-02,245,301,3.0999888000425297,5856
2015-09-03,246,301,3.004262705408028,5880
2015-09-04,247,301,3.0056337034629736,5904
2015-09-05,248,301,2.8591553436547352,5928
2015-09-06,249,301,2.807317026833516,5952
2015-09-07,250,301,2.799796690638186,5976
2015-09-08,251,301,2.8567596602559338,6000
2015-09-09,252,301,2.905638162223357,6024
2015-09-10,253,301,2.8207520839155538,6048
2015-09-11,254,301,2.9107632753046007,6072
2015-09-12,255,301,3.117173538266876,6096
2015-09-13,256,301,3.0899339789945235,6120
2015-09-14,257,301,2.9677804649082344,6144
2015-09-15,258,301,2.925819366644632,6168
2015-09-16,259,301,3.100171745116095,6192
2015-09-17,260,301,2.9009514833325043,6216
2015-09-18,261,301,2.819040697927695,6240
2015-09-19,262,301,2.8239800046460943,6264
2015-09-20,263,301,2.8599159890195955,6288
2015-09-21,264,301,2.792488279238004,6312
2015-09-22,265,301,2.83050187521345,6336
2015-09-23,266,301,2.6634721801341352,6360
2015-09-24,267,301,2.7454427899164564,6384
2015-09-25,268,301,2.7579224231308794,6408
2015-09-26,269,301,2.8044581038672507,6432
2015-09-27,270,301,2.828495387884701,6456
2015-09-28,271,301,2.732066945463996,6480
2015-09-29,272,301,2.700325884037326,6504
2015-09-30,273,301,2.6477320148338626,6528
2015-10-01,274,301,2.6265760950340296,6552
2015-10-02,275,301,2.711351550186432,6576
2015-10-03,276,301,2.857808525279744,6600
2015-10-04,277,301,2.793394281715573,6624
2015-10-05,278,301,2.8826519850160977,6648
2015-10-06,279,301,2.9123710241400964,6672
2015-10-07,280,301,2.843403609160545,6696
2015-10-08,281,301,2.759429795476313,6720
2015-10-09,282,301,2.738314546375219,6744
2015-10-10,283,301,2.6979360027872987,6768
2015-10-11,284,301,2.727434317444604,6792
2015-10-12,285,301,2.6870038128817515,6816
2015-10-13,286,301,2.626212259942684,6840
2015-10-14,287,301,2.5132768310137,6864
2015-10-15,288,301,2.4366190402298082,6888
2015-10-16,289,301,2.4434016089754684,6912
2015-10-17,290,301,2.4516071551972183,6936
2015-10-18,291,301,2.5153712741366547,6960
2015-10-19,292,301,2.5146425870612217,6984
2015-10-20,293,301,2.4755551273137137,7008
2015-10-21,294,301,2.474294068918632,7032
2015-10-22,295,301,2.530807751077165,7056
2015-10-23,296,301,2.6468259325721384,7080
2015-10-24,297,301,2.689246076279995,7104
2015-10-25,298,301,2.7088143587599083,7128
2015-10-26,299,301,2.629148326240217,7152
2015-10-27,300,301,2.600903836844857,7176
2015-10-28,301,301,2.671988239226232,7200
2015-10-29,302,301,2.6554350897020145,7224
2015-10-30,303,301,2.651538369406264,7248
2015-10-31,304,301,2.6132968300014072,7272
2015-11-01,305,301,2.5620114445427853,7296
2015-11-02,306,301,2.507222660956446,7320
2015-11-03,307,301,2.5170074778990426,7344
2015-11-04,308,301,2.6019852703337207,7368
2015-11-05,309,301,2.6164871428254943,7392
2015-11-06,310,301,2.721367537525912,7416
2015-11-07,311,301,2.7865071796269882,7440
2015-11-08,312,301,2.745122919901468,7464
2015-11-09,313,301,2.795172132293207,7488
2015-11-10,314,301,2.6892617148264955,7512
2015-11-11,315,301,2.542561223240224,7536
2015-11-12,316,301,2.4983255548552026,7560
2015-11-13,317,301,2.5614206734735934,7584
2015-11-14,318,301,2.6140886409287405,7608
2015-11-15,319,301,2.7119764011609178,7632
2015-11-16,320,301,2.6348723624855106,7656
2015-11-17,321,301,2.6811647677095034,7680
2015-11-18,322,301,2.773635012528547,7704
2015-11-19,323,301,2.7650143778401426,7728
2015-11-20,324,301,2.7288599796152724,7752
2015-11-21,325,301,2.3754116456378265,7776
2015-11-22,326,301,2.2872596494695108,7800
2015-11-23,327,301,2.229707831190871,7824
2015-11-24,328,301,2.200369718821376,7848
2015-11-25,329,301,2.2933728764384247,7872
2015-11-26,330,301,2.3194593715519423,7896
2015-11-27,331,301,2.2697981022069773,7920
2015-11-28,332,301,2.2564921986928557,7944
2015-11-29,333,301,2.383802729067955,7968
2015-11-30,334,301,2.5575398222222168,7992
2015-12-01,335,301,2.5251614425831943,8016
2015-12-02,336,301,2.3420456328586967,8040
2015-12-03,337,301,2.2735677100661738,8064
2015-12-04,338,301,2.3376965568862387,8088
2015-12-05,339,301,2.379623265585684,8112
2015-12-06,340,301,2.3931721190165547,8136
2015-12-07,341,301,2.3729725556688948,8160
2015-12-08,342,301,2.3363555218228527,8184
2015-12-09,343,301,2.4202919568483066,8208
2015-12-10,344,301,2.2790395464422852,8232
2015-12-11,345,301,2.305848215681114,8256
2015-12-12,346,301,2.3358527128290563,8280
2015-12-13,347,301,2.2723758378083256,8304
2015-12-14,348,301,2.2451394920042342,8328
2015-12-15,349,301,2.2938161255763494,8352
2015-12-16,350,301,2.477903912898148,8376
2015-12-17,351,301,2.480030104364425,8400
2015-12-18,352,301,2.4599790386409177,8424
2015-12-19,353,301,2.4250314960327333,8448
2015-12-20,354,301,2.398078913993248,8472
2015-12-21,355,301,2.5101648143236366,8496
2015-12-22,356,301,2.473506849318882,8520
2015-12-23,357,301,2.4907312311002525,8544
2015-12-24,358,301,2.4539954533637776,8568
2015-12-25,359,301,2.441446541398626,8592
2015-12-26,360,301,2.347328691799196,8616
2015-12-27,361,301,2.312965137130324,8640
2015-12-28,362,301,2.2574542658855057,8664
2015-12-29,363,301,2.291368416537958,8688
2015-12-30,364,301,2.301510624347232,8712
2015-12-31,365,301,2.3699013213874527,8736
2015-01-01,1,302,2.0689233511447425,0
2015-01-02,2,302,2.2152092122291247,24
2015-01-03,3,302,2.383599264589091,48
2015-01-04,4,302,2.3359372009973143,72
2015-01-05,5,302,2.184433274065038,96
2015-01-06,6,302,2.1969179720939764,120
2015-01-07,7,302,2.2567147378949377,144
2015-01-08,8,302,2.3915744241409223,168
2015-01-09,9,302,2.526946722905293,192
2015-01-10,10,302,2.8203808000025155,216
2015-01-11,11,302,2.3863988808626155,240
2015-01-12,12,302,2.3166840935420265,264
2015-01-13,13,302,2.437220991259223,288
2015-01-14,14,302,2.4294169546524462,312
2015-01-15,15,302,2.377776018076779,336
2015-01-16,16,302,2.3989551431770657,360
2015-01-17,17,302,2.242363447042604,384
2015-01-18,18,302,2.180521455538456,408
2015-01-19,19,302,2.192381385259384,432
2015-01-20,20,302,2.2263683692959377,456
2015-01-21,21,302,2.2072357091077794,480
2015-01-22,22,302,2.199587097772516,504
2015-01-23,23,302,2.1953886155956,528
2015-01-24,24,302,2.208999056465604,552
2015-01-25,25,302,2.1688617997318484,576
2015-01-26,26,302,2.1445128429081577,600
2015-01-27,27,302,2.233494949938196,624
2015-01-28,28,302,2.2128361931485863,648
2015-01-29,29,302,2.2696077456175328,672
2015-01-30,30,302,2.2211910087504187,696
2015-01-31,31,302,2.217726350336679,720
2015-02-01,32,302,2.195134264723737,744
2015-02-02,33,302,2.196491525267487,768
2015-02-03,34,302,2.110659942148504,792
2015-02-04,35,302,2.100483979992508,816
2015-02-05,36,302,2.096414419751946,840
2015-02-06,37,302,2.1097528508717547,864
2015-02-07,38,302,2.065584703792445,888
2015-02-08,39,302,2.0823488561877146,912
2015-02-09,40,302,2.110122266640152,936
2015-02-10,41,302,2.1402898631525105,960
2015-02-11,42,302,2.1434440622051083,984
2015-02-12,43,302,2.1636455951883504,1008
2015-02-13,44,302,2.2151718517795094,1032
2015-02-14,45,302,2.272941445638551,1056
2015-02-15,46,302,2.2031387296331983,1080
2015-02-16,47,302,2.174602970295451,1104
2015-02-17,48,302,2.1857403077887807,1128
2015-02-18,49,302,2.173053573202118,1152
2015-02-19,50,302,2.2225897746526804,1176
2015-02-20,51,302,2.3322164703279977,1200
2015-02-21,52,302,2.267314975122837,1224
2015-02-22,53,302,2.225372642656278,1248
2015-02-23,54,302,2.23995439876103,1272
2015-02-24,55,302,2.304569063974673,1296
2015-02-25,56,302,2.287744365273317,1320
2015-02-26,57,302,2.257055495228629,1344
2015-02-27,58,302,2.2767506028343782,1368
2015-02-28,59,302,2.2725462482127288,1392
2015-03-01,60,302,2.37982986071095,1416
2015-03-02,61,302,2.4719149603653596,1440
2015-03-03,62,302,2.417870721742569,1464
2015-03-04,63,302,2.3026553031664325,1488
2015-03-05,64,302,2.259940275192445,1512
2015-03-06,65,302,2.265859686222464,1536
2015-03-07,66,302,2.3250437943491336,1560
2015-03-08,67,302,2.422766614583148,1584
2015-03-09,68,302,2.4999718348219897,1608
2015-03-10,69,302,2.5250891874895345,1632
2015-03-11,70,302,2.49380649378224,1656
2015-03-12,71,302,2.3596597270053232,1680
2015-03-13,72,302,2.3377016036298417,1704
2015-03-14,73,302,2.3188524593256457,1728
2015-03-15,74,302,2.336580601325247,1752
2015-03-16,75,302,2.5080312623694514,1776
2015-03-17,76,302,2.624420551251316,1800
2015-03-18,77,302,2.664420011588311,1824
2015-03-19,78,302,2.6111369891531724,1848
2015-03-20,79,302,2.540378397655604,1872
2015-03-21,80,302,2.4776406346468187,1896
2015-03-22,81,302,2.3580552938976447,1920
2015-03-23,82,302,2.482540730115986,1944
2015-03-24,83,302,2.586012251221599,1968
2015-03-25,84,302,2.512805724208085,1992
2015-03-26,85,302,2.3994670224982984,2016
2015-03-27,86,302,2.4660564834925185,2040
2015-03-28,87,302,2.4869105585154445,2064
2015-03-29,88,302,2.6020821771561065,2088
2015-03-30,89,302,2.6089376618716127,2112
2015-03-31,90,302,2.6869374566928275,2136
2015-04-01,91,302,2.382801968645125,2160
2015-04-02,92,302,2.401320129323352,2184
2015-04-03,93,302,2.3932758014154936,2208
2015-04-04,94,302,2.382907980051411,2232
2015-04-05,95,302,2.313263592871957,2256
2015-04-06,96,302,2.3094016272921603,2280
2015-04-07,97,302,2.3618895065727825,2304
2015-04-08,98,302,2.4950780779834587,2328
2015-04-09,99,302,2.6609323449491757,2352
2015-04-10,100,302,2.8443932150671003,2376
2015-04-11,101,302,2.7554907264073503,2400
2015-04-12,102,302,2.7924958990456545,2424
2015-04-13,103,302,2.8414566407595134,2448
2015-04-14,104,302,2.8226980085721483,2472
2015-04-15,105,302,2.915490184731452,2496
2015-04-16,106,302,2.9053532770762907,2520
2015-04-17,107,302,2.7284990193340515,2544
2015-04-18,108,302,2.5200329249274893,2568
2015-04-19,109,302,2.5610387269569435,2592
2015-04-20,110,302,2.663350494734796,2616
2015-04-21,111,302,2.771778555439879,2640
2015-04-22,112,302,2.8640605862732595,2664
2015-04-23,113,302,2.6793968763076883,2688
2015-04-24,114,302,2.788787358768512,2712
2015-04-25,115,302,2.8214778979155,2736
2015-04-26,116,302,2.8696236415161094,2760
2015-04-27,117,302,2.8846097596341127,2784
2015-04-28,118,302,2.4940724325784482,2808
2015-04-29,119,302,2.5621363565955675,2832
2015-04-30,120,302,2.7060850755239128,2856
2015-05-01,121,302,2.699505513309677,2880
2015-05-02,122,302,2.8116618738155976,2904
2015-05-03,123,302,2.908229244679834,2928
2015-05-04,124,302,3.0272296667549963,2952
2015-05-05,125,302,3.0589992417254352,2976
2015-05-06,126,302,2.8216235657065205,3000
2015-05-07,127,302,2.800561226014784,3024
2015-05-08,128,302,2.8750487384987315,3048
2015-05-09,129,302,2.9116571571614096,3072
2015-05-10,130,302,2.9285433782106844,3096
2015-05-11,131,302,3.0843747067911784,3120
2015-05-12,132,302,3.3503581534828912,3144
2015-05-13,133,302,3.3582445885849865,3168
2015-05-14,134,302,3.1161290424884536,3192
2015-05-15,135,302,2.53216519329155,3216
2015-05-16,136,302,2.7850126236434183,3240
2015-05-17,137,302,2.915007385903209,3264
2015-05-18,138,302,3.0111417340740005,3288
2015-05-19,139,302,2.765809034207518,3312
2015-05-20,140,302,2.5370798253424782,3336
2015-05-21,141,302,2.514454831742212,3360
2015-05-22,142,302,2.6652922285494567,3384
2015-05-23,143,302,2.7378956731131048,3408
2015-05-24,144,302,2.8720271034795366,3432
2015-05-25,145,302,2.8406430237492404,3456
2015-05-26,146,302,2.67194829714545,3480
2015-05-27,147,302,2.6871250360414187,3504
2015-05-28,148,302,2.857786028362142,3528
2015-05-29,149,302,3.0727480499563167,3552
2015-05-30,150,302,2.968156980400152,3576
2015-05-31,151,302,3.0431688752969164,3600
2015-06-01,152,302,3.1257957279756377,3624
2015-06-02,153,302,3.224232219953824,3648
2015-06-03,154,302,3.3715469392750697,3672
2015-06-04,155,302,3.402089844662392,3696
2015-06-05,156,302,3.619817128022492,3720
2015-06-06,157,302,3.545085816270281,3744
2015-06-07,158,302,3.4170620838557912,3768
2015-06-08,159,302,3.0964599100172014,3792
2015-06-09,160,302,2.839541296312382,3816
2015-06-10,161,302,2.944458303635766,3840
2015-06-11,162,302,3.2060468844203425,3864
2015-06-12,163,302,3.3425000596132413,3888
2015-06-13,164,302,3.3142400314640867,3912
2015-06-14,165,302,3.1348350309634263,3936
2015-06-15,166,302,2.98199006077129,3960
2015-06-16,167,302,2.9989729573477217,3984
2015-06-17,168,302,3.0040454820123133,4008
2015-06-18,169,302,2.9540372401623203,4032
2015-06-19,170,302,2.964596390214054,4056
2015-06-20,171,302,2.8189431533153027,4080
2015-06-21,172,302,2.8809855005925886,4104
2015-06-22,173,302,3.0780837987024863,4128
2015-06-23,174,302,2.8377452187059995,4152
2015-06-24,175,302,2.9210876564608546,4176
2015-06-25,176,302,3.083072701975241,4200
2015-06-26,177,302,3.22039166109156,4224
2015-06-27,178,302,3.284086510224481,4248
2015-06-28,179,302,3.2722797621353235,4272
2015-06-29,180,302,3.3314990713818595,4296
2015-06-30,181,302,3.505545606879496,4320
2015-07-01,182,302,3.6749623537783984,4344
2015-07-02,183,302,3.8808169321526216,4368
2015-07-03,184,302,3.9793086248793546,4392
2015-07-04,185,302,4.020316205671353,4416
2015-07-05,186,302,4.068323697648205,4440
2015-07-06,187,302,3.719937962053584,4464
2015-07-07,188,302,4.020721377909111,4488
2015-07-08,189,302,3.2639623439493985,4512
2015-07-09,190,302,3.147558440782139,4536
2015-07-10,191,302,3.186611925988108,4560
2015-07-11,192,302,3.5453864468484464,4584
2015-07-12,193,302,3.5055056595135765,4608
2015-07-13,194,302,3.4040751676150216,4632
2015-07-14,195,302,3.5407642963173087,4656
2015-07-15,196,302,3.554203995410514,4680
2015-07-16,197,302,3.759489749604752,4704
2015-07-17,198,302,3.765430299351654,4728
2015-07-18,199,302,3.515807886503304,4752
2015-07-19,200,302,3.6281161774961417,4776
2015-07-20,201,302,3.6459594595989855,4800
2015-07-21,202,302,3.8193940372913664,4824
2015-07-22,203,302,3.65545767624884,4848
2015-07-23,204,302,3.3483158847112566,4872
2015-07-24,205,302,3.4502593387117675,4896
2015-07-25,206,302,3.17314753199308,4920
2015-07-26,207,302,2.9971449577516096,4944
2015-07-27,208,302,3.2141475320428934,4968
2015-07-28,209,302,3.13155668989642,4992
2015-07-29,210,302,2.9315198956741595,5016
2015-07-30,211,302,2.96257382755608,5040
2015-07-31,212,302,3.0694533416836194,5064
2015-08-01,213,302,3.0558460106832386,5088
2015-08-02,214,302,3.238465638231064,5112
2015-08-03,215,302,3.4830872158308632,5136
2015-08-04,216,302,3.3749459801739543,5160
2015-08-05,217,302,3.4935174766754886,5184
2015-08-06,218,302,3.8543834669379757,5208
2015-08-07,219,302,3.949293605081417,5232
2015-08-08,220,302,3.8941475769987424,5256
2015-08-09,221,302,3.4723705094762374,5280
2015-08-10,222,302,3.418416542058225,5304
2015-08-11,223,302,3.5149705633681942,5328
2015-08-12,224,302,3.656875234792653,5352
2015-08-13,225,302,3.5994426987479264,5376
2015-08-14,226,302,3.2040677137102422,5400
2015-08-15,227,302,2.988695503403417,5424
2015-08-16,228,302,2.9157150251083253,5448
2015-08-17,229,302,2.9846140028792854,5472
2015-08-18,230,302,2.9785356779503296,5496
2015-08-19,231,302,2.8643893444943465,5520
2015-08-20,232,302,2.9847791086119626,5544
2015-08-21,233,302,3.0711246655014035,5568
2015-08-22,234,302,3.1240939528980487,5592
2015-08-23,235,302,3.0886704079702967,5616
2015-08-24,236,302,3.0175558830125,5640
2015-08-25,237,302,2.975030107534168,5664
2015-08-26,238,302,3.1392200377474664,5688
2015-08-27,239,302,3.42959312029039,5712
2015-08-28,240,302,3.5756851695309013,5736
2015-08-29,241,302,3.5742717932467016,5760
2015-08-30,242,302,3.729612870023505,5784
2015-08-31,243,302,3.6451484471785838,5808
2015-09-01,244,302,3.189521293346208,5832
2015-09-02,245,302,3.0093175602639954,5856
2015-09-03,246,302,2.934014443237738,5880
2015-09-04,247,302,2.9457624786626613,5904
2015-09-05,248,302,2.7732641573412664,5928
2015-09-06,249,302,2.7336320339280564,5952
2015-09-07,250,302,2.7286544155809422,5976
2015-09-08,251,302,2.795295285336868,6000
2015-09-09,252,302,2.828502233064822,6024
2015-09-10,253,302,2.7285959253779,6048
2015-09-11,254,302,2.8611988003813846,6072
2015-09-12,255,302,3.1263084610694496,6096
2015-09-13,256,302,3.068492993573166,6120
2015-09-14,257,302,2.922458083951357,6144
2015-09-15,258,302,2.87367400551126,6168
2015-09-16,259,302,3.0854328152244164,6192
2015-09-17,260,302,2.818549875024553,6216
2015-09-18,261,302,2.756009032047982,6240
2015-09-19,262,302,2.781058734752928,6264
2015-09-20,263,302,2.7928683790374684,6288
2015-09-21,264,302,2.7410555127706604,6312
2015-09-22,265,302,2.8044359626168056,6336
2015-09-23,266,302,2.610429719073568,6360
2015-09-24,267,302,2.6789994306277416,6384
2015-09-25,268,302,2.696232072377841,6408
2015-09-26,269,302,2.743085330525456,6432
2015-09-27,270,302,2.7466367774463047,6456
2015-09-28,271,302,2.6420275677254637,6480
2015-09-29,272,302,2.6348608897476087,6504
2015-09-30,273,302,2.5735848151292355,6528
2015-10-01,274,302,2.5549600620668063,6552
2015-10-02,275,302,2.6766734449140333,6576
2015-10-03,276,302,2.861961761894738,6600
2015-10-04,277,302,2.7557887926883136,6624
2015-10-05,278,302,2.855875515135445,6648
2015-10-06,279,302,2.8961514226578235,6672
2015-10-07,280,302,2.8039064926530326,6696
2015-10-08,281,302,2.7105593503150542,6720
2015-10-09,282,302,2.6841426065350493,6744
2015-10-10,283,302,2.636028886191982,6768
2015-10-11,284,302,2.655647245969839,6792
2015-10-12,285,302,2.6263943257646,6816
2015-10-13,286,302,2.5669696685260286,6840
2015-10-14,287,302,2.461646624596125,6864
2015-10-15,288,302,2.3879808617554565,6888
2015-10-16,289,302,2.379675247250012,6912
2015-10-17,290,302,2.4014830711422106,6936
2015-10-18,291,302,2.462266352078879,6960
2015-10-19,292,302,2.4566926312917223,6984
2015-10-20,293,302,2.40969746343784,7008
2015-10-21,294,302,2.4068705017853924,7032
2015-10-22,295,302,2.4924773604444352,7056
2015-10-23,296,302,2.62715147164287,7080
2015-10-24,297,302,2.6966824543967243,7104
2015-10-25,298,302,2.693731813561858,7128
2015-10-26,299,302,2.5840955662361824,7152
2015-10-27,300,302,2.5532693471506835,7176
2015-10-28,301,302,2.6435980227227223,7200
2015-10-29,302,302,2.6160514105809365,7224
2015-10-30,303,302,2.623961613671676,7248
2015-10-31,304,302,2.578309920359698,7272
2015-11-01,305,302,2.5261285181236968,7296
2015-11-02,306,302,2.459063596405654,7320
2015-11-03,307,302,2.4873865013263883,7344
2015-11-04,308,302,2.6049673675201914,7368
2015-11-05,309,302,2.6223115810894613,7392
2015-11-06,310,302,2.7403969619375257,7416
2015-11-07,311,302,2.8226911520670432,7440
2015-11-08,312,302,2.7827135685929494,7464
2015-11-09,313,302,2.8499032480564974,7488
2015-11-10,314,302,2.702706302349009,7512
2015-11-11,315,302,2.5519781504825367,7536
2015-11-12,316,302,2.4698465983931417,7560
2015-11-13,317,302,2.562791608764169,7584
2015-11-14,318,302,2.603782369238844,7608
2015-11-15,319,302,2.753472380996654,7632
2015-11-16,320,302,2.6885075339839326,7656
2015-11-17,321,302,2.6937154184800574,7680
2015-11-18,322,302,2.808774483408352,7704
2015-11-19,323,302,2.7976453388674742,7728
2015-11-20,324,302,2.7399791920786964,7752
2015-11-21,325,302,2.3150860458607525,7776
2015-11-22,326,302,2.2406992644629824,7800
2015-11-23,327,302,2.1983378537130203,7824
2015-11-24,328,302,2.1677917286269266,7848
2015-11-25,329,302,2.278799126064024,7872
2015-11-26,330,302,2.269112100357731,7896
2015-11-27,331,302,2.2382357482718573,7920
2015-11-28,332,302,2.2417115007769417,7944
2015-11-29,333,302,2.3782490489864423,7968
2015-11-30,334,302,2.5894982456625693,7992
2015-12-01,335,302,2.5340349570142564,8016
2015-12-02,336,302,2.3465671651630093,8040
2015-12-03,337,302,2.2502663028032384,8064
2015-12-04,338,302,2.362402255412931,8088
2015-12-05,339,302,2.3739334561076872,8112
2015-12-06,340,302,2.4046873094482826,8136
2015-12-07,341,302,2.381927130684479,8160
2015-12-08,342,302,2.3389871668390985,8184
2015-12-09,343,302,2.3999650653911053,8208
2015-12-10,344,302,2.240786706553159,8232
2015-12-11,345,302,2.3256629118877385,8256
2015-12-12,346,302,2.3639184558670654,8280
2015-12-13,347,302,2.2774755140968588,8304
2015-12-14,348,302,2.239406059853188,8328
2015-12-15,349,302,2.317218580341276,8352
2015-12-16,350,302,2.5037867875040902,8376
2015-12-17,351,302,2.524980198032312,8400
2015-12-18,352,302,2.5043630718829917,8424
2015-12-19,353,302,2.4556448658235257,8448
2015-12-20,354,302,2.4118527924365742,8472
2015-12-21,355,302,2.5205382866594235,8496
2015-12-22,356,302,2.491746826023015,8520
2015-12-23,357,302,2.50765581489392,8544
2015-12-24,358,302,2.4586242587056537,8568
2015-12-25,359,302,2.48417131070464,8592
2015-12-26,360,302,2.3872418842744247,8616
2015-12-27,361,302,2.3642387875206348,8640
2015-12-28,362,302,2.2616457883035257,8664
2015-12-29,363,302,2.327244294345794,8688
2015-12-30,364,302,2.271013055055275,8712
2015-12-31,365,302,2.359837522833629,8736
2015-01-01,1,303,2.127651859868887,0
2015-01-02,2,303,2.202138286992322,24
2015-01-03,3,303,2.4162903225326784,48
2015-01-04,4,303,2.4141125966337382,72
2015-01-05,5,303,2.2350367394939235,96
2015-01-06,6,303,2.2196370684098263,120
2015-01-07,7,303,2.2934549030413303,144
2015-01-08,8,303,2.4349151601281336,168
2015-01-09,9,303,2.5606945784448643,192
2015-01-10,10,303,2.8536380663918237,216
2015-01-11,11,303,2.448533803537007,240
2015-01-12,12,303,2.35928276214146,264
2015-01-13,13,303,2.478151399819696,288
2015-01-14,14,303,2.499313774460896,312
2015-01-15,15,303,2.4300629408907355,336
2015-01-16,16,303,2.415494704433312,360
2015-01-17,17,303,2.3216911485709337,384
2015-01-18,18,303,2.2205067144386144,408
2015-01-19,19,303,2.259444350299148,432
2015-01-20,20,303,2.2572240495336287,456
2015-01-21,21,303,2.2699954026618974,480
2015-01-22,22,303,2.2684967748233014,504
2015-01-23,23,303,2.2614100771980024,528
2015-01-24,24,303,2.2660275085425434,552
2015-01-25,25,303,2.2635630291887328,576
2015-01-26,26,303,2.2194206817441087,600
2015-01-27,27,303,2.2879331129770306,624
2015-01-28,28,303,2.2998514261060614,648
2015-01-29,29,303,2.3443000845160635,672
2015-01-30,30,303,2.2880530067732767,696
2015-01-31,31,303,2.266989444039376,720
2015-02-01,32,303,2.2553915662540915,744
2015-02-02,33,303,2.255375417762852,768
2015-02-03,34,303,2.203686287986266,792
2015-02-04,35,303,2.1669293317871285,816
2015-02-05,36,303,2.165876449901239,840
2015-02-06,37,303,2.1915865566005515,864
2015-02-07,38,303,2.1395114301578566,888
2015-02-08,39,303,2.1633846067268516,912
2015-02-09,40,303,2.207602790702652,936
2015-02-10,41,303,2.2247832846350013,960
2015-02-11,42,303,2.238756631423336,984
2015-02-12,43,303,2.2294505290107964,1008
2015-02-13,44,303,2.26292133086966,1032
2015-02-14,45,303,2.3683502697769945,1056
2015-02-15,46,303,2.3109984545434292,1080
2015-02-16,47,303,2.2755070012742755,1104
2015-02-17,48,303,2.261720395807116,1128
2015-02-18,49,303,2.2529142579855232,1152
2015-02-19,50,303,2.2721215203257903,1176
2015-02-20,51,303,2.3948580619459365,1200
2015-02-21,52,303,2.338985551365382,1224
2015-02-22,53,303,2.3001698106836947,1248
2015-02-23,54,303,2.3080793331730343,1272
2015-02-24,55,303,2.3901944875934413,1296
2015-02-25,56,303,2.3873136545132128,1320
2015-02-26,57,303,2.3555473480648668,1344
2015-02-27,58,303,2.355221732270858,1368
2015-02-28,59,303,2.3435806921904754,1392
2015-03-01,60,303,2.464298363725536,1416
2015-03-02,61,303,2.5643800707992,1440
2015-03-03,62,303,2.494250048693256,1464
2015-03-04,63,303,2.3868788928539684,1488
2015-03-05,64,303,2.3758683871686395,1512
2015-03-06,65,303,2.3699949333774875,1536
2015-03-07,66,303,2.4085542594581852,1560
2015-03-08,67,303,2.4872154501583603,1584
2015-03-09,68,303,2.5410157332729644,1608
2015-03-10,69,303,2.5619878652275134,1632
2015-03-11,70,303,2.575810181543116,1656
2015-03-12,71,303,2.448279899197665,1680
2015-03-13,72,303,2.4299904352049047,1704
2015-03-14,73,303,2.4171132331439638,1728
2015-03-15,74,303,2.4013340295361543,1752
2015-03-16,75,303,2.4970362684055853,1776
2015-03-17,76,303,2.6067270515564482,1800
2015-03-18,77,303,2.676179833640428,1824
2015-03-19,78,303,2.6554834780816337,1848
2015-03-20,79,303,2.583869070613667,1872
2015-03-21,80,303,2.559051557513547,1896
2015-03-22,81,303,2.464231258077436,1920
2015-03-23,82,303,2.5662659272627453,1944
2015-03-24,83,303,2.6108322482101967,1968
2015-03-25,84,303,2.509536197368726,1992
2015-03-26,85,303,2.468381488384272,2016
2015-03-27,86,303,2.5465092239907507,2040
2015-03-28,87,303,2.5282930749444046,2064
2015-03-29,88,303,2.677990625729377,2088
2015-03-30,89,303,2.7001652351468675,2112
2015-03-31,90,303,2.774066876327044,2136
2015-04-01,91,303,2.48967006325996,2160
2015-04-02,92,303,2.488489433146236,2184
2015-04-03,93,303,2.4748640326291644,2208
2015-04-04,94,303,2.462882604689184,2232
2015-04-05,95,303,2.4144052944192995,2256
2015-04-06,96,303,2.412774487390665,2280
2015-04-07,97,303,2.47208879317114,2304
2015-04-08,98,303,2.571137024943668,2328
2015-04-09,99,303,2.7353482690594637,2352
2015-04-10,100,303,2.896719439532917,2376
2015-04-11,101,303,2.8269740283046985,2400
2015-04-12,102,303,2.859671250940256,2424
2015-04-13,103,303,2.9172929423889684,2448
2015-04-14,104,303,2.9339559078154824,2472
2015-04-15,105,303,3.012247569753886,2496
2015-04-16,106,303,2.9386594742535146,2520
2015-04-17,107,303,2.780814340172351,2544
2015-04-18,108,303,2.643995759471113,2568
2015-04-19,109,303,2.669854191288234,2592
2015-04-20,110,303,2.7579560623861004,2616
2015-04-21,111,303,2.85617151023939,2640
2015-04-22,112,303,2.9069948154117444,2664
2015-04-23,113,303,2.8141237539037616,2688
2015-04-24,114,303,2.8975267462447816,2712
2015-04-25,115,303,2.858567265552082,2736
2015-04-26,116,303,2.9162416423568236,2760
2015-04-27,117,303,2.9127914383666424,2784
2015-04-28,118,303,2.5956279881031366,2808
2015-04-29,119,303,2.6594913465250403,2832
2015-04-30,120,303,2.76897303009108,2856
2015-05-01,121,303,2.7445448706004023,2880
2015-05-02,122,303,2.8545016086628343,2904
2015-05-03,123,303,2.9580157169615267,2928
2015-05-04,124,303,3.0955261266212863,2952
2015-05-05,125,303,3.0862251167451795,2976
2015-05-06,126,303,2.9347590567637365,3000
2015-05-07,127,303,2.871028854092218,3024
2015-05-08,128,303,2.9338774742725984,3048
2015-05-09,129,303,2.994443358917493,3072
2015-05-10,130,303,3.0258662284367754,3096
2015-05-11,131,303,3.1652995456377213,3120
2015-05-12,132,303,3.43036973015116,3144
2015-05-13,133,303,3.4504182663971585,3168
2015-05-14,134,303,3.173233444150728,3192
2015-05-15,135,303,2.6126710341298924,3216
2015-05-16,136,303,2.8916116662266087,3240
2015-05-17,137,303,3.0065889531668843,3264
2015-05-18,138,303,3.0685318359330642,3288
2015-05-19,139,303,2.8663839160529188,3312
2015-05-20,140,303,2.664818547684729,3336
2015-05-21,141,303,2.6721046786043954,3360
2015-05-22,142,303,2.782094146810687,3384
2015-05-23,143,303,2.872458280902074,3408
2015-05-24,144,303,2.9722000967622906,3432
2015-05-25,145,303,2.9518904144111637,3456
2015-05-26,146,303,2.8232751392630964,3480
2015-05-27,147,303,2.815969938831198,3504
2015-05-28,148,303,2.939740462111163,3528
2015-05-29,149,303,3.1495469015056954,3552
2015-05-30,150,303,3.0582974830327005,3576
2015-05-31,151,303,3.1169227199211056,3600
2015-06-01,152,303,3.1766768713625435,3624
2015-06-02,153,303,3.317314473613786,3648
2015-06-03,154,303,3.4469526002602904,3672
2015-06-04,155,303,3.4871224266012115,3696
2015-06-05,156,303,3.6942888357680936,3720
2015-06-06,157,303,3.6707573697415214,3744
2015-06-07,158,303,3.479780223606164,3768
2015-06-08,159,303,3.140197666262184,3792
2015-06-09,160,303,2.9868459235635663,3816
2015-06-10,161,303,3.090546843906949,3840
2015-06-11,162,303,3.340458567072286,3864
2015-06-12,163,303,3.3323022376924127,3888
2015-06-13,164,303,3.3501347118056204,3912
2015-06-14,165,303,3.2355543082931124,3936
2015-06-15,166,303,3.098761301768078,3960
2015-06-16,167,303,3.080079254308421,3984
2015-06-17,168,303,3.098272977076115,4008
2015-06-18,169,303,3.0545275501083053,4032
2015-06-19,170,303,3.0955924958143632,4056
2015-06-20,171,303,2.9290506553558653,4080
2015-06-21,172,303,3.0168959046580937,4104
2015-06-22,173,303,3.1860097334119466,4128
2015-06-23,174,303,2.977023374426583,4152
2015-06-24,175,303,3.0286430466701013,4176
2015-06-25,176,303,3.1880758016909843,4200
2015-06-26,177,303,3.3302682511082704,4224
2015-06-27,178,303,3.4067867960769096,4248
2015-06-28,179,303,3.3873631303282816,4272
2015-06-29,180,303,3.4618194026451024,4296
2015-06-30,181,303,3.6308083045994617,4320
2015-07-01,182,303,3.852952628187942,4344
2015-07-02,183,303,4.070132090323028,4368
2015-07-03,184,303,4.172251157851112,4392
2015-07-04,185,303,4.203054005719417,4416
2015-07-05,186,303,4.2323917107137135,4440
2015-07-06,187,303,3.883009156450319,4464
2015-07-07,188,303,4.1278957606388165,4488
2015-07-08,189,303,3.4339824266506813,4512
2015-07-09,190,303,3.310022180287909,4536
2015-07-10,191,303,3.3132471153858867,4560
2015-07-11,192,303,3.7051113412599177,4584
2015-07-12,193,303,3.6257105602799,4608
2015-07-13,194,303,3.583067986934517,4632
2015-07-14,195,303,3.660934955920328,4656
2015-07-15,196,303,3.7010941336967926,4680
2015-07-16,197,303,3.9052714744927446,4704
2015-07-17,198,303,4.031061749968882,4728
2015-07-18,199,303,3.682291525594888,4752
2015-07-19,200,303,3.8022301052378737,4776
2015-07-20,201,303,3.832863303999519,4800
2015-07-21,202,303,3.993387398978087,4824
2015-07-22,203,303,3.8075352331244985,4848
2015-07-23,204,303,3.5337366555482546,4872
2015-07-24,205,303,3.643240234895976,4896
2015-07-25,206,303,3.3392399974792486,4920
2015-07-26,207,303,3.1062046114428843,4944
2015-07-27,208,303,3.3339187751934625,4968
2015-07-28,209,303,3.2763729504089025,4992
2015-07-29,210,303,3.0304335072639152,5016
2015-07-30,211,303,3.0847571704233765,5040
2015-07-31,212,303,3.1349972294033024,5064
2015-08-01,213,303,3.0875804558217474,5088
2015-08-02,214,303,3.358396186392111,5112
2015-08-03,215,303,3.641153859846291,5136
2015-08-04,216,303,3.448684136553995,5160
2015-08-05,217,303,3.6250212390943073,5184
2015-08-06,218,303,3.9803602846891297,5208
2015-08-07,219,303,4.117943844748028,5232
2015-08-08,220,303,3.8735067969757813,5256
2015-08-09,221,303,3.47622869775124,5280
2015-08-10,222,303,3.438117658961147,5304
2015-08-11,223,303,3.6288307896625054,5328
2015-08-12,224,303,3.7804250981006624,5352
2015-08-13,225,303,3.6484428206643513,5376
2015-08-14,226,303,3.279531383279246,5400
2015-08-15,227,303,3.096272578772758,5424
2015-08-16,228,303,3.0008692332990785,5448
2015-08-17,229,303,3.109926042828839,5472
2015-08-18,230,303,3.0818674544066,5496
2015-08-19,231,303,3.0146300083215647,5520
2015-08-20,232,303,3.128902419427685,5544
2015-08-21,233,303,3.242127578439076,5568
2015-08-22,234,303,3.280964989443183,5592
2015-08-23,235,303,3.1353100624232426,5616
2015-08-24,236,303,3.0747115226286,5640
2015-08-25,237,303,3.079373815693739,5664
2015-08-26,238,303,3.2449670894086027,5688
2015-08-27,239,303,3.5583466281160594,5712
2015-08-28,240,303,3.669710430566732,5736
2015-08-29,241,303,3.6747240928775824,5760
2015-08-30,242,303,3.789379456869927,5784
2015-08-31,243,303,3.7363333715828175,5808
2015-09-01,244,303,3.2951339122338803,5832
2015-09-02,245,303,3.13911948931478,5856
2015-09-03,246,303,3.0838323032082515,5880
2015-09-04,247,303,3.026084411737924,5904
2015-09-05,248,303,2.9009891828368204,5928
2015-09-06,249,303,2.8467210245788945,5952
2015-09-07,250,303,2.8221649010419307,5976
2015-09-08,251,303,2.8966802440274684,6000
2015-09-09,252,303,2.9590103173201383,6024
2015-09-10,253,303,2.9060377456706283,6048
2015-09-11,254,303,2.9969752910608367,6072
2015-09-12,255,303,3.171227237511964,6096
2015-09-13,256,303,3.1740656716014883,6120
2015-09-14,257,303,2.9972333332006644,6144
2015-09-15,258,303,2.948386063246172,6168
2015-09-16,259,303,3.1083118435914554,6192
2015-09-17,260,303,2.922818870110819,6216
2015-09-18,261,303,2.8772519123966296,6240
2015-09-19,262,303,2.8567080608078896,6264
2015-09-20,263,303,2.898817054262201,6288
2015-09-21,264,303,2.8442243800131624,6312
2015-09-22,265,303,2.8498817639478244,6336
2015-09-23,266,303,2.7080920804003177,6360
2015-09-24,267,303,2.801347370738537,6384
2015-09-25,268,303,2.8198531498204646,6408
2015-09-26,269,303,2.8270931342008754,6432
2015-09-27,270,303,2.845115667224487,6456
2015-09-28,271,303,2.758856072873355,6480
2015-09-29,272,303,2.756094912472704,6504
2015-09-30,273,303,2.707391057791392,6528
2015-10-01,274,303,2.6476725792983125,6552
2015-10-02,275,303,2.7256090553533445,6576
2015-10-03,276,303,2.900580097473212,6600
2015-10-04,277,303,2.8516479447745184,6624
2015-10-05,278,303,2.92710765655576,6648
2015-10-06,279,303,2.9635425068969306,6672
2015-10-07,280,303,2.8743132307616217,6696
2015-10-08,281,303,2.7897816676540614,6720
2015-10-09,282,303,2.7747096712514474,6744
2015-10-10,283,303,2.7374340859373616,6768
2015-10-11,284,303,2.7488362908938746,6792
2015-10-12,285,303,2.69814747065881,6816
2015-10-13,286,303,2.6333059004465,6840
2015-10-14,287,303,2.5036930444563894,6864
2015-10-15,288,303,2.4417674435808503,6888
2015-10-16,289,303,2.4656947470659882,6912
2015-10-17,290,303,2.4598175539321803,6936
2015-10-18,291,303,2.538633018746576,6960
2015-10-19,292,303,2.539622367609043,6984
2015-10-20,293,303,2.4948527886709204,7008
2015-10-21,294,303,2.523813989006145,7032
2015-10-22,295,303,2.5854163634180947,7056
2015-10-23,296,303,2.710824412669806,7080
2015-10-24,297,303,2.730382967182715,7104
2015-10-25,298,303,2.7653055575777756,7128
2015-10-26,299,303,2.690783496681364,7152
2015-10-27,300,303,2.6386588645875784,7176
2015-10-28,301,303,2.687075783185698,7200
2015-10-29,302,303,2.7085568805546973,7224
2015-10-30,303,303,2.701741866977573,7248
2015-10-31,304,303,2.6655975842557327,7272
2015-11-01,305,303,2.5767097982654947,7296
2015-11-02,306,303,2.564849977627455,7320
2015-11-03,307,303,2.5346649770161105,7344
2015-11-04,308,303,2.6448300061695065,7368
2015-11-05,309,303,2.702013558615175,7392
2015-11-06,310,303,2.7931800653372982,7416
2015-11-07,311,303,2.8873918858332366,7440
2015-11-08,312,303,2.8296672708370054,7464
2015-11-09,313,303,2.8122000554695554,7488
2015-11-10,314,303,2.712943379133516,7512
2015-11-11,315,303,2.550781859832563,7536
2015-11-12,316,303,2.534025263590164,7560
2015-11-13,317,303,2.6186482159189985,7584
2015-11-14,318,303,2.651536824751974,7608
2015-11-15,319,303,2.714442530011583,7632
2015-11-16,320,303,2.6310280033899094,7656
2015-11-17,321,303,2.7843199186813896,7680
2015-11-18,322,303,2.84390975683002,7704
2015-11-19,323,303,2.8828415008549815,7728
2015-11-20,324,303,2.798227467236825,7752
2015-11-21,325,303,2.395148762266078,7776
2015-11-22,326,303,2.31408065800632,7800
2015-11-23,327,303,2.2624699807797706,7824
2015-11-24,328,303,2.2301283676092982,7848
2015-11-25,329,303,2.312321981386768,7872
2015-11-26,330,303,2.34673899176821,7896
2015-11-27,331,303,2.279666431725579,7920
2015-11-28,332,303,2.292394848729196,7944
2015-11-29,333,303,2.466815398202074,7968
2015-11-30,334,303,2.640031821678784,7992
2015-12-01,335,303,2.607792689670448,8016
2015-12-02,336,303,2.4168075204909605,8040
2015-12-03,337,303,2.3027350913850966,8064
2015-12-04,338,303,2.352897793175132,8088
2015-12-05,339,303,2.4173675398474086,8112
2015-12-06,340,303,2.4483262628671385,8136
2015-12-07,341,303,2.437555312471561,8160
2015-12-08,342,303,2.3747637622259576,8184
2015-12-09,343,303,2.4580533696395825,8208
2015-12-10,344,303,2.3039507213835773,8232
2015-12-11,345,303,2.3566602685239872,8256
2015-12-12,346,303,2.411978686214101,8280
2015-12-13,347,303,2.3390079306334,8304
2015-12-14,348,303,2.290861727517802,8328
2015-12-15,349,303,2.321499587989122,8352
2015-12-16,350,303,2.4983349680119376,8376
2015-12-17,351,303,2.560130229342122,8400
2015-12-18,352,303,2.4912994744998933,8424
2015-12-19,353,303,2.462551874334252,8448
2015-12-20,354,303,2.4431965643925406,8472
2015-12-21,355,303,2.540008801079945,8496
2015-12-22,356,303,2.508773895895023,8520
2015-12-23,357,303,2.510901428431356,8544
2015-12-24,358,303,2.5331298852986817,8568
2015-12-25,359,303,2.5071872866153337,8592
2015-12-26,360,303,2.4097552418544828,8616
2015-12-27,361,303,2.359823539206853,8640
2015-12-28,362,303,2.32675806477908,8664
2015-12-29,363,303,2.3131152626442044,8688
2015-12-30,364,303,2.3490406374073296,8712
2015-12-31,365,303,2.4012204766291534,8736
2015-01-01,1,304,2.0796959214667843,0
2015-01-02,2,304,2.196308655066373,24
2015-01-03,3,304,2.385673177029126,48
2015-01-04,4,304,2.3586937050307166,72
2015-01-05,5,304,2.182721982143844,96
2015-01-06,6,304,2.172089349914774,120
2015-01-07,7,304,2.2489861800009363,144
2015-01-08,8,304,2.3927878796236928,168
2015-01-09,9,304,2.5409106042774563,192
2015-01-10,10,304,2.8381051657095284,216
2015-01-11,11,304,2.412270835042268,240
2015-01-12,12,304,2.321134096723002,264
2015-01-13,13,304,2.4185848173772984,288
2015-01-14,14,304,2.455768074719681,312
2015-01-15,15,304,2.375709145931208,336
2015-01-16,16,304,2.3935369667807382,360
2015-01-17,17,304,2.255238188437408,384
2015-01-18,18,304,2.1995054602775355,408
2015-01-19,19,304,2.21657141100468,432
2015-01-20,20,304,2.241134009768976,456
2015-01-21,21,304,2.2323568338329647,480
2015-01-22,22,304,2.224712967438105,504
2015-01-23,23,304,2.2205344133283504,528
2015-01-24,24,304,2.230290906128072,552
2015-01-25,25,304,2.1926243824251235,576
2015-01-26,26,304,2.161054635081766,600
2015-01-27,27,304,2.252425939894493,624
2015-01-28,28,304,2.234062157029414,648
2015-01-29,29,304,2.2860508075345582,672
2015-01-30,30,304,2.2432176840176847,696
2015-01-31,31,304,2.2387765178708925,720
2015-02-01,32,304,2.2170244697017893,744
2015-02-02,33,304,2.217755913252926,768
2015-02-03,34,304,2.1372628201602315,792
2015-02-04,35,304,2.1230012892922847,816
2015-02-05,36,304,2.120877608486605,840
2015-02-06,37,304,2.134446171623644,864
2015-02-07,38,304,2.080475964905109,888
2015-02-08,39,304,2.092964859019878,912
2015-02-09,40,304,2.1200661618849725,936
2015-02-10,41,304,2.1537949292257417,960
2015-02-11,42,304,2.1518976111919352,984
2015-02-12,43,304,2.15342296885903,1008
2015-02-13,44,304,2.193241731330132,1032
2015-02-14,45,304,2.2731288991499112,1056
2015-02-15,46,304,2.227181589762274,1080
2015-02-16,47,304,2.1963130439395537,1104
2015-02-17,48,304,2.2052541624812148,1128
2015-02-18,49,304,2.194751360199087,1152
2015-02-19,50,304,2.2401222674203423,1176
2015-02-20,51,304,2.324180656465664,1200
2015-02-21,52,304,2.2832183252051874,1224
2015-02-22,53,304,2.24661852271971,1248
2015-02-23,54,304,2.2535194375366845,1272
2015-02-24,55,304,2.3283779510532394,1296
2015-02-25,56,304,2.3146344236276315,1320
2015-02-26,57,304,2.278184328165983,1344
2015-02-27,58,304,2.2950023005580418,1368
2015-02-28,59,304,2.2954236539150927,1392
2015-03-01,60,304,2.398611819326944,1416
2015-03-02,61,304,2.5030813264279064,1440
2015-03-03,62,304,2.4455871680774903,1464
2015-03-04,63,304,2.332247332371157,1488
2015-03-05,64,304,2.2920374156899226,1512
2015-03-06,65,304,2.289554247469621,1536
2015-03-07,66,304,2.3345184715561524,1560
2015-03-08,67,304,2.4296588366208143,1584
2015-03-09,68,304,2.5060734274868883,1608
2015-03-10,69,304,2.5321208930249637,1632
2015-03-11,70,304,2.5312143753186627,1656
2015-03-12,71,304,2.38665105259554,1680
2015-03-13,72,304,2.363112444393772,1704
2015-03-14,73,304,2.3437620861356248,1728
2015-03-15,74,304,2.3568675329462305,1752
2015-03-16,75,304,2.501865352552312,1776
2015-03-17,76,304,2.605137950546446,1800
2015-03-18,77,304,2.673537352469708,1824
2015-03-19,78,304,2.6325072374556937,1848
2015-03-20,79,304,2.552945073113523,1872
2015-03-21,80,304,2.4932007001938863,1896
2015-03-22,81,304,2.390695264580012,1920
2015-03-23,82,304,2.5082256483562246,1944
2015-03-24,83,304,2.583154374938953,1968
2015-03-25,84,304,2.5090987366043973,1992
2015-03-26,85,304,2.4255940377883065,2016
2015-03-27,86,304,2.4914981918542543,2040
2015-03-28,87,304,2.5003148197933345,2064
2015-03-29,88,304,2.6293901526658368,2088
2015-03-30,89,304,2.6428396922270294,2112
2015-03-31,90,304,2.718422716933492,2136
2015-04-01,91,304,2.4169684548358825,2160
2015-04-02,92,304,2.425579228812372,2184
2015-04-03,93,304,2.409181561113158,2208
2015-04-04,94,304,2.41240584126756,2232
2015-04-05,95,304,2.3420664382481395,2256
2015-04-06,96,304,2.334608762928931,2280
2015-04-07,97,304,2.385134128113141,2304
2015-04-08,98,304,2.5083766558344345,2328
2015-04-09,99,304,2.6736418885441107,2352
2015-04-10,100,304,2.8422152421561937,2376
2015-04-11,101,304,2.789876155003337,2400
2015-04-12,102,304,2.812195061567551,2424
2015-04-13,103,304,2.8561230336607686,2448
2015-04-14,104,304,2.8397720892829614,2472
2015-04-15,105,304,2.912290483084032,2496
2015-04-16,106,304,2.8971030347526066,2520
2015-04-17,107,304,2.752164984892685,2544
2015-04-18,108,304,2.5599770166216365,2568
2015-04-19,109,304,2.599061855466256,2592
2015-04-20,110,304,2.689943171389336,2616
2015-04-21,111,304,2.7969795252644913,2640
2015-04-22,112,304,2.8791142613874827,2664
2015-04-23,113,304,2.726082090772876,2688
2015-04-24,114,304,2.8084964591730106,2712
2015-04-25,115,304,2.8331467914410133,2736
2015-04-26,116,304,2.8960645530906386,2760
2015-04-27,117,304,2.9132879353292065,2784
2015-04-28,118,304,2.527241001434179,2808
2015-04-29,119,304,2.5871589893741,2832
2015-04-30,120,304,2.7380878194695413,2856
2015-05-01,121,304,2.716109518556985,2880
2015-05-02,122,304,2.8391875478382893,2904
2015-05-03,123,304,2.9268847956610404,2928
2015-05-04,124,304,3.0425562624437537,2952
2015-05-05,125,304,3.05446886560768,2976
2015-05-06,126,304,2.861007148053836,3000
2015-05-07,127,304,2.8278927754583867,3024
2015-05-08,128,304,2.8982795864903217,3048
2015-05-09,129,304,2.9449439981057384,3072
2015-05-10,130,304,2.9605881668026663,3096
2015-05-11,131,304,3.0957267754045423,3120
2015-05-12,132,304,3.3505762758631983,3144
2015-05-13,133,304,3.4121659091706467,3168
2015-05-14,134,304,3.1530712880191345,3192
2015-05-15,135,304,2.555948596245951,3216
2015-05-16,136,304,2.8148757932024338,3240
2015-05-17,137,304,2.9510361075836444,3264
2015-05-18,138,304,3.0366075431926927,3288
2015-05-19,139,304,2.7920945268422366,3312
2015-05-20,140,304,2.578498476085976,3336
2015-05-21,141,304,2.555434600123949,3360
2015-05-22,142,304,2.7043367307150747,3384
2015-05-23,143,304,2.7777366227026574,3408
2015-05-24,144,304,2.9155599793957743,3432
2015-05-25,145,304,2.8756114108726307,3456
2015-05-26,146,304,2.7136479932371875,3480
2015-05-27,147,304,2.717345385652485,3504
2015-05-28,148,304,2.880954314457173,3528
2015-05-29,149,304,3.0977450080476334,3552
2015-05-30,150,304,3.003929732441529,3576
2015-05-31,151,304,3.076921215329709,3600
2015-06-01,152,304,3.1526375945688168,3624
2015-06-02,153,304,3.2597334265005053,3648
2015-06-03,154,304,3.3884176387947136,3672
2015-06-04,155,304,3.4383906434067404,3696
2015-06-05,156,304,3.640582893324119,3720
2015-06-06,157,304,3.580887059861967,3744
2015-06-07,158,304,3.4566023736282023,3768
2015-06-08,159,304,3.134312946310758,3792
2015-06-09,160,304,2.879003864848085,3816
2015-06-10,161,304,2.9860695277291947,3840
2015-06-11,162,304,3.2465412710985007,3864
2015-06-12,163,304,3.34737007525392,3888
2015-06-13,164,304,3.347259357420901,3912
2015-06-14,165,304,3.1792167790372896,3936
2015-06-15,166,304,3.022341340558518,3960
2015-06-16,167,304,3.0371735861015483,3984
2015-06-17,168,304,3.0458556066958566,4008
2015-06-18,169,304,2.979809493289708,4032
2015-06-19,170,304,3.0150234060806285,4056
2015-06-20,171,304,2.8622278836718236,4080
2015-06-21,172,304,2.9135008130518263,4104
2015-06-22,173,304,3.1091117849688796,4128
2015-06-23,174,304,2.8816561525987323,4152
2015-06-24,175,304,2.948760169684605,4176
2015-06-25,176,304,3.1088359534305336,4200
2015-06-26,177,304,3.251776722210621,4224
2015-06-27,178,304,3.3124451879076817,4248
2015-06-28,179,304,3.3148550545324142,4272
2015-06-29,180,304,3.3546652713289986,4296
2015-06-30,181,304,3.5317986056071105,4320
2015-07-01,182,304,3.7046075758174974,4344
2015-07-02,183,304,3.913307428900609,4368
2015-07-03,184,304,4.022004931528603,4392
2015-07-04,185,304,4.05148034104496,4416
2015-07-05,186,304,4.113788434060702,4440
2015-07-06,187,304,3.7861788175546383,4464
2015-07-07,188,304,4.071933501200252,4488
2015-07-08,189,304,3.3272481252680794,4512
2015-07-09,190,304,3.20663436866604,4536
2015-07-10,191,304,3.2328864294993216,4560
2015-07-11,192,304,3.5692488883458906,4584
2015-07-12,193,304,3.5457828097230384,4608
2015-07-13,194,304,3.4627830415512992,4632
2015-07-14,195,304,3.585783758997621,4656
2015-07-15,196,304,3.6045127279889035,4680
2015-07-16,197,304,3.792765387957768,4704
2015-07-17,198,304,3.799092470181389,4728
2015-07-18,199,304,3.54610985927011,4752
2015-07-19,200,304,3.6875610203607034,4776
2015-07-20,201,304,3.719163708810546,4800
2015-07-21,202,304,3.8774209971761935,4824
2015-07-22,203,304,3.705748642289522,4848
2015-07-23,204,304,3.410303053485715,4872
2015-07-24,205,304,3.5123569946909337,4896
2015-07-25,206,304,3.221292538814572,4920
2015-07-26,207,304,3.0365705150554394,4944
2015-07-27,208,304,3.259020189912516,4968
2015-07-28,209,304,3.1847865099002037,4992
2015-07-29,210,304,2.960783356486436,5016
2015-07-30,211,304,3.0080657001352726,5040
2015-07-31,212,304,3.104830839334752,5064
2015-08-01,213,304,3.0750215891622563,5088
2015-08-02,214,304,3.2858590276227058,5112
2015-08-03,215,304,3.515081122104783,5136
2015-08-04,216,304,3.3938185454428123,5160
2015-08-05,217,304,3.5427928321168825,5184
2015-08-06,218,304,3.864135921093976,5208
2015-08-07,219,304,3.978244372197839,5232
2015-08-08,220,304,3.952140368474177,5256
2015-08-09,221,304,3.5204807179043134,5280
2015-08-10,222,304,3.4634818490591317,5304
2015-08-11,223,304,3.5766073370204365,5328
2015-08-12,224,304,3.704264789427072,5352
2015-08-13,225,304,3.6400606032115768,5376
2015-08-14,226,304,3.2347105646271777,5400
2015-08-15,227,304,3.0295985495382425,5424
2015-08-16,228,304,2.9529747398258643,5448
2015-08-17,229,304,3.027178120873696,5472
2015-08-18,230,304,3.0214678313218366,5496
2015-08-19,231,304,2.90847686131871,5520
2015-08-20,232,304,3.021107159210662,5544
2015-08-21,233,304,3.1125695118014622,5568
2015-08-22,234,304,3.1634476062801498,5592
2015-08-23,235,304,3.105627357906457,5616
2015-08-24,236,304,3.042154148772967,5640
2015-08-25,237,304,3.013569650111957,5664
2015-08-26,238,304,3.1534378794059563,5688
2015-08-27,239,304,3.4541796217578256,5712
2015-08-28,240,304,3.616021919998485,5736
2015-08-29,241,304,3.6142126712970217,5760
2015-08-30,242,304,3.744604472158053,5784
2015-08-31,243,304,3.666729049984218,5808
2015-09-01,244,304,3.2104163832046613,5832
2015-09-02,245,304,3.0640115690733523,5856
2015-09-03,246,304,2.97998894971438,5880
2015-09-04,247,304,2.985190517454309,5904
2015-09-05,248,304,2.8215975696106548,5928
2015-09-06,249,304,2.7762505442025174,5952
2015-09-07,250,304,2.7568006565731347,5976
2015-09-08,251,304,2.830354192704733,6000
2015-09-09,252,304,2.8663977078081477,6024
2015-09-10,253,304,2.7691347018811343,6048
2015-09-11,254,304,2.8861190085139783,6072
2015-09-12,255,304,3.1475814530055177,6096
2015-09-13,256,304,3.099073743474588,6120
2015-09-14,257,304,2.960963193755284,6144
2015-09-15,258,304,2.909079646172352,6168
2015-09-16,259,304,3.0524481072736465,6192
2015-09-17,260,304,2.8329095164069944,6216
2015-09-18,261,304,2.7838670468864115,6240
2015-09-19,262,304,2.8045344679294284,6264
2015-09-20,263,304,2.828969440622132,6288
2015-09-21,264,304,2.768771871046194,6312
2015-09-22,265,304,2.8238580443685786,6336
2015-09-23,266,304,2.643983100216381,6360
2015-09-24,267,304,2.7093783531627884,6384
2015-09-25,268,304,2.715736474478883,6408
2015-09-26,269,304,2.772169476654622,6432
2015-09-27,270,304,2.7927811951499324,6456
2015-09-28,271,304,2.6807197070663578,6480
2015-09-29,272,304,2.679611871584914,6504
2015-09-30,273,304,2.6106223480780315,6528
2015-10-01,274,304,2.5815036509769334,6552
2015-10-02,275,304,2.694449747189069,6576
2015-10-03,276,304,2.8826743290249373,6600
2015-10-04,277,304,2.7884663270533183,6624
2015-10-05,278,304,2.8783889702881624,6648
2015-10-06,279,304,2.9015452400904413,6672
2015-10-07,280,304,2.8395482650025485,6696
2015-10-08,281,304,2.7441122316792166,6720
2015-10-09,282,304,2.7111369745889657,6744
2015-10-10,283,304,2.668322605279075,6768
2015-10-11,284,304,2.6953337249629246,6792
2015-10-12,285,304,2.6594414339176318,6816
2015-10-13,286,304,2.5815865258963115,6840
2015-10-14,287,304,2.486858076339626,6864
2015-10-15,288,304,2.4142986845012326,6888
2015-10-16,289,304,2.4024977338822757,6912
2015-10-17,290,304,2.412222181825608,6936
2015-10-18,291,304,2.480118096414884,6960
2015-10-19,292,304,2.4820220810167832,6984
2015-10-20,293,304,2.434351122405996,7008
2015-10-21,294,304,2.4303306328441034,7032
2015-10-22,295,304,2.511939290518421,7056
2015-10-23,296,304,2.6550221119820487,7080
2015-10-24,297,304,2.7093664559698127,7104
2015-10-25,298,304,2.7064895058763563,7128
2015-10-26,299,304,2.622632983697001,7152
2015-10-27,300,304,2.5843177751375634,7176
2015-10-28,301,304,2.6630919119921117,7200
2015-10-29,302,304,2.646173489953638,7224
2015-10-30,303,304,2.6533927958959285,7248
2015-10-31,304,304,2.6114367212607466,7272
2015-11-01,305,304,2.5494531465839434,7296
2015-11-02,306,304,2.4832845156368064,7320
2015-11-03,307,304,2.478334725168713,7344
2015-11-04,308,304,2.575058841385149,7368
2015-11-05,309,304,2.6138941653541434,7392
2015-11-06,310,304,2.7315996446415296,7416
2015-11-07,311,304,2.823044201292216,7440
2015-11-08,312,304,2.7629732036163017,7464
2015-11-09,313,304,2.828351528643862,7488
2015-11-10,314,304,2.6968931427817733,7512
2015-11-11,315,304,2.5339485611465133,7536
2015-11-12,316,304,2.4671300239232288,7560
2015-11-13,317,304,2.564359650223896,7584
2015-11-14,318,304,2.6218388961854706,7608
2015-11-15,319,304,2.750636594809301,7632
2015-11-16,320,304,2.6489908513370928,7656
2015-11-17,321,304,2.7106771165680708,7680
2015-11-18,322,304,2.834629268162128,7704
2015-11-19,323,304,2.8290130307108727,7728
2015-11-20,324,304,2.7632023864084148,7752
2015-11-21,325,304,2.3405269330665086,7776
2015-11-22,326,304,2.266063719152548,7800
2015-11-23,327,304,2.2205663452727,7824
2015-11-24,328,304,2.1856698878680527,7848
2015-11-25,329,304,2.292593140291648,7872
2015-11-26,330,304,2.293108151750808,7896
2015-11-27,331,304,2.2613570038501143,7920
2015-11-28,332,304,2.2605218047565767,7944
2015-11-29,333,304,2.3985679428675506,7968
2015-11-30,334,304,2.61636103834981,7992
2015-12-01,335,304,2.5596355858704847,8016
2015-12-02,336,304,2.3429993028277325,8040
2015-12-03,337,304,2.2479557323071613,8064
2015-12-04,338,304,2.3361771418900483,8088
2015-12-05,339,304,2.3665635388598254,8112
2015-12-06,340,304,2.388195144841152,8136
2015-12-07,341,304,2.3493718614600763,8160
2015-12-08,342,304,2.308539212284003,8184
2015-12-09,343,304,2.400051520895116,8208
2015-12-10,344,304,2.256315429500669,8232
2015-12-11,345,304,2.306160636733333,8256
2015-12-12,346,304,2.3701590114382127,8280
2015-12-13,347,304,2.2725627486008406,8304
2015-12-14,348,304,2.2096539990369988,8328
2015-12-15,349,304,2.2733346883375782,8352
2015-12-16,350,304,2.492067559919533,8376
2015-12-17,351,304,2.5176176208042325,8400
2015-12-18,352,304,2.478542871159118,8424
2015-12-19,353,304,2.4212251012913737,8448
2015-12-20,354,304,2.3712882010284115,8472
2015-12-21,355,304,2.516507483080781,8496
2015-12-22,356,304,2.4842686063596413,8520
2015-12-23,357,304,2.5043912213945285,8544
2015-12-24,358,304,2.451848073038476,8568
2015-12-25,359,304,2.4609152812530906,8592
2015-12-26,360,304,2.362234656353983,8616
2015-12-27,361,304,2.316063695040443,8640
2015-12-28,362,304,2.2189398619013523,8664
2015-12-29,363,304,2.282924166643192,8688
2015-12-30,364,304,2.278461931572785,8712
2015-12-31,365,304,2.360329269681167,8736
2015-01-01,1,305,2.115673762892896,0
2015-01-02,2,305,2.2159295783059787,24
2015-01-03,3,305,2.3981046997044606,48
2015-01-04,4,305,2.4045289566580954,72
2015-01-05,5,305,2.2258326495863563,96
2015-01-06,6,305,2.2085554108866816,120
2015-01-07,7,305,2.2694570782714942,144
2015-01-08,8,305,2.3961992791893865,168
2015-01-09,9,305,2.5299328584836744,192
2015-01-10,10,305,2.8244402314266,216
2015-01-11,11,305,2.434293359593942,240
2015-01-12,12,305,2.343501924971472,264
2015-01-13,13,305,2.4381529859097664,288
2015-01-14,14,305,2.459781065560735,312
2015-01-15,15,305,2.400122651778791,336
2015-01-16,16,305,2.4089713377791395,360
2015-01-17,17,305,2.288904279440696,384
2015-01-18,18,305,2.220074068445357,408
2015-01-19,19,305,2.237272867904375,432
2015-01-20,20,305,2.256037050185018,456
2015-01-21,21,305,2.2436934570231735,480
2015-01-22,22,305,2.2416415718308387,504
2015-01-23,23,305,2.2483455529338245,528
2015-01-24,24,305,2.2597828980705152,552
2015-01-25,25,305,2.237190618188034,576
2015-01-26,26,305,2.189129217406176,600
2015-01-27,27,305,2.2723146982475777,624
2015-01-28,28,305,2.2607158836213017,648
2015-01-29,29,305,2.300843218606098,672
2015-01-30,30,305,2.2604264493172392,696
2015-01-31,31,305,2.2472395076979046,720
2015-02-01,32,305,2.2318127017990363,744
2015-02-02,33,305,2.235054860645429,768
2015-02-03,34,305,2.1635118104555167,792
2015-02-04,35,305,2.1521250642141214,816
2015-02-05,36,305,2.1464483692302467,840
2015-02-06,37,305,2.1627869865360903,864
2015-02-07,38,305,2.1196847148420663,888
2015-02-08,39,305,2.14568898941026,912
2015-02-09,40,305,2.1787371405042157,936
2015-02-10,41,305,2.2004300097390668,960
2015-02-11,42,305,2.198245124279794,984
2015-02-12,43,305,2.196884271636265,1008
2015-02-13,44,305,2.234116563407396,1032
2015-02-14,45,305,2.3044315346328283,1056
2015-02-15,46,305,2.24939497399624,1080
2015-02-16,47,305,2.234067933331442,1104
2015-02-17,48,305,2.2409414130855785,1128
2015-02-18,49,305,2.230102103114981,1152
2015-02-19,50,305,2.2599687647168207,1176
2015-02-20,51,305,2.354468840506326,1200
2015-02-21,52,305,2.301092455405814,1224
2015-02-22,53,305,2.2683648524183657,1248
2015-02-23,54,305,2.276056749763576,1272
2015-02-24,55,305,2.3571041687972905,1296
2015-02-25,56,305,2.3573691548591404,1320
2015-02-26,57,305,2.3065116311750247,1344
2015-02-27,58,305,2.323641301984156,1368
2015-02-28,59,305,2.3278244043702814,1392
2015-03-01,60,305,2.4191918208035768,1416
2015-03-02,61,305,2.5211601538994137,1440
2015-03-03,62,305,2.471280095374713,1464
2015-03-04,63,305,2.3616055695639724,1488
2015-03-05,64,305,2.3364058980321003,1512
2015-03-06,65,305,2.3299880449773243,1536
2015-03-07,66,305,2.36250031812584,1560
2015-03-08,67,305,2.4486587258462245,1584
2015-03-09,68,305,2.512625064377974,1608
2015-03-10,69,305,2.543616203740064,1632
2015-03-11,70,305,2.558055717684554,1656
2015-03-12,71,305,2.4209235014592734,1680
2015-03-13,72,305,2.3938236450945944,1704
2015-03-14,73,305,2.3798635076128343,1728
2015-03-15,74,305,2.3831409292374857,1752
2015-03-16,75,305,2.5044264386105053,1776
2015-03-17,76,305,2.604645958703097,1800
2015-03-18,77,305,2.6665948450561,1824
2015-03-19,78,305,2.6423877312701127,1848
2015-03-20,79,305,2.573778207580093,1872
2015-03-21,80,305,2.519586144522344,1896
2015-03-22,81,305,2.417420054696825,1920
2015-03-23,82,305,2.5275095736052218,1944
2015-03-24,83,305,2.595148349215469,1968
2015-03-25,84,305,2.522709350041654,1992
2015-03-26,85,305,2.454755339771609,2016
2015-03-27,86,305,2.5328549378442946,2040
2015-03-28,87,305,2.535396486498264,2064
2015-03-29,88,305,2.6452395680612275,2088
2015-03-30,89,305,2.670357238797294,2112
2015-03-31,90,305,2.7476292887013685,2136
2015-04-01,91,305,2.46283351370982,2160
2015-04-02,92,305,2.468829541075598,2184
2015-04-03,93,305,2.4617408944214536,2208
2015-04-04,94,305,2.4409584735388985,2232
2015-04-05,95,305,2.3808032013655134,2256
2015-04-06,96,305,2.378157304353272,2280
2015-04-07,97,305,2.435014520135413,2304
2015-04-08,98,305,2.542406095508214,2328
2015-04-09,99,305,2.6991125594538095,2352
2015-04-10,100,305,2.856371360360558,2376
2015-04-11,101,305,2.798484073499336,2400
2015-04-12,102,305,2.8279175902260287,2424
2015-04-13,103,305,2.8936581492843936,2448
2015-04-14,104,305,2.9046229929064573,2472
2015-04-15,105,305,2.9505488128726096,2496
2015-04-16,106,305,2.9271603317914487,2520
2015-04-17,107,305,2.7640949160598396,2544
2015-04-18,108,305,2.6033741994430395,2568
2015-04-19,109,305,2.6201056538799183,2592
2015-04-20,110,305,2.7203414630799503,2616
2015-04-21,111,305,2.8281778328440788,2640
2015-04-22,112,305,2.9073541796990563,2664
2015-04-23,113,305,2.767605464085131,2688
2015-04-24,114,305,2.8475180849662967,2712
2015-04-25,115,305,2.8426539578668097,2736
2015-04-26,116,305,2.8897208955981832,2760
2015-04-27,117,305,2.894255542945193,2784
2015-04-28,118,305,2.575837941750444,2808
2015-04-29,119,305,2.624414602210841,2832
2015-04-30,120,305,2.75057579836866,2856
2015-05-01,121,305,2.7267466746145343,2880
2015-05-02,122,305,2.8505891181882106,2904
2015-05-03,123,305,2.928416169527466,2928
2015-05-04,124,305,3.0413147794694724,2952
2015-05-05,125,305,3.0700743027563884,2976
2015-05-06,126,305,2.8907671830576565,3000
2015-05-07,127,305,2.859448277761755,3024
2015-05-08,128,305,2.9111050005705046,3048
2015-05-09,129,305,2.9739789725280183,3072
2015-05-10,130,305,3.001389676485664,3096
2015-05-11,131,305,3.1205211706085034,3120
2015-05-12,132,305,3.3663267402201966,3144
2015-05-13,133,305,3.4028137728124443,3168
2015-05-14,134,305,3.1712367635579115,3192
2015-05-15,135,305,2.5926091950930927,3216
2015-05-16,136,305,2.8568859266729123,3240
2015-05-17,137,305,2.9860482815714287,3264
2015-05-18,138,305,3.0689837678091223,3288
2015-05-19,139,305,2.831803188787941,3312
2015-05-20,140,305,2.6148266573702776,3336
2015-05-21,141,305,2.60602244120658,3360
2015-05-22,142,305,2.7568831896141046,3384
2015-05-23,143,305,2.820435204636748,3408
2015-05-24,144,305,2.9322568843310526,3432
2015-05-25,145,305,2.9085854886571947,3456
2015-05-26,146,305,2.780871986516606,3480
2015-05-27,147,305,2.7940333230873917,3504
2015-05-28,148,305,2.9115113049147783,3528
2015-05-29,149,305,3.1164955395138683,3552
2015-05-30,150,305,3.035278092344828,3576
2015-05-31,151,305,3.0841391689565154,3600
2015-06-01,152,305,3.163721177237775,3624
2015-06-02,153,305,3.2781505961826665,3648
2015-06-03,154,305,3.4155819626030843,3672
2015-06-04,155,305,3.4700292814075246,3696
2015-06-05,156,305,3.658857368206564,3720
2015-06-06,157,305,3.6132007811406126,3744
2015-06-07,158,305,3.4716495639047165,3768
2015-06-08,159,305,3.168614116568308,3792
2015-06-09,160,305,2.950993005667367,3816
2015-06-10,161,305,3.0406874039635894,3840
2015-06-11,162,305,3.2812491144625406,3864
2015-06-12,163,305,3.342959336479777,3888
2015-06-13,164,305,3.335036086282853,3912
2015-06-14,165,305,3.1800103694546564,3936
2015-06-15,166,305,3.0537548896365334,3960
2015-06-16,167,305,3.054703107008039,3984
2015-06-17,168,305,3.081186567513728,4008
2015-06-18,169,305,3.0336024746672923,4032
2015-06-19,170,305,3.0763372829143925,4056
2015-06-20,171,305,2.9201999868230986,4080
2015-06-21,172,305,2.9734378997657362,4104
2015-06-22,173,305,3.1423795067899984,4128
2015-06-23,174,305,2.950717638945132,4152
2015-06-24,175,305,2.9975703897617274,4176
2015-06-25,176,305,3.1527088228729467,4200
2015-06-26,177,305,3.287217512876882,4224
2015-06-27,178,305,3.3575928356950486,4248
2015-06-28,179,305,3.3609412649174635,4272
2015-06-29,180,305,3.4087800662070684,4296
2015-06-30,181,305,3.5719061580740834,4320
2015-07-01,182,305,3.760653631464076,4344
2015-07-02,183,305,3.951670015971375,4368
2015-07-03,184,305,4.043621467453452,4392
2015-07-04,185,305,4.074347430987727,4416
2015-07-05,186,305,4.126816422493387,4440
2015-07-06,187,305,3.8268219019899736,4464
2015-07-07,188,305,4.078547432972918,4488
2015-07-08,189,305,3.394256605180449,4512
2015-07-09,190,305,3.28879295832304,4536
2015-07-10,191,305,3.284307718172977,4560
2015-07-11,192,305,3.6206414521025057,4584
2015-07-12,193,305,3.5963214620035813,4608
2015-07-13,194,305,3.539106353501598,4632
2015-07-14,195,305,3.6393121448281422,4656
2015-07-15,196,305,3.6639168346357285,4680
2015-07-16,197,305,3.8534755860505214,4704
2015-07-17,198,305,3.87772817740827,4728
2015-07-18,199,305,3.6150959792633706,4752
2015-07-19,200,305,3.731969355623185,4776
2015-07-20,201,305,3.7638140344999824,4800
2015-07-21,202,305,3.928934742245002,4824
2015-07-22,203,305,3.755717870010499,4848
2015-07-23,204,305,3.4933692117729223,4872
2015-07-24,205,305,3.5587718597268565,4896
2015-07-25,206,305,3.293522533943672,4920
2015-07-26,207,305,3.1107053743280804,4944
2015-07-27,208,305,3.3133927519113047,4968
2015-07-28,209,305,3.2453307793594037,4992
2015-07-29,210,305,3.0254329887301763,5016
2015-07-30,211,305,3.06917563655715,5040
2015-07-31,212,305,3.1422708816955414,5064
2015-08-01,213,305,3.0879474287682527,5088
2015-08-02,214,305,3.3101966916715617,5112
2015-08-03,215,305,3.5549185329423385,5136
2015-08-04,216,305,3.4410514254263846,5160
2015-08-05,217,305,3.578494857997272,5184
2015-08-06,218,305,3.9012352287190617,5208
2015-08-07,219,305,4.010446128086355,5232
2015-08-08,220,305,3.916575218539252,5256
2015-08-09,221,305,3.5215185672007485,5280
2015-08-10,222,305,3.4600532257726986,5304
2015-08-11,223,305,3.595160273536625,5328
2015-08-12,224,305,3.730965695823061,5352
2015-08-13,225,305,3.6600165868334495,5376
2015-08-14,226,305,3.25593655421976,5400
2015-08-15,227,305,3.0545357814745207,5424
2015-08-16,228,305,2.988103254677727,5448
2015-08-17,229,305,3.06766264175743,5472
2015-08-18,230,305,3.0494394761389576,5496
2015-08-19,231,305,2.9546830647430684,5520
2015-08-20,232,305,3.0725698570799715,5544
2015-08-21,233,305,3.1713814771292634,5568
2015-08-22,234,305,3.2133308249602544,5592
2015-08-23,235,305,3.1184051620576585,5616
2015-08-24,236,305,3.0600971119431164,5640
2015-08-25,237,305,3.0619519662580683,5664
2015-08-26,238,305,3.201739731685707,5688
2015-08-27,239,305,3.482838465649907,5712
2015-08-28,240,305,3.6182345063168233,5736
2015-08-29,241,305,3.6282846504912887,5760
2015-08-30,242,305,3.7414341330288745,5784
2015-08-31,243,305,3.6710584742642696,5808
2015-09-01,244,305,3.2567027920340847,5832
2015-09-02,245,305,3.099448429836509,5856
2015-09-03,246,305,3.0129417710053925,5880
2015-09-04,247,305,3.010838809820967,5904
2015-09-05,248,305,2.8618899169185847,5928
2015-09-06,249,305,2.8184553309527467,5952
2015-09-07,250,305,2.8066536263125523,5976
2015-09-08,251,305,2.8673676555292653,6000
2015-09-09,252,305,2.9116810572052785,6024
2015-09-10,253,305,2.8266325435546165,6048
2015-09-11,254,305,2.9248600487906247,6072
2015-09-12,255,305,3.1463455923032564,6096
2015-09-13,256,305,3.1038850451000823,6120
2015-09-14,257,305,2.9903857573391472,6144
2015-09-15,258,305,2.9484383137672503,6168
2015-09-16,259,305,3.0876310874367228,6192
2015-09-17,260,305,2.9068626279777825,6216
2015-09-18,261,305,2.8434671336718655,6240
2015-09-19,262,305,2.8380768270886434,6264
2015-09-20,263,305,2.8769117364448347,6288
2015-09-21,264,305,2.8082838617604007,6312
2015-09-22,265,305,2.8477257544032164,6336
2015-09-23,266,305,2.6780071993157817,6360
2015-09-24,267,305,2.7642308884717917,6384
2015-09-25,268,305,2.7763354194433347,6408
2015-09-26,269,305,2.812222214231993,6432
2015-09-27,270,305,2.8315375173697084,6456
2015-09-28,271,305,2.7291079259105904,6480
2015-09-29,272,305,2.7095148308825183,6504
2015-09-30,273,305,2.65629228645991,6528
2015-10-01,274,305,2.6237452633203087,6552
2015-10-02,275,305,2.7137717265927206,6576
2015-10-03,276,305,2.87898290311176,6600
2015-10-04,277,305,2.8076470300059264,6624
2015-10-05,278,305,2.895152791940009,6648
2015-10-06,279,305,2.9272494258390367,6672
2015-10-07,280,305,2.8559814791345386,6696
2015-10-08,281,305,2.773502520067764,6720
2015-10-09,282,305,2.7494096856898333,6744
2015-10-10,283,305,2.71297790557707,6768
2015-10-11,284,305,2.728133465997113,6792
2015-10-12,285,305,2.691726091430092,6816
2015-10-13,286,305,2.624558091809999,6840
2015-10-14,287,305,2.5191499843172522,6864
2015-10-15,288,305,2.4409241745311374,6888
2015-10-16,289,305,2.444588606971887,6912
2015-10-17,290,305,2.453964420005174,6936
2015-10-18,291,305,2.5186444045097183,6960
2015-10-19,292,305,2.516761150111912,6984
2015-10-20,293,305,2.4737375533074744,7008
2015-10-21,294,305,2.47537724187244,7032
2015-10-22,295,305,2.54255502235488,7056
2015-10-23,296,305,2.6726207622884663,7080
2015-10-24,297,305,2.7126546084739074,7104
2015-10-25,298,305,2.7268910059134104,7128
2015-10-26,299,305,2.6475168528837467,7152
2015-10-27,300,305,2.606161698452304,7176
2015-10-28,301,305,2.6738917960863127,7200
2015-10-29,302,305,2.6678672184852585,7224
2015-10-30,303,305,2.6708235472978443,7248
2015-10-31,304,305,2.6338919515992703,7272
2015-11-01,305,305,2.569442828958468,7296
2015-11-02,306,305,2.518511337009544,7320
2015-11-03,307,305,2.51709550140432,7344
2015-11-04,308,305,2.6171283486356343,7368
2015-11-05,309,305,2.6482151405485497,7392
2015-11-06,310,305,2.750106506054317,7416
2015-11-07,311,305,2.8298737312757067,7440
2015-11-08,312,305,2.783251515541506,7464
2015-11-09,313,305,2.8259706257255632,7488
2015-11-10,314,305,2.7137767330611213,7512
2015-11-11,315,305,2.5621781077913086,7536
2015-11-12,316,305,2.512711469666003,7560
2015-11-13,317,305,2.592868145652865,7584
2015-11-14,318,305,2.626006311037659,7608
2015-11-15,319,305,2.728958642657778,7632
2015-11-16,320,305,2.6539624906782824,7656
2015-11-17,321,305,2.713668162858278,7680
2015-11-18,322,305,2.8111975404494327,7704
2015-11-19,323,305,2.812504954835477,7728
2015-11-20,324,305,2.7606566441127742,7752
2015-11-21,325,305,2.3843459700314504,7776
2015-11-22,326,305,2.3005008705601218,7800
2015-11-23,327,305,2.2441856607884856,7824
2015-11-24,328,305,2.2092946429583296,7848
2015-11-25,329,305,2.300275810893774,7872
2015-11-26,330,305,2.3231852708232403,7896
2015-11-27,331,305,2.281309352790863,7920
2015-11-28,332,305,2.2723644268029264,7944
2015-11-29,333,305,2.409162644630769,7968
2015-11-30,334,305,2.5978684900531444,7992
2015-12-01,335,305,2.5602344587529218,8016
2015-12-02,336,305,2.376478882018184,8040
2015-12-03,337,305,2.28623739183157,8064
2015-12-04,338,305,2.3564303089812406,8088
2015-12-05,339,305,2.396813303567342,8112
2015-12-06,340,305,2.4129063821966508,8136
2015-12-07,341,305,2.389791383642558,8160
2015-12-08,342,305,2.345615104556788,8184
2015-12-09,343,305,2.4315215694477104,8208
2015-12-10,344,305,2.287364983668488,8232
2015-12-11,345,305,2.3316955253208262,8256
2015-12-12,346,305,2.3751867368897512,8280
2015-12-13,347,305,2.3111821161024024,8304
2015-12-14,348,305,2.2609774440431067,8328
2015-12-15,349,305,2.30843147630055,8352
2015-12-16,350,305,2.496094966997622,8376
2015-12-17,351,305,2.523112028286986,8400
2015-12-18,352,305,2.4859905711144332,8424
2015-12-19,353,305,2.4444791971808826,8448
2015-12-20,354,305,2.4108240624752724,8472
2015-12-21,355,305,2.5274444636350064,8496
2015-12-22,356,305,2.4928639947731934,8520
2015-12-23,357,305,2.5143204128243206,8544
2015-12-24,358,305,2.4788539535614573,8568
2015-12-25,359,305,2.476660652905798,8592
2015-12-26,360,305,2.3834112890730466,8616
2015-12-27,361,305,2.3449426014208687,8640
2015-12-28,362,305,2.274027283594448,8664
2015-12-29,363,305,2.3105928682059647,8688
2015-12-30,364,305,2.3088200063511986,8712
2015-12-31,365,305,2.377256162879395,8736
2015-01-01,1,282,2.081557445307903,0
2015-01-02,2,282,2.2378374663338665,24
2015-01-03,3,282,2.3010788357519516,48
2015-01-04,4,282,2.238283767971072,72
2015-01-05,5,282,2.113510432319809,96
2015-01-06,6,282,2.1894607073322576,120
2015-01-07,7,282,2.1620705137524228,144
2015-01-08,8,282,2.2146772788146545,168
2015-01-09,9,282,2.3370595889502903,192
2015-01-10,10,282,2.5124947771864408,216
2015-01-11,11,282,2.2372064821587183,240
2015-01-12,12,282,2.2480447457906303,264
2015-01-13,13,282,2.354585115482468,288
2015-01-14,14,282,2.246547300354986,312
2015-01-15,15,282,2.2846062735780865,336
2015-01-16,16,282,2.319860622969333,360
2015-01-17,17,282,2.1429658969383745,384
2015-01-18,18,282,2.0298141756931773,408
2015-01-19,19,282,2.0661181480023845,432
2015-01-20,20,282,2.0960918141419933,456
2015-01-21,21,282,2.0996317230204053,480
2015-01-22,22,282,2.1167483602965937,504
2015-01-23,23,282,2.049789742951716,528
2015-01-24,24,282,2.040803463782141,552
2015-01-25,25,282,2.024505753012533,576
2015-01-26,26,282,1.997228363198971,600
2015-01-27,27,282,2.0956888345742306,624
2015-01-28,28,282,2.050654930704054,648
2015-01-29,29,282,2.1402864420337,672
2015-01-30,30,282,2.0476142945629405,696
2015-01-31,31,282,2.0218872869758933,720
2015-02-01,32,282,2.0169864603673417,744
2015-02-02,33,282,2.014912500523597,768
2015-02-03,34,282,1.9576944171972943,792
2015-02-04,35,282,1.9811801337854693,816
2015-02-05,36,282,1.9735075206918584,840
2015-02-06,37,282,1.9982774272367696,864
2015-02-07,38,282,1.9893715345060297,888
2015-02-08,39,282,1.99383932504752,912
2015-02-09,40,282,2.0223267870437214,936
2015-02-10,41,282,2.1181827306529897,960
2015-02-11,42,282,2.21701428355276,984
2015-02-12,43,282,2.213983497482224,1008
2015-02-13,44,282,2.2175066501027585,1032
2015-02-14,45,282,2.2217578949345964,1056
2015-02-15,46,282,2.18224602337881,1080
2015-02-16,47,282,2.188430327374184,1104
2015-02-17,48,282,2.192204307608628,1128
2015-02-18,49,282,2.1096338528240297,1152
2015-02-19,50,282,2.1620176700355778,1176
2015-02-20,51,282,2.2003359634965824,1200
2015-02-21,52,282,2.161549699455463,1224
2015-02-22,53,282,2.0949310735515256,1248
2015-02-23,54,282,2.135723797014575,1272
2015-02-24,55,282,2.1322195430145943,1296
2015-02-25,56,282,2.100374039757446,1320
2015-02-26,57,282,2.0815767615124985,1344
2015-02-27,58,282,2.142930781988244,1368
2015-02-28,59,282,2.1238298165494647,1392
2015-03-01,60,282,2.248250152717248,1416
2015-03-02,61,282,2.282909839423225,1440
2015-03-03,62,282,2.2240838825736784,1464
2015-03-04,63,282,2.1410074450411547,1488
2015-03-05,64,282,2.095429980180184,1512
2015-03-06,65,282,2.1210918478671967,1536
2015-03-07,66,282,2.2796373163454144,1560
2015-03-08,67,282,2.3627070623395463,1584
2015-03-09,68,282,2.379715296498889,1608
2015-03-10,69,282,2.361911236029612,1632
2015-03-11,70,282,2.3409392401789537,1656
2015-03-12,71,282,2.228638851794652,1680
2015-03-13,72,282,2.2139455809787942,1704
2015-03-14,73,282,2.2232820124695527,1728
2015-03-15,74,282,2.2460212328459708,1752
2015-03-16,75,282,2.3569729769389447,1776
2015-03-17,76,282,2.412276206634695,1800
2015-03-18,77,282,2.441619830941725,1824
2015-03-19,78,282,2.427347844570312,1848
2015-03-20,79,282,2.409013977615828,1872
2015-03-21,80,282,2.3350688106535555,1896
2015-03-22,81,282,2.2391752170537345,1920
2015-03-23,82,282,2.334936126765061,1944
2015-03-24,83,282,2.408552064700161,1968
2015-03-25,84,282,2.336660615317743,1992
2015-03-26,85,282,2.2453773872744374,2016
2015-03-27,86,282,2.2738165121574543,2040
2015-03-28,87,282,2.310614324441832,2064
2015-03-29,88,282,2.3882971193760603,2088
2015-03-30,89,282,2.3666837550322004,2112
2015-03-31,90,282,2.4531258708586168,2136
2015-04-01,91,282,2.204566483410102,2160
2015-04-02,92,282,2.2399746269552274,2184
2015-04-03,93,282,2.2681285539780696,2208
2015-04-04,94,282,2.261337823121812,2232
2015-04-05,95,282,2.1577713358175794,2256
2015-04-06,96,282,2.1519452311201035,2280
2015-04-07,97,282,2.2205338030363166,2304
2015-04-08,98,282,2.359415564330773,2328
2015-04-09,99,282,2.545781734383375,2352
2015-04-10,100,282,2.6134189180431835,2376
2015-04-11,101,282,2.493720837085292,2400
2015-04-12,102,282,2.550494613001596,2424
2015-04-13,103,282,2.610658462716664,2448
2015-04-14,104,282,2.5900573359786048,2472
2015-04-15,105,282,2.687361357513225,2496
2015-04-16,106,282,2.643675405862504,2520
2015-04-17,107,282,2.521770152445281,2544
2015-04-18,108,282,2.4035211123526983,2568
2015-04-19,109,282,2.416936916367542,2592
2015-04-20,110,282,2.5168246557924245,2616
2015-04-21,111,282,2.5982417357595486,2640
2015-04-22,112,282,2.680643751270437,2664
2015-04-23,113,282,2.6049548223376755,2688
2015-04-24,114,282,2.6420997289362598,2712
2015-04-25,115,282,2.5924473720492527,2736
2015-04-26,116,282,2.6119935174420195,2760
2015-04-27,117,282,2.6192461492183097,2784
2015-04-28,118,282,2.347111537446452,2808
2015-04-29,119,282,2.4110810752909693,2832
2015-04-30,120,282,2.499860716106268,2856
2015-05-01,121,282,2.484255045715045,2880
2015-05-02,122,282,2.59414296680616,2904
2015-05-03,123,282,2.6952928063240966,2928
2015-05-04,124,282,2.7732762881931587,2952
2015-05-05,125,282,2.8250143563370687,2976
2015-05-06,126,282,2.5946889292665056,3000
2015-05-07,127,282,2.6024854494682508,3024
2015-05-08,128,282,2.6653523983209206,3048
2015-05-09,129,282,2.6590805258183234,3072
2015-05-10,130,282,2.6924611534784297,3096
2015-05-11,131,282,2.8947439282473164,3120
2015-05-12,132,282,3.0096044822384505,3144
2015-05-13,133,282,3.0841488396617316,3168
2015-05-14,134,282,2.8663684496620827,3192
2015-05-15,135,282,2.3426934410691063,3216
2015-05-16,136,282,2.552958289329034,3240
2015-05-17,137,282,2.6653180485435355,3264
2015-05-18,138,282,2.790136501420429,3288
2015-05-19,139,282,2.566950772420623,3312
2015-05-20,140,282,2.343162820208501,3336
2015-05-21,141,282,2.3326275450645504,3360
2015-05-22,142,282,2.4421966551253798,3384
2015-05-23,143,282,2.4980766477155987,3408
2015-05-24,144,282,2.6061157551982217,3432
2015-05-25,145,282,2.613181661572861,3456
2015-05-26,146,282,2.4942723020840907,3480
2015-05-27,147,282,2.5112622549447883,3504
2015-05-28,148,282,2.6608926825837336,3528
2015-05-29,149,282,2.802405625277701,3552
2015-05-30,150,282,2.7167877644061456,3576
2015-05-31,151,282,2.762825982889049,3600
2015-06-01,152,282,2.854935534150297,3624
2015-06-02,153,282,2.9243221759504845,3648
2015-06-03,154,282,3.061183930497573,3672
2015-06-04,155,282,3.1328254308306116,3696
2015-06-05,156,282,3.237666351414616,3720
2015-06-06,157,282,3.171328364381181,3744
2015-06-07,158,282,3.0750551123620378,3768
2015-06-08,159,282,2.878651428710913,3792
2015-06-09,160,282,2.739215649969963,3816
2015-06-10,161,282,2.8083897795434636,3840
2015-06-11,162,282,2.963298398147794,3864
2015-06-12,163,282,2.986760351891869,3888
2015-06-13,164,282,2.9609232132849086,3912
2015-06-14,165,282,2.8224305085315184,3936
2015-06-15,166,282,2.7701056423517323,3960
2015-06-16,167,282,2.747268767105056,3984
2015-06-17,168,282,2.7635969674168166,4008
2015-06-18,169,282,2.7568689295518882,4032
2015-06-19,170,282,2.734814274538175,4056
2015-06-20,171,282,2.60667130316908,4080
2015-06-21,172,282,2.675899506078556,4104
2015-06-22,173,282,2.8495661599943487,4128
2015-06-23,174,282,2.6330644973507202,4152
2015-06-24,175,282,2.7113266147745563,4176
2015-06-25,176,282,2.8561343510243797,4200
2015-06-26,177,282,2.9619346328677323,4224
2015-06-27,178,282,2.9859553111225043,4248
2015-06-28,179,282,2.997061415673658,4272
2015-06-29,180,282,3.084098575275529,4296
2015-06-30,181,282,3.223320557800663,4320
2015-07-01,182,282,3.396611028274689,4344
2015-07-02,183,282,3.530448028629335,4368
2015-07-03,184,282,3.554193439387225,4392
2015-07-04,185,282,3.5628291415151985,4416
2015-07-05,186,282,3.5805872553004434,4440
2015-07-06,187,282,3.3983786393603013,4464
2015-07-07,188,282,3.5714756860519814,4488
2015-07-08,189,282,2.997603798431814,4512
2015-07-09,190,282,2.8414063675468446,4536
2015-07-10,191,282,2.98076516581006,4560
2015-07-11,192,282,3.2576337548179866,4584
2015-07-12,193,282,3.1821954908735286,4608
2015-07-13,194,282,3.106596312999548,4632
2015-07-14,195,282,3.1967435593484903,4656
2015-07-15,196,282,3.2723735852516715,4680
2015-07-16,197,282,3.4391372229970147,4704
2015-07-17,198,282,3.2951004144619964,4728
2015-07-18,199,282,3.1911127193815063,4752
2015-07-19,200,282,3.2322151292385763,4776
2015-07-20,201,282,3.2532710469424986,4800
2015-07-21,202,282,3.4211070701596418,4824
2015-07-22,203,282,3.2836888332661047,4848
2015-07-23,204,282,3.086121776437663,4872
2015-07-24,205,282,3.154116035607044,4896
2015-07-25,206,282,2.8796854052651955,4920
2015-07-26,207,282,2.7763978340958166,4944
2015-07-27,208,282,2.9112848135057843,4968
2015-07-28,209,282,2.8571323996858675,4992
2015-07-29,210,282,2.78580149876293,5016
2015-07-30,211,282,2.739243146340227,5040
2015-07-31,212,282,2.8538527054123346,5064
2015-08-01,213,282,2.810145952395891,5088
2015-08-02,214,282,2.9423143326509584,5112
2015-08-03,215,282,3.179296709854029,5136
2015-08-04,216,282,3.0871506399015285,5160
2015-08-05,217,282,3.200213917067504,5184
2015-08-06,218,282,3.4363381547624203,5208
2015-08-07,219,282,3.554734524055021,5232
2015-08-08,220,282,3.348282013668201,5256
2015-08-09,221,282,3.053241056587209,5280
2015-08-10,222,282,3.0083848465262464,5304
2015-08-11,223,282,3.1454665529074903,5328
2015-08-12,224,282,3.2732932978036047,5352
2015-08-13,225,282,3.2427208254845263,5376
2015-08-14,226,282,2.880304085737115,5400
2015-08-15,227,282,2.7028952928501133,5424
2015-08-16,228,282,2.687605178394416,5448
2015-08-17,229,282,2.729506552606458,5472
2015-08-18,230,282,2.708583209168914,5496
2015-08-19,231,282,2.6455903411672184,5520
2015-08-20,232,282,2.748525648273644,5544
2015-08-21,233,282,2.829572296489072,5568
2015-08-22,234,282,2.900805893756869,5592
2015-08-23,235,282,2.8610382515826003,5616
2015-08-24,236,282,2.8155986245738225,5640
2015-08-25,237,282,2.735176862861908,5664
2015-08-26,238,282,2.9221785450425304,5688
2015-08-27,239,282,3.1038557584115987,5712
2015-08-28,240,282,3.213337579628325,5736
2015-08-29,241,282,3.2817755076258144,5760
2015-08-30,242,282,3.2820359180682783,5784
2015-08-31,243,282,3.194848124533109,5808
2015-09-01,244,282,2.925375929432596,5832
2015-09-02,245,282,2.7584182433349453,5856
2015-09-03,246,282,2.6877306888802406,5880
2015-09-04,247,282,2.6765249740796047,5904
2015-09-05,248,282,2.5207650220007127,5928
2015-09-06,249,282,2.517036307697556,5952
2015-09-07,250,282,2.541468114999806,5976
2015-09-08,251,282,2.6068531330022995,6000
2015-09-09,252,282,2.6622800267917675,6024
2015-09-10,253,282,2.6057583202140684,6048
2015-09-11,254,282,2.670157213688316,6072
2015-09-12,255,282,2.7921253395227,6096
2015-09-13,256,282,2.8028037974915025,6120
2015-09-14,257,282,2.67913703641666,6144
2015-09-15,258,282,2.6746036097568404,6168
2015-09-16,259,282,2.978675297089741,6192
2015-09-17,260,282,2.7304941272969945,6216
2015-09-18,261,282,2.582303279036583,6240
2015-09-19,262,282,2.5812565915527057,6264
2015-09-20,263,282,2.5695551470068114,6288
2015-09-21,264,282,2.5854066136242744,6312
2015-09-22,265,282,2.6059886107393693,6336
2015-09-23,266,282,2.400994521193617,6360
2015-09-24,267,282,2.465830924244465,6384
2015-09-25,268,282,2.5393575947732145,6408
2015-09-26,269,282,2.568691161359395,6432
2015-09-27,270,282,2.5615567753629067,6456
2015-09-28,271,282,2.498560791657961,6480
2015-09-29,272,282,2.4614409281982885,6504
2015-09-30,273,282,2.46306464745999,6528
2015-10-01,274,282,2.4648488373466324,6552
2015-10-02,275,282,2.5902827875967067,6576
2015-10-03,276,282,2.6298753461203805,6600
2015-10-04,277,282,2.5404139163298587,6624
2015-10-05,278,282,2.704526764721293,6648
2015-10-06,279,282,2.703384207614393,6672
2015-10-07,280,282,2.5586663261232565,6696
2015-10-08,281,282,2.5091583567084284,6720
2015-10-09,282,282,2.5321160748571097,6744
2015-10-10,283,282,2.5006996962830823,6768
2015-10-11,284,282,2.4927898636891688,6792
2015-10-12,285,282,2.5256019540889625,6816
2015-10-13,286,282,2.4719297740737107,6840
2015-10-14,287,282,2.2821372370634534,6864
2015-10-15,288,282,2.2287776844669547,6888
2015-10-16,289,282,2.22784293848381,6912
2015-10-17,290,282,2.280244216751953,6936
2015-10-18,291,282,2.3594544085205267,6960
2015-10-19,292,282,2.3316370866890765,6984
2015-10-20,293,282,2.306354522942424,7008
2015-10-21,294,282,2.298661700487996,7032
2015-10-22,295,282,2.35201265205706,7056
2015-10-23,296,282,2.4664674487305,7080
2015-10-24,297,282,2.5853191817434493,7104
2015-10-25,298,282,2.5647616086597003,7128
2015-10-26,299,282,2.5590208172682467,7152
2015-10-27,300,282,2.5453218751416,7176
2015-10-28,301,282,2.5425689313812683,7200
2015-10-29,302,282,2.4190247270926823,7224
2015-10-30,303,282,2.502449441015405,7248
2015-10-31,304,282,2.5620509395931608,7272
2015-11-01,305,282,2.5525504604866174,7296
2015-11-02,306,282,2.5318037437425334,7320
2015-11-03,307,282,2.5897478955945097,7344
2015-11-04,308,282,2.534165913877542,7368
2015-11-05,309,282,2.4938110084041667,7392
2015-11-06,310,282,2.5836844995467896,7416
2015-11-07,311,282,2.642037449912481,7440
2015-11-08,312,282,2.6995453243617322,7464
2015-11-09,313,282,2.664724851148244,7488
2015-11-10,314,282,2.5836215921313537,7512
2015-11-11,315,282,2.511771893388349,7536
2015-11-12,316,282,2.521164105361576,7560
2015-11-13,317,282,2.498786163477204,7584
2015-11-14,318,282,2.4289877847438084,7608
2015-11-15,319,282,2.5823506759849866,7632
2015-11-16,320,282,2.530358505432754,7656
2015-11-17,321,282,2.5187244875330346,7680
2015-11-18,322,282,2.5120629621166937,7704
2015-11-19,323,282,2.489051324847248,7728
2015-11-20,324,282,2.497615158332304,7752
2015-11-21,325,282,2.1652678625089825,7776
2015-11-22,326,282,2.075046626674761,7800
2015-11-23,327,282,1.991680021807011,7824
2015-11-24,328,282,2.015475850994423,7848
2015-11-25,329,282,2.1479850668151297,7872
2015-11-26,330,282,2.111649802137708,7896
2015-11-27,331,282,2.0283805195592635,7920
2015-11-28,332,282,2.08326062072986,7944
2015-11-29,333,282,2.1878936210819937,7968
2015-11-30,334,282,2.2950900261312093,7992
2015-12-01,335,282,2.277126974593601,8016
2015-12-02,336,282,2.325234076331149,8040
2015-12-03,337,282,2.341645576360196,8064
2015-12-04,338,282,2.3391154819167546,8088
2015-12-05,339,282,2.317524755239036,8112
2015-12-06,340,282,2.3221307773836046,8136
2015-12-07,341,282,2.3246933718295053,8160
2015-12-08,342,282,2.3096460187113075,8184
2015-12-09,343,282,2.257868941619211,8208
2015-12-10,344,282,2.1850778131730464,8232
2015-12-11,345,282,2.2546170552341733,8256
2015-12-12,346,282,2.224374441407078,8280
2015-12-13,347,282,2.2313564696315686,8304
2015-12-14,348,282,2.2260762850642983,8328
2015-12-15,349,282,2.2827879055631675,8352
2015-12-16,350,282,2.380908125247984,8376
2015-12-17,351,282,2.3819256018745887,8400
2015-12-18,352,282,2.4204855402937606,8424
2015-12-19,353,282,2.4307563288421035,8448
2015-12-20,354,282,2.4465283911684303,8472
2015-12-21,355,282,2.3601828706309607,8496
2015-12-22,356,282,2.3733994018817826,8520
2015-12-23,357,282,2.332222277436032,8544
2015-12-24,358,282,2.3340587371165142,8568
2015-12-25,359,282,2.3435122992405963,8592
2015-12-26,360,282,2.347205113384016,8616
2015-12-27,361,282,2.3637335896177043,8640
2015-12-28,362,282,2.3892918229053883,8664
2015-12-29,363,282,2.306683466705392,8688
2015-12-30,364,282,2.248945489128624,8712
2015-12-31,365,282,2.2957606090465625,8736
2015-01-01,1,283,2.080172142991253,0
2015-01-02,2,283,2.203116650763361,24
2015-01-03,3,283,2.366741429399306,48
2015-01-04,4,283,2.360704727579145,72
2015-01-05,5,283,2.184577698140499,96
2015-01-06,6,283,2.190356247457329,120
2015-01-07,7,283,2.233097071978793,144
2015-01-08,8,283,2.3588619838091494,168
2015-01-09,9,283,2.4941814384005316,192
2015-01-10,10,283,2.7516045576229304,216
2015-01-11,11,283,2.393780807744121,240
2015-01-12,12,283,2.3128919394352634,264
2015-01-13,13,283,2.4189611592438647,288
2015-01-14,14,283,2.428009941058588,312
2015-01-15,15,283,2.390404579719489,336
2015-01-16,16,283,2.413312320520064,360
2015-01-17,17,283,2.2525169388600683,384
2015-01-18,18,283,2.179219065456551,408
2015-01-19,19,283,2.2018609319058164,432
2015-01-20,20,283,2.230217771670328,456
2015-01-21,21,283,2.2181049285123287,480
2015-01-22,22,283,2.2156484743335887,504
2015-01-23,23,283,2.210647470495684,528
2015-01-24,24,283,2.2187477059366465,552
2015-01-25,25,283,2.186281859989136,576
2015-01-26,26,283,2.1494647182058317,600
2015-01-27,27,283,2.2358852596058587,624
2015-01-28,28,283,2.20912174949322,648
2015-01-29,29,283,2.2698331606070767,672
2015-01-30,30,283,2.222546360213648,696
2015-01-31,31,283,2.203870137745197,720
2015-02-01,32,283,2.1927020766988803,744
2015-02-02,33,283,2.1916458171633852,768
2015-02-03,34,283,2.109204961310836,792
2015-02-04,35,283,2.10852508615038,816
2015-02-05,36,283,2.1068563236806397,840
2015-02-06,37,283,2.118181527928153,864
2015-02-07,38,283,2.083738537004825,888
2015-02-08,39,283,2.0991890826524617,912
2015-02-09,40,283,2.121665038659652,936
2015-02-10,41,283,2.1503441264197813,960
2015-02-11,42,283,2.1635679078495795,984
2015-02-12,43,283,2.1716540143994774,1008
2015-02-13,44,283,2.2161559310517847,1032
2015-02-14,45,283,2.2955756289589253,1056
2015-02-15,46,283,2.245276012157135,1080
2015-02-16,47,283,2.2044487018101497,1104
2015-02-17,48,283,2.214537818786566,1128
2015-02-18,49,283,2.1962980650457875,1152
2015-02-19,50,283,2.2323052250107254,1176
2015-02-20,51,283,2.322166319929928,1200
2015-02-21,52,283,2.2856561399515782,1224
2015-02-22,53,283,2.2374136335176136,1248
2015-02-23,54,283,2.2470428681934456,1272
2015-02-24,55,283,2.3046510731508327,1296
2015-02-25,56,283,2.290352669894098,1320
2015-02-26,57,283,2.2584948921895682,1344
2015-02-27,58,283,2.289064721367392,1368
2015-02-28,59,283,2.2824380154527524,1392
2015-03-01,60,283,2.381789932221856,1416
2015-03-02,61,283,2.479578618835522,1440
2015-03-03,62,283,2.417855148930165,1464
2015-03-04,63,283,2.3147797905735987,1488
2015-03-05,64,283,2.2781384842424948,1512
2015-03-06,65,283,2.2831026504432472,1536
2015-03-07,66,283,2.3356586040116456,1560
2015-03-08,67,283,2.4303851168724124,1584
2015-03-09,68,283,2.4963936324555958,1608
2015-03-10,69,283,2.5170376274514465,1632
2015-03-11,70,283,2.5099081162693007,1656
2015-03-12,71,283,2.3813484302019,1680
2015-03-13,72,283,2.353937627073708,1704
2015-03-14,73,283,2.3479260126468446,1728
2015-03-15,74,283,2.3553921140321683,1752
2015-03-16,75,283,2.5102541840009933,1776
2015-03-17,76,283,2.5896550932793136,1800
2015-03-18,77,283,2.6459561036048145,1824
2015-03-19,78,283,2.6089374147759488,1848
2015-03-20,79,283,2.547866583734624,1872
2015-03-21,80,283,2.482410370253521,1896
2015-03-22,81,283,2.3840537437003,1920
2015-03-23,82,283,2.4824348895970783,1944
2015-03-24,83,283,2.5797716232438983,1968
2015-03-25,84,283,2.5014403641439373,1992
2015-03-26,85,283,2.41239634406852,2016
2015-03-27,86,283,2.4700696802247646,2040
2015-03-28,87,283,2.4795712330624817,2064
2015-03-29,88,283,2.5900087603377817,2088
2015-03-30,89,283,2.6117616452776367,2112
2015-03-31,90,283,2.6826199442173464,2136
2015-04-01,91,283,2.403505447438694,2160
2015-04-02,92,283,2.404252326361408,2184
2015-04-03,93,283,2.4118760132606063,2208
2015-04-04,94,283,2.4099514753236737,2232
2015-04-05,95,283,2.3345878628035965,2256
2015-04-06,96,283,2.332727347326648,2280
2015-04-07,97,283,2.3836863933907133,2304
2015-04-08,98,283,2.501905779812167,2328
2015-04-09,99,283,2.657834087888852,2352
2015-04-10,100,283,2.82010635407467,2376
2015-04-11,101,283,2.7354488175481158,2400
2015-04-12,102,283,2.7804848933274884,2424
2015-04-13,103,283,2.833336946293662,2448
2015-04-14,104,283,2.8178793528048165,2472
2015-04-15,105,283,2.8920799109715563,2496
2015-04-16,106,283,2.859768747151424,2520
2015-04-17,107,283,2.7290581865804686,2544
2015-04-18,108,283,2.551598112517852,2568
2015-04-19,109,283,2.5760807463526105,2592
2015-04-20,110,283,2.679356858909762,2616
2015-04-21,111,283,2.77804771285792,2640
2015-04-22,112,283,2.8637919678119963,2664
2015-04-23,113,283,2.719911602472212,2688
2015-04-24,114,283,2.801172431704316,2712
2015-04-25,115,283,2.8103780563003364,2736
2015-04-26,116,283,2.861430571814973,2760
2015-04-27,117,283,2.8750910402314585,2784
2015-04-28,118,283,2.514682923036488,2808
2015-04-29,119,283,2.5695187224482003,2832
2015-04-30,120,283,2.714333403533275,2856
2015-05-01,121,283,2.696186652690064,2880
2015-05-02,122,283,2.814506550493037,2904
2015-05-03,123,283,2.9024239966985075,2928
2015-05-04,124,283,3.0150062767773536,2952
2015-05-05,125,283,3.051192697842746,2976
2015-05-06,126,283,2.8350770406835992,3000
2015-05-07,127,283,2.8052534497865484,3024
2015-05-08,128,283,2.862477268176291,3048
2015-05-09,129,283,2.9101673693654235,3072
2015-05-10,130,283,2.924391922236272,3096
2015-05-11,131,283,3.0724014456081865,3120
2015-05-12,132,283,3.2992156190038218,3144
2015-05-13,133,283,3.3471728192882217,3168
2015-05-14,134,283,3.122243168714933,3192
2015-05-15,135,283,2.532360526904709,3216
2015-05-16,136,283,2.793293768676365,3240
2015-05-17,137,283,2.916018117348898,3264
2015-05-18,138,283,3.0082941181379854,3288
2015-05-19,139,283,2.7801690070046816,3312
2015-05-20,140,283,2.5611019479184303,3336
2015-05-21,141,283,2.5336051949698777,3360
2015-05-22,142,283,2.6781320052251414,3384
2015-05-23,143,283,2.7568722800361987,3408
2015-05-24,144,283,2.879949753484098,3432
2015-05-25,145,283,2.8489377146379096,3456
2015-05-26,146,283,2.699953269226788,3480
2015-05-27,147,283,2.7233513276714905,3504
2015-05-28,148,283,2.862421932193936,3528
2015-05-29,149,283,3.0603613418226945,3552
2015-05-30,150,283,2.977192826319812,3576
2015-05-31,151,283,3.040846193417368,3600
2015-06-01,152,283,3.1098231715757536,3624
2015-06-02,153,283,3.2191108915804056,3648
2015-06-03,154,283,3.3579383042153728,3672
2015-06-04,155,283,3.4089763322920335,3696
2015-06-05,156,283,3.587979294806748,3720
2015-06-06,157,283,3.5460057093796244,3744
2015-06-07,158,283,3.398527531600935,3768
2015-06-08,159,283,3.1203733071107966,3792
2015-06-09,160,283,2.8850657559468225,3816
2015-06-10,161,283,2.9787271569600016,3840
2015-06-11,162,283,3.2144791664330428,3864
2015-06-12,163,283,3.325021686992777,3888
2015-06-13,164,283,3.3051051210258544,3912
2015-06-14,165,283,3.130020876273942,3936
2015-06-15,166,283,3.003324005734921,3960
2015-06-16,167,283,3.010918098495707,3984
2015-06-17,168,283,3.030292862918968,4008
2015-06-18,169,283,2.9683896668732617,4032
2015-06-19,170,283,2.9928467985208322,4056
2015-06-20,171,283,2.8418428288792863,4080
2015-06-21,172,283,2.9117050438147243,4104
2015-06-22,173,283,3.0874683451752123,4128
2015-06-23,174,283,2.8659081417383865,4152
2015-06-24,175,283,2.944261372011945,4176
2015-06-25,176,283,3.091244709504425,4200
2015-06-26,177,283,3.220406959089986,4224
2015-06-27,178,283,3.271954047850516,4248
2015-06-28,179,283,3.282907664974107,4272
2015-06-29,180,283,3.3380044784319622,4296
2015-06-30,181,283,3.5127794866781885,4320
2015-07-01,182,283,3.6866116352388194,4344
2015-07-02,183,283,3.8715437704243167,4368
2015-07-03,184,283,3.949068048204048,4392
2015-07-04,185,283,3.991615091023162,4416
2015-07-05,186,283,4.02453161352589,4440
2015-07-06,187,283,3.734025237075632,4464
2015-07-07,188,283,3.991727221395325,4488
2015-07-08,189,283,3.3053008251096827,4512
2015-07-09,190,283,3.169896534760732,4536
2015-07-10,191,283,3.2117754521189115,4560
2015-07-11,192,283,3.5442002302682765,4584
2015-07-12,193,283,3.502264556828733,4608
2015-07-13,194,283,3.4419135713585662,4632
2015-07-14,195,283,3.534356546472305,4656
2015-07-15,196,283,3.572077840465397,4680
2015-07-16,197,283,3.7729049223367763,4704
2015-07-17,198,283,3.743500654146728,4728
2015-07-18,199,283,3.4978434412442327,4752
2015-07-19,200,283,3.625533465774109,4776
2015-07-20,201,283,3.6472878121816383,4800
2015-07-21,202,283,3.8118914206471093,4824
2015-07-22,203,283,3.6529078608482166,4848
2015-07-23,204,283,3.3742792346583284,4872
2015-07-24,205,283,3.469326045227972,4896
2015-07-25,206,283,3.1923494077673364,4920
2015-07-26,207,283,3.0121602725909224,4944
2015-07-27,208,283,3.2081786140006803,4968
2015-07-28,209,283,3.1485432467393863,4992
2015-07-29,210,283,2.9615126766510094,5016
2015-07-30,211,283,2.9750518453606003,5040
2015-07-31,212,283,3.0815998918104888,5064
2015-08-01,213,283,3.0374166317506064,5088
2015-08-02,214,283,3.2355273467553616,5112
2015-08-03,215,283,3.4822194875544805,5136
2015-08-04,216,283,3.3548760883899904,5160
2015-08-05,217,283,3.4895910795888967,5184
2015-08-06,218,283,3.819933044021482,5208
2015-08-07,219,283,3.9218066917562715,5232
2015-08-08,220,283,3.8043968153307848,5256
2015-08-09,221,283,3.4232062403147827,5280
2015-08-10,222,283,3.3961807513353386,5304
2015-08-11,223,283,3.5160529951225485,5328
2015-08-12,224,283,3.6475360029310315,5352
2015-08-13,225,283,3.5749627850443924,5376
2015-08-14,226,283,3.185037870095172,5400
2015-08-15,227,283,2.9903476450351367,5424
2015-08-16,228,283,2.932618904320233,5448
2015-08-17,229,283,2.9998056062433283,5472
2015-08-18,230,283,2.985119713172601,5496
2015-08-19,231,283,2.8915424378674524,5520
2015-08-20,232,283,2.9897909848731072,5544
2015-08-21,233,283,3.0915169288551785,5568
2015-08-22,234,283,3.138584656942069,5592
2015-08-23,235,283,3.0923299173070777,5616
2015-08-24,236,283,3.0230950526241718,5640
2015-08-25,237,283,2.9779831616473427,5664
2015-08-26,238,283,3.1262414712829973,5688
2015-08-27,239,283,3.399579728123128,5712
2015-08-28,240,283,3.546525769923788,5736
2015-08-29,241,283,3.5555017979311616,5760
2015-08-30,242,283,3.6771246594898654,5784
2015-08-31,243,283,3.600079250486785,5808
2015-09-01,244,283,3.1835141847071653,5832
2015-09-02,245,283,3.034214813876478,5856
2015-09-03,246,283,2.9471932346143177,5880
2015-09-04,247,283,2.952451726046669,5904
2015-09-05,248,283,2.791584684016852,5928
2015-09-06,249,283,2.7444229183517552,5952
2015-09-07,250,283,2.742861247485041,5976
2015-09-08,251,283,2.8026918308095885,6000
2015-09-09,252,283,2.850293238147773,6024
2015-09-10,253,283,2.7705966398523763,6048
2015-09-11,254,283,2.8698622084025263,6072
2015-09-12,255,283,3.095260096493666,6096
2015-09-13,256,283,3.0736987453307423,6120
2015-09-14,257,283,2.919834773512364,6144
2015-09-15,258,283,2.8718778144872545,6168
2015-09-16,259,283,3.1228748383968754,6192
2015-09-17,260,283,2.843484692936744,6216
2015-09-18,261,283,2.754995447147944,6240
2015-09-19,262,283,2.777354368522331,6264
2015-09-20,263,283,2.801184860439865,6288
2015-09-21,264,283,2.7460883237096803,6312
2015-09-22,265,283,2.7872950022709704,6336
2015-09-23,266,283,2.614124982922072,6360
2015-09-24,267,283,2.691182663981999,6384
2015-09-25,268,283,2.7118078963561087,6408
2015-09-26,269,283,2.759596213072018,6432
2015-09-27,270,283,2.774495314929016,6456
2015-09-28,271,283,2.677041763547391,6480
2015-09-29,272,283,2.650751676793744,6504
2015-09-30,273,283,2.5945116827548618,6528
2015-10-01,274,283,2.5820507866970286,6552
2015-10-02,275,283,2.6910483444181903,6576
2015-10-03,276,283,2.839208162475032,6600
2015-10-04,277,283,2.7547548058824773,6624
2015-10-05,278,283,2.8581140376584133,6648
2015-10-06,279,283,2.889286139405652,6672
2015-10-07,280,283,2.7976946418577087,6696
2015-10-08,281,283,2.709320097544406,6720
2015-10-09,282,283,2.6997241269020447,6744
2015-10-10,283,283,2.6486509559763483,6768
2015-10-11,284,283,2.6862716694800297,6792
2015-10-12,285,283,2.655649900921324,6816
2015-10-13,286,283,2.591731407810541,6840
2015-10-14,287,283,2.466426526401027,6864
2015-10-15,288,283,2.3979631008584,6888
2015-10-16,289,283,2.4011029122376613,6912
2015-10-17,290,283,2.418027129160808,6936
2015-10-18,291,283,2.481978178289821,6960
2015-10-19,292,283,2.475612117824606,6984
2015-10-20,293,283,2.4378889223492672,7008
2015-10-21,294,283,2.4345875636761973,7032
2015-10-22,295,283,2.499821504147164,7056
2015-10-23,296,283,2.6191542918225093,7080
2015-10-24,297,283,2.6744733765295337,7104
2015-10-25,298,283,2.6814293346180555,7128
2015-10-26,299,283,2.6013356278083104,7152
2015-10-27,300,283,2.57792991229212,7176
2015-10-28,301,283,2.6681587587135067,7200
2015-10-29,302,283,2.621591306309745,7224
2015-10-30,303,283,2.6267991062468585,7248
2015-10-31,304,283,2.5910934687073652,7272
2015-11-01,305,283,2.5460657775943742,7296
2015-11-02,306,283,2.490896378717959,7320
2015-11-03,307,283,2.519398532149326,7344
2015-11-04,308,283,2.5999851855029648,7368
2015-11-05,309,283,2.6025182178520883,7392
2015-11-06,310,283,2.7107456328073845,7416
2015-11-07,311,283,2.772809456612954,7440
2015-11-08,312,283,2.73808840790756,7464
2015-11-09,313,283,2.7962006557011545,7488
2015-11-10,314,283,2.6721696743000494,7512
2015-11-11,315,283,2.532062715463681,7536
2015-11-12,316,283,2.4827265638555143,7560
2015-11-13,317,283,2.5336518873288445,7584
2015-11-14,318,283,2.601174998746887,7608
2015-11-15,319,283,2.7061119559862417,7632
2015-11-16,320,283,2.63599554971258,7656
2015-11-17,321,283,2.6611541743571707,7680
2015-11-18,322,283,2.7559233617966843,7704
2015-11-19,323,283,2.7437020701607127,7728
2015-11-20,324,283,2.716574274907039,7752
2015-11-21,325,283,2.3247443915302792,7776
2015-11-22,326,283,2.2463350202970744,7800
2015-11-23,327,283,2.194008540875982,7824
2015-11-24,328,283,2.170970973668896,7848
2015-11-25,329,283,2.276308117448248,7872
2015-11-26,330,283,2.285223355779109,7896
2015-11-27,331,283,2.233841477003188,7920
2015-11-28,332,283,2.2311495996928583,7944
2015-11-29,333,283,2.3539784639301087,7968
2015-11-30,334,283,2.5389778950047766,7992
2015-12-01,335,283,2.4926450271116143,8016
2015-12-02,336,283,2.3308557011487148,8040
2015-12-03,337,283,2.266155766677659,8064
2015-12-04,338,283,2.34035179870606,8088
2015-12-05,339,283,2.3742359028754154,8112
2015-12-06,340,283,2.3904637362310286,8136
2015-12-07,341,283,2.373468691968841,8160
2015-12-08,342,283,2.33753847301973,8184
2015-12-09,343,283,2.4035297989432443,8208
2015-12-10,344,283,2.2586147687357583,8232
2015-12-11,345,283,2.2962962437918866,8256
2015-12-12,346,283,2.316218601125216,8280
2015-12-13,347,283,2.256500790962271,8304
2015-12-14,348,283,2.2374188007594324,8328
2015-12-15,349,283,2.302859885089851,8352
2015-12-16,350,283,2.4821859011917518,8376
2015-12-17,351,283,2.4764522878806488,8400
2015-12-18,352,283,2.470085697837665,8424
2015-12-19,353,283,2.441657342293505,8448
2015-12-20,354,283,2.411036908196204,8472
2015-12-21,355,283,2.497305645403252,8496
2015-12-22,356,283,2.4633629787158053,8520
2015-12-23,357,283,2.4632350831252383,8544
2015-12-24,358,283,2.4360067108835683,8568
2015-12-25,359,283,2.435184400499576,8592
2015-12-26,360,283,2.342252935881065,8616
2015-12-27,361,283,2.325769860736154,8640
2015-12-28,362,283,2.26863430058644,8664
2015-12-29,363,283,2.301826477778698,8688
2015-12-30,364,283,2.295510967451873,8712
2015-12-31,365,283,2.362345747549249,8736
2015-01-01,1,284,2.0459425659725103,0
2015-01-02,2,284,2.20866120475754,24
2015-01-03,3,284,2.351785749683076,48
2015-01-04,4,284,2.3115531681514057,72
2015-01-05,5,284,2.1647266465213257,96
2015-01-06,6,284,2.2046235338079945,120
2015-01-07,7,284,2.2360437727296336,144
2015-01-08,8,284,2.333231140197004,168
2015-01-09,9,284,2.4500618497048774,192
2015-01-10,10,284,2.6842702384680917,216
2015-01-11,11,284,2.3360727912145776,240
2015-01-12,12,284,2.277496870624973,264
2015-01-13,13,284,2.4220411906985464,288
2015-01-14,14,284,2.372488250336912,312
2015-01-15,15,284,2.3663975775270107,336
2015-01-16,16,284,2.3868820308769068,360
2015-01-17,17,284,2.2167448122477253,384
2015-01-18,18,284,2.117100345452396,408
2015-01-19,19,284,2.153679837505151,432
2015-01-20,20,284,2.1903016872987973,456
2015-01-21,21,284,2.1664322643431397,480
2015-01-22,22,284,2.162126684809534,504
2015-01-23,23,284,2.151495196911653,528
2015-01-24,24,284,2.159306771115664,552
2015-01-25,25,284,2.129517170290499,576
2015-01-26,26,284,2.1005833302606765,600
2015-01-27,27,284,2.1908629424794497,624
2015-01-28,28,284,2.1606255005540254,648
2015-01-29,29,284,2.2327808922425065,672
2015-01-30,30,284,2.16781288486554,696
2015-01-31,31,284,2.1504272417808843,720
2015-02-01,32,284,2.141896646998123,744
2015-02-02,33,284,2.138641494422433,768
2015-02-03,34,284,2.0505157451094616,792
2015-02-04,35,284,2.055252270765707,816
2015-02-05,36,284,2.0529192140524093,840
2015-02-06,37,284,2.0648605792820867,864
2015-02-07,38,284,2.037739319106729,888
2015-02-08,39,284,2.0586606046545204,912
2015-02-09,40,284,2.082304552235637,936
2015-02-10,41,284,2.1119598097748282,960
2015-02-11,42,284,2.1571581364627,984
2015-02-12,43,284,2.186957431459537,1008
2015-02-13,44,284,2.2302332605582187,1032
2015-02-14,45,284,2.2822450362372155,1056
2015-02-15,46,284,2.2182914162247496,1080
2015-02-16,47,284,2.1732212543187264,1104
2015-02-17,48,284,2.1820965622542845,1128
2015-02-18,49,284,2.1491860324956362,1152
2015-02-19,50,284,2.190474528307523,1176
2015-02-20,51,284,2.2978446543248228,1200
2015-02-21,52,284,2.242381939194813,1224
2015-02-22,53,284,2.1871378273795967,1248
2015-02-23,54,284,2.2058692074075354,1272
2015-02-24,55,284,2.2476011027225162,1296
2015-02-25,56,284,2.229746626015044,1320
2015-02-26,57,284,2.202871617675749,1344
2015-02-27,58,284,2.2442732721058607,1368
2015-02-28,59,284,2.225572592689456,1392
2015-03-01,60,284,2.339381738650145,1416
2015-03-02,61,284,2.41620337022158,1440
2015-03-03,62,284,2.355615450186152,1464
2015-03-04,63,284,2.25045110742823,1488
2015-03-05,64,284,2.2114177316880337,1512
2015-03-06,65,284,2.224290930795329,1536
2015-03-07,66,284,2.3032951640714803,1560
2015-03-08,67,284,2.406503073163423,1584
2015-03-09,68,284,2.45746573300228,1608
2015-03-10,69,284,2.4728793073545456,1632
2015-03-11,70,284,2.4422746735699974,1656
2015-03-12,71,284,2.3300382394620933,1680
2015-03-13,72,284,2.3037875221241664,1704
2015-03-14,73,284,2.296938947787829,1728
2015-03-15,74,284,2.3010687951194657,1752
2015-03-16,75,284,2.4743846508465506,1776
2015-03-17,76,284,2.5519600495454955,1800
2015-03-18,77,284,2.589161520164569,1824
2015-03-19,78,284,2.5475809318039504,1848
2015-03-20,79,284,2.502595463315436,1872
2015-03-21,80,284,2.4336383492432634,1896
2015-03-22,81,284,2.317889394892409,1920
2015-03-23,82,284,2.434839979304681,1944
2015-03-24,83,284,2.546495155186816,1968
2015-03-25,84,284,2.4439990808266168,1992
2015-03-26,85,284,2.3422697948672297,2016
2015-03-27,86,284,2.400876771025669,2040
2015-03-28,87,284,2.422601199882924,2064
2015-03-29,88,284,2.525764567500309,2088
2015-03-30,89,284,2.528275119730512,2112
2015-03-31,90,284,2.6032024801987945,2136
2015-04-01,91,284,2.332779403051588,2160
2015-04-02,92,284,2.3468868008478223,2184
2015-04-03,93,284,2.3608710927542806,2208
2015-04-04,94,284,2.3522731273578668,2232
2015-04-05,95,284,2.2711865471191626,2256
2015-04-06,96,284,2.2792953577297017,2280
2015-04-07,97,284,2.331677618546805,2304
2015-04-08,98,284,2.46123244028308,2328
2015-04-09,99,284,2.6221012198803595,2352
2015-04-10,100,284,2.7815844982735607,2376
2015-04-11,101,284,2.65512888826429,2400
2015-04-12,102,284,2.7168721286327338,2424
2015-04-13,103,284,2.764755153805416,2448
2015-04-14,104,284,2.755808378835653,2472
2015-04-15,105,284,2.8602323628828143,2496
2015-04-16,106,284,2.805115814449015,2520
2015-04-17,107,284,2.667053012136281,2544
2015-04-18,108,284,2.4815764931095217,2568
2015-04-19,109,284,2.5097273628308137,2592
2015-04-20,110,284,2.618501299588204,2616
2015-04-21,111,284,2.7133578432036365,2640
2015-04-22,112,284,2.818856320910568,2664
2015-04-23,113,284,2.6541744987212392,2688
2015-04-24,114,284,2.7553396165759434,2712
2015-04-25,115,284,2.7490207653377445,2736
2015-04-26,116,284,2.78213443578423,2760
2015-04-27,117,284,2.7855876212473327,2784
2015-04-28,118,284,2.436126362588504,2808
2015-04-29,119,284,2.507026965254806,2832
2015-04-30,120,284,2.639512552629694,2856
2015-05-01,121,284,2.6472121855667097,2880
2015-05-02,122,284,2.7483135713212,2904
2015-05-03,123,284,2.8509813861254623,2928
2015-05-04,124,284,2.9557522726167367,2952
2015-05-05,125,284,2.9926319933427483,2976
2015-05-06,126,284,2.7565166968778083,3000
2015-05-07,127,284,2.7326943032014324,3024
2015-05-08,128,284,2.8000487682567066,3048
2015-05-09,129,284,2.8258097340343236,3072
2015-05-10,130,284,2.845595573178469,3096
2015-05-11,131,284,3.0330138348088087,3120
2015-05-12,132,284,3.237041364082675,3144
2015-05-13,133,284,3.2533304355034733,3168
2015-05-14,134,284,3.0181589968912195,3192
2015-05-15,135,284,2.4575723318923632,3216
2015-05-16,136,284,2.7185141189345554,3240
2015-05-17,137,284,2.8247457751868086,3264
2015-05-18,138,284,2.9305432748095845,3288
2015-05-19,139,284,2.699877146563288,3312
2015-05-20,140,284,2.477737640100039,3336
2015-05-21,141,284,2.463288243000544,3360
2015-05-22,142,284,2.597930794891812,3384
2015-05-23,143,284,2.673171223650745,3408
2015-05-24,144,284,2.7931060671122494,3432
2015-05-25,145,284,2.770254766990411,3456
2015-05-26,146,284,2.611507258990559,3480
2015-05-27,147,284,2.6456604798845915,3504
2015-05-28,148,284,2.7955091793675866,3528
2015-05-29,149,284,2.982065426157759,3552
2015-05-30,150,284,2.87979897460437,3576
2015-05-31,151,284,2.9533044313383625,3600
2015-06-01,152,284,3.0305327196749,3624
2015-06-02,153,284,3.123000137279277,3648
2015-06-03,154,284,3.2707481418365765,3672
2015-06-04,155,284,3.3211524335456004,3696
2015-06-05,156,284,3.4997845927529703,3720
2015-06-06,157,284,3.4303090395488067,3744
2015-06-07,158,284,3.2856967097954177,3768
2015-06-08,159,284,3.0374705224104983,3792
2015-06-09,160,284,2.8092805985181677,3816
2015-06-10,161,284,2.899084832640066,3840
2015-06-11,162,284,3.1304804705960314,3864
2015-06-12,163,284,3.2322525307868717,3888
2015-06-13,164,284,3.197782400795511,3912
2015-06-14,165,284,3.026767154219742,3936
2015-06-15,166,284,2.922145395315153,3960
2015-06-16,167,284,2.9155074894005524,3984
2015-06-17,168,284,2.9344287108770697,4008
2015-06-18,169,284,2.8934171742720247,4032
2015-06-19,170,284,2.900329461670893,4056
2015-06-20,171,284,2.7672169363260357,4080
2015-06-21,172,284,2.840158965928272,4104
2015-06-22,173,284,3.000828519740152,4128
2015-06-23,174,284,2.768418018238803,4152
2015-06-24,175,284,2.861123714464556,4176
2015-06-25,176,284,3.0175175007267057,4200
2015-06-26,177,284,3.1377254164880912,4224
2015-06-27,178,284,3.18991732154954,4248
2015-06-28,179,284,3.1835323281413834,4272
2015-06-29,180,284,3.262767154121589,4296
2015-06-30,181,284,3.4318322137665818,4320
2015-07-01,182,284,3.6108097425118175,4344
2015-07-02,183,284,3.7882813642652735,4368
2015-07-03,184,284,3.8435899703789462,4392
2015-07-04,185,284,3.8606091192111545,4416
2015-07-05,186,284,3.8891675999420654,4440
2015-07-06,187,284,3.5976644174325103,4464
2015-07-07,188,284,3.866155870864833,4488
2015-07-08,189,284,3.1785714183851943,4512
2015-07-09,190,284,3.0450879198722967,4536
2015-07-10,191,284,3.1207984240061184,4560
2015-07-11,192,284,3.457014515949853,4584
2015-07-12,193,284,3.380631606690764,4608
2015-07-13,194,284,3.3210227654911337,4632
2015-07-14,195,284,3.407213380708842,4656
2015-07-15,196,284,3.4573121441511794,4680
2015-07-16,197,284,3.67804522400886,4704
2015-07-17,198,284,3.6250496048273684,4728
2015-07-18,199,284,3.4019659515756167,4752
2015-07-19,200,284,3.4909649456128067,4776
2015-07-20,201,284,3.5059673666409434,4800
2015-07-21,202,284,3.682759492177474,4824
2015-07-22,203,284,3.519308981004442,4848
2015-07-23,204,284,3.251823775821288,4872
2015-07-24,205,284,3.358350252518857,4896
2015-07-25,206,284,3.0684861822115237,4920
2015-07-26,207,284,2.9045220052297926,4944
2015-07-27,208,284,3.0998545053624063,4968
2015-07-28,209,284,3.0312393996050537,4992
2015-07-29,210,284,2.8848499066192,5016
2015-07-30,211,284,2.8771126219177545,5040
2015-07-31,212,284,2.989412292405846,5064
2015-08-01,213,284,2.9611144587645466,5088
2015-08-02,214,284,3.137766848099254,5112
2015-08-03,215,284,3.4101881563678,5136
2015-08-04,216,284,3.264734003335405,5160
2015-08-05,217,284,3.3883041930311424,5184
2015-08-06,218,284,3.7459793997108255,5208
2015-08-07,219,284,3.8333578607982015,5232
2015-08-08,220,284,3.647474142834904,5256
2015-08-09,221,284,3.2882905774569333,5280
2015-08-10,222,284,3.261715828370797,5304
2015-08-11,223,284,3.3968661094659978,5328
2015-08-12,224,284,3.534416710390041,5352
2015-08-13,225,284,3.455466212255742,5376
2015-08-14,226,284,3.079249799816283,5400
2015-08-15,227,284,2.8898801932256086,5424
2015-08-16,228,284,2.8378923384677948,5448
2015-08-17,229,284,2.9022560375923754,5472
2015-08-18,230,284,2.8855986680887566,5496
2015-08-19,231,284,2.800215950236313,5520
2015-08-20,232,284,2.907490322445407,5544
2015-08-21,233,284,3.0079111477851592,5568
2015-08-22,234,284,3.0586961441438976,5592
2015-08-23,235,284,3.0195024068366965,5616
2015-08-24,236,284,2.9435484520383195,5640
2015-08-25,237,284,2.8916157850437822,5664
2015-08-26,238,284,3.0745530122142286,5688
2015-08-27,239,284,3.3317331661374143,5712
2015-08-28,240,284,3.4631839611073763,5736
2015-08-29,241,284,3.4681950992528736,5760
2015-08-30,242,284,3.5969788060472405,5784
2015-08-31,243,284,3.505353542671544,5808
2015-09-01,244,284,3.1023878079549587,5832
2015-09-02,245,284,2.9236495062161336,5856
2015-09-03,246,284,2.8543625339818997,5880
2015-09-04,247,284,2.8516412612176114,5904
2015-09-05,248,284,2.6921972041958524,5928
2015-09-06,249,284,2.6679035331133654,5952
2015-09-07,250,284,2.67051472641698,5976
2015-09-08,251,284,2.7242356175797378,6000
2015-09-09,252,284,2.7699468261907136,6024
2015-09-10,253,284,2.6974139773362356,6048
2015-09-11,254,284,2.80812738020296,6072
2015-09-12,255,284,3.0042759960829173,6096
2015-09-13,256,284,2.988039805844147,6120
2015-09-14,257,284,2.8329650998860734,6144
2015-09-15,258,284,2.7882432763941343,6168
2015-09-16,259,284,3.095726882825455,6192
2015-09-17,260,284,2.7730458917585437,6216
2015-09-18,261,284,2.6912614422703065,6240
2015-09-19,262,284,2.7116756113575704,6264
2015-09-20,263,284,2.7226907995415432,6288
2015-09-21,264,284,2.6875434489134045,6312
2015-09-22,265,284,2.725935378459993,6336
2015-09-23,266,284,2.537505566708058,6360
2015-09-24,267,284,2.619864412410875,6384
2015-09-25,268,284,2.648836942378607,6408
2015-09-26,269,284,2.684144705504608,6432
2015-09-27,270,284,2.6752661415775667,6456
2015-09-28,271,284,2.6020581380656704,6480
2015-09-29,272,284,2.5677948940195217,6504
2015-09-30,273,284,2.5261702417444085,6528
2015-10-01,274,284,2.520901970912893,6552
2015-10-02,275,284,2.64592234247272,6576
2015-10-03,276,284,2.7725975872448747,6600
2015-10-04,277,284,2.6869877556164443,6624
2015-10-05,278,284,2.8165510085343644,6648
2015-10-06,279,284,2.8394198608442447,6672
2015-10-07,280,284,2.710000915713948,6696
2015-10-08,281,284,2.634018587855301,6720
2015-10-09,282,284,2.6303289391729487,6744
2015-10-10,283,284,2.581864253885409,6768
2015-10-11,284,284,2.600332433142297,6792
2015-10-12,285,284,2.5987922091066675,6816
2015-10-13,286,284,2.543628440473304,6840
2015-10-14,287,284,2.3962047820994608,6864
2015-10-15,288,284,2.3339393032459648,6888
2015-10-16,289,284,2.3385225449594094,6912
2015-10-17,290,284,2.3713691058855377,6936
2015-10-18,291,284,2.441370652041132,6960
2015-10-19,292,284,2.4229013029917468,6984
2015-10-20,293,284,2.386103878028224,7008
2015-10-21,294,284,2.3779574005194792,7032
2015-10-22,295,284,2.447073277245784,7056
2015-10-23,296,284,2.558277812719865,7080
2015-10-24,297,284,2.640003667232768,7104
2015-10-25,298,284,2.6452611732035485,7128
2015-10-26,299,284,2.5584236486522483,7152
2015-10-27,300,284,2.5425154806312285,7176
2015-10-28,301,284,2.636233976251655,7200
2015-10-29,302,284,2.5550647821492203,7224
2015-10-30,303,284,2.576028243022885,7248
2015-10-31,304,284,2.543552368738632,7272
2015-11-01,305,284,2.5263761235655955,7296
2015-11-02,306,284,2.460587394947911,7320
2015-11-03,307,284,2.5302632735247617,7344
2015-11-04,308,284,2.6228108512458177,7368
2015-11-05,309,284,2.5871560256528574,7392
2015-11-06,310,284,2.7018256077491776,7416
2015-11-07,311,284,2.746241892385495,7440
2015-11-08,312,284,2.7369599756103344,7464
2015-11-09,313,284,2.795590905079447,7488
2015-11-10,314,284,2.642980635784632,7512
2015-11-11,315,284,2.528649642129401,7536
2015-11-12,316,284,2.4745913134532995,7560
2015-11-13,317,284,2.5244106789722416,7584
2015-11-14,318,284,2.5565712508757032,7608
2015-11-15,319,284,2.6912557285325103,7632
2015-11-16,320,284,2.63630181919791,7656
2015-11-17,321,284,2.6289697089598696,7680
2015-11-18,322,284,2.688519733986668,7704
2015-11-19,323,284,2.6712024928965517,7728
2015-11-20,324,284,2.657596081939705,7752
2015-11-21,325,284,2.2625746033446212,7776
2015-11-22,326,284,2.189048941121478,7800
2015-11-23,327,284,2.1266372709582577,7824
2015-11-24,328,284,2.1088104961175773,7848
2015-11-25,329,284,2.2379965568341635,7872
2015-11-26,330,284,2.226603277131494,7896
2015-11-27,331,284,2.165303132166183,7920
2015-11-28,332,284,2.185814062406953,7944
2015-11-29,333,284,2.305933682328692,7968
2015-11-30,334,284,2.4716728290763776,7992
2015-12-01,335,284,2.426418864917402,8016
2015-12-02,336,284,2.3195702705827665,8040
2015-12-03,337,284,2.2744753244604285,8064
2015-12-04,338,284,2.347186849109224,8088
2015-12-05,339,284,2.355898825023804,8112
2015-12-06,340,284,2.3864728740208774,8136
2015-12-07,341,284,2.3960196655493298,8160
2015-12-08,342,284,2.351159000947543,8184
2015-12-09,343,284,2.3696498572202804,8208
2015-12-10,344,284,2.2129596333525696,8232
2015-12-11,345,284,2.2987401215465466,8256
2015-12-12,346,284,2.2929647457828217,8280
2015-12-13,347,284,2.244054558912228,8304
2015-12-14,348,284,2.254401675256278,8328
2015-12-15,349,284,2.3249199212976674,8352
2015-12-16,350,284,2.4781178642381243,8376
2015-12-17,351,284,2.460686280368071,8400
2015-12-18,352,284,2.4769242127736675,8424
2015-12-19,353,284,2.4702312000324302,8448
2015-12-20,354,284,2.4433156983197604,8472
2015-12-21,355,284,2.473860890871141,8496
2015-12-22,356,284,2.435340116159068,8520
2015-12-23,357,284,2.4322487345481254,8544
2015-12-24,358,284,2.42945836596162,8568
2015-12-25,359,284,2.4311192754411266,8592
2015-12-26,360,284,2.3488476047523164,8616
2015-12-27,361,284,2.3692273480918686,8640
2015-12-28,362,284,2.3234046525858703,8664
2015-12-29,363,284,2.3484892246056166,8688
2015-12-30,364,284,2.2808560765351773,8712
2015-12-31,365,284,2.3485547632314967,8736
2015-01-01,1,285,2.0826342506210453,0
2015-01-02,2,285,2.1985733587216028,24
2015-01-03,3,285,2.3655098746014667,48
2015-01-04,4,285,2.373203451774045,72
2015-01-05,5,285,2.1865524568964663,96
2015-01-06,6,285,2.183068110078328,120
2015-01-07,7,285,2.232243256553049,144
2015-01-08,8,285,2.3647356526348733,168
2015-01-09,9,285,2.499086290101607,192
2015-01-10,10,285,2.75633594427316,216
2015-01-11,11,285,2.4049401131554933,240
2015-01-12,12,285,2.31871198517294,264
2015-01-13,13,285,2.423893868927168,288
2015-01-14,14,285,2.4436700203704222,312
2015-01-15,15,285,2.4046420457559754,336
2015-01-16,16,285,2.4219762514255665,360
2015-01-17,17,285,2.2628353262955083,384
2015-01-18,18,285,2.1878927069432264,408
2015-01-19,19,285,2.2121307324799457,432
2015-01-20,20,285,2.239082736947703,456
2015-01-21,21,285,2.229659202070508,480
2015-01-22,22,285,2.2282133548161487,504
2015-01-23,23,285,2.224894871596536,528
2015-01-24,24,285,2.229818328447166,552
2015-01-25,25,285,2.197843267747232,576
2015-01-26,26,285,2.1616237903611526,600
2015-01-27,27,285,2.2455345577391648,624
2015-01-28,28,285,2.2203641985665663,648
2015-01-29,29,285,2.2798601380830346,672
2015-01-30,30,285,2.2335704076016,696
2015-01-31,31,285,2.2141960494205164,720
2015-02-01,32,285,2.2045305946840767,744
2015-02-02,33,285,2.202268102601737,768
2015-02-03,34,285,2.1204858503437154,792
2015-02-04,35,285,2.119283237440659,816
2015-02-05,36,285,2.11807265823276,840
2015-02-06,37,285,2.1295456249948863,864
2015-02-07,38,285,2.093656016773144,888
2015-02-08,39,285,2.1103052053781632,912
2015-02-09,40,285,2.131629412585096,936
2015-02-10,41,285,2.15807162809322,960
2015-02-11,42,285,2.1642578655612104,984
2015-02-12,43,285,2.166915949685786,1008
2015-02-13,44,285,2.215048611722602,1032
2015-02-14,45,285,2.3056711832308268,1056
2015-02-15,46,285,2.258894473190558,1080
2015-02-16,47,285,2.210143576330571,1104
2015-02-17,48,285,2.2194210774750958,1128
2015-02-18,49,285,2.2076688189890388,1152
2015-02-19,50,285,2.2390138325495745,1176
2015-02-20,51,285,2.330976200210472,1200
2015-02-21,52,285,2.298659352647797,1224
2015-02-22,53,285,2.2503386211421854,1248
2015-02-23,54,285,2.258980268617941,1272
2015-02-24,55,285,2.3177438654129903,1296
2015-02-25,56,285,2.3025215762996964,1320
2015-02-26,57,285,2.2721031879267586,1344
2015-02-27,58,285,2.3004871292390887,1368
2015-02-28,59,285,2.293836899931732,1392
2015-03-01,60,285,2.393664358634765,1416
2015-03-02,61,285,2.496180258239096,1440
2015-03-03,62,285,2.429261681481432,1464
2015-03-04,63,285,2.3296205288687606,1488
2015-03-05,64,285,2.29426288267833,1512
2015-03-06,65,285,2.2990158982929128,1536
2015-03-07,66,285,2.3420141041476144,1560
2015-03-08,67,285,2.4365508487995275,1584
2015-03-09,68,285,2.5059214366037272,1608
2015-03-10,69,285,2.5262408818962685,1632
2015-03-11,70,285,2.5275245601356735,1656
2015-03-12,71,285,2.3924458214466884,1680
2015-03-13,72,285,2.3638706567031957,1704
2015-03-14,73,285,2.3594835650091426,1728
2015-03-15,74,285,2.3659942775767417,1752
2015-03-16,75,285,2.5195870369017346,1776
2015-03-17,76,285,2.5994538280233597,1800
2015-03-18,77,285,2.656416744827347,1824
2015-03-19,78,285,2.6221249824035384,1848
2015-03-20,79,285,2.557878557716704,1872
2015-03-21,80,285,2.4958257133497863,1896
2015-03-22,81,285,2.401355635033457,1920
2015-03-23,82,285,2.489601901287494,1944
2015-03-24,83,285,2.5857411591703867,1968
2015-03-25,84,285,2.514443699193789,1992
2015-03-26,85,285,2.4281856838032567,2016
2015-03-27,86,285,2.483531949568698,2040
2015-03-28,87,285,2.486167351493928,2064
2015-03-29,88,285,2.5999856575434284,2088
2015-03-30,89,285,2.628895609158638,2112
2015-03-31,90,285,2.6970202396435203,2136
2015-04-01,91,285,2.4191374197294637,2160
2015-04-02,92,285,2.4137083763060323,2184
2015-04-03,93,285,2.4213051183694385,2208
2015-04-04,94,285,2.4242218206098927,2232
2015-04-05,95,285,2.350788285569767,2256
2015-04-06,96,285,2.3483790571846987,2280
2015-04-07,97,285,2.3980777415343644,2304
2015-04-08,98,285,2.5106645854948337,2328
2015-04-09,99,285,2.6645051700136446,2352
2015-04-10,100,285,2.824511466896949,2376
2015-04-11,101,285,2.7513186555732214,2400
2015-04-12,102,285,2.791720427897474,2424
2015-04-13,103,285,2.8444927149049004,2448
2015-04-14,104,285,2.8279434818421114,2472
2015-04-15,105,285,2.896691730214379,2496
2015-04-16,106,285,2.8629410719753534,2520
2015-04-17,107,285,2.74270593544696,2544
2015-04-18,108,285,2.5710617285776483,2568
2015-04-19,109,285,2.592828797696745,2592
2015-04-20,110,285,2.6940717733817268,2616
2015-04-21,111,285,2.7919609568259025,2640
2015-04-22,112,285,2.86898323548894,2664
2015-04-23,113,285,2.7335152887885568,2688
2015-04-24,114,285,2.807994351187815,2712
2015-04-25,115,285,2.8224709679403475,2736
2015-04-26,116,285,2.877584724879899,2760
2015-04-27,117,285,2.8955563688004315,2784
2015-04-28,118,285,2.531899831596818,2808
2015-04-29,119,285,2.5816311317767515,2832
2015-04-30,120,285,2.731294105058065,2856
2015-05-01,121,285,2.708046057003909,2880
2015-05-02,122,285,2.8283856584470426,2904
2015-05-03,123,285,2.91439525481258,2928
2015-05-04,124,285,3.0283200984183507,2952
2015-05-05,125,285,3.0629254229774867,2976
2015-05-06,126,285,2.853053320632206,3000
2015-05-07,127,285,2.81684022427504,3024
2015-05-08,128,285,2.8703097092809884,3048
2015-05-09,129,285,2.9269539194562917,3072
2015-05-10,130,285,2.936709949859432,3096
2015-05-11,131,285,3.0764802868075294,3120
2015-05-12,132,285,3.3087916672502033,3144
2015-05-13,133,285,3.3654957721958083,3168
2015-05-14,134,285,3.137860789566973,3192
2015-05-15,135,285,2.5474015306904247,3216
2015-05-16,136,285,2.8083707104646582,3240
2015-05-17,137,285,2.9345300340534584,3264
2015-05-18,138,285,3.0178693588570047,3288
2015-05-19,139,285,2.800249261352141,3312
2015-05-20,140,285,2.5834512261360203,3336
2015-05-21,141,285,2.5539810195808506,3360
2015-05-22,142,285,2.6962103862064297,3384
2015-05-23,143,285,2.7808239560855323,3408
2015-05-24,144,285,2.9014657681748344,3432
2015-05-25,145,285,2.8683025659439627,3456
2015-05-26,146,285,2.7212836558402507,3480
2015-05-27,147,285,2.7406321578795385,3504
2015-05-28,148,285,2.874037534181623,3528
2015-05-29,149,285,3.072560610779556,3552
2015-05-30,150,285,2.9984593906634927,3576
2015-05-31,151,285,3.0599180265973707,3600
2015-06-01,152,285,3.1247387005979177,3624
2015-06-02,153,285,3.2385879352300524,3648
2015-06-03,154,285,3.3727052209798325,3672
2015-06-04,155,285,3.4254485472929885,3696
2015-06-05,156,285,3.600582498786453,3720
2015-06-06,157,285,3.565320196778296,3744
2015-06-07,158,285,3.4197926666308938,3768
2015-06-08,159,285,3.1408754750062853,3792
2015-06-09,160,285,2.9036287918671726,3816
2015-06-10,161,285,2.99871050751622,3840
2015-06-11,162,285,3.2332578327834853,3864
2015-06-12,163,285,3.348374966295166,3888
2015-06-13,164,285,3.3291644937845777,3912
2015-06-14,165,285,3.1516604573893434,3936
2015-06-15,166,285,3.024506772126633,3960
2015-06-16,167,285,3.0343598083880816,3984
2015-06-17,168,285,3.053897383067788,4008
2015-06-18,169,285,2.9875577467554995,4032
2015-06-19,170,285,3.015084748621667,4056
2015-06-20,171,285,2.8637163191862185,4080
2015-06-21,172,285,2.9342360758357566,4104
2015-06-22,173,285,3.1103227037328622,4128
2015-06-23,174,285,2.8870759052278374,4152
2015-06-24,175,285,2.9615488555582234,4176
2015-06-25,176,285,3.1044319205011344,4200
2015-06-26,177,285,3.2360298099802596,4224
2015-06-27,178,285,3.2873096333416383,4248
2015-06-28,179,285,3.3005958609190964,4272
2015-06-29,180,285,3.354141339474217,4296
2015-06-30,181,285,3.5291712732464413,4320
2015-07-01,182,285,3.701579373279309,4344
2015-07-02,183,285,3.885371839399569,4368
2015-07-03,184,285,3.9678839278852953,4392
2015-07-04,185,285,4.0236986234375145,4416
2015-07-05,186,285,4.0458767011036265,4440
2015-07-06,187,285,3.7619486791355294,4464
2015-07-07,188,285,4.010436502669168,4488
2015-07-08,189,285,3.3363162237165893,4512
2015-07-09,190,285,3.1973317096221514,4536
2015-07-10,191,285,3.23067161178611,4560
2015-07-11,192,285,3.5639256619264352,4584
2015-07-12,193,285,3.523448834731066,4608
2015-07-13,194,285,3.4727753471499643,4632
2015-07-14,195,285,3.5580369079283014,4656
2015-07-15,196,285,3.5933193547924707,4680
2015-07-16,197,285,3.7889856737711263,4704
2015-07-17,198,285,3.7729590915809736,4728
2015-07-18,199,285,3.517846549804704,4752
2015-07-19,200,285,3.6530973102489694,4776
2015-07-20,201,285,3.6763505239688734,4800
2015-07-21,202,285,3.8386772312433375,4824
2015-07-22,203,285,3.678587696151867,4848
2015-07-23,204,285,3.402161874873529,4872
2015-07-24,205,285,3.4960342624681835,4896
2015-07-25,206,285,3.2173611367067623,4920
2015-07-26,207,285,3.0268835568829267,4944
2015-07-27,208,285,3.227443430638321,4968
2015-07-28,209,285,3.1724864321530384,4992
2015-07-29,210,285,2.979011013544925,5016
2015-07-30,211,285,2.9961888975927944,5040
2015-07-31,212,285,3.1008294180694054,5064
2015-08-01,213,285,3.0501848040733126,5088
2015-08-02,214,285,3.2569499848445767,5112
2015-08-03,215,285,3.4961371283404663,5136
2015-08-04,216,285,3.3666807326843786,5160
2015-08-05,217,285,3.506029114529692,5184
2015-08-06,218,285,3.8361015882199374,5208
2015-08-07,219,285,3.936820722591622,5232
2015-08-08,220,285,3.8200255093118147,5256
2015-08-09,221,285,3.442932026213472,5280
2015-08-10,222,285,3.4191073427563516,5304
2015-08-11,223,285,3.5414871782779502,5328
2015-08-12,224,285,3.67084936210302,5352
2015-08-13,225,285,3.589236744093681,5376
2015-08-14,226,285,3.2020580559063188,5400
2015-08-15,227,285,3.0126463639038836,5424
2015-08-16,228,285,2.952834685359629,5448
2015-08-17,229,285,3.0234501392265867,5472
2015-08-18,230,285,3.0064866279495006,5496
2015-08-19,231,285,2.917127646823542,5520
2015-08-20,232,285,3.0078318765845222,5544
2015-08-21,233,285,3.10913515994718,5568
2015-08-22,234,285,3.1539966755431195,5592
2015-08-23,235,285,3.106622123247312,5616
2015-08-24,236,285,3.0387103608923898,5640
2015-08-25,237,285,2.9929969223039317,5664
2015-08-26,238,285,3.1282395221693067,5688
2015-08-27,239,285,3.415210813307435,5712
2015-08-28,240,285,3.565007174951972,5736
2015-08-29,241,285,3.565761584029832,5760
2015-08-30,242,285,3.688639511752122,5784
2015-08-31,243,285,3.622483673031077,5808
2015-09-01,244,285,3.202285885686924,5832
2015-09-02,245,285,3.062424247201041,5856
2015-09-03,246,285,2.9709839136291802,5880
2015-09-04,247,285,2.973794298994908,5904
2015-09-05,248,285,2.8167141985674577,5928
2015-09-06,249,285,2.7621976512253528,5952
2015-09-07,250,285,2.759203411881709,5976
2015-09-08,251,285,2.8198903942429023,6000
2015-09-09,252,285,2.8691590489226506,6024
2015-09-10,253,285,2.7905454144525192,6048
2015-09-11,254,285,2.8810767121087744,6072
2015-09-12,255,285,3.1125817246460974,6096
2015-09-13,256,285,3.0944068433584784,6120
2015-09-14,257,285,2.9336016427388047,6144
2015-09-15,258,285,2.8880818550207166,6168
2015-09-16,259,285,3.1352629073235008,6192
2015-09-17,260,285,2.8559809647937167,6216
2015-09-18,261,285,2.767927981389424,6240
2015-09-19,262,285,2.790811776974208,6264
2015-09-20,263,285,2.8177586228407634,6288
2015-09-21,264,285,2.755695522944221,6312
2015-09-22,265,285,2.7999239070279733,6336
2015-09-23,266,285,2.6315829581190084,6360
2015-09-24,267,285,2.7069530164809295,6384
2015-09-25,268,285,2.726111140790528,6408
2015-09-26,269,285,2.7768132442668176,6432
2015-09-27,270,285,2.7935564489562315,6456
2015-09-28,271,285,2.695170633784563,6480
2015-09-29,272,285,2.66979720063808,6504
2015-09-30,273,285,2.6107103969037,6528
2015-10-01,274,285,2.596462840275569,6552
2015-10-02,275,285,2.701832244602356,6576
2015-10-03,276,285,2.8510520315907533,6600
2015-10-04,277,285,2.7693600411660286,6624
2015-10-05,278,285,2.866690620377668,6648
2015-10-06,279,285,2.9006294938513704,6672
2015-10-07,280,285,2.8140525955834867,6696
2015-10-08,281,285,2.7237770468383222,6720
2015-10-09,282,285,2.7169613987984045,6744
2015-10-10,283,285,2.6626112848572463,6768
2015-10-11,284,285,2.705868076855268,6792
2015-10-12,285,285,2.664899750433136,6816
2015-10-13,286,285,2.6027483856909646,6840
2015-10-14,287,285,2.4783009661494018,6864
2015-10-15,288,285,2.411810892821518,6888
2015-10-16,289,285,2.415467092233015,6912
2015-10-17,290,285,2.428553121240036,6936
2015-10-18,291,285,2.492505888500803,6960
2015-10-19,292,285,2.491279309887993,6984
2015-10-20,293,285,2.4526904197822263,7008
2015-10-21,294,285,2.4504582708300098,7032
2015-10-22,295,285,2.5120982299088657,7056
2015-10-23,296,285,2.6279375915846424,7080
2015-10-24,297,285,2.6755966724258653,7104
2015-10-25,298,285,2.690588943095655,7128
2015-10-26,299,285,2.6068618873696687,7152
2015-10-27,300,285,2.585941229049967,7176
2015-10-28,301,285,2.6753279231023264,7200
2015-10-29,302,285,2.636648258218163,7224
2015-10-30,303,285,2.631753462966776,7248
2015-10-31,304,285,2.595399383405113,7272
2015-11-01,305,285,2.5465866300164013,7296
2015-11-02,306,285,2.493306816101819,7320
2015-11-03,307,285,2.5159654064105967,7344
2015-11-04,308,285,2.594343820799983,7368
2015-11-05,309,285,2.6003315864308783,7392
2015-11-06,310,285,2.7106998890880742,7416
2015-11-07,311,285,2.7747951329837783,7440
2015-11-08,312,285,2.7317235121639385,7464
2015-11-09,313,285,2.7950124216623906,7488
2015-11-10,314,285,2.673596515472496,7512
2015-11-11,315,285,2.5258057614534115,7536
2015-11-12,316,285,2.475535315376032,7560
2015-11-13,317,285,2.5322975979065534,7584
2015-11-14,318,285,2.61379357258099,7608
2015-11-15,319,285,2.7118963231244697,7632
2015-11-16,320,285,2.6364203866638007,7656
2015-11-17,321,285,2.6731288910567166,7680
2015-11-18,322,285,2.7667568908667013,7704
2015-11-19,323,285,2.7567795293666566,7728
2015-11-20,324,285,2.7277550057971816,7752
2015-11-21,325,285,2.337041687869854,7776
2015-11-22,326,285,2.258573173059564,7800
2015-11-23,327,285,2.2086776431837154,7824
2015-11-24,328,285,2.1838792270598213,7848
2015-11-25,329,285,2.2859643948698154,7872
2015-11-26,330,285,2.2976848489962736,7896
2015-11-27,331,285,2.2457077439253963,7920
2015-11-28,332,285,2.2431720167198708,7944
2015-11-29,333,285,2.3637315263400653,7968
2015-11-30,334,285,2.547088323881333,7992
2015-12-01,335,285,2.5023889482284303,8016
2015-12-02,336,285,2.327573050597356,8040
2015-12-03,337,285,2.2604055904351075,8064
2015-12-04,338,285,2.3367849244438865,8088
2015-12-05,339,285,2.3743884616630293,8112
2015-12-06,340,285,2.3929150640980685,8136
2015-12-07,341,285,2.36860968136404,8160
2015-12-08,342,285,2.3358638822871574,8184
2015-12-09,343,285,2.412487506456208,8208
2015-12-10,344,285,2.2630697317854858,8232
2015-12-11,345,285,2.2944272631350526,8256
2015-12-12,346,285,2.318098230085824,8280
2015-12-13,347,285,2.25150654915389,8304
2015-12-14,348,285,2.231049994570533,8328
2015-12-15,349,285,2.296134714883578,8352
2015-12-16,350,285,2.4832920508527416,8376
2015-12-17,351,285,2.474529269224523,8400
2015-12-18,352,285,2.464131983996625,8424
2015-12-19,353,285,2.430447096104352,8448
2015-12-20,354,285,2.400766823275141,8472
2015-12-21,355,285,2.5040423240867686,8496
2015-12-22,356,285,2.4651036501169283,8520
2015-12-23,357,285,2.4673792082119346,8544
2015-12-24,358,285,2.436173360749454,8568
2015-12-25,359,285,2.432366170799321,8592
2015-12-26,360,285,2.3339564270237987,8616
2015-12-27,361,285,2.3088811300943863,8640
2015-12-28,362,285,2.252463379067132,8664
2015-12-29,363,285,2.290962372417693,8688
2015-12-30,364,285,2.2991607686287514,8712
2015-12-31,365,285,2.3676614091267973,8736
2015-01-01,1,286,2.0700665944628827,0
2015-01-02,2,286,2.190449710732988,24
2015-01-03,3,286,2.367866889480044,48
2015-01-04,4,286,2.3661914255954,72
2015-01-05,5,286,2.171147623337085,96
2015-01-06,6,286,2.162248513280423,120
2015-01-07,7,286,2.2298152096807446,144
2015-01-08,8,286,2.3661118611407974,168
2015-01-09,9,286,2.5102012551264057,192
2015-01-10,10,286,2.7857183253461355,216
2015-01-11,11,286,2.4069964220386812,240
2015-01-12,12,286,2.309199844837852,264
2015-01-13,13,286,2.3955483091545906,288
2015-01-14,14,286,2.44645018962369,312
2015-01-15,15,286,2.3712717223568065,336
2015-01-16,16,286,2.394140257900152,360
2015-01-17,17,286,2.2570047600508705,384
2015-01-18,18,286,2.185364040409866,408
2015-01-19,19,286,2.213110426822863,432
2015-01-20,20,286,2.2409126089044404,456
2015-01-21,21,286,2.232153940022743,480
2015-01-22,22,286,2.227569598093861,504
2015-01-23,23,286,2.22480230266744,528
2015-01-24,24,286,2.229226731982839,552
2015-01-25,25,286,2.1944239632856384,576
2015-01-26,26,286,2.1597678846186,600
2015-01-27,27,286,2.2481023151258617,624
2015-01-28,28,286,2.2192223978285748,648
2015-01-29,29,286,2.2816134769129217,672
2015-01-30,30,286,2.23533870874623,696
2015-01-31,31,286,2.2216033586226422,720
2015-02-01,32,286,2.2095327927800925,744
2015-02-02,33,286,2.206154854875757,768
2015-02-03,34,286,2.1247971281416107,792
2015-02-04,35,286,2.1194979867650634,816
2015-02-05,36,286,2.1186673376280014,840
2015-02-06,37,286,2.1307699318372726,864
2015-02-07,38,286,2.084105402430461,888
2015-02-08,39,286,2.0937600603387425,912
2015-02-09,40,286,2.118081442913825,936
2015-02-10,41,286,2.1471717507840005,960
2015-02-11,42,286,2.152569480632596,984
2015-02-12,43,286,2.1534418858359303,1008
2015-02-13,44,286,2.1986658265617107,1032
2015-02-14,45,286,2.2849975301396155,1056
2015-02-15,46,286,2.2526752765562597,1080
2015-02-16,47,286,2.2059197733078872,1104
2015-02-17,48,286,2.215192147286006,1128
2015-02-18,49,286,2.20119872974962,1152
2015-02-19,50,286,2.2390508159710287,1176
2015-02-20,51,286,2.3081795384653536,1200
2015-02-21,52,286,2.2842131467395177,1224
2015-02-22,53,286,2.2469670401528763,1248
2015-02-23,54,286,2.254027795367412,1272
2015-02-24,55,286,2.3197581479547056,1296
2015-02-25,56,286,2.301852600388879,1320
2015-02-26,57,286,2.264482780787526,1344
2015-02-27,58,286,2.2981079840403447,1368
2015-02-28,59,286,2.2917601553761124,1392
2015-03-01,60,286,2.3923929909755666,1416
2015-03-02,61,286,2.49910437271838,1440
2015-03-03,62,286,2.4302408517360163,1464
2015-03-04,63,286,2.3289970576063954,1488
2015-03-05,64,286,2.29167814676026,1512
2015-03-06,65,286,2.290823747141239,1536
2015-03-07,66,286,2.3313420198795907,1560
2015-03-08,67,286,2.4257414273518627,1584
2015-03-09,68,286,2.496293949847269,1608
2015-03-10,69,286,2.516170883926124,1632
2015-03-11,70,286,2.530078377787415,1656
2015-03-12,71,286,2.3869617882795224,1680
2015-03-13,72,286,2.361124380645286,1704
2015-03-14,73,286,2.3548281626377783,1728
2015-03-15,74,286,2.3615388458322366,1752
2015-03-16,75,286,2.5000966534055875,1776
2015-03-17,76,286,2.5868895027514625,1800
2015-03-18,77,286,2.6504958295466947,1824
2015-03-19,78,286,2.6199525774269894,1848
2015-03-20,79,286,2.551679888346684,1872
2015-03-21,80,286,2.4908890400488675,1896
2015-03-22,81,286,2.398158599816107,1920
2015-03-23,82,286,2.493455370571086,1944
2015-03-24,83,286,2.570691351219592,1968
2015-03-25,84,286,2.503632579514985,1992
2015-03-26,85,286,2.4251356194269724,2016
2015-03-27,86,286,2.4854877173074703,2040
2015-03-28,87,286,2.482091391852625,2064
2015-03-29,88,286,2.6098111494140794,2088
2015-03-30,89,286,2.6335737664673475,2112
2015-03-31,90,286,2.7047903413425054,2136
2015-04-01,91,286,2.4185132637341527,2160
2015-04-02,92,286,2.419227403445573,2184
2015-04-03,93,286,2.4114619128226282,2208
2015-04-04,94,286,2.421018980418653,2232
2015-04-05,95,286,2.3454975773452578,2256
2015-04-06,96,286,2.342160537888617,2280
2015-04-07,97,286,2.388459979755494,2304
2015-04-08,98,286,2.5009982813988207,2328
2015-04-09,99,286,2.6582965873437088,2352
2015-04-10,100,286,2.8119478207361484,2376
2015-04-11,101,286,2.7635896552646493,2400
2015-04-12,102,286,2.788226723609916,2424
2015-04-13,103,286,2.835274056318988,2448
2015-04-14,104,286,2.8162165042415275,2472
2015-04-15,105,286,2.8793501093806433,2496
2015-04-16,106,286,2.8521321328058704,2520
2015-04-17,107,286,2.7449332483953475,2544
2015-04-18,108,286,2.5716977598666992,2568
2015-04-19,109,286,2.598839682283514,2592
2015-04-20,110,286,2.689083989265648,2616
2015-04-21,111,286,2.790268015012284,2640
2015-04-22,112,286,2.8652751068261955,2664
2015-04-23,113,286,2.7356073187432743,2688
2015-04-24,114,286,2.800945381516441,2712
2015-04-25,115,286,2.8201836278457373,2736
2015-04-26,116,286,2.876036543695585,2760
2015-04-27,117,286,2.90103988731334,2784
2015-04-28,118,286,2.5298902091027693,2808
2015-04-29,119,286,2.580154605569784,2832
2015-04-30,120,286,2.7325789026711624,2856
2015-05-01,121,286,2.7115709403885093,2880
2015-05-02,122,286,2.834499940293968,2904
2015-05-03,123,286,2.9185986387006437,2928
2015-05-04,124,286,3.0309332975242205,2952
2015-05-05,125,286,3.0468948936107343,2976
2015-05-06,126,286,2.8605486839339083,3000
2015-05-07,127,286,2.815449437232324,3024
2015-05-08,128,286,2.877955471387088,3048
2015-05-09,129,286,2.935060040413192,3072
2015-05-10,130,286,2.940646396536194,3096
2015-05-11,131,286,3.076977293032744,3120
2015-05-12,132,286,3.3025517483701163,3144
2015-05-13,133,286,3.386795535875478,3168
2015-05-14,134,286,3.1399535114995434,3192
2015-05-15,135,286,2.5453852865509794,3216
2015-05-16,136,286,2.8064061088296435,3240
2015-05-17,137,286,2.9381013055686034,3264
2015-05-18,138,286,3.0184660562684504,3288
2015-05-19,139,286,2.7931272344794222,3312
2015-05-20,140,286,2.5850373716913966,3336
2015-05-21,141,286,2.5584898883982383,3360
2015-05-22,142,286,2.6973783559399136,3384
2015-05-23,143,286,2.7776502289245424,3408
2015-05-24,144,286,2.9068816827265067,3432
2015-05-25,145,286,2.8695646313942937,3456
2015-05-26,146,286,2.7223886500884507,3480
2015-05-27,147,286,2.7281891257495285,3504
2015-05-28,148,286,2.8730768449462922,3528
2015-05-29,149,286,3.076837680363932,3552
2015-05-30,150,286,3.001641070240693,3576
2015-05-31,151,286,3.0650679309831497,3600
2015-06-01,152,286,3.133499233262109,3624
2015-06-02,153,286,3.2448847587418075,3648
2015-06-03,154,286,3.366428227168421,3672
2015-06-04,155,286,3.4282313264430297,3696
2015-06-05,156,286,3.6060165566853546,3720
2015-06-06,157,286,3.574342742016701,3744
2015-06-07,158,286,3.4370942970010128,3768
2015-06-08,159,286,3.1391082643145563,3792
2015-06-09,160,286,2.8959727583791937,3816
2015-06-10,161,286,2.99788809424981,3840
2015-06-11,162,286,3.241145670954473,3864
2015-06-12,163,286,3.3367756419534933,3888
2015-06-13,164,286,3.336941949578224,3912
2015-06-14,165,286,3.1675643205610746,3936
2015-06-15,166,286,3.0278443955488794,3960
2015-06-16,167,286,3.0396855242614875,3984
2015-06-17,168,286,3.0518636757575552,4008
2015-06-18,169,286,2.9818893521178436,4032
2015-06-19,170,286,3.019220512650047,4056
2015-06-20,171,286,2.872371693044953,4080
2015-06-21,172,286,2.9289872486601762,4104
2015-06-22,173,286,3.1137206802957844,4128
2015-06-23,174,286,2.8875405258431943,4152
2015-06-24,175,286,2.9524097256906323,4176
2015-06-25,176,286,3.102217290275071,4200
2015-06-26,177,286,3.237491116853497,4224
2015-06-27,178,286,3.2959109716956387,4248
2015-06-28,179,286,3.301353744818743,4272
2015-06-29,180,286,3.346916257028638,4296
2015-06-30,181,286,3.5219560876941682,4320
2015-07-01,182,286,3.6942836649752175,4344
2015-07-02,183,286,3.883206013763538,4368
2015-07-03,184,286,3.975601165859635,4392
2015-07-04,185,286,4.018337506489924,4416
2015-07-05,186,286,4.0672941743386035,4440
2015-07-06,187,286,3.7705460834968036,4464
2015-07-07,188,286,4.034407701939108,4488
2015-07-08,189,286,3.3422914510207864,4512
2015-07-09,190,286,3.19544088489506,4536
2015-07-10,191,286,3.2306647019329287,4560
2015-07-11,192,286,3.5577303479466376,4584
2015-07-12,193,286,3.520638587340085,4608
2015-07-13,194,286,3.471326109360795,4632
2015-07-14,195,286,3.558689459786616,4656
2015-07-15,196,286,3.5911623945247806,4680
2015-07-16,197,286,3.780759112161907,4704
2015-07-17,198,286,3.758633338514648,4728
2015-07-18,199,286,3.5103257009727917,4752
2015-07-19,200,286,3.660708208615057,4776
2015-07-20,201,286,3.691246653001703,4800
2015-07-21,202,286,3.8488683864697433,4824
2015-07-22,203,286,3.684466440681588,4848
2015-07-23,204,286,3.4090651937499503,4872
2015-07-24,205,286,3.5100491416731026,4896
2015-07-25,206,286,3.2140722828173782,4920
2015-07-26,207,286,3.0206342344155925,4944
2015-07-27,208,286,3.2362454738557593,4968
2015-07-28,209,286,3.1765369274206363,4992
2015-07-29,210,286,2.9711481442353422,5016
2015-07-30,211,286,2.996477902370048,5040
2015-07-31,212,286,3.1047767126618697,5064
2015-08-01,213,286,3.0571354779384636,5088
2015-08-02,214,286,3.269051958400272,5112
2015-08-03,215,286,3.4913026343114404,5136
2015-08-04,216,286,3.36425739427708,5160
2015-08-05,217,286,3.5201902663559377,5184
2015-08-06,218,286,3.8204470639136607,5208
2015-08-07,219,286,3.943648117590332,5232
2015-08-08,220,286,3.861124246826111,5256
2015-08-09,221,286,3.477936808417532,5280
2015-08-10,222,286,3.4388380341456406,5304
2015-08-11,223,286,3.557376262719292,5328
2015-08-12,224,286,3.674088641651432,5352
2015-08-13,225,286,3.601157804532864,5376
2015-08-14,226,286,3.209875743731452,5400
2015-08-15,227,286,3.0192291045319264,5424
2015-08-16,228,286,2.9537313919491406,5448
2015-08-17,229,286,3.021370502723962,5472
2015-08-18,230,286,3.011658610384788,5496
2015-08-19,231,286,2.9172667832731825,5520
2015-08-20,232,286,3.0089795416751053,5544
2015-08-21,233,286,3.1086141353454817,5568
2015-08-22,234,286,3.1538800975723804,5592
2015-08-23,235,286,3.0978847222205683,5616
2015-08-24,236,286,3.0369314285865614,5640
2015-08-25,237,286,2.994511505945741,5664
2015-08-26,238,286,3.1243591957340437,5688
2015-08-27,239,286,3.4035758627348445,5712
2015-08-28,240,286,3.5721923569274887,5736
2015-08-29,241,286,3.58352063040678,5760
2015-08-30,242,286,3.6919327151217782,5784
2015-08-31,243,286,3.6153348072231424,5808
2015-09-01,244,286,3.1965132966798264,5832
2015-09-02,245,286,3.067479663167372,5856
2015-09-03,246,286,2.9778312963610296,5880
2015-09-04,247,286,2.977085048959589,5904
2015-09-05,248,286,2.8240521946128965,5928
2015-09-06,249,286,2.7687736322961944,5952
2015-09-07,250,286,2.754199217781497,5976
2015-09-08,251,286,2.8227786049447983,6000
2015-09-09,252,286,2.8688155350616094,6024
2015-09-10,253,286,2.782644282062001,6048
2015-09-11,254,286,2.880842112203964,6072
2015-09-12,255,286,3.113203391631873,6096
2015-09-13,256,286,3.092411152558121,6120
2015-09-14,257,286,2.9412424464630003,6144
2015-09-15,258,286,2.8882886867388926,6168
2015-09-16,259,286,3.0803228166237493,6192
2015-09-17,260,286,2.8329071713007927,6216
2015-09-18,261,286,2.767905311691542,6240
2015-09-19,262,286,2.7908042548106446,6264
2015-09-20,263,286,2.8165274576384185,6288
2015-09-21,264,286,2.758695816477103,6312
2015-09-22,265,286,2.801664194589317,6336
2015-09-23,266,286,2.636341634779648,6360
2015-09-24,267,286,2.7008246378766163,6384
2015-09-25,268,286,2.7093000501714517,6408
2015-09-26,269,286,2.769672624867959,6432
2015-09-27,270,286,2.797489714458837,6456
2015-09-28,271,286,2.691939072163456,6480
2015-09-29,272,286,2.680019949802129,6504
2015-09-30,273,286,2.6088854479072388,6528
2015-10-01,274,286,2.5938232807004784,6552
2015-10-02,275,286,2.6968281629231363,6576
2015-10-03,276,286,2.8580495736892586,6600
2015-10-04,277,286,2.7764668785349333,6624
2015-10-05,278,286,2.8698580429635587,6648
2015-10-06,279,286,2.892136456901921,6672
2015-10-07,280,286,2.819066666448114,6696
2015-10-08,281,286,2.726794628781424,6720
2015-10-09,282,286,2.709039990530296,6744
2015-10-10,283,286,2.6612365373705607,6768
2015-10-11,284,286,2.7055125019179016,6792
2015-10-12,285,286,2.6625057312949822,6816
2015-10-13,286,286,2.589858492717683,6840
2015-10-14,287,286,2.48004348250455,6864
2015-10-15,288,286,2.410762241640433,6888
2015-10-16,289,286,2.404973349876381,6912
2015-10-17,290,286,2.4169225844840265,6936
2015-10-18,291,286,2.4851790859323155,6960
2015-10-19,292,286,2.486907143776879,6984
2015-10-20,293,286,2.445387629280253,7008
2015-10-21,294,286,2.4404263797458663,7032
2015-10-22,295,286,2.5083170763688405,7056
2015-10-23,296,286,2.6327037809841345,7080
2015-10-24,297,286,2.6852604635546498,7104
2015-10-25,298,286,2.6876238159563,7128
2015-10-26,299,286,2.6127707995893346,7152
2015-10-27,300,286,2.5894831368900064,7176
2015-10-28,301,286,2.6686295239615707,7200
2015-10-29,302,286,2.6394964683537228,7224
2015-10-30,303,286,2.6405642143288093,7248
2015-10-31,304,286,2.6043155713416524,7272
2015-11-01,305,286,2.5490193832473693,7296
2015-11-02,306,286,2.4862770692575027,7320
2015-11-03,307,286,2.489533386182884,7344
2015-11-04,308,286,2.5678760257581024,7368
2015-11-05,309,286,2.586899321404992,7392
2015-11-06,310,286,2.70124484583369,7416
2015-11-07,311,286,2.7743858407157367,7440
2015-11-08,312,286,2.7193902273428416,7464
2015-11-09,313,286,2.7837493603817363,7488
2015-11-10,314,286,2.663546414854492,7512
2015-11-11,315,286,2.5091988802295617,7536
2015-11-12,316,286,2.463005831680863,7560
2015-11-13,317,286,2.5366721930236427,7584
2015-11-14,318,286,2.6113360115097306,7608
2015-11-15,319,286,2.720853854357621,7632
2015-11-16,320,286,2.616251980895615,7656
2015-11-17,321,286,2.676737010572431,7680
2015-11-18,322,286,2.7864197431858377,7704
2015-11-19,323,286,2.779834861670143,7728
2015-11-20,324,286,2.7394579696659287,7752
2015-11-21,325,286,2.3367015275801335,7776
2015-11-22,326,286,2.2601235333287137,7800
2015-11-23,327,286,2.2096056542654336,7824
2015-11-24,328,286,2.179530742346621,7848
2015-11-25,329,286,2.2908507720882327,7872
2015-11-26,330,286,2.295322981245209,7896
2015-11-27,331,286,2.2500429503080706,7920
2015-11-28,332,286,2.2459018157109103,7944
2015-11-29,333,286,2.376032396053766,7968
2015-11-30,334,286,2.572478582264692,7992
2015-12-01,335,286,2.5201104572330006,8016
2015-12-02,336,286,2.3147552594340044,8040
2015-12-03,337,286,2.2498994154360448,8064
2015-12-04,338,286,2.326719742839672,8088
2015-12-05,339,286,2.3599784866485707,8112
2015-12-06,340,286,2.3824588892704837,8136
2015-12-07,341,286,2.3421179563070367,8160
2015-12-08,342,286,2.3150003816793947,8184
2015-12-09,343,286,2.397820917047978,8208
2015-12-10,344,286,2.2592400796218777,8232
2015-12-11,345,286,2.2861254142064573,8256
2015-12-12,346,286,2.32682879553929,8280
2015-12-13,347,286,2.2399218166277857,8304
2015-12-14,348,286,2.207316905393724,8328
2015-12-15,349,286,2.269458186102669,8352
2015-12-16,350,286,2.475743892257748,8376
2015-12-17,351,286,2.473291838020182,8400
2015-12-18,352,286,2.452671074881849,8424
2015-12-19,353,286,2.407275005392639,8448
2015-12-20,354,286,2.3742690117263754,8472
2015-12-21,355,286,2.496779661350649,8496
2015-12-22,356,286,2.468189646049804,8520
2015-12-23,357,286,2.4762766209756517,8544
2015-12-24,358,286,2.4275389976575608,8568
2015-12-25,359,286,2.4193703342666733,8592
2015-12-26,360,286,2.3230526306705968,8616
2015-12-27,361,286,2.2858841227253044,8640
2015-12-28,362,286,2.22129768868422,8664
2015-12-29,363,286,2.2714259093957407,8688
2015-12-30,364,286,2.287266152659152,8712
2015-12-31,365,286,2.3644428599621166,8736
2015-01-01,1,287,2.107320352745871,0
2015-01-02,2,287,2.2096684701643587,24
2015-01-03,3,287,2.3859319155577885,48
2015-01-04,4,287,2.4199736900622937,72
2015-01-05,5,287,2.216548013820206,96
2015-01-06,6,287,2.1966647594519757,120
2015-01-07,7,287,2.244644093777312,144
2015-01-08,8,287,2.367327830917164,168
2015-01-09,9,287,2.5027497647711696,192
2015-01-10,10,287,2.771099140756033,216
2015-01-11,11,287,2.4407792717405346,240
2015-01-12,12,287,2.3310404461881578,264
2015-01-13,13,287,2.418704332325812,288
2015-01-14,14,287,2.459987003868584,312
2015-01-15,15,287,2.401105251732583,336
2015-01-16,16,287,2.415961180454304,360
2015-01-17,17,287,2.2879424929342997,384
2015-01-18,18,287,2.2187287461738268,408
2015-01-19,19,287,2.239716720464158,432
2015-01-20,20,287,2.2610873289621805,456
2015-01-21,21,287,2.2461788679889,480
2015-01-22,22,287,2.2481076070322987,504
2015-01-23,23,287,2.2589846561393245,528
2015-01-24,24,287,2.268259058592993,552
2015-01-25,25,287,2.244198902841676,576
2015-01-26,26,287,2.188854986864901,600
2015-01-27,27,287,2.2719781423663403,624
2015-01-28,28,287,2.2472327958774505,648
2015-01-29,29,287,2.2979246752033693,672
2015-01-30,30,287,2.2591481930478867,696
2015-01-31,31,287,2.2380423967203407,720
2015-02-01,32,287,2.2286894613130945,744
2015-02-02,33,287,2.2268862860965104,768
2015-02-03,34,287,2.154541846878803,792
2015-02-04,35,287,2.1492370635707627,816
2015-02-05,36,287,2.14732173919534,840
2015-02-06,37,287,2.1609193480779507,864
2015-02-07,38,287,2.1258646157758583,888
2015-02-08,39,287,2.151299755798526,912
2015-02-09,40,287,2.176194535971608,936
2015-02-10,41,287,2.1965334015151234,960
2015-02-11,42,287,2.195065618373401,984
2015-02-12,43,287,2.1935988857615056,1008
2015-02-13,44,287,2.2358811385367607,1032
2015-02-14,45,287,2.3143587520283906,1056
2015-02-15,46,287,2.271778029030092,1080
2015-02-16,47,287,2.2429485322461087,1104
2015-02-17,48,287,2.251086614099337,1128
2015-02-18,49,287,2.236838130544144,1152
2015-02-19,50,287,2.2653034241693835,1176
2015-02-20,51,287,2.346060261905897,1200
2015-02-21,52,287,2.304312956149,1224
2015-02-22,53,287,2.2759420356734323,1248
2015-02-23,54,287,2.2752737120969737,1272
2015-02-24,55,287,2.3541454073122052,1296
2015-02-25,56,287,2.35180332514321,1320
2015-02-26,57,287,2.300649101452564,1344
2015-02-27,58,287,2.328461883143191,1368
2015-02-28,59,287,2.334107816101725,1392
2015-03-01,60,287,2.4165732519664456,1416
2015-03-02,61,287,2.52330852394692,1440
2015-03-03,62,287,2.474018042128552,1464
2015-03-04,63,287,2.3678790235425162,1488
2015-03-05,64,287,2.3427999612450043,1512
2015-03-06,65,287,2.335913168702912,1536
2015-03-07,66,287,2.3615202880393853,1560
2015-03-08,67,287,2.4456206975967945,1584
2015-03-09,68,287,2.5122520139595688,1608
2015-03-10,69,287,2.5380873869761507,1632
2015-03-11,70,287,2.572888235404293,1656
2015-03-12,71,287,2.428952053649996,1680
2015-03-13,72,287,2.3963422561072645,1704
2015-03-14,73,287,2.3933002300342427,1728
2015-03-15,74,287,2.3932375791333023,1752
2015-03-16,75,287,2.510289774964829,1776
2015-03-17,76,287,2.597669797428185,1800
2015-03-18,77,287,2.6593023217308374,1824
2015-03-19,78,287,2.648018314312388,1848
2015-03-20,79,287,2.583047536056467,1872
2015-03-21,80,287,2.520212305868397,1896
2015-03-22,81,287,2.4298650128808283,1920
2015-03-23,82,287,2.520804983828795,1944
2015-03-24,83,287,2.59135849049508,1968
2015-03-25,84,287,2.5313500733089302,1992
2015-03-26,85,287,2.466160548224648,2016
2015-03-27,86,287,2.53680065434037,2040
2015-03-28,87,287,2.531600945746586,2064
2015-03-29,88,287,2.6393624412516346,2088
2015-03-30,89,287,2.6657351022758435,2112
2015-03-31,90,287,2.7421500624776374,2136
2015-04-01,91,287,2.4697440340569594,2160
2015-04-02,92,287,2.4655345249534286,2184
2015-04-03,93,287,2.4735379892908225,2208
2015-04-04,94,287,2.4584351633176365,2232
2015-04-05,95,287,2.3901437913422683,2256
2015-04-06,96,287,2.388407164375397,2280
2015-04-07,97,287,2.442900661179936,2304
2015-04-08,98,287,2.5400037096713004,2328
2015-04-09,99,287,2.69515835530828,2352
2015-04-10,100,287,2.8396565081897145,2376
2015-04-11,101,287,2.793601555183376,2400
2015-04-12,102,287,2.823545748058516,2424
2015-04-13,103,287,2.8908512108131887,2448
2015-04-14,104,287,2.887942146607595,2472
2015-04-15,105,287,2.930296192422179,2496
2015-04-16,106,287,2.8865992997518397,2520
2015-04-17,107,287,2.7696966118946498,2544
2015-04-18,108,287,2.6270778495201212,2568
2015-04-19,109,287,2.624961099439588,2592
2015-04-20,110,287,2.729277497981875,2616
2015-04-21,111,287,2.840728522663765,2640
2015-04-22,112,287,2.912143276416252,2664
2015-04-23,113,287,2.7930559043518173,2688
2015-04-24,114,287,2.8521311957174653,2712
2015-04-25,115,287,2.8413344108388032,2736
2015-04-26,116,287,2.884082927980485,2760
2015-04-27,117,287,2.9028844969886745,2784
2015-04-28,118,287,2.586374059429048,2808
2015-04-29,119,287,2.622844230668933,2832
2015-04-30,120,287,2.7604322007606887,2856
2015-05-01,121,287,2.7242521159933566,2880
2015-05-02,122,287,2.859309359261524,2904
2015-05-03,123,287,2.927064321984985,2928
2015-05-04,124,287,3.0358429005562404,2952
2015-05-05,125,287,3.0627944565994727,2976
2015-05-06,126,287,2.899691215819636,3000
2015-05-07,127,287,2.8650338426490136,3024
2015-05-08,128,287,2.904532536749201,3048
2015-05-09,129,287,2.977379452634102,3072
2015-05-10,130,287,2.9945170252031024,3096
2015-05-11,131,287,3.1085700086820536,3120
2015-05-12,132,287,3.3306909569144123,3144
2015-05-13,133,287,3.4107993844605864,3168
2015-05-14,134,287,3.1841040620755536,3192
2015-05-15,135,287,2.5874031573149083,3216
2015-05-16,136,287,2.8559980474824425,3240
2015-05-17,137,287,2.9919762297252284,3264
2015-05-18,138,287,3.0683383390949963,3288
2015-05-19,139,287,2.842386026087225,3312
2015-05-20,140,287,2.6280419306460248,3336
2015-05-21,141,287,2.6148266195542784,3360
2015-05-22,142,287,2.7620649931177303,3384
2015-05-23,143,287,2.8282236124229594,3408
2015-05-24,144,287,2.9403412031309415,3432
2015-05-25,145,287,2.9152602863210286,3456
2015-05-26,146,287,2.7966534738789464,3480
2015-05-27,147,287,2.8086325731082007,3504
2015-05-28,148,287,2.9169277596016467,3528
2015-05-29,149,287,3.1121915661087263,3552
2015-05-30,150,287,3.053208640427462,3576
2015-05-31,151,287,3.0899856526975937,3600
2015-06-01,152,287,3.1638471505665136,3624
2015-06-02,153,287,3.2827170220581077,3648
2015-06-03,154,287,3.4145284308343475,3672
2015-06-04,155,287,3.4834494279344232,3696
2015-06-05,156,287,3.644591574428733,3720
2015-06-06,157,287,3.6090060596990026,3744
2015-06-07,158,287,3.4803876470833712,3768
2015-06-08,159,287,3.197115136053319,3792
2015-06-09,160,287,2.978685281075561,3816
2015-06-10,161,287,3.062007153158698,3840
2015-06-11,162,287,3.2890674649152762,3864
2015-06-12,163,287,3.3479153290533863,3888
2015-06-13,164,287,3.3473448925363902,3912
2015-06-14,165,287,3.1804449275009037,3936
2015-06-15,166,287,3.0746196532125265,3960
2015-06-16,167,287,3.076360980720571,3984
2015-06-17,168,287,3.106370275542178,4008
2015-06-18,169,287,3.0462009417098908,4032
2015-06-19,170,287,3.096224217596073,4056
2015-06-20,171,287,2.941134839723582,4080
2015-06-21,172,287,2.990109911485755,4104
2015-06-22,173,287,3.1652234052270667,4128
2015-06-23,174,287,2.9718799001815217,4152
2015-06-24,175,287,3.016402031889541,4176
2015-06-25,176,287,3.157627853254215,4200
2015-06-26,177,287,3.2886651874178585,4224
2015-06-27,178,287,3.3580352485277585,4248
2015-06-28,179,287,3.3725195860029316,4272
2015-06-29,180,287,3.4127427544622804,4296
2015-06-30,181,287,3.5767930314288496,4320
2015-07-01,182,287,3.756390407155,4344
2015-07-02,183,287,3.9373876423714345,4368
2015-07-03,184,287,4.010939304516157,4392
2015-07-04,185,287,4.0628969334611496,4416
2015-07-05,186,287,4.099822092322793,4440
2015-07-06,187,287,3.849812496499612,4464
2015-07-07,188,287,4.07949473919594,4488
2015-07-08,189,287,3.423726211783959,4512
2015-07-09,190,287,3.291691762084328,4536
2015-07-10,191,287,3.306370149853887,4560
2015-07-11,192,287,3.6253823699646808,4584
2015-07-12,193,287,3.602586099519708,4608
2015-07-13,194,287,3.571105947037671,4632
2015-07-14,195,287,3.6478070527574737,4656
2015-07-15,196,287,3.681558367608254,4680
2015-07-16,197,287,3.8549346628940087,4704
2015-07-17,198,287,3.842337310498456,4728
2015-07-18,199,287,3.5928521365398547,4752
2015-07-19,200,287,3.7368158946233887,4776
2015-07-20,201,287,3.77274167580094,4800
2015-07-21,202,287,3.9298537737765615,4824
2015-07-22,203,287,3.7583092884127054,4848
2015-07-23,204,287,3.516843896118764,4872
2015-07-24,205,287,3.5689976995797874,4896
2015-07-25,206,287,3.2940126030451857,4920
2015-07-26,207,287,3.106498325039423,4944
2015-07-27,208,287,3.311467474688951,4968
2015-07-28,209,287,3.2588355003743037,4992
2015-07-29,210,287,3.0597844808994448,5016
2015-07-30,211,287,3.0853048171322035,5040
2015-07-31,212,287,3.161489605914005,5064
2015-08-01,213,287,3.0887833819991792,5088
2015-08-02,214,287,3.3086355891267742,5112
2015-08-03,215,287,3.5417141450759817,5136
2015-08-04,216,287,3.435694614487073,5160
2015-08-05,217,287,3.580069756629011,5184
2015-08-06,218,287,3.8790914019917597,5208
2015-08-07,219,287,3.997693514151333,5232
2015-08-08,220,287,3.8890606126802574,5256
2015-08-09,221,287,3.49947498902418,5280
2015-08-10,222,287,3.465787258130234,5304
2015-08-11,223,287,3.6026993196435075,5328
2015-08-12,224,287,3.7254121222066607,5352
2015-08-13,225,287,3.649221379072608,5376
2015-08-14,226,287,3.246160524349618,5400
2015-08-15,227,287,3.055065404600761,5424
2015-08-16,228,287,2.9990507514790163,5448
2015-08-17,229,287,3.0790063382567983,5472
2015-08-18,230,287,3.05680121442456,5496
2015-08-19,231,287,2.9732597608684297,5520
2015-08-20,232,287,3.068732691908437,5544
2015-08-21,233,287,3.1782305347387747,5568
2015-08-22,234,287,3.2186602576265724,5592
2015-08-23,235,287,3.132989962780208,5616
2015-08-24,236,287,3.069341547068322,5640
2015-08-25,237,287,3.0603572876475043,5664
2015-08-26,238,287,3.1798034805964366,5688
2015-08-27,239,287,3.4483387241224133,5712
2015-08-28,240,287,3.6059458594076363,5736
2015-08-29,241,287,3.6169837378399934,5760
2015-08-30,242,287,3.7106118315195764,5784
2015-08-31,243,287,3.6420928100150833,5808
2015-09-01,244,287,3.250944506126197,5832
2015-09-02,245,287,3.1183088572415865,5856
2015-09-03,246,287,3.019716811843399,5880
2015-09-04,247,287,3.0236235415215087,5904
2015-09-05,248,287,2.8745555304015418,5928
2015-09-06,249,287,2.8249195737558415,5952
2015-09-07,250,287,2.816101796026357,5976
2015-09-08,251,287,2.8740298456627773,6000
2015-09-09,252,287,2.925943720624668,6024
2015-09-10,253,287,2.840235940846663,6048
2015-09-11,254,287,2.9276908132508592,6072
2015-09-12,255,287,3.1322520881845626,6096
2015-09-13,256,287,3.103344770330187,6120
2015-09-14,257,287,2.9824427599297114,6144
2015-09-15,258,287,2.9453040774858414,6168
2015-09-16,259,287,3.1080092820056944,6192
2015-09-17,260,287,2.916046117583217,6216
2015-09-18,261,287,2.8304740925187835,6240
2015-09-19,262,287,2.83610552911542,6264
2015-09-20,263,287,2.8769982564998537,6288
2015-09-21,264,287,2.8057728390338608,6312
2015-09-22,265,287,2.840957429885438,6336
2015-09-23,266,287,2.6754915084344035,6360
2015-09-24,267,287,2.75869794933787,6384
2015-09-25,268,287,2.772552563760578,6408
2015-09-26,269,287,2.8207099750869014,6432
2015-09-27,270,287,2.8468445109942917,6456
2015-09-28,271,287,2.7464173731179446,6480
2015-09-29,272,287,2.7112966234166764,6504
2015-09-30,273,287,2.6585213480900243,6528
2015-10-01,274,287,2.6442230035585594,6552
2015-10-02,275,287,2.7268941373153455,6576
2015-10-03,276,287,2.8687012457451035,6600
2015-10-04,277,287,2.8048725604904527,6624
2015-10-05,278,287,2.896198817169501,6648
2015-10-06,279,287,2.9216704428472138,6672
2015-10-07,280,287,2.8549652620813206,6696
2015-10-08,281,287,2.77202420810395,6720
2015-10-09,282,287,2.7536107985835034,6744
2015-10-10,283,287,2.711915520708465,6768
2015-10-11,284,287,2.7460433362596115,6792
2015-10-12,285,287,2.707166813648624,6816
2015-10-13,286,287,2.63872710706776,6840
2015-10-14,287,287,2.5255501983260467,6864
2015-10-15,288,287,2.4484044369047915,6888
2015-10-16,289,287,2.455687516369016,6912
2015-10-17,290,287,2.4625999165528465,6936
2015-10-18,291,287,2.5264556453413576,6960
2015-10-19,292,287,2.5284297592999447,6984
2015-10-20,293,287,2.486556690214922,7008
2015-10-21,294,287,2.485308008692604,7032
2015-10-22,295,287,2.5414293017410703,7056
2015-10-23,296,287,2.659148145667288,7080
2015-10-24,297,287,2.6960417275700967,7104
2015-10-25,298,287,2.713502973139646,7128
2015-10-26,299,287,2.64144271402977,7152
2015-10-27,300,287,2.614087090487626,7176
2015-10-28,301,287,2.6851966746706277,7200
2015-10-29,302,287,2.666831510726829,7224
2015-10-30,303,287,2.6607351144338183,7248
2015-10-31,304,287,2.627791023369708,7272
2015-11-01,305,287,2.5730702916413137,7296
2015-11-02,306,287,2.521928896313813,7320
2015-11-03,307,287,2.5280588631007705,7344
2015-11-04,308,287,2.60383073913012,7368
2015-11-05,309,287,2.617435312819941,7392
2015-11-06,310,287,2.720483538139441,7416
2015-11-07,311,287,2.7846508449099976,7440
2015-11-08,312,287,2.7423329181448017,7464
2015-11-09,313,287,2.7925174390365504,7488
2015-11-10,314,287,2.6938381920110257,7512
2015-11-11,315,287,2.5454717068053974,7536
2015-11-12,316,287,2.503678877245358,7560
2015-11-13,317,287,2.563678511952149,7584
2015-11-14,318,287,2.6225420456455475,7608
2015-11-15,319,287,2.7040469578945805,7632
2015-11-16,320,287,2.6292433414695005,7656
2015-11-17,321,287,2.683968601477398,7680
2015-11-18,322,287,2.782191169308632,7704
2015-11-19,323,287,2.771950656464259,7728
2015-11-20,324,287,2.7406439582202577,7752
2015-11-21,325,287,2.386214508094173,7776
2015-11-22,326,287,2.297574111292368,7800
2015-11-23,327,287,2.240945345202142,7824
2015-11-24,328,287,2.2084978978935084,7848
2015-11-25,329,287,2.3002294603337563,7872
2015-11-26,330,287,2.3311534337542223,7896
2015-11-27,331,287,2.2823122133956497,7920
2015-11-28,332,287,2.2635992255883406,7944
2015-11-29,333,287,2.3898604229106946,7968
2015-11-30,334,287,2.5669481586433167,7992
2015-12-01,335,287,2.534663975592174,8016
2015-12-02,336,287,2.3477718847260647,8040
2015-12-03,337,287,2.280420649930201,8064
2015-12-04,338,287,2.341366372782068,8088
2015-12-05,339,287,2.3842373966878267,8112
2015-12-06,340,287,2.3957336215092675,8136
2015-12-07,341,287,2.3732804379325945,8160
2015-12-08,342,287,2.3407316854320395,8184
2015-12-09,343,287,2.427666834125933,8208
2015-12-10,344,287,2.2907460066784897,8232
2015-12-11,345,287,2.30830471062628,8256
2015-12-12,346,287,2.3349734315644883,8280
2015-12-13,347,287,2.271881442941901,8304
2015-12-14,348,287,2.244831766494092,8328
2015-12-15,349,287,2.2941246320190563,8352
2015-12-16,350,287,2.4788594455347046,8376
2015-12-17,351,287,2.4767856343322583,8400
2015-12-18,352,287,2.4569924029061503,8424
2015-12-19,353,287,2.4244474822494944,8448
2015-12-20,354,287,2.3981521642393875,8472
2015-12-21,355,287,2.514744003320561,8496
2015-12-22,356,287,2.4738969018738057,8520
2015-12-23,357,287,2.491324253121113,8544
2015-12-24,358,287,2.4518779949269103,8568
2015-12-25,359,287,2.4375996696841487,8592
2015-12-26,360,287,2.3472830820648056,8616
2015-12-27,361,287,2.3076152233279963,8640
2015-12-28,362,287,2.2547612331424784,8664
2015-12-29,363,287,2.292078838693926,8688
2015-12-30,364,287,2.3093449753817263,8712
2015-12-31,365,287,2.37762401490934,8736
2015-01-01,1,288,2.113148572530076,0
2015-01-02,2,288,2.2096281577321126,24
2015-01-03,3,288,2.378779863325528,48
2015-01-04,4,288,2.427408915482809,72
2015-01-05,5,288,2.221665110043073,96
2015-01-06,6,288,2.2006045815422683,120
2015-01-07,7,288,2.246921204019396,144
2015-01-08,8,288,2.3694502237922497,168
2015-01-09,9,288,2.4949824617219467,192
2015-01-10,10,288,2.753148913470845,216
2015-01-11,11,288,2.4419176555922872,240
2015-01-12,12,288,2.3337014023151315,264
2015-01-13,13,288,2.4347597063839865,288
2015-01-14,14,288,2.46762466307208,312
2015-01-15,15,288,2.4251277091883225,336
2015-01-16,16,288,2.430326662058316,360
2015-01-17,17,288,2.2978532718522504,384
2015-01-18,18,288,2.2200224092636143,408
2015-01-19,19,288,2.2463751201555127,432
2015-01-20,20,288,2.2639556208280824,456
2015-01-21,21,288,2.2517336334160567,480
2015-01-22,22,288,2.2567582668579043,504
2015-01-23,23,288,2.2627288857440955,528
2015-01-24,24,288,2.267920790960517,552
2015-01-25,25,288,2.2503562052487536,576
2015-01-26,26,288,2.1957397789746267,600
2015-01-27,27,288,2.2732101977413732,624
2015-01-28,28,288,2.251301805515085,648
2015-01-29,29,288,2.3060657371144617,672
2015-01-30,30,288,2.2616679815122382,696
2015-01-31,31,288,2.2376197758616385,720
2015-02-01,32,288,2.2306379226337385,744
2015-02-02,33,288,2.226135816604569,768
2015-02-03,34,288,2.1590953246671547,792
2015-02-04,35,288,2.1521776715440595,816
2015-02-05,36,288,2.149206494979549,840
2015-02-06,37,288,2.1635235920683136,864
2015-02-07,38,288,2.13262321990841,888
2015-02-08,39,288,2.1626215041377983,912
2015-02-09,40,288,2.187096953197029,936
2015-02-10,41,288,2.2026461718547563,960
2015-02-11,42,288,2.2040306526832083,984
2015-02-12,43,288,2.2013619200223267,1008
2015-02-13,44,288,2.2492944139490203,1032
2015-02-14,45,288,2.3364214688829734,1056
2015-02-15,46,288,2.2933166221321435,1080
2015-02-16,47,288,2.254538276393375,1104
2015-02-17,48,288,2.257911322973755,1128
2015-02-18,49,288,2.2445736521751116,1152
2015-02-19,50,288,2.268389926164257,1176
2015-02-20,51,288,2.3611055539554937,1200
2015-02-21,52,288,2.316414116413138,1224
2015-02-22,53,288,2.2849206340496764,1248
2015-02-23,54,288,2.2838574152422293,1272
2015-02-24,55,288,2.3595800505408304,1296
2015-02-25,56,288,2.357051699041908,1320
2015-02-26,57,288,2.309988690540183,1344
2015-02-27,58,288,2.3356650339035,1368
2015-02-28,59,288,2.336521060251835,1392
2015-03-01,60,288,2.4232680567136,1416
2015-03-02,61,288,2.531989488854823,1440
2015-03-03,62,288,2.4766383352269616,1464
2015-03-04,63,288,2.3734516883030192,1488
2015-03-05,64,288,2.3523354821500235,1512
2015-03-06,65,288,2.346763639020269,1536
2015-03-07,66,288,2.371755113010363,1560
2015-03-08,67,288,2.4548328820210097,1584
2015-03-09,68,288,2.5203224130245925,1608
2015-03-10,69,288,2.54256498014631,1632
2015-03-11,70,288,2.580562516426895,1656
2015-03-12,71,288,2.4342550801836973,1680
2015-03-13,72,288,2.401430584533716,1704
2015-03-14,73,288,2.4025005715622254,1728
2015-03-15,74,288,2.4017063176459588,1752
2015-03-16,75,288,2.5191770935126767,1776
2015-03-17,76,288,2.604682505016619,1800
2015-03-18,77,288,2.6610607683416356,1824
2015-03-19,78,288,2.6558978417291916,1848
2015-03-20,79,288,2.5929259010066343,1872
2015-03-21,80,288,2.533654942318873,1896
2015-03-22,81,288,2.441705397134149,1920
2015-03-23,82,288,2.520759669050848,1944
2015-03-24,83,288,2.599943820038812,1968
2015-03-25,84,288,2.541153234123965,1992
2015-03-26,85,288,2.472482060726016,2016
2015-03-27,86,288,2.5400059980057903,2040
2015-03-28,87,288,2.5264841242304086,2064
2015-03-29,88,288,2.6347986060301842,2088
2015-03-30,89,288,2.6712450040232403,2112
2015-03-31,90,288,2.744382279422953,2136
2015-04-01,91,288,2.4757743973641135,2160
2015-04-02,92,288,2.4663092013303483,2184
2015-04-03,93,288,2.4808048991661207,2208
2015-04-04,94,288,2.4654436509467543,2232
2015-04-05,95,288,2.3990674716053606,2256
2015-04-06,96,288,2.39920176739986,2280
2015-04-07,97,288,2.4546326179064657,2304
2015-04-08,98,288,2.5469125157882595,2328
2015-04-09,99,288,2.7011161459139976,2352
2015-04-10,100,288,2.8450028997283825,2376
2015-04-11,101,288,2.796731749529671,2400
2015-04-12,102,288,2.8260000978257502,2424
2015-04-13,103,288,2.897965646119092,2448
2015-04-14,104,288,2.8941713613131625,2472
2015-04-15,105,288,2.943174042347487,2496
2015-04-16,106,288,2.8892260906731813,2520
2015-04-17,107,288,2.773769638195451,2544
2015-04-18,108,288,2.6410619193534264,2568
2015-04-19,109,288,2.6335237265143654,2592
2015-04-20,110,288,2.741139114440668,2616
2015-04-21,111,288,2.847941590103397,2640
2015-04-22,112,288,2.9120252742671746,2664
2015-04-23,113,288,2.8057196157353688,2688
2015-04-24,114,288,2.8627458117086184,2712
2015-04-25,115,288,2.8524303340086097,2736
2015-04-26,116,288,2.8888247137200174,2760
2015-04-27,117,288,2.9109809111117237,2784
2015-04-28,118,288,2.591185062625484,2808
2015-04-29,119,288,2.6302636045914247,2832
2015-04-30,120,288,2.7688541503092874,2856
2015-05-01,121,288,2.7297918608653857,2880
2015-05-02,122,288,2.860481914320926,2904
2015-05-03,123,288,2.9305054513935933,2928
2015-05-04,124,288,3.0451904808468835,2952
2015-05-05,125,288,3.0716489521498263,2976
2015-05-06,126,288,2.9051876374945182,3000
2015-05-07,127,288,2.8647789366849685,3024
2015-05-08,128,288,2.903376184234177,3048
2015-05-09,129,288,2.9815523678633267,3072
2015-05-10,130,288,2.995022855685655,3096
2015-05-11,131,288,3.1117990629530823,3120
2015-05-12,132,288,3.342552946728424,3144
2015-05-13,133,288,3.4227221106210868,3168
2015-05-14,134,288,3.182706849632511,3192
2015-05-15,135,288,2.5918314100782243,3216
2015-05-16,136,288,2.860404337091601,3240
2015-05-17,137,288,2.997005137811531,3264
2015-05-18,138,288,3.0727547616879685,3288
2015-05-19,139,288,2.8559417898780195,3312
2015-05-20,140,288,2.6384654205244518,3336
2015-05-21,141,288,2.6262174598578625,3360
2015-05-22,142,288,2.7686611115695503,3384
2015-05-23,143,288,2.844912542855885,3408
2015-05-24,144,288,2.9471619528960384,3432
2015-05-25,145,288,2.9247980167085124,3456
2015-05-26,146,288,2.8077366649491258,3480
2015-05-27,147,288,2.8174989391380523,3504
2015-05-28,148,288,2.92231392679003,3528
2015-05-29,149,288,3.119916367009778,3552
2015-05-30,150,288,3.065207528149473,3576
2015-05-31,151,288,3.101390012612027,3600
2015-06-01,152,288,3.1698484229660027,3624
2015-06-02,153,288,3.2889570100258734,3648
2015-06-03,154,288,3.4238021062162565,3672
2015-06-04,155,288,3.493236845850773,3696
2015-06-05,156,288,3.6458023138109015,3720
2015-06-06,157,288,3.606183867757321,3744
2015-06-07,158,288,3.4796526344614667,3768
2015-06-08,159,288,3.2047808701732685,3792
2015-06-09,160,288,2.9936355940867343,3816
2015-06-10,161,288,3.0791640940552187,3840
2015-06-11,162,288,3.3002460053640603,3864
2015-06-12,163,288,3.3568293447333013,3888
2015-06-13,164,288,3.3527680086467404,3912
2015-06-14,165,288,3.1888027492097644,3936
2015-06-15,166,288,3.088711844196158,3960
2015-06-16,167,288,3.091041323099513,3984
2015-06-17,168,288,3.120705709518168,4008
2015-06-18,169,288,3.0610254503910364,4032
2015-06-19,170,288,3.1042630532879816,4056
2015-06-20,171,288,2.948441269307648,4080
2015-06-21,172,288,3.004504787091492,4104
2015-06-22,173,288,3.1854129466712497,4128
2015-06-23,174,288,2.9871295042360453,4152
2015-06-24,175,288,3.027537189876082,4176
2015-06-25,176,288,3.165661126155259,4200
2015-06-26,177,288,3.2977624807857766,4224
2015-06-27,178,288,3.3717701536973284,4248
2015-06-28,179,288,3.3817854238143767,4272
2015-06-29,180,288,3.4304831223281425,4296
2015-06-30,181,288,3.5929310089190407,4320
2015-07-01,182,288,3.775731115724504,4344
2015-07-02,183,288,3.955915312428049,4368
2015-07-03,184,288,4.0289216981966165,4392
2015-07-04,185,288,4.098370757887844,4416
2015-07-05,186,288,4.116522124932814,4440
2015-07-06,187,288,3.871992877794373,4464
2015-07-07,188,288,4.091710199513033,4488
2015-07-08,189,288,3.438195419315153,4512
2015-07-09,190,288,3.3015515868679066,4536
2015-07-10,191,288,3.3206123197472848,4560
2015-07-11,192,288,3.653395739227694,4584
2015-07-12,193,288,3.614676403906365,4608
2015-07-13,194,288,3.585307848346444,4632
2015-07-14,195,288,3.658428670781264,4656
2015-07-15,196,288,3.6907061904387786,4680
2015-07-16,197,288,3.867309793180685,4704
2015-07-17,198,288,3.8714413815032938,4728
2015-07-18,199,288,3.6129772408243035,4752
2015-07-19,200,288,3.752634722458208,4776
2015-07-20,201,288,3.7832811372868367,4800
2015-07-21,202,288,3.946155746321536,4824
2015-07-22,203,288,3.7575177031614815,4848
2015-07-23,204,288,3.524969906188232,4872
2015-07-24,205,288,3.5802737247645955,4896
2015-07-25,206,288,3.303453050655845,4920
2015-07-26,207,288,3.1052053828059925,4944
2015-07-27,208,288,3.3171359121431325,4968
2015-07-28,209,288,3.2673085917353664,4992
2015-07-29,210,288,3.0730599255529136,5016
2015-07-30,211,288,3.0924226842684743,5040
2015-07-31,212,288,3.16532044400692,5064
2015-08-01,213,288,3.092577687769792,5088
2015-08-02,214,288,3.3145984596459823,5112
2015-08-03,215,288,3.5496704149122214,5136
2015-08-04,216,288,3.445974097329424,5160
2015-08-05,217,288,3.584916281673047,5184
2015-08-06,218,288,3.89276690822153,5208
2015-08-07,219,288,4.0103660893913045,5232
2015-08-08,220,288,3.8720026107196133,5256
2015-08-09,221,288,3.4853327564733303,5280
2015-08-10,222,288,3.46344173531592,5304
2015-08-11,223,288,3.6040275334920784,5328
2015-08-12,224,288,3.729273078146424,5352
2015-08-13,225,288,3.6396822896759664,5376
2015-08-14,226,288,3.247155211925804,5400
2015-08-15,227,288,3.063473257112036,5424
2015-08-16,228,288,3.001798415372108,5448
2015-08-17,229,288,3.0909203792456883,5472
2015-08-18,230,288,3.0631179502346493,5496
2015-08-19,231,288,2.9884219073472433,5520
2015-08-20,232,288,3.0747759852062635,5544
2015-08-21,233,288,3.192322117846476,5568
2015-08-22,234,288,3.2289232810897373,5592
2015-08-23,235,288,3.144626025931634,5616
2015-08-24,236,288,3.0780156843949347,5640
2015-08-25,237,288,3.062664660472433,5664
2015-08-26,238,288,3.1816860972311116,5688
2015-08-27,239,288,3.464492115515036,5712
2015-08-28,240,288,3.6143857844136087,5736
2015-08-29,241,288,3.6167791906208997,5760
2015-08-30,242,288,3.711399826359068,5784
2015-08-31,243,288,3.65232037829278,5808
2015-09-01,244,288,3.2634504667697084,5832
2015-09-02,245,288,3.128972512558424,5856
2015-09-03,246,288,3.0357983148847927,5880
2015-09-04,247,288,3.0305726085662164,5904
2015-09-05,248,288,2.883079319993671,5928
2015-09-06,249,288,2.829905135880008,5952
2015-09-07,250,288,2.8246178537175606,5976
2015-09-08,251,288,2.882437558111416,6000
2015-09-09,252,288,2.9390997055077057,6024
2015-09-10,253,288,2.86073354379964,6048
2015-09-11,254,288,2.946738687732022,6072
2015-09-12,255,288,3.1402403482368606,6096
2015-09-13,256,288,3.117079228110851,6120
2015-09-14,257,288,2.9812175544572366,6144
2015-09-15,258,288,2.949863917840224,6168
2015-09-16,259,288,3.1319129768513463,6192
2015-09-17,260,288,2.9279078520870265,6216
2015-09-18,261,288,2.839449039674669,6240
2015-09-19,262,288,2.8419214138914275,6264
2015-09-20,263,288,2.88057553150401,6288
2015-09-21,264,288,2.8081542008368507,6312
2015-09-22,265,288,2.8475845435279767,6336
2015-09-23,266,288,2.6814334897252565,6360
2015-09-24,267,288,2.762805890098148,6384
2015-09-25,268,288,2.7848746180459734,6408
2015-09-26,269,288,2.827241411663254,6432
2015-09-27,270,288,2.8531582056242724,6456
2015-09-28,271,288,2.755588149101594,6480
2015-09-29,272,288,2.7159747612134835,6504
2015-09-30,273,288,2.6717796249168773,6528
2015-10-01,274,288,2.6572669864949803,6552
2015-10-02,275,288,2.7359251918965097,6576
2015-10-03,276,288,2.8718541068360417,6600
2015-10-04,277,288,2.8128926947534407,6624
2015-10-05,278,288,2.9039265918078545,6648
2015-10-06,279,288,2.9327609432321684,6672
2015-10-07,280,288,2.854636415609608,6696
2015-10-08,281,288,2.772956297577213,6720
2015-10-09,282,288,2.7650298313259363,6744
2015-10-10,283,288,2.71927201321205,6768
2015-10-11,284,288,2.7544513424143084,6792
2015-10-12,285,288,2.706939098871584,6816
2015-10-13,286,288,2.650054264400719,6840
2015-10-14,287,288,2.5248433680294458,6864
2015-10-15,288,288,2.452406661367042,6888
2015-10-16,289,288,2.4630660784944,6912
2015-10-17,290,288,2.4723502490360767,6936
2015-10-18,291,288,2.5370818520788934,6960
2015-10-19,292,288,2.540812050748529,6984
2015-10-20,293,288,2.497427205168842,7008
2015-10-21,294,288,2.4988873637108133,7032
2015-10-22,295,288,2.5488587151718525,7056
2015-10-23,296,288,2.6590227440522454,7080
2015-10-24,297,288,2.6911504574090284,7104
2015-10-25,298,288,2.723170595594344,7128
2015-10-26,299,288,2.64449999111161,7152
2015-10-27,300,288,2.6182513768829843,7176
2015-10-28,301,288,2.6883901662092,7200
2015-10-29,302,288,2.6722061429864468,7224
2015-10-30,303,288,2.6583949132052167,7248
2015-10-31,304,288,2.625409022412281,7272
2015-11-01,305,288,2.571199498858773,7296
2015-11-02,306,288,2.5315819924446825,7320
2015-11-03,307,288,2.539141595396256,7344
2015-11-04,308,288,2.6071314740710685,7368
2015-11-05,309,288,2.621829341180837,7392
2015-11-06,310,288,2.7221457085959884,7416
2015-11-07,311,288,2.784892983796969,7440
2015-11-08,312,288,2.7446401579329627,7464
2015-11-09,313,288,2.78550816054739,7488
2015-11-10,314,288,2.6925861474093584,7512
2015-11-11,315,288,2.5467763734286826,7536
2015-11-12,316,288,2.5086251329274534,7560
2015-11-13,317,288,2.5629333905644893,7584
2015-11-14,318,288,2.6236188149877324,7608
2015-11-15,319,288,2.6950791050091047,7632
2015-11-16,320,288,2.6314028462385117,7656
2015-11-17,321,288,2.694164535966318,7680
2015-11-18,322,288,2.777095949358656,7704
2015-11-19,323,288,2.77315878542104,7728
2015-11-20,324,288,2.744409959226033,7752
2015-11-21,325,288,2.387740559562064,7776
2015-11-22,326,288,2.2958781181930115,7800
2015-11-23,327,288,2.2441204022040315,7824
2015-11-24,328,288,2.216448680438868,7848
2015-11-25,329,288,2.300951132449073,7872
2015-11-26,330,288,2.3338058744104178,7896
2015-11-27,331,288,2.279598302241182,7920
2015-11-28,332,288,2.265676913966688,7944
2015-11-29,333,288,2.3868024841033693,7968
2015-11-30,334,288,2.556131559256227,7992
2015-12-01,335,288,2.5247513052825616,8016
2015-12-02,336,288,2.3532838599015444,8040
2015-12-03,337,288,2.2865157880969864,8064
2015-12-04,338,288,2.343980755929393,8088
2015-12-05,339,288,2.3926770782701503,8112
2015-12-06,340,288,2.4033366671039804,8136
2015-12-07,341,288,2.3887106679025827,8160
2015-12-08,342,288,2.3523127552423704,8184
2015-12-09,343,288,2.4354425810565408,8208
2015-12-10,344,288,2.2956944493830127,8232
2015-12-11,345,288,2.3139334907856357,8256
2015-12-12,346,288,2.334874354268824,8280
2015-12-13,347,288,2.277044240267432,8304
2015-12-14,348,288,2.255958608440896,8328
2015-12-15,349,288,2.303872068913822,8352
2015-12-16,350,288,2.479628648884688,8376
2015-12-17,351,288,2.4754836968952043,8400
2015-12-18,352,288,2.4584874139440003,8424
2015-12-19,353,288,2.427471070030523,8448
2015-12-20,354,288,2.4091060155857664,8472
2015-12-21,355,288,2.519187749962241,8496
2015-12-22,356,288,2.475157492179719,8520
2015-12-23,357,288,2.4896037629019294,8544
2015-12-24,358,288,2.461397474248808,8568
2015-12-25,359,288,2.4446015763407614,8592
2015-12-26,360,288,2.3534791389918164,8616
2015-12-27,361,288,2.3105539242370843,8640
2015-12-28,362,288,2.2689139705083963,8664
2015-12-29,363,288,2.2968977653653417,8688
2015-12-30,364,288,2.3193993215293087,8712
2015-12-31,365,288,2.3833698284198617,8736
2015-01-01,1,289,2.03049053621638,0
2015-01-02,2,289,2.1754935567501392,24
2015-01-03,3,289,2.2760204925231524,48
2015-01-04,4,289,2.181773156893985,72
2015-01-05,5,289,2.030153629801428,96
2015-01-06,6,289,2.082641598859829,120
2015-01-07,7,289,2.0879552715146423,144
2015-01-08,8,289,2.1562484242209945,168
2015-01-09,9,289,2.3036021622686853,192
2015-01-10,10,289,2.458413117134916,216
2015-01-11,11,289,2.1996176124338627,240
2015-01-12,12,289,2.160423820267974,264
2015-01-13,13,289,2.2279919770767505,288
2015-01-14,14,289,2.1900273492250024,312
2015-01-15,15,289,2.2182809251532265,336
2015-01-16,16,289,2.292913427590552,360
2015-01-17,17,289,2.142631855098001,384
2015-01-18,18,289,1.9921674069972224,408
2015-01-19,19,289,1.9830115543488085,432
2015-01-20,20,289,2.0190309658205297,456
2015-01-21,21,289,2.0290333848467395,480
2015-01-22,22,289,2.088048387717522,504
2015-01-23,23,289,2.0225649373992067,528
2015-01-24,24,289,1.989623377681944,552
2015-01-25,25,289,1.9705121016613336,576
2015-01-26,26,289,1.9345652013850323,600
2015-01-27,27,289,2.0553126179206203,624
2015-01-28,28,289,2.0170346389440774,648
2015-01-29,29,289,2.094445212079396,672
2015-01-30,30,289,2.0035640852415653,696
2015-01-31,31,289,1.9517815579431896,720
2015-02-01,32,289,1.9462239218910105,744
2015-02-02,33,289,1.963324466183889,768
2015-02-03,34,289,1.89840525619676,792
2015-02-04,35,289,1.92762455646094,816
2015-02-05,36,289,1.9410852628964883,840
2015-02-06,37,289,1.9691064234175248,864
2015-02-07,38,289,1.96650246758248,888
2015-02-08,39,289,1.96244546310258,912
2015-02-09,40,289,1.974215092781708,936
2015-02-10,41,289,2.0570896796192994,960
2015-02-11,42,289,2.110224095493592,984
2015-02-12,43,289,2.0907055569667565,1008
2015-02-13,44,289,2.117153577933609,1032
2015-02-14,45,289,2.166110953983916,1056
2015-02-15,46,289,2.1591590479164497,1080
2015-02-16,47,289,2.092091924948847,1104
2015-02-17,48,289,2.11646686078855,1128
2015-02-18,49,289,2.061816427578412,1152
2015-02-19,50,289,2.065198544780182,1176
2015-02-20,51,289,2.110903207662788,1200
2015-02-21,52,289,2.138758413715065,1224
2015-02-22,53,289,2.075283483880361,1248
2015-02-23,54,289,2.085143658685304,1272
2015-02-24,55,289,2.0994704262729726,1296
2015-02-25,56,289,2.044362914662848,1320
2015-02-26,57,289,1.9948935643590824,1344
2015-02-27,58,289,2.07151982019476,1368
2015-02-28,59,289,2.09256829035058,1392
2015-03-01,60,289,2.1908490562491973,1416
2015-03-02,61,289,2.2390408836188724,1440
2015-03-03,62,289,2.1567354606560105,1464
2015-03-04,63,289,2.0915664560081284,1488
2015-03-05,64,289,2.059969457150148,1512
2015-03-06,65,289,2.064603216530927,1536
2015-03-07,66,289,2.1887458522373016,1560
2015-03-08,67,289,2.2514172029857527,1584
2015-03-09,68,289,2.2725054977128942,1608
2015-03-10,69,289,2.2552150349512754,1632
2015-03-11,70,289,2.2676509280446497,1656
2015-03-12,71,289,2.1489134284992217,1680
2015-03-13,72,289,2.13745942019027,1704
2015-03-14,73,289,2.1534232842290124,1728
2015-03-15,74,289,2.1897178483767448,1752
2015-03-16,75,289,2.288686490631873,1776
2015-03-17,76,289,2.327959204501537,1800
2015-03-18,77,289,2.3477785294098754,1824
2015-03-19,78,289,2.354396294999649,1848
2015-03-20,79,289,2.3073589679732014,1872
2015-03-21,80,289,2.2758781191358577,1896
2015-03-22,81,289,2.220747158397013,1920
2015-03-23,82,289,2.2843736543257718,1944
2015-03-24,83,289,2.3168383083782134,1968
2015-03-25,84,289,2.2930291623900767,1992
2015-03-26,85,289,2.251720180269886,2016
2015-03-27,86,289,2.2341346511046263,2040
2015-03-28,87,289,2.2761700645639857,2064
2015-03-29,88,289,2.3633673736441803,2088
2015-03-30,89,289,2.3302590777727104,2112
2015-03-31,90,289,2.3844390833492235,2136
2015-04-01,91,289,2.165215973371113,2160
2015-04-02,92,289,2.2008577309299437,2184
2015-04-03,93,289,2.191645695580524,2208
2015-04-04,94,289,2.2383082420244858,2232
2015-04-05,95,289,2.1275852682605274,2256
2015-04-06,96,289,2.0895346887590667,2280
2015-04-07,97,289,2.1646990320522264,2304
2015-04-08,98,289,2.2880035946352417,2328
2015-04-09,99,289,2.44545049917432,2352
2015-04-10,100,289,2.5034389215960235,2376
2015-04-11,101,289,2.432819904413285,2400
2015-04-12,102,289,2.4627664251457486,2424
2015-04-13,103,289,2.497231228400878,2448
2015-04-14,104,289,2.4938954688406656,2472
2015-04-15,105,289,2.557729044995346,2496
2015-04-16,106,289,2.5615509139961823,2520
2015-04-17,107,289,2.468439371872369,2544
2015-04-18,108,289,2.3564474299571034,2568
2015-04-19,109,289,2.3483012872684426,2592
2015-04-20,110,289,2.4387462137200733,2616
2015-04-21,111,289,2.522175477352268,2640
2015-04-22,112,289,2.574394048081648,2664
2015-04-23,113,289,2.5068785502935635,2688
2015-04-24,114,289,2.527039534256541,2712
2015-04-25,115,289,2.5062845724938394,2736
2015-04-26,116,289,2.5639101941381948,2760
2015-04-27,117,289,2.5563668857633384,2784
2015-04-28,118,289,2.3208411013437606,2808
2015-04-29,119,289,2.3731786123171164,2832
2015-04-30,120,289,2.4315173746293093,2856
2015-05-01,121,289,2.477259200622811,2880
2015-05-02,122,289,2.58097836203094,2904
2015-05-03,123,289,2.6667590544984394,2928
2015-05-04,124,289,2.7173549365440004,2952
2015-05-05,125,289,2.7780728189554496,2976
2015-05-06,126,289,2.538677158614512,3000
2015-05-07,127,289,2.537031094126608,3024
2015-05-08,128,289,2.619013285660564,3048
2015-05-09,129,289,2.593444687323714,3072
2015-05-10,130,289,2.6094443487539785,3096
2015-05-11,131,289,2.75784046960817,3120
2015-05-12,132,289,2.8630095487430065,3144
2015-05-13,133,289,2.9480900304347872,3168
2015-05-14,134,289,2.770701304815315,3192
2015-05-15,135,289,2.3835158859597976,3216
2015-05-16,136,289,2.580652861226365,3240
2015-05-17,137,289,2.617738053348365,3264
2015-05-18,138,289,2.6941613041242274,3288
2015-05-19,139,289,2.533459154699856,3312
2015-05-20,140,289,2.299835915814786,3336
2015-05-21,141,289,2.3246822424148657,3360
2015-05-22,142,289,2.3928447028481377,3384
2015-05-23,143,289,2.4387724662634005,3408
2015-05-24,144,289,2.5359229764014812,3432
2015-05-25,145,289,2.558445680575803,3456
2015-05-26,146,289,2.4657007441144034,3480
2015-05-27,147,289,2.4295166221091717,3504
2015-05-28,148,289,2.563356214927321,3528
2015-05-29,149,289,2.7007870509860346,3552
2015-05-30,150,289,2.6550791006140613,3576
2015-05-31,151,289,2.648300351911676,3600
2015-06-01,152,289,2.75343090850504,3624
2015-06-02,153,289,2.8416037031761414,3648
2015-06-03,154,289,2.940062561745328,3672
2015-06-04,155,289,3.0220417431874784,3696
2015-06-05,156,289,3.1246092186840766,3720
2015-06-06,157,289,3.0251743176038732,3744
2015-06-07,158,289,2.9908804398590214,3768
2015-06-08,159,289,2.8394869508184173,3792
2015-06-09,160,289,2.68964625741191,3816
2015-06-10,161,289,2.791767089472997,3840
2015-06-11,162,289,2.893700430364727,3864
2015-06-12,163,289,2.901877117276169,3888
2015-06-13,164,289,2.892250657444605,3912
2015-06-14,165,289,2.8125944324497727,3936
2015-06-15,166,289,2.729299380156444,3960
2015-06-16,167,289,2.7060640060657044,3984
2015-06-17,168,289,2.6873162430222486,4008
2015-06-18,169,289,2.681368561980434,4032
2015-06-19,170,289,2.662897863694345,4056
2015-06-20,171,289,2.5380518550294617,4080
2015-06-21,172,289,2.603828474221085,4104
2015-06-22,173,289,2.7661596134904287,4128
2015-06-23,174,289,2.583626216711127,4152
2015-06-24,175,289,2.6384907834140248,4176
2015-06-25,176,289,2.7521235106348514,4200
2015-06-26,177,289,2.846707593273903,4224
2015-06-27,178,289,2.86675987418996,4248
2015-06-28,179,289,2.8832411688458914,4272
2015-06-29,180,289,2.946248402065125,4296
2015-06-30,181,289,3.081342458704912,4320
2015-07-01,182,289,3.248588248676102,4344
2015-07-02,183,289,3.3840903944008285,4368
2015-07-03,184,289,3.3853390599430915,4392
2015-07-04,185,289,3.3570322578439176,4416
2015-07-05,186,289,3.389926238631782,4440
2015-07-06,187,289,3.278093125276535,4464
2015-07-07,188,289,3.4220765234658423,4488
2015-07-08,189,289,2.8970113492687832,4512
2015-07-09,190,289,2.758234493342034,4536
2015-07-10,191,289,2.8638182417301428,4560
2015-07-11,192,289,3.0917509804373866,4584
2015-07-12,193,289,3.063447093766047,4608
2015-07-13,194,289,3.0116037153031785,4632
2015-07-14,195,289,3.0856942959041267,4656
2015-07-15,196,289,3.1578929739814847,4680
2015-07-16,197,289,3.2870258629341285,4704
2015-07-17,198,289,3.139315836493084,4728
2015-07-18,199,289,3.136739584263212,4752
2015-07-19,200,289,3.2043860741062185,4776
2015-07-20,201,289,3.163052835246713,4800
2015-07-21,202,289,3.2983586690498035,4824
2015-07-22,203,289,3.2237237421894034,4848
2015-07-23,204,289,3.0424617898470108,4872
2015-07-24,205,289,3.1058470185043343,4896
2015-07-25,206,289,2.851410620109572,4920
2015-07-26,207,289,2.758395939907902,4944
2015-07-27,208,289,2.8696614881256366,4968
2015-07-28,209,289,2.8135222605733268,4992
2015-07-29,210,289,2.7563829239730664,5016
2015-07-30,211,289,2.6884257619126783,5040
2015-07-31,212,289,2.7954681773372543,5064
2015-08-01,213,289,2.7622213229977453,5088
2015-08-02,214,289,2.8900942743197224,5112
2015-08-03,215,289,3.0892234930539764,5136
2015-08-04,216,289,3.0018197403541653,5160
2015-08-05,217,289,3.1036556362852954,5184
2015-08-06,218,289,3.3078486409566588,5208
2015-08-07,219,289,3.3931222649329422,5232
2015-08-08,220,289,3.2189089869574286,5256
2015-08-09,221,289,3.0253667040396484,5280
2015-08-10,222,289,2.9870353752629666,5304
2015-08-11,223,289,3.1066700236723137,5328
2015-08-12,224,289,3.1930916568261027,5352
2015-08-13,225,289,3.156100769888712,5376
2015-08-14,226,289,2.8712388849910098,5400
2015-08-15,227,289,2.6865955390795726,5424
2015-08-16,228,289,2.67775256196199,5448
2015-08-17,229,289,2.6979814817647143,5472
2015-08-18,230,289,2.6854004884171805,5496
2015-08-19,231,289,2.630441161028092,5520
2015-08-20,232,289,2.6959456750326725,5544
2015-08-21,233,289,2.708021124874453,5568
2015-08-22,234,289,2.7997882089161394,5592
2015-08-23,235,289,2.791040543265174,5616
2015-08-24,236,289,2.7869344500010125,5640
2015-08-25,237,289,2.7039520850079395,5664
2015-08-26,238,289,2.857965729151496,5688
2015-08-27,239,289,2.997754641731948,5712
2015-08-28,240,289,3.0811581534648647,5736
2015-08-29,241,289,3.165546349929794,5760
2015-08-30,242,289,3.145057353487602,5784
2015-08-31,243,289,3.057225981441646,5808
2015-09-01,244,289,2.8571870479406587,5832
2015-09-02,245,289,2.7080434618483853,5856
2015-09-03,246,289,2.6348809076161364,5880
2015-09-04,247,289,2.612449874029989,5904
2015-09-05,248,289,2.4719820620788964,5928
2015-09-06,249,289,2.4629140056561405,5952
2015-09-07,250,289,2.4637784436408863,5976
2015-09-08,251,289,2.5480475493294783,6000
2015-09-09,252,289,2.599281840428868,6024
2015-09-10,253,289,2.5417826624863107,6048
2015-09-11,254,289,2.5838654327807227,6072
2015-09-12,255,289,2.7029196553772064,6096
2015-09-13,256,289,2.7464452419032392,6120
2015-09-14,257,289,2.6502190517862205,6144
2015-09-15,258,289,2.6703524962683867,6168
2015-09-16,259,289,2.8924434801926284,6192
2015-09-17,260,289,2.745425303740764,6216
2015-09-18,261,289,2.5767323242594142,6240
2015-09-19,262,289,2.5454504610336834,6264
2015-09-20,263,289,2.527860708929119,6288
2015-09-21,264,289,2.5481467062623566,6312
2015-09-22,265,289,2.558460296869156,6336
2015-09-23,266,289,2.356352106424178,6360
2015-09-24,267,289,2.422629047191544,6384
2015-09-25,268,289,2.489624735509869,6408
2015-09-26,269,289,2.5494772777796566,6432
2015-09-27,270,289,2.523201958620417,6456
2015-09-28,271,289,2.4566866039824085,6480
2015-09-29,272,289,2.4307219062823737,6504
2015-09-30,273,289,2.4322933571810297,6528
2015-10-01,274,289,2.4233222838671096,6552
2015-10-02,275,289,2.5553843104024114,6576
2015-10-03,276,289,2.5985489896064173,6600
2015-10-04,277,289,2.481871841352332,6624
2015-10-05,278,289,2.6477903463752552,6648
2015-10-06,279,289,2.6701896460138053,6672
2015-10-07,280,289,2.548442531970292,6696
2015-10-08,281,289,2.4843032782208323,6720
2015-10-09,282,289,2.5070847798863567,6744
2015-10-10,283,289,2.4982866742934657,6768
2015-10-11,284,289,2.4647658994512884,6792
2015-10-12,285,289,2.480812470177188,6816
2015-10-13,286,289,2.4480466414189954,6840
2015-10-14,287,289,2.256357160194978,6864
2015-10-15,288,289,2.2202937423435807,6888
2015-10-16,289,289,2.2064944357054714,6912
2015-10-17,290,289,2.25511980569118,6936
2015-10-18,291,289,2.3225386145985563,6960
2015-10-19,292,289,2.2651394909571496,6984
2015-10-20,293,289,2.2470525432071256,7008
2015-10-21,294,289,2.238997904328727,7032
2015-10-22,295,289,2.311679414708486,7056
2015-10-23,296,289,2.428535387987316,7080
2015-10-24,297,289,2.488561211650822,7104
2015-10-25,298,289,2.478935478614098,7128
2015-10-26,299,289,2.458444182672645,7152
2015-10-27,300,289,2.4532137265859495,7176
2015-10-28,301,289,2.4849687829291605,7200
2015-10-29,302,289,2.403991638545592,7224
2015-10-30,303,289,2.4662959544277165,7248
2015-10-31,304,289,2.456206983270394,7272
2015-11-01,305,289,2.425421332640914,7296
2015-11-02,306,289,2.3873856790845136,7320
2015-11-03,307,289,2.4554884235364707,7344
2015-11-04,308,289,2.489321796779378,7368
2015-11-05,309,289,2.41592114548324,7392
2015-11-06,310,289,2.496480572349673,7416
2015-11-07,311,289,2.552789827928576,7440
2015-11-08,312,289,2.58568652522165,7464
2015-11-09,313,289,2.5669332024859344,7488
2015-11-10,314,289,2.5036271341088807,7512
2015-11-11,315,289,2.419736205390985,7536
2015-11-12,316,289,2.416263507037513,7560
2015-11-13,317,289,2.4286382692081108,7584
2015-11-14,318,289,2.3630880716545763,7608
2015-11-15,319,289,2.5120009077617547,7632
2015-11-16,320,289,2.4232501806729574,7656
2015-11-17,321,289,2.443181102709415,7680
2015-11-18,322,289,2.4365864659418053,7704
2015-11-19,323,289,2.4072565450563363,7728
2015-11-20,324,289,2.446085493330215,7752
2015-11-21,325,289,2.151162393287906,7776
2015-11-22,326,289,2.0446815939790075,7800
2015-11-23,327,289,1.9566874395658869,7824
2015-11-24,328,289,1.9745586708313807,7848
2015-11-25,329,289,2.132130678783386,7872
2015-11-26,330,289,2.081589030364258,7896
2015-11-27,331,289,1.997808348840412,7920
2015-11-28,332,289,2.04926767101419,7944
2015-11-29,333,289,2.1618433339611167,7968
2015-11-30,334,289,2.2785358861766496,7992
2015-12-01,335,289,2.2947854700192405,8016
2015-12-02,336,289,2.2415382494127534,8040
2015-12-03,337,289,2.227932778432671,8064
2015-12-04,338,289,2.2750826227992462,8088
2015-12-05,339,289,2.252887517569642,8112
2015-12-06,340,289,2.2487175455479567,8136
2015-12-07,341,289,2.221219799878845,8160
2015-12-08,342,289,2.2349202928175544,8184
2015-12-09,343,289,2.2032954671931506,8208
2015-12-10,344,289,2.108318976590988,8232
2015-12-11,345,289,2.1756325411190414,8256
2015-12-12,346,289,2.1669179365318927,8280
2015-12-13,347,289,2.1543152718288323,8304
2015-12-14,348,289,2.1572958543181016,8328
2015-12-15,349,289,2.212043238810753,8352
2015-12-16,350,289,2.3340988521106443,8376
2015-12-17,351,289,2.32535064139424,8400
2015-12-18,352,289,2.3152000383229776,8424
2015-12-19,353,289,2.3239614787975524,8448
2015-12-20,354,289,2.3583941868388583,8472
2015-12-21,355,289,2.2877030657070616,8496
2015-12-22,356,289,2.284440917812324,8520
2015-12-23,357,289,2.254771676172942,8544
2015-12-24,358,289,2.2404020555353856,8568
2015-12-25,359,289,2.238850526242632,8592
2015-12-26,360,289,2.233975785280246,8616
2015-12-27,361,289,2.226714007932169,8640
2015-12-28,362,289,2.2664136362324774,8664
2015-12-29,363,289,2.214079106614093,8688
2015-12-30,364,289,2.1743409520480936,8712
2015-12-31,365,289,2.2177906981882543,8736
2015-01-01,1,290,2.150375183123596,0
2015-01-02,2,290,2.2170583821636556,24
2015-01-03,3,290,2.401933610738494,48
2015-01-04,4,290,2.4512228277000268,72
2015-01-05,5,290,2.227468834229741,96
2015-01-06,6,290,2.1886806697228365,120
2015-01-07,7,290,2.255053390230413,144
2015-01-08,8,290,2.3886236375862158,168
2015-01-09,9,290,2.5211102087002963,192
2015-01-10,10,290,2.7990222483700777,216
2015-01-11,11,290,2.461561262820706,240
2015-01-12,12,290,2.3276745234401863,264
2015-01-13,13,290,2.4828632270223494,288
2015-01-14,14,290,2.51950613057621,312
2015-01-15,15,290,2.474596712032039,336
2015-01-16,16,290,2.4344185745998583,360
2015-01-17,17,290,2.3078997120258404,384
2015-01-18,18,290,2.216372138364087,408
2015-01-19,19,290,2.2563566534155486,432
2015-01-20,20,290,2.262847229251917,456
2015-01-21,21,290,2.2803371074399217,480
2015-01-22,22,290,2.2841206442302915,504
2015-01-23,23,290,2.2706349815870843,528
2015-01-24,24,290,2.2662141155812336,552
2015-01-25,25,290,2.2607184944402032,576
2015-01-26,26,290,2.2231068402545584,600
2015-01-27,27,290,2.2824273410987708,624
2015-01-28,28,290,2.274573818761956,648
2015-01-29,29,290,2.349653233512418,672
2015-01-30,30,290,2.2834739679869114,696
2015-01-31,31,290,2.2579801082162168,720
2015-02-01,32,290,2.2540623885097446,744
2015-02-02,33,290,2.238965886343048,768
2015-02-03,34,290,2.1930163555461784,792
2015-02-04,35,290,2.1688970330928874,816
2015-02-05,36,290,2.159177763269012,840
2015-02-06,37,290,2.178529281849341,864
2015-02-07,38,290,2.133681638213293,888
2015-02-08,39,290,2.173247020046455,912
2015-02-09,40,290,2.216092031709584,936
2015-02-10,41,290,2.214054707257764,960
2015-02-11,42,290,2.2202582056868856,984
2015-02-12,43,290,2.2119225524443964,1008
2015-02-13,44,290,2.2730184598103893,1032
2015-02-14,45,290,2.384584279654553,1056
2015-02-15,46,290,2.345483537647362,1080
2015-02-16,47,290,2.2871084615886,1104
2015-02-17,48,290,2.271654849350794,1128
2015-02-18,49,290,2.2528181721167755,1152
2015-02-19,50,290,2.28568504820669,1176
2015-02-20,51,290,2.4002392205175,1200
2015-02-21,52,290,2.3342179233498337,1224
2015-02-22,53,290,2.297714998654754,1248
2015-02-23,54,290,2.3023021501521588,1272
2015-02-24,55,290,2.382872366311286,1296
2015-02-25,56,290,2.3751776155808866,1320
2015-02-26,57,290,2.3269573843067293,1344
2015-02-27,58,290,2.353012602802549,1368
2015-02-28,59,290,2.33914597065616,1392
2015-03-01,60,290,2.44888129712177,1416
2015-03-02,61,290,2.5802276233911003,1440
2015-03-03,62,290,2.507064084808193,1464
2015-03-04,63,290,2.392852719935544,1488
2015-03-05,64,290,2.371121702116836,1512
2015-03-06,65,290,2.3835435809041536,1536
2015-03-07,66,290,2.3926295064350223,1560
2015-03-08,67,290,2.4659860824104225,1584
2015-03-09,68,290,2.5342938451673533,1608
2015-03-10,69,290,2.5473884362199475,1632
2015-03-11,70,290,2.59973544978064,1656
2015-03-12,71,290,2.4607524454515093,1680
2015-03-13,72,290,2.4158618654567463,1704
2015-03-14,73,290,2.4274467532241304,1728
2015-03-15,74,290,2.397881170173141,1752
2015-03-16,75,290,2.5172514598859568,1776
2015-03-17,76,290,2.6016449378300504,1800
2015-03-18,77,290,2.6662650233333336,1824
2015-03-19,78,290,2.6785787129596543,1848
2015-03-20,79,290,2.5999740709098504,1872
2015-03-21,80,290,2.5594019258183103,1896
2015-03-22,81,290,2.453379682827947,1920
2015-03-23,82,290,2.542327795532382,1944
2015-03-24,83,290,2.6243049448532894,1968
2015-03-25,84,290,2.5380914521643043,1992
2015-03-26,85,290,2.4740977435087803,2016
2015-03-27,86,290,2.546044654340821,2040
2015-03-28,87,290,2.504590358528905,2064
2015-03-29,88,290,2.6495106079017403,2088
2015-03-30,89,290,2.712325351700528,2112
2015-03-31,90,290,2.766519230378296,2136
2015-04-01,91,290,2.4846601708352156,2160
2015-04-02,92,290,2.4824237971131127,2184
2015-04-03,93,290,2.488427478312156,2208
2015-04-04,94,290,2.4824137928163084,2232
2015-04-05,95,290,2.420675752033148,2256
2015-04-06,96,290,2.4317798408856395,2280
2015-04-07,97,290,2.4835197140141485,2304
2015-04-08,98,290,2.55669576027335,2328
2015-04-09,99,290,2.7146272140242687,2352
2015-04-10,100,290,2.871363517379166,2376
2015-04-11,101,290,2.828458900945232,2400
2015-04-12,102,290,2.837228459550725,2424
2015-04-13,103,290,2.915404372970693,2448
2015-04-14,104,290,2.9027911418193826,2472
2015-04-15,105,290,2.9745027410012086,2496
2015-04-16,106,290,2.8937408586294486,2520
2015-04-17,107,290,2.7934474176862127,2544
2015-04-18,108,290,2.661648695411181,2568
2015-04-19,109,290,2.644409664677436,2592
2015-04-20,110,290,2.77091122203178,2616
2015-04-21,111,290,2.860809964447648,2640
2015-04-22,112,290,2.9153522631391184,2664
2015-04-23,113,290,2.864532684768424,2688
2015-04-24,114,290,2.9145041283043542,2712
2015-04-25,115,290,2.889694405257204,2736
2015-04-26,116,290,2.8992047350011805,2760
2015-04-27,117,290,2.919946251373172,2784
2015-04-28,118,290,2.580803994705548,2808
2015-04-29,119,290,2.634950684616511,2832
2015-04-30,120,290,2.7864253617813586,2856
2015-05-01,121,290,2.7760900812484475,2880
2015-05-02,122,290,2.8787149626267734,2904
2015-05-03,123,290,2.9625713050356586,2928
2015-05-04,124,290,3.0626744465754814,2952
2015-05-05,125,290,3.0486167782119287,2976
2015-05-06,126,290,2.922926862387738,3000
2015-05-07,127,290,2.8594918157371327,3024
2015-05-08,128,290,2.8985590648720714,3048
2015-05-09,129,290,2.992678508759624,3072
2015-05-10,130,290,3.001840634454428,3096
2015-05-11,131,290,3.128953763194371,3120
2015-05-12,132,290,3.401776805449096,3144
2015-05-13,133,290,3.5113696575323146,3168
2015-05-14,134,290,3.1796906031356413,3192
2015-05-15,135,290,2.5976372058921333,3216
2015-05-16,136,290,2.879821182504932,3240
2015-05-17,137,290,3.000100098103194,3264
2015-05-18,138,290,3.0888306011982234,3288
2015-05-19,139,290,2.879807150327118,3312
2015-05-20,140,290,2.659358295889956,3336
2015-05-21,141,290,2.664679420528882,3360
2015-05-22,142,290,2.8076411183399737,3384
2015-05-23,143,290,2.8967333041571166,3408
2015-05-24,144,290,2.9915921553204416,3432
2015-05-25,145,290,2.9617040296199013,3456
2015-05-26,146,290,2.833354382382081,3480
2015-05-27,147,290,2.827244762566018,3504
2015-05-28,148,290,2.9502762682875425,3528
2015-05-29,149,290,3.1730190742061986,3552
2015-05-30,150,290,3.1065243461816774,3576
2015-05-31,151,290,3.1539219376862926,3600
2015-06-01,152,290,3.1995021748748567,3624
2015-06-02,153,290,3.3397613152790018,3648
2015-06-03,154,290,3.465127606965844,3672
2015-06-04,155,290,3.5214791398759084,3696
2015-06-05,156,290,3.6644530328989364,3720
2015-06-06,157,290,3.6166277020009314,3744
2015-06-07,158,290,3.4736681373208325,3768
2015-06-08,159,290,3.2198123508976537,3792
2015-06-09,160,290,3.0148473454713622,3816
2015-06-10,161,290,3.1087815188664494,3840
2015-06-11,162,290,3.3437040486459124,3864
2015-06-12,163,290,3.349658670733382,3888
2015-06-13,164,290,3.3553866959438454,3912
2015-06-14,165,290,3.2346413330105097,3936
2015-06-15,166,290,3.1289077423336726,3960
2015-06-16,167,290,3.13043874768965,3984
2015-06-17,168,290,3.1528722547190218,4008
2015-06-18,169,290,3.0918727362170206,4032
2015-06-19,170,290,3.124628069941747,4056
2015-06-20,171,290,2.959895309150453,4080
2015-06-21,172,290,3.055447420844565,4104
2015-06-22,173,290,3.2565046031807907,4128
2015-06-23,174,290,3.0242470986065046,4152
2015-06-24,175,290,3.044234049407008,4176
2015-06-25,176,290,3.2182313616367137,4200
2015-06-26,177,290,3.3502737721853455,4224
2015-06-27,178,290,3.4496765892166903,4248
2015-06-28,179,290,3.43363083598634,4272
2015-06-29,180,290,3.5033643718740555,4296
2015-06-30,181,290,3.661642179030797,4320
2015-07-01,182,290,3.877588642728168,4344
2015-07-02,183,290,4.08198138196291,4368
2015-07-03,184,290,4.1230560869144615,4392
2015-07-04,185,290,4.216402628574161,4416
2015-07-05,186,290,4.244315053710092,4440
2015-07-06,187,290,3.991984992922073,4464
2015-07-07,188,290,4.210094512217552,4488
2015-07-08,189,290,3.462192010269392,4512
2015-07-09,190,290,3.3088784945320886,4536
2015-07-10,191,290,3.3750106397958333,4560
2015-07-11,192,290,3.7507831447994815,4584
2015-07-12,193,290,3.659023978775509,4608
2015-07-13,194,290,3.6337369761553218,4632
2015-07-14,195,290,3.7098052876543486,4656
2015-07-15,196,290,3.7396081345597034,4680
2015-07-16,197,290,3.971459660966639,4704
2015-07-17,198,290,4.071072728435024,4728
2015-07-18,199,290,3.6789337561827034,4752
2015-07-19,200,290,3.872733425291361,4776
2015-07-20,201,290,3.87345346231613,4800
2015-07-21,202,290,4.039055818837516,4824
2015-07-22,203,290,3.777460363446667,4848
2015-07-23,204,290,3.5545102610910257,4872
2015-07-24,205,290,3.6657900998797133,4896
2015-07-25,206,290,3.3213430181092596,4920
2015-07-26,207,290,3.0844068002792264,4944
2015-07-27,208,290,3.3416549013576464,4968
2015-07-28,209,290,3.3071406827967373,4992
2015-07-29,210,290,3.097208462760955,5016
2015-07-30,211,290,3.1006727595956494,5040
2015-07-31,212,290,3.1662317334270287,5064
2015-08-01,213,290,3.110613104921332,5088
2015-08-02,214,290,3.3410207805082512,5112
2015-08-03,215,290,3.614677161811097,5136
2015-08-04,216,290,3.485202335516013,5160
2015-08-05,217,290,3.6289982101045086,5184
2015-08-06,218,290,3.9471657969172407,5208
2015-08-07,219,290,4.095000820701524,5232
2015-08-08,220,290,3.8517275195216976,5256
2015-08-09,221,290,3.443774869865669,5280
2015-08-10,222,290,3.481216777668105,5304
2015-08-11,223,290,3.643643998145926,5328
2015-08-12,224,290,3.793290237272705,5352
2015-08-13,225,290,3.607013268918248,5376
2015-08-14,226,290,3.280863297379777,5400
2015-08-15,227,290,3.1096335871415173,5424
2015-08-16,228,290,3.0034127526679253,5448
2015-08-17,229,290,3.1274201963312995,5472
2015-08-18,230,290,3.086691436321761,5496
2015-08-19,231,290,3.0169111159788162,5520
2015-08-20,232,290,3.1105303364320296,5544
2015-08-21,233,290,3.2375110207666657,5568
2015-08-22,234,290,3.2760223793014407,5592
2015-08-23,235,290,3.167575014040392,5616
2015-08-24,236,290,3.0865110234760333,5640
2015-08-25,237,290,3.0835349407289594,5664
2015-08-26,238,290,3.2148301677854985,5688
2015-08-27,239,290,3.5408291515692345,5712
2015-08-28,240,290,3.698915636308587,5736
2015-08-29,241,290,3.660909598417582,5760
2015-08-30,242,290,3.7607368049385896,5784
2015-08-31,243,290,3.7211997640112533,5808
2015-09-01,244,290,3.2960409595838605,5832
2015-09-02,245,290,3.1430556677849446,5856
2015-09-03,246,290,3.0690743289984828,5880
2015-09-04,247,290,3.039690041931052,5904
2015-09-05,248,290,2.893443071516792,5928
2015-09-06,249,290,2.852943104556502,5952
2015-09-07,250,290,2.8656680428419388,5976
2015-09-08,251,290,2.9199737936157213,6000
2015-09-09,252,290,2.986160529166496,6024
2015-09-10,253,290,2.9205861245147866,6048
2015-09-11,254,290,3.035308271219547,6072
2015-09-12,255,290,3.1713743723277656,6096
2015-09-13,256,290,3.1599391500745995,6120
2015-09-14,257,290,3.0009981080175083,6144
2015-09-15,258,290,2.974686248022018,6168
2015-09-16,259,290,3.1540360464789057,6192
2015-09-17,260,290,2.9353883566937964,6216
2015-09-18,261,290,2.878380430576709,6240
2015-09-19,262,290,2.85142802946934,6264
2015-09-20,263,290,2.894646373550956,6288
2015-09-21,264,290,2.82836741575012,6312
2015-09-22,265,290,2.866848399033356,6336
2015-09-23,266,290,2.705505733143708,6360
2015-09-24,267,290,2.789374592755831,6384
2015-09-25,268,290,2.8131080232741894,6408
2015-09-26,269,290,2.8320113402870186,6432
2015-09-27,270,290,2.861176454007145,6456
2015-09-28,271,290,2.7778933601571016,6480
2015-09-29,272,290,2.7393810277945123,6504
2015-09-30,273,290,2.6931779470148967,6528
2015-10-01,274,290,2.67470058074823,6552
2015-10-02,275,290,2.7368120271785217,6576
2015-10-03,276,290,2.8664561796470247,6600
2015-10-04,277,290,2.83821496528727,6624
2015-10-05,278,290,2.928966791216473,6648
2015-10-06,279,290,2.9441972351271164,6672
2015-10-07,280,290,2.8513149656780463,6696
2015-10-08,281,290,2.7567531531468648,6720
2015-10-09,282,290,2.7739011349792406,6744
2015-10-10,283,290,2.7337469397277414,6768
2015-10-11,284,290,2.767990895909111,6792
2015-10-12,285,290,2.7121343843280328,6816
2015-10-13,286,290,2.6612967221498938,6840
2015-10-14,287,290,2.503348042701308,6864
2015-10-15,288,290,2.4521697755619973,6888
2015-10-16,289,290,2.4668431695412902,6912
2015-10-17,290,290,2.484681466960647,6936
2015-10-18,291,290,2.572505334881714,6960
2015-10-19,292,290,2.5668040590356096,6984
2015-10-20,293,290,2.520337262136989,7008
2015-10-21,294,290,2.5361478383980067,7032
2015-10-22,295,290,2.562800854359004,7056
2015-10-23,296,290,2.6963255910259862,7080
2015-10-24,297,290,2.7135614159198016,7104
2015-10-25,298,290,2.7536292380967766,7128
2015-10-26,299,290,2.6652974144317416,7152
2015-10-27,300,290,2.6453708112944336,7176
2015-10-28,301,290,2.6755873481220056,7200
2015-10-29,302,290,2.6893366297396364,7224
2015-10-30,303,290,2.6706790265638767,7248
2015-10-31,304,290,2.643600968258891,7272
2015-11-01,305,290,2.5866769197927653,7296
2015-11-02,306,290,2.5509568178089865,7320
2015-11-03,307,290,2.5346184955431945,7344
2015-11-04,308,290,2.6157633432277025,7368
2015-11-05,309,290,2.64342005776269,7392
2015-11-06,310,290,2.7385759879160525,7416
2015-11-07,311,290,2.8006647285010566,7440
2015-11-08,312,290,2.756676479619412,7464
2015-11-09,313,290,2.7936836802494818,7488
2015-11-10,314,290,2.6976237862008143,7512
2015-11-11,315,290,2.54484533981001,7536
2015-11-12,316,290,2.5347139719495453,7560
2015-11-13,317,290,2.5951923654022537,7584
2015-11-14,318,290,2.6403772652583704,7608
2015-11-15,319,290,2.6840488759603485,7632
2015-11-16,320,290,2.6197375753110306,7656
2015-11-17,321,290,2.759452577760449,7680
2015-11-18,322,290,2.818314069295225,7704
2015-11-19,323,290,2.845598792384904,7728
2015-11-20,324,290,2.807321673228016,7752
2015-11-21,325,290,2.38608623755402,7776
2015-11-22,326,290,2.295386106398786,7800
2015-11-23,327,290,2.258907227751552,7824
2015-11-24,328,290,2.2396358081763474,7848
2015-11-25,329,290,2.320256456978039,7872
2015-11-26,330,290,2.352706366966112,7896
2015-11-27,331,290,2.3023795463396084,7920
2015-11-28,332,290,2.2927130193458543,7944
2015-11-29,333,290,2.4185357891964485,7968
2015-11-30,334,290,2.6159020159715425,7992
2015-12-01,335,290,2.5634586892695816,8016
2015-12-02,336,290,2.3674447885680716,8040
2015-12-03,337,290,2.3003268202994267,8064
2015-12-04,338,290,2.352695837964997,8088
2015-12-05,339,290,2.4067634768386608,8112
2015-12-06,340,290,2.437956272425755,8136
2015-12-07,341,290,2.4199317251826766,8160
2015-12-08,342,290,2.3798499171986527,8184
2015-12-09,343,290,2.4532307018661044,8208
2015-12-10,344,290,2.3133251268875497,8232
2015-12-11,345,290,2.3534096509106126,8256
2015-12-12,346,290,2.361086493768309,8280
2015-12-13,347,290,2.302607645538892,8304
2015-12-14,348,290,2.292639864713229,8328
2015-12-15,349,290,2.3203979062526296,8352
2015-12-16,350,290,2.494028753020636,8376
2015-12-17,351,290,2.486447062828201,8400
2015-12-18,352,290,2.463181699193315,8424
2015-12-19,353,290,2.432470896330814,8448
2015-12-20,354,290,2.4316747199380906,8472
2015-12-21,355,290,2.5788752413183693,8496
2015-12-22,356,290,2.5043519160186802,8520
2015-12-23,357,290,2.5340953965526665,8544
2015-12-24,358,290,2.5174073834662463,8568
2015-12-25,359,290,2.487312848358215,8592
2015-12-26,360,290,2.3870750286795297,8616
2015-12-27,361,290,2.3191398668253025,8640
2015-12-28,362,290,2.2842915542953777,8664
2015-12-29,363,290,2.3105018570257334,8688
2015-12-30,364,290,2.3560218693475923,8712
2015-12-31,365,290,2.4254648692642977,8736
2015-01-01,1,291,2.138809648552694,0
2015-01-02,2,291,2.2254788025423213,24
2015-01-03,3,291,2.399784056631172,48
2015-01-04,4,291,2.4383150896108163,72
2015-01-05,5,291,2.2323320620588247,96
2015-01-06,6,291,2.1962726702272226,120
2015-01-07,7,291,2.262254977539882,144
2015-01-08,8,291,2.386426666348197,168
2015-01-09,9,291,2.5200658738010744,192
2015-01-10,10,291,2.7994434395661685,216
2015-01-11,11,291,2.4543565534804546,240
2015-01-12,12,291,2.33917543516526,264
2015-01-13,13,291,2.4565434807722584,288
2015-01-14,14,291,2.4914547980321866,312
2015-01-15,15,291,2.435470331380616,336
2015-01-16,16,291,2.4233915404548134,360
2015-01-17,17,291,2.297356186594358,384
2015-01-18,18,291,2.2296874969246376,408
2015-01-19,19,291,2.251565688343578,432
2015-01-20,20,291,2.2665151261969583,456
2015-01-21,21,291,2.263953141820367,480
2015-01-22,22,291,2.2649886114614133,504
2015-01-23,23,291,2.267247373419542,528
2015-01-24,24,291,2.2699184866202207,552
2015-01-25,25,291,2.2508932803939934,576
2015-01-26,26,291,2.206699332813351,600
2015-01-27,27,291,2.282546164666857,624
2015-01-28,28,291,2.266420811473022,648
2015-01-29,29,291,2.3214454713897354,672
2015-01-30,30,291,2.2718691433613483,696
2015-01-31,31,291,2.2554362488513062,720
2015-02-01,32,291,2.24663856073656,744
2015-02-02,33,291,2.2384031138571783,768
2015-02-03,34,291,2.178123109864936,792
2015-02-04,35,291,2.1629974747541323,816
2015-02-05,36,291,2.1550734594874834,840
2015-02-06,37,291,2.17103670203686,864
2015-02-07,38,291,2.127059536723919,888
2015-02-08,39,291,2.160199662517172,912
2015-02-09,40,291,2.1961047713481823,936
2015-02-10,41,291,2.2114591606423466,960
2015-02-11,42,291,2.209222272330256,984
2015-02-12,43,291,2.201953512880169,1008
2015-02-13,44,291,2.2490013291988493,1032
2015-02-14,45,291,2.3294945314355946,1056
2015-02-15,46,291,2.2914802330346937,1080
2015-02-16,47,291,2.2577907053780524,1104
2015-02-17,48,291,2.259900631125916,1128
2015-02-18,49,291,2.2445924310599423,1152
2015-02-19,50,291,2.27865436801518,1176
2015-02-20,51,291,2.37087594191208,1200
2015-02-21,52,291,2.3106965996015463,1224
2015-02-22,53,291,2.283982647878597,1248
2015-02-23,54,291,2.289794390797016,1272
2015-02-24,55,291,2.370521941461838,1296
2015-02-25,56,291,2.370702609286744,1320
2015-02-26,57,291,2.312751637753291,1344
2015-02-27,58,291,2.338267625613536,1368
2015-02-28,59,291,2.3391130134507065,1392
2015-03-01,60,291,2.43023357130934,1416
2015-03-02,61,291,2.5472995582849154,1440
2015-03-03,62,291,2.4912274942130224,1464
2015-03-04,63,291,2.3812098702242364,1488
2015-03-05,64,291,2.354596929875614,1512
2015-03-06,65,291,2.35868106541173,1536
2015-03-07,66,291,2.3742735010472598,1560
2015-03-08,67,291,2.453635693225332,1584
2015-03-09,68,291,2.5223351418354505,1608
2015-03-10,69,291,2.5466164068139907,1632
2015-03-11,70,291,2.5943812426797455,1656
2015-03-12,71,291,2.4462598733207597,1680
2015-03-13,72,291,2.4040707562804458,1704
2015-03-14,73,291,2.4063975418360366,1728
2015-03-15,74,291,2.395150219668375,1752
2015-03-16,75,291,2.5148971089711614,1776
2015-03-17,76,291,2.6049270769106383,1800
2015-03-18,77,291,2.6685448760704333,1824
2015-03-19,78,291,2.6715735841568087,1848
2015-03-20,79,291,2.5912919271050763,1872
2015-03-21,80,291,2.535381530216274,1896
2015-03-22,81,291,2.435513481849086,1920
2015-03-23,82,291,2.5288990025062046,1944
2015-03-24,83,291,2.6018618792591264,1968
2015-03-25,84,291,2.5378916776214755,1992
2015-03-26,85,291,2.4691847268345795,2016
2015-03-27,86,291,2.5447006779491685,2040
2015-03-28,87,291,2.527017626906072,2064
2015-03-29,88,291,2.643013650278314,2088
2015-03-30,89,291,2.6917433683097127,2112
2015-03-31,90,291,2.754935377698509,2136
2015-04-01,91,291,2.4791367697636724,2160
2015-04-02,92,291,2.4757978833623544,2184
2015-04-03,93,291,2.4794919998582547,2208
2015-04-04,94,291,2.46432824268228,2232
2015-04-05,95,291,2.4032342232447017,2256
2015-04-06,96,291,2.4054909746776616,2280
2015-04-07,97,291,2.4586449367427137,2304
2015-04-08,98,291,2.548183657007474,2328
2015-04-09,99,291,2.7047466478017554,2352
2015-04-10,100,291,2.8499275077683257,2376
2015-04-11,101,291,2.818173685262204,2400
2015-04-12,102,291,2.8312112357651698,2424
2015-04-13,103,291,2.907404019341119,2448
2015-04-14,104,291,2.9107683666506032,2472
2015-04-15,105,291,2.947677141046517,2496
2015-04-16,106,291,2.9047021436310967,2520
2015-04-17,107,291,2.7822427362367947,2544
2015-04-18,108,291,2.638622079971221,2568
2015-04-19,109,291,2.628011266451784,2592
2015-04-20,110,291,2.7475685593647095,2616
2015-04-21,111,291,2.852989765850753,2640
2015-04-22,112,291,2.9179899354804535,2664
2015-04-23,113,291,2.8236149942350366,2688
2015-04-24,114,291,2.876705835794016,2712
2015-04-25,115,291,2.8638257275286585,2736
2015-04-26,116,291,2.8907889950291317,2760
2015-04-27,117,291,2.9075557915998576,2784
2015-04-28,118,291,2.5870960821828084,2808
2015-04-29,119,291,2.628793321897996,2832
2015-04-30,120,291,2.771934765487824,2856
2015-05-01,121,291,2.7499000203558905,2880
2015-05-02,122,291,2.870622642968857,2904
2015-05-03,123,291,2.937611489151301,2928
2015-05-04,124,291,3.0384412095036115,2952
2015-05-05,125,291,3.049697066463045,2976
2015-05-06,126,291,2.9063601860358466,3000
2015-05-07,127,291,2.8673358054320723,3024
2015-05-08,128,291,2.90452563179789,3048
2015-05-09,129,291,2.9905144498613963,3072
2015-05-10,130,291,3.006771554444514,3096
2015-05-11,131,291,3.1166414240354885,3120
2015-05-12,132,291,3.3649219559082586,3144
2015-05-13,133,291,3.4588042879504246,3168
2015-05-14,134,291,3.1861848777309283,3192
2015-05-15,135,291,2.601159255439942,3216
2015-05-16,136,291,2.869834426335892,3240
2015-05-17,137,291,3.00321727422256,3264
2015-05-18,138,291,3.088181952852993,3288
2015-05-19,139,291,2.8569432624183024,3312
2015-05-20,140,291,2.6391980998788727,3336
2015-05-21,141,291,2.6360876992266022,3360
2015-05-22,142,291,2.792783508369001,3384
2015-05-23,143,291,2.863092163345873,3408
2015-05-24,144,291,2.9729967226575917,3432
2015-05-25,145,291,2.9381102457284127,3456
2015-05-26,146,291,2.816879060885537,3480
2015-05-27,147,291,2.8217400444662406,3504
2015-05-28,148,291,2.928449383253424,3528
2015-05-29,149,291,3.1428501853903854,3552
2015-05-30,150,291,3.0794057929528247,3576
2015-05-31,151,291,3.119375934726971,3600
2015-06-01,152,291,3.1876716214993777,3624
2015-06-02,153,291,3.307151663105924,3648
2015-06-03,154,291,3.439074878954248,3672
2015-06-04,155,291,3.5094730361653435,3696
2015-06-05,156,291,3.6517092783787177,3720
2015-06-06,157,291,3.6087034858880562,3744
2015-06-07,158,291,3.4860880718635374,3768
2015-06-08,159,291,3.2219544395947763,3792
2015-06-09,160,291,2.992681932850413,3816
2015-06-10,161,291,3.0791725403414416,3840
2015-06-11,162,291,3.311760547933145,3864
2015-06-12,163,291,3.351270310836087,3888
2015-06-13,164,291,3.344622517679786,3912
2015-06-14,165,291,3.2003433893041646,3936
2015-06-15,166,291,3.0979119670094364,3960
2015-06-16,167,291,3.1014030568807542,3984
2015-06-17,168,291,3.1336073636171644,4008
2015-06-18,169,291,3.0708046728134573,4032
2015-06-19,170,291,3.116241303844664,4056
2015-06-20,171,291,2.9604372632488727,4080
2015-06-21,172,291,3.0158813835340164,4104
2015-06-22,173,291,3.1988946848721134,4128
2015-06-23,174,291,2.9967334743155587,4152
2015-06-24,175,291,3.0280076333558323,4176
2015-06-25,176,291,3.1846103436848976,4200
2015-06-26,177,291,3.3192545767521584,4224
2015-06-27,178,291,3.4020802757164645,4248
2015-06-28,179,291,3.4067444737520964,4272
2015-06-29,180,291,3.4567412649379805,4296
2015-06-30,181,291,3.6122338895099166,4320
2015-07-01,182,291,3.7960918349878847,4344
2015-07-02,183,291,3.9857790288793375,4368
2015-07-03,184,291,4.057219427829321,4392
2015-07-04,185,291,4.118982951245743,4416
2015-07-05,186,291,4.166497181508879,4440
2015-07-06,187,291,3.9298510158377926,4464
2015-07-07,188,291,4.1384930574656345,4488
2015-07-08,189,291,3.4482134550247614,4512
2015-07-09,190,291,3.3194707407860293,4536
2015-07-10,191,291,3.3428758218347503,4560
2015-07-11,192,291,3.675735487252034,4584
2015-07-12,193,291,3.6376408489873167,4608
2015-07-13,194,291,3.6007342432414062,4632
2015-07-14,195,291,3.6880685392005352,4656
2015-07-15,196,291,3.714260247489478,4680
2015-07-16,197,291,3.9084126720448236,4704
2015-07-17,198,291,3.9434572555818814,4728
2015-07-18,199,291,3.6496278433210914,4752
2015-07-19,200,291,3.807798835967338,4776
2015-07-20,201,291,3.829313840778744,4800
2015-07-21,202,291,3.9927542388817097,4824
2015-07-22,203,291,3.7693833931621636,4848
2015-07-23,204,291,3.5402141333787984,4872
2015-07-24,205,291,3.6092108481960254,4896
2015-07-25,206,291,3.3100664838304645,4920
2015-07-26,207,291,3.1120841746599512,4944
2015-07-27,208,291,3.3377025942333844,4968
2015-07-28,209,291,3.2891666645602644,4992
2015-07-29,210,291,3.0731569604423767,5016
2015-07-30,211,291,3.1033126813995864,5040
2015-07-31,212,291,3.1769315142652914,5064
2015-08-01,213,291,3.110716057042715,5088
2015-08-02,214,291,3.3287209107715694,5112
2015-08-03,215,291,3.5677990614215305,5136
2015-08-04,216,291,3.4701361546121627,5160
2015-08-05,217,291,3.607578744790691,5184
2015-08-06,218,291,3.907437719645504,5208
2015-08-07,219,291,4.033061394250868,5232
2015-08-08,220,291,3.914761721622904,5256
2015-08-09,221,291,3.5090470062622936,5280
2015-08-10,222,291,3.495294526310363,5304
2015-08-11,223,291,3.629039344331136,5328
2015-08-12,224,291,3.7657108369490553,5352
2015-08-13,225,291,3.644479556016928,5376
2015-08-14,226,291,3.2663874961029413,5400
2015-08-15,227,291,3.0854129168707587,5424
2015-08-16,228,291,3.0033264015181835,5448
2015-08-17,229,291,3.100066010463752,5472
2015-08-18,230,291,3.076542723081768,5496
2015-08-19,231,291,2.9968049884511077,5520
2015-08-20,232,291,3.094546081484679,5544
2015-08-21,233,291,3.2064060773590697,5568
2015-08-22,234,291,3.241186499816122,5592
2015-08-23,235,291,3.1479903878238926,5616
2015-08-24,236,291,3.0785112491547206,5640
2015-08-25,237,291,3.0814452887440287,5664
2015-08-26,238,291,3.1947822394754835,5688
2015-08-27,239,291,3.493490472576962,5712
2015-08-28,240,291,3.6599814194058498,5736
2015-08-29,241,291,3.6389362138415953,5760
2015-08-30,242,291,3.738076644806292,5784
2015-08-31,243,291,3.6784025561686695,5808
2015-09-01,244,291,3.277083321798779,5832
2015-09-02,245,291,3.131897364385742,5856
2015-09-03,246,291,3.0413083071088414,5880
2015-09-04,247,291,3.0383904763729035,5904
2015-09-05,248,291,2.8897695376398755,5928
2015-09-06,249,291,2.8491194068125467,5952
2015-09-07,250,291,2.846931653597081,5976
2015-09-08,251,291,2.9006740268293485,6000
2015-09-09,252,291,2.956427086801601,6024
2015-09-10,253,291,2.8679941506095727,6048
2015-09-11,254,291,2.966337893395635,6072
2015-09-12,255,291,3.1565825253719937,6096
2015-09-13,256,291,3.1192360612632406,6120
2015-09-14,257,291,3.0067821205108296,6144
2015-09-15,258,291,2.97730666040806,6168
2015-09-16,259,291,3.1099642524970044,6192
2015-09-17,260,291,2.924706186146799,6216
2015-09-18,261,291,2.86075363747014,6240
2015-09-19,262,291,2.849815851906206,6264
2015-09-20,263,291,2.8996011960774606,6288
2015-09-21,264,291,2.8207897325377926,6312
2015-09-22,265,291,2.86665024504394,6336
2015-09-23,266,291,2.6963845295229687,6360
2015-09-24,267,291,2.782846997115978,6384
2015-09-25,268,291,2.7972098292565017,6408
2015-09-26,269,291,2.8372066126467472,6432
2015-09-27,270,291,2.862438745056968,6456
2015-09-28,271,291,2.7618093289374763,6480
2015-09-29,272,291,2.730983364729684,6504
2015-09-30,273,291,2.680850739370724,6528
2015-10-01,274,291,2.660207244601069,6552
2015-10-02,275,291,2.7334779452731426,6576
2015-10-03,276,291,2.871690962612791,6600
2015-10-04,277,291,2.8203239777031457,6624
2015-10-05,278,291,2.907800676081814,6648
2015-10-06,279,291,2.9341805877827656,6672
2015-10-07,280,291,2.8634382994392933,6696
2015-10-08,281,291,2.7793497013041173,6720
2015-10-09,282,291,2.7744148584853283,6744
2015-10-10,283,291,2.733584854270217,6768
2015-10-11,284,291,2.7577781241052968,6792
2015-10-12,285,291,2.714450958191626,6816
2015-10-13,286,291,2.648609006871009,6840
2015-10-14,287,291,2.529511618603586,6864
2015-10-15,288,291,2.4586978973016165,6888
2015-10-16,289,291,2.4624142258662425,6912
2015-10-17,290,291,2.4780171155543447,6936
2015-10-18,291,291,2.551693970077656,6960
2015-10-19,292,291,2.5486881874609617,6984
2015-10-20,293,291,2.503703342935748,7008
2015-10-21,294,291,2.506599826972622,7032
2015-10-22,295,291,2.5540359039506497,7056
2015-10-23,296,291,2.6855622982594443,7080
2015-10-24,297,291,2.71747208223782,7104
2015-10-25,298,291,2.743462825350703,7128
2015-10-26,299,291,2.662702396787071,7152
2015-10-27,300,291,2.6307684720346307,7176
2015-10-28,301,291,2.6781886675720115,7200
2015-10-29,302,291,2.683427740846595,7224
2015-10-30,303,291,2.6718915293481182,7248
2015-10-31,304,291,2.6415627669259387,7272
2015-11-01,305,291,2.5892370849720456,7296
2015-11-02,306,291,2.5369205643257526,7320
2015-11-03,307,291,2.5283218085564516,7344
2015-11-04,308,291,2.603800005247378,7368
2015-11-05,309,291,2.629744036203,7392
2015-11-06,310,291,2.7348854224528716,7416
2015-11-07,311,291,2.8041570076025946,7440
2015-11-08,312,291,2.7563579921104417,7464
2015-11-09,313,291,2.8149310904594462,7488
2015-11-10,314,291,2.712210244756636,7512
2015-11-11,315,291,2.55543082972376,7536
2015-11-12,316,291,2.5242216280709333,7560
2015-11-13,317,291,2.5975076919070315,7584
2015-11-14,318,291,2.6374085557096336,7608
2015-11-15,319,291,2.7169424997324882,7632
2015-11-16,320,291,2.645819775460378,7656
2015-11-17,321,291,2.7308145883569948,7680
2015-11-18,322,291,2.8152032017024102,7704
2015-11-19,323,291,2.8199190395944362,7728
2015-11-20,324,291,2.778956327147476,7752
2015-11-21,325,291,2.393649186035475,7776
2015-11-22,326,291,2.3035090033541707,7800
2015-11-23,327,291,2.2583099276563057,7824
2015-11-24,328,291,2.2280684940088515,7848
2015-11-25,329,291,2.3161795949633883,7872
2015-11-26,330,291,2.3415597190584303,7896
2015-11-27,331,291,2.3021915269853026,7920
2015-11-28,332,291,2.2885104642653844,7944
2015-11-29,333,291,2.4078066128394835,7968
2015-11-30,334,291,2.6014454063416994,7992
2015-12-01,335,291,2.558921756388981,8016
2015-12-02,336,291,2.3655275610365294,8040
2015-12-03,337,291,2.2982419354291004,8064
2015-12-04,338,291,2.360985457714945,8088
2015-12-05,339,291,2.3995193537191346,8112
2015-12-06,340,291,2.4253132731027964,8136
2015-12-07,341,291,2.3908690795939345,8160
2015-12-08,342,291,2.3594717023457314,8184
2015-12-09,343,291,2.443109901207732,8208
2015-12-10,344,291,2.310499884968512,8232
2015-12-11,345,291,2.345478562587908,8256
2015-12-12,346,291,2.3662951883850365,8280
2015-12-13,347,291,2.3044254338602217,8304
2015-12-14,348,291,2.2682124449512067,8328
2015-12-15,349,291,2.3091517415425367,8352
2015-12-16,350,291,2.496108104190089,8376
2015-12-17,351,291,2.4917428844676937,8400
2015-12-18,352,291,2.470387531504138,8424
2015-12-19,353,291,2.426083119467334,8448
2015-12-20,354,291,2.407919672192366,8472
2015-12-21,355,291,2.555388896819538,8496
2015-12-22,356,291,2.4968923699476995,8520
2015-12-23,357,291,2.5345331120803385,8544
2015-12-24,358,291,2.4862595531410143,8568
2015-12-25,359,291,2.47465146373362,8592
2015-12-26,360,291,2.3812666200603982,8616
2015-12-27,361,291,2.3192020039965957,8640
2015-12-28,362,291,2.259015001238215,8664
2015-12-29,363,291,2.309195742287192,8688
2015-12-30,364,291,2.329711532397428,8712
2015-12-31,365,291,2.401355484166181,8736
2015-01-01,1,292,2.080445862570683,0
2015-01-02,2,292,2.1954113063613008,24
2015-01-03,3,292,2.3862039448233494,48
2015-01-04,4,292,2.357999549318784,72
2015-01-05,5,292,2.1765803152072656,96
2015-01-06,6,292,2.1634881873006884,120
2015-01-07,7,292,2.2430374751536024,144
2015-01-08,8,292,2.3876249252636708,168
2015-01-09,9,292,2.54697029836391,192
2015-01-10,10,292,2.846319876703612,216
2015-01-11,11,292,2.415821781029465,240
2015-01-12,12,292,2.31627317266265,264
2015-01-13,13,292,2.4064450198003846,288
2015-01-14,14,292,2.45494820593682,312
2015-01-15,15,292,2.371219824702919,336
2015-01-16,16,292,2.393001842065956,360
2015-01-17,17,292,2.251670995926026,384
2015-01-18,18,292,2.2036255792248927,408
2015-01-19,19,292,2.2182127020503177,432
2015-01-20,20,292,2.243313837020127,456
2015-01-21,21,292,2.234721772609313,480
2015-01-22,22,292,2.2265886105439865,504
2015-01-23,23,292,2.221509871515281,528
2015-01-24,24,292,2.231628255156924,552
2015-01-25,25,292,2.1905384038576883,576
2015-01-26,26,292,2.158636148618269,600
2015-01-27,27,292,2.2533839332521404,624
2015-01-28,28,292,2.2306837866669325,648
2015-01-29,29,292,2.2844981536896807,672
2015-01-30,30,292,2.244685216679453,696
2015-01-31,31,292,2.240778818204852,720
2015-02-01,32,292,2.218637906304913,744
2015-02-02,33,292,2.2199531696869585,768
2015-02-03,34,292,2.13803916353051,792
2015-02-04,35,292,2.1231720522446222,816
2015-02-05,36,292,2.121730643771044,840
2015-02-06,37,292,2.13471997085834,864
2015-02-07,38,292,2.0790941952852733,888
2015-02-08,39,292,2.0885291328634144,912
2015-02-09,40,292,2.1111577438648097,936
2015-02-10,41,292,2.148217527698175,960
2015-02-11,42,292,2.144797832672188,984
2015-02-12,43,292,2.1482832303025656,1008
2015-02-13,44,292,2.1883029966278618,1032
2015-02-14,45,292,2.268931741744857,1056
2015-02-15,46,292,2.224561513057308,1080
2015-02-16,47,292,2.19396520863157,1104
2015-02-17,48,292,2.20389806674186,1128
2015-02-18,49,292,2.1932241367395666,1152
2015-02-19,50,292,2.240333478615442,1176
2015-02-20,51,292,2.3189105010509,1200
2015-02-21,52,292,2.2820674069390945,1224
2015-02-22,53,292,2.246094065614793,1248
2015-02-23,54,292,2.2527614965948426,1272
2015-02-24,55,292,2.326209265118159,1296
2015-02-25,56,292,2.312912460735568,1320
2015-02-26,57,292,2.2759886458821303,1344
2015-02-27,58,292,2.295647527330603,1368
2015-02-28,59,292,2.2951208280109907,1392
2015-03-01,60,292,2.397562166805223,1416
2015-03-02,61,292,2.504954778169508,1440
2015-03-03,62,292,2.4469424743138464,1464
2015-03-04,63,292,2.333428931406861,1488
2015-03-05,64,292,2.289989073249139,1512
2015-03-06,65,292,2.2845103858710383,1536
2015-03-07,66,292,2.330290579293857,1560
2015-03-08,67,292,2.4248647083099892,1584
2015-03-09,68,292,2.505531849384292,1608
2015-03-10,69,292,2.5322203475044365,1632
2015-03-11,70,292,2.5330524947239517,1656
2015-03-12,71,292,2.386769206516284,1680
2015-03-13,72,292,2.362718859530747,1704
2015-03-14,73,292,2.344337660817656,1728
2015-03-15,74,292,2.358089100744023,1752
2015-03-16,75,292,2.5071782152882003,1776
2015-03-17,76,292,2.6092042656491548,1800
2015-03-18,77,292,2.6771868570821966,1824
2015-03-19,78,292,2.6376797570804578,1848
2015-03-20,79,292,2.554935742384832,1872
2015-03-21,80,292,2.49263585978114,1896
2015-03-22,81,292,2.3917103030808016,1920
2015-03-23,82,292,2.508935225841787,1944
2015-03-24,83,292,2.584717799995916,1968
2015-03-25,84,292,2.512137686227277,1992
2015-03-26,85,292,2.426013700173656,2016
2015-03-27,86,292,2.4907525986231653,2040
2015-03-28,87,292,2.5000735217059344,2064
2015-03-29,88,292,2.6304776795045517,2088
2015-03-30,89,292,2.6482350286430174,2112
2015-03-31,90,292,2.722971409425562,2136
2015-04-01,91,292,2.418039667271416,2160
2015-04-02,92,292,2.426390305387132,2184
2015-04-03,93,292,2.4067458331785088,2208
2015-04-04,94,292,2.413853371183349,2232
2015-04-05,95,292,2.3406035854539438,2256
2015-04-06,96,292,2.3310287110344388,2280
2015-04-07,97,292,2.380831934066464,2304
2015-04-08,98,292,2.505691555168493,2328
2015-04-09,99,292,2.671628609040514,2352
2015-04-10,100,292,2.8408956342451464,2376
2015-04-11,101,292,2.795360420501232,2400
2015-04-12,102,292,2.812738219780345,2424
2015-04-13,103,292,2.8565271545087385,2448
2015-04-14,104,292,2.8355551564366217,2472
2015-04-15,105,292,2.905806651471872,2496
2015-04-16,106,292,2.894397920265497,2520
2015-04-17,107,292,2.7560796528923093,2544
2015-04-18,108,292,2.5580396230366005,2568
2015-04-19,109,292,2.5985640243447348,2592
2015-04-20,110,292,2.690778600532,2616
2015-04-21,111,292,2.799087212583041,2640
2015-04-22,112,292,2.8828367650511546,2664
2015-04-23,113,292,2.7290459363072896,2688
2015-04-24,114,292,2.809558081414864,2712
2015-04-25,115,292,2.837895826463435,2736
2015-04-26,116,292,2.9039189304891115,2760
2015-04-27,117,292,2.9219068847575524,2784
2015-04-28,118,292,2.5266824505747314,2808
2015-04-29,119,292,2.585635960129703,2832
2015-04-30,120,292,2.7432904304612737,2856
2015-05-01,121,292,2.718568659468305,2880
2015-05-02,122,292,2.843806831572814,2904
2015-05-03,123,292,2.9290863773736824,2928
2015-05-04,124,292,3.0424152519816428,2952
2015-05-05,125,292,3.0556314384397485,2976
2015-05-06,126,292,2.8603260202932215,3000
2015-05-07,127,292,2.8304942603848167,3024
2015-05-08,128,292,2.901373078047384,3048
2015-05-09,129,292,2.9472400908555536,3072
2015-05-10,130,292,2.9619154311340536,3096
2015-05-11,131,292,3.09486298020084,3120
2015-05-12,132,292,3.3498743148083148,3144
2015-05-13,133,292,3.4249956708059046,3168
2015-05-14,134,292,3.1630816701651936,3192
2015-05-15,135,292,2.5560654319760867,3216
2015-05-16,136,292,2.812497882044096,3240
2015-05-17,137,292,2.953929859170225,3264
2015-05-18,138,292,3.042219279384948,3288
2015-05-19,139,292,2.7913468048550247,3312
2015-05-20,140,292,2.5771450720644395,3336
2015-05-21,141,292,2.5519996873321817,3360
2015-05-22,142,292,2.704361559987943,3384
2015-05-23,143,292,2.7756974657290647,3408
2015-05-24,144,292,2.9181498721274464,3432
2015-05-25,145,292,2.8755586678645337,3456
2015-05-26,146,292,2.711452586236239,3480
2015-05-27,147,292,2.714515575615545,3504
2015-05-28,148,292,2.8825473402367567,3528
2015-05-29,149,292,3.1025310982936545,3552
2015-05-30,150,292,3.00801830078507,3576
2015-05-31,151,292,3.083048133127316,3600
2015-06-01,152,292,3.158000340628793,3624
2015-06-02,153,292,3.263254841094384,3648
2015-06-03,154,292,3.3917937108463176,3672
2015-06-04,155,292,3.4446794652576496,3696
2015-06-05,156,292,3.648236424254266,3720
2015-06-06,157,292,3.5854860114761142,3744
2015-06-07,158,292,3.4651376161128504,3768
2015-06-08,159,292,3.1415795004579103,3792
2015-06-09,160,292,2.874265675980852,3816
2015-06-10,161,292,2.9828019473043286,3840
2015-06-11,162,292,3.2465072022247656,3864
2015-06-12,163,292,3.3560008507758075,3888
2015-06-13,164,292,3.3595486269014017,3912
2015-06-14,165,292,3.1855460317974686,3936
2015-06-15,166,292,3.0237236628696778,3960
2015-06-16,167,292,3.0433884782329286,3984
2015-06-17,168,292,3.0504796848485984,4008
2015-06-18,169,292,2.978102446235173,4032
2015-06-19,170,292,3.0145588383486492,4056
2015-06-20,171,292,2.8601352753010976,4080
2015-06-21,172,292,2.9104210625499536,4104
2015-06-22,173,292,3.1094812304602377,4128
2015-06-23,174,292,2.8799267394883663,4152
2015-06-24,175,292,2.950682575037704,4176
2015-06-25,176,292,3.110900157781377,4200
2015-06-26,177,292,3.2545803396257265,4224
2015-06-27,178,292,3.310497918211932,4248
2015-06-28,179,292,3.3203628163181373,4272
2015-06-29,180,292,3.355128314143673,4296
2015-06-30,181,292,3.535061448243765,4320
2015-07-01,182,292,3.7029599202417054,4344
2015-07-02,183,292,3.9146881810761602,4368
2015-07-03,184,292,4.024163305386648,4392
2015-07-04,185,292,4.053857633955551,4416
2015-07-05,186,292,4.119356026684497,4440
2015-07-06,187,292,3.79831675119959,4464
2015-07-07,188,292,4.08256575135922,4488
2015-07-08,189,292,3.32582804930093,4512
2015-07-09,190,292,3.2115238099854646,4536
2015-07-10,191,292,3.2385437465065503,4560
2015-07-11,192,292,3.5666724077590053,4584
2015-07-12,193,292,3.550559227429157,4608
2015-07-13,194,292,3.4626991838320174,4632
2015-07-14,195,292,3.5871568490059285,4656
2015-07-15,196,292,3.6094173364962137,4680
2015-07-16,197,292,3.797936914873069,4704
2015-07-17,198,292,3.7822688827916777,4728
2015-07-18,199,292,3.5446571085467595,4752
2015-07-19,200,292,3.6874862112163855,4776
2015-07-20,201,292,3.7214208005886817,4800
2015-07-21,202,292,3.8822782912090807,4824
2015-07-22,203,292,3.7072558267549938,4848
2015-07-23,204,292,3.4062805063498725,4872
2015-07-24,205,292,3.512217176972183,4896
2015-07-25,206,292,3.2208484038743705,4920
2015-07-26,207,292,3.0387721895162563,4944
2015-07-27,208,292,3.261369776272324,4968
2015-07-28,209,292,3.187403642435347,4992
2015-07-29,210,292,2.958506230429594,5016
2015-07-30,211,292,3.0083218595764816,5040
2015-07-31,212,292,3.1107092559362,5064
2015-08-01,213,292,3.0849959565189216,5088
2015-08-02,214,292,3.2883638562261086,5112
2015-08-03,215,292,3.511695698479529,5136
2015-08-04,216,292,3.3956818726124176,5160
2015-08-05,217,292,3.5471981052044517,5184
2015-08-06,218,292,3.8597888729866896,5208
2015-08-07,219,292,3.9796657382339435,5232
2015-08-08,220,292,3.9729934056360254,5256
2015-08-09,221,292,3.539421084956891,5280
2015-08-10,222,292,3.4777410643975384,5304
2015-08-11,223,292,3.5841476370372294,5328
2015-08-12,224,292,3.7111051167666353,5352
2015-08-13,225,292,3.6534940542188568,5376
2015-08-14,226,292,3.2390730510739187,5400
2015-08-15,227,292,3.029656563745569,5424
2015-08-16,228,292,2.95455038656844,5448
2015-08-17,229,292,3.0269529178689023,5472
2015-08-18,230,292,3.0226771912652377,5496
2015-08-19,231,292,2.905020417160622,5520
2015-08-20,232,292,3.01733843771629,5544
2015-08-21,233,292,3.108803723377537,5568
2015-08-22,234,292,3.1615800985238915,5592
2015-08-23,235,292,3.108755999182073,5616
2015-08-24,236,292,3.0470384569940294,5640
2015-08-25,237,292,3.0138159275188197,5664
2015-08-26,238,292,3.1480043350869145,5688
2015-08-27,239,292,3.4500148428607584,5712
2015-08-28,240,292,3.622567503906588,5736
2015-08-29,241,292,3.618793425654055,5760
2015-08-30,242,292,3.7420326884495987,5784
2015-08-31,243,292,3.6614404399646814,5808
2015-09-01,244,292,3.2080750423732245,5832
2015-09-02,245,292,3.065300983260556,5856
2015-09-03,246,292,2.978715297285726,5880
2015-09-04,247,292,2.9884703220478888,5904
2015-09-05,248,292,2.820933165060565,5928
2015-09-06,249,292,2.776177760028536,5952
2015-09-07,250,292,2.7573626361500043,5976
2015-09-08,251,292,2.8324409444750067,6000
2015-09-09,252,292,2.8660707267516994,6024
2015-09-10,253,292,2.766425941197835,6048
2015-09-11,254,292,2.8836007775007815,6072
2015-09-12,255,292,3.1564808721127715,6096
2015-09-13,256,292,3.1048978121299533,6120
2015-09-14,257,292,2.9677169927954368,6144
2015-09-15,258,292,2.914955710228237,6168
2015-09-16,259,292,3.0511757667873667,6192
2015-09-17,260,292,2.829020141774804,6216
2015-09-18,261,292,2.7809731533050206,6240
2015-09-19,262,292,2.8020807894053243,6264
2015-09-20,263,292,2.8282414085527185,6288
2015-09-21,264,292,2.7675165904653882,6312
2015-09-22,265,292,2.8262794726018967,6336
2015-09-23,266,292,2.6447158764735486,6360
2015-09-24,267,292,2.7060833986855686,6384
2015-09-25,268,292,2.712191807710353,6408
2015-09-26,269,292,2.7714499708682774,6432
2015-09-27,270,292,2.79793802343821,6456
2015-09-28,271,292,2.680240732600516,6480
2015-09-29,272,292,2.6807058827685992,6504
2015-09-30,273,292,2.6078032272338816,6528
2015-10-01,274,292,2.5844287402659063,6552
2015-10-02,275,292,2.6974090880660935,6576
2015-10-03,276,292,2.887084277163053,6600
2015-10-04,277,292,2.790861157982133,6624
2015-10-05,278,292,2.8805822786342987,6648
2015-10-06,279,292,2.9025223884669624,6672
2015-10-07,280,292,2.8442995939604905,6696
2015-10-08,281,292,2.7475004916774872,6720
2015-10-09,282,292,2.711288325677089,6744
2015-10-10,283,292,2.6674604164731868,6768
2015-10-11,284,292,2.6976998765121167,6792
2015-10-12,285,292,2.6624079018016014,6816
2015-10-13,286,292,2.58077596341667,6840
2015-10-14,287,292,2.4900620295454425,6864
2015-10-15,288,292,2.416477553621021,6888
2015-10-16,289,292,2.4006082007326843,6912
2015-10-17,290,292,2.4102230450299484,6936
2015-10-18,291,292,2.4784527460859667,6960
2015-10-19,292,292,2.482350204238468,6984
2015-10-20,293,292,2.43323440158244,7008
2015-10-21,294,292,2.427293507839261,7032
2015-10-22,295,292,2.5093573586615663,7056
2015-10-23,296,292,2.654874466576108,7080
2015-10-24,297,292,2.7108762926350893,7104
2015-10-25,298,292,2.7013947282365764,7128
2015-10-26,299,292,2.6231979404364103,7152
2015-10-27,300,292,2.5851922931166555,7176
2015-10-28,301,292,2.667116883356058,7200
2015-10-29,302,292,2.6479963081097915,7224
2015-10-30,303,292,2.654933263481132,7248
2015-10-31,304,292,2.6151121674198796,7272
2015-11-01,305,292,2.5499893364983257,7296
2015-11-02,306,292,2.4838257040793583,7320
2015-11-03,307,292,2.4765668412256283,7344
2015-11-04,308,292,2.56461473195632,7368
2015-11-05,309,292,2.60559792732209,7392
2015-11-06,310,292,2.7250354502475544,7416
2015-11-07,311,292,2.8173711029917614,7440
2015-11-08,312,292,2.7538832066556735,7464
2015-11-09,313,292,2.8215110574262248,7488
2015-11-10,314,292,2.6945744015578774,7512
2015-11-11,315,292,2.5309260417032395,7536
2015-11-12,316,292,2.466328430745577,7560
2015-11-13,317,292,2.560448537432936,7584
2015-11-14,318,292,2.623046079535132,7608
2015-11-15,319,292,2.7477150205343723,7632
2015-11-16,320,292,2.643890949917734,7656
2015-11-17,321,292,2.7047263520126656,7680
2015-11-18,322,292,2.838623432799809,7704
2015-11-19,323,292,2.832518706241679,7728
2015-11-20,324,292,2.769876331331755,7752
2015-11-21,325,292,2.340072564190407,7776
2015-11-22,326,292,2.2674531269567453,7800
2015-11-23,327,292,2.222472713725916,7824
2015-11-24,328,292,2.1853075909665423,7848
2015-11-25,329,292,2.295657612738498,7872
2015-11-26,330,292,2.292969017549108,7896
2015-11-27,331,292,2.2638646340524846,7920
2015-11-28,332,292,2.2598072975008185,7944
2015-11-29,333,292,2.3968096298801926,7968
2015-11-30,334,292,2.6224442643117265,7992
2015-12-01,335,292,2.5600991203269454,8016
2015-12-02,336,292,2.3366237557941343,8040
2015-12-03,337,292,2.2452014174750343,8064
2015-12-04,338,292,2.3367171391178103,8088
2015-12-05,339,292,2.366197124020873,8112
2015-12-06,340,292,2.3864010936338924,8136
2015-12-07,341,292,2.3370896833917016,8160
2015-12-08,342,292,2.3055005800052784,8184
2015-12-09,343,292,2.398290651338569,8208
2015-12-10,344,292,2.260306819035826,8232
2015-12-11,345,292,2.3020296519544883,8256
2015-12-12,346,292,2.363184859950651,8280
2015-12-13,347,292,2.2652229086032643,8304
2015-12-14,348,292,2.2011467522506654,8328
2015-12-15,349,292,2.270267230671185,8352
2015-12-16,350,292,2.493836417059497,8376
2015-12-17,351,292,2.512639215337231,8400
2015-12-18,352,292,2.47571638656828,8424
2015-12-19,353,292,2.4141939323499018,8448
2015-12-20,354,292,2.362495692943726,8472
2015-12-21,355,292,2.5114391870362147,8496
2015-12-22,356,292,2.4809159647928847,8520
2015-12-23,357,292,2.5009341799227496,8544
2015-12-24,358,292,2.441622788194535,8568
2015-12-25,359,292,2.4500610021648788,8592
2015-12-26,360,292,2.354783705433668,8616
2015-12-27,361,292,2.3070489465557493,8640
2015-12-28,362,292,2.2050579167518323,8664
2015-12-29,363,292,2.2780241261495453,8688
2015-12-30,364,292,2.2760541522331645,8712
2015-12-31,365,292,2.360462912736776,8736
2015-01-01,1,293,2.137753797801334,0
2015-01-02,2,293,2.223360887851692,24
2015-01-03,3,293,2.3999328617594213,48
2015-01-04,4,293,2.440898778968497,72
2015-01-05,5,293,2.2421224247070795,96
2015-01-06,6,293,2.2044973755070414,120
2015-01-07,7,293,2.2631551878644376,144
2015-01-08,8,293,2.383345280184375,168
2015-01-09,9,293,2.5189478312111144,192
2015-01-10,10,293,2.805677332928509,216
2015-01-11,11,293,2.457655605518616,240
2015-01-12,12,293,2.3470860996897063,264
2015-01-13,13,293,2.4364303119449167,288
2015-01-14,14,293,2.47676539287125,312
2015-01-15,15,293,2.4156125600897496,336
2015-01-16,16,293,2.4130570267594145,360
2015-01-17,17,293,2.3055230717542328,384
2015-01-18,18,293,2.2364601929924164,408
2015-01-19,19,293,2.2551798260374083,432
2015-01-20,20,293,2.2718701166714474,456
2015-01-21,21,293,2.2593064750686205,480
2015-01-22,22,293,2.2611997882595785,504
2015-01-23,23,293,2.2752957971613177,528
2015-01-24,24,293,2.282484780328821,552
2015-01-25,25,293,2.266323426860858,576
2015-01-26,26,293,2.2104330384049424,600
2015-01-27,27,293,2.2876886774707907,624
2015-01-28,28,293,2.273422779876419,648
2015-01-29,29,293,2.314082582463265,672
2015-01-30,30,293,2.2743167041032053,696
2015-01-31,31,293,2.2567807092167955,720
2015-02-01,32,293,2.2474180187986974,744
2015-02-02,33,293,2.2476752005793017,768
2015-02-03,34,293,2.1811287188950925,792
2015-02-04,35,293,2.1745041550326967,816
2015-02-05,36,293,2.1662821364148783,840
2015-02-06,37,293,2.1817931973622686,864
2015-02-07,38,293,2.140486826457771,888
2015-02-08,39,293,2.173036526521122,912
2015-02-09,40,293,2.2079238250395288,936
2015-02-10,41,293,2.22533755321562,960
2015-02-11,42,293,2.2160886697797766,984
2015-02-12,43,293,2.209042671253328,1008
2015-02-13,44,293,2.246554735048913,1032
2015-02-14,45,293,2.315738140871464,1056
2015-02-15,46,293,2.2712849469011496,1080
2015-02-16,47,293,2.2578536012645523,1104
2015-02-17,48,293,2.266758258362316,1128
2015-02-18,49,293,2.254378211663705,1152
2015-02-19,50,293,2.280134210611645,1176
2015-02-20,51,293,2.3627989361043813,1200
2015-02-21,52,293,2.3087913788943446,1224
2015-02-22,53,293,2.2827688747534216,1248
2015-02-23,54,293,2.2911954398457866,1272
2015-02-24,55,293,2.3765801497800294,1296
2015-02-25,56,293,2.382996179103171,1320
2015-02-26,57,293,2.3187547776334747,1344
2015-02-27,58,293,2.3446977380506886,1368
2015-02-28,59,293,2.3512876461350145,1392
2015-03-01,60,293,2.4342189758340402,1416
2015-03-02,61,293,2.5439217796804687,1440
2015-03-03,62,293,2.495897040511549,1464
2015-03-04,63,293,2.389053225118916,1488
2015-03-05,64,293,2.366272984235249,1512
2015-03-06,65,293,2.359046852671511,1536
2015-03-07,66,293,2.372253565705724,1560
2015-03-08,67,293,2.4520214341142874,1584
2015-03-09,68,293,2.514165187021326,1608
2015-03-10,69,293,2.5458011138678214,1632
2015-03-11,70,293,2.5916445804075785,1656
2015-03-12,71,293,2.4489187496314355,1680
2015-03-13,72,293,2.411658351469152,1704
2015-03-14,73,293,2.406467465086457,1728
2015-03-15,74,293,2.4025294733483484,1752
2015-03-16,75,293,2.5068185556353835,1776
2015-03-17,76,293,2.5995560458646256,1800
2015-03-18,77,293,2.6632703889739218,1824
2015-03-19,78,293,2.658326044471365,1848
2015-03-20,79,293,2.5896511403968323,1872
2015-03-21,80,293,2.534820598363144,1896
2015-03-22,81,293,2.437680814938344,1920
2015-03-23,82,293,2.539003833733644,1944
2015-03-24,83,293,2.5971547840737417,1968
2015-03-25,84,293,2.5365494006462157,1992
2015-03-26,85,293,2.4804118226715186,2016
2015-03-27,86,293,2.5633682176524304,2040
2015-03-28,87,293,2.5514779892905923,2064
2015-03-29,88,293,2.655798023103197,2088
2015-03-30,89,293,2.6990218765194105,2112
2015-03-31,90,293,2.7718113457206863,2136
2015-04-01,91,293,2.4968895351634943,2160
2015-04-02,92,293,2.4959397652470887,2184
2015-04-03,93,293,2.4938551591948657,2208
2015-04-04,94,293,2.470359957368152,2232
2015-04-05,95,293,2.409019823117092,2256
2015-04-06,96,293,2.4092227668473845,2280
2015-04-07,97,293,2.464802526217623,2304
2015-04-08,98,293,2.5570700171716667,2328
2015-04-09,99,293,2.706020061354804,2352
2015-04-10,100,293,2.8476281721714103,2376
2015-04-11,101,293,2.815680336589096,2400
2015-04-12,102,293,2.8328404402164256,2424
2015-04-13,103,293,2.910233388298121,2448
2015-04-14,104,293,2.929200886766549,2472
2015-04-15,105,293,2.946637352051221,2496
2015-04-16,106,293,2.9222946115578865,2520
2015-04-17,107,293,2.783448791560489,2544
2015-04-18,108,293,2.6415112670801624,2568
2015-04-19,109,293,2.6347492289839227,2592
2015-04-20,110,293,2.7404727929198045,2616
2015-04-21,111,293,2.8489337373961083,2640
2015-04-22,112,293,2.9231588676765576,2664
2015-04-23,113,293,2.8133416992193188,2688
2015-04-24,114,293,2.8694240341228734,2712
2015-04-25,115,293,2.8538017643815934,2736
2015-04-26,116,293,2.889424929208248,2760
2015-04-27,117,293,2.8981439187950535,2784
2015-04-28,118,293,2.609954974849636,2808
2015-04-29,119,293,2.642923961222997,2832
2015-04-30,120,293,2.7713180408835454,2856
2015-05-01,121,293,2.7468397564365854,2880
2015-05-02,122,293,2.8774556731256062,2904
2015-05-03,123,293,2.9389998635013512,2928
2015-05-04,124,293,3.0377472797831566,2952
2015-05-05,125,293,3.0626692248680185,2976
2015-05-06,126,293,2.9176546782047983,3000
2015-05-07,127,293,2.8807541289812875,3024
2015-05-08,128,293,2.914572868185895,3048
2015-05-09,129,293,3.00072226911436,3072
2015-05-10,130,293,3.0216583489029034,3096
2015-05-11,131,293,3.1191911862059216,3120
2015-05-12,132,293,3.3576778093231545,3144
2015-05-13,133,293,3.4330964081825264,3168
2015-05-14,134,293,3.196128943074215,3192
2015-05-15,135,293,2.615793519117757,3216
2015-05-16,136,293,2.883442448834204,3240
2015-05-17,137,293,3.0127050681396983,3264
2015-05-18,138,293,3.098485817545402,3288
2015-05-19,139,293,2.862794023046261,3312
2015-05-20,140,293,2.6475558973272366,3336
2015-05-21,141,293,2.6441426157862407,3360
2015-05-22,142,293,2.8021851775887483,3384
2015-05-23,143,293,2.8575847700220054,3408
2015-05-24,144,293,2.9612358496047877,3432
2015-05-25,145,293,2.939274702574379,3456
2015-05-26,146,293,2.8307193685862786,3480
2015-05-27,147,293,2.8419656987053825,3504
2015-05-28,148,293,2.9335034584260824,3528
2015-05-29,149,293,3.136150010246871,3552
2015-05-30,150,293,3.0771251695123394,3576
2015-05-31,151,293,3.1054879503798403,3600
2015-06-01,152,293,3.1866937806276323,3624
2015-06-02,153,293,3.3059122247003936,3648
2015-06-03,154,293,3.431933886000511,3672
2015-06-04,155,293,3.5031799983105065,3696
2015-06-05,156,293,3.663042296845344,3720
2015-06-06,157,293,3.6270811133258816,3744
2015-06-07,158,293,3.4980356307082063,3768
2015-06-08,159,293,3.221086030237859,3792
2015-06-09,160,293,3.004861964381244,3816
2015-06-10,161,293,3.0851576000755268,3840
2015-06-11,162,293,3.3101914895227567,3864
2015-06-12,163,293,3.3478954456815653,3888
2015-06-13,164,293,3.3444599757528444,3912
2015-06-14,165,293,3.1934260508699985,3936
2015-06-15,166,293,3.0890985963107984,3960
2015-06-16,167,293,3.0893223289447937,3984
2015-06-17,168,293,3.123681126456511,4008
2015-06-18,169,293,3.0757230219494773,4032
2015-06-19,170,293,3.1330837714742428,4056
2015-06-20,171,293,2.974578623942333,4080
2015-06-21,172,293,3.0244077586358515,4104
2015-06-22,173,293,3.187684880226388,4128
2015-06-23,174,293,3.0136542328429097,4152
2015-06-24,175,293,3.033177317663994,4176
2015-06-25,176,293,3.1840680632720506,4200
2015-06-26,177,293,3.3133680643084262,4224
2015-06-27,178,293,3.3941662454887767,4248
2015-06-28,179,293,3.4049626934635766,4272
2015-06-29,180,293,3.4442610785635264,4296
2015-06-30,181,293,3.5967153167353216,4320
2015-07-01,182,293,3.787865426036343,4344
2015-07-02,183,293,3.968717011268996,4368
2015-07-03,184,293,4.042861162497246,4392
2015-07-04,185,293,4.0854880145448575,4416
2015-07-05,186,293,4.1433333363661085,4440
2015-07-06,187,293,3.8976446143444288,4464
2015-07-07,188,293,4.121449365184004,4488
2015-07-08,189,293,3.460061060788766,4512
2015-07-09,190,293,3.3499676177115907,4536
2015-07-10,191,293,3.3393916428300727,4560
2015-07-11,192,293,3.6535096202189785,4584
2015-07-12,193,293,3.638316785107704,4608
2015-07-13,194,293,3.6074906837697855,4632
2015-07-14,195,293,3.6903674148773375,4656
2015-07-15,196,293,3.715652384928042,4680
2015-07-16,197,293,3.900589689007527,4704
2015-07-17,198,293,3.9214804176923437,4728
2015-07-18,199,293,3.6567619637155415,4752
2015-07-19,200,293,3.7956807001706814,4776
2015-07-20,201,293,3.823583938503055,4800
2015-07-21,202,293,3.9838858815965112,4824
2015-07-22,203,293,3.789722656378487,4848
2015-07-23,204,293,3.563816851092838,4872
2015-07-24,205,293,3.607305432751109,4896
2015-07-25,206,293,3.3376107457524267,4920
2015-07-26,207,293,3.1556327101510133,4944
2015-07-27,208,293,3.3572889434401385,4968
2015-07-28,209,293,3.3041174060914664,4992
2015-07-29,210,293,3.0835159284955806,5016
2015-07-30,211,293,3.119565510322702,5040
2015-07-31,212,293,3.1839948954763986,5064
2015-08-01,213,293,3.110506021533813,5088
2015-08-02,214,293,3.3317745213245527,5112
2015-08-03,215,293,3.5660094275434417,5136
2015-08-04,216,293,3.4745959226233447,5160
2015-08-05,217,293,3.610405399848351,5184
2015-08-06,218,293,3.903888602440518,5208
2015-08-07,219,293,4.022820497840929,5232
2015-08-08,220,293,3.921413680642482,5256
2015-08-09,221,293,3.5439934510251763,5280
2015-08-10,222,293,3.4960301027911265,5304
2015-08-11,223,293,3.633848455312356,5328
2015-08-12,224,293,3.7612835698584526,5352
2015-08-13,225,293,3.6760764217078084,5376
2015-08-14,226,293,3.277069372340404,5400
2015-08-15,227,293,3.086297354230395,5424
2015-08-16,228,293,3.0231661237872176,5448
2015-08-17,229,293,3.1028874728082325,5472
2015-08-18,230,293,3.07889203178321,5496
2015-08-19,231,293,2.991831816116717,5520
2015-08-20,232,293,3.0995714877549654,5544
2015-08-21,233,293,3.2064138209584403,5568
2015-08-22,234,293,3.242915353217076,5592
2015-08-23,235,293,3.1376129624414952,5616
2015-08-24,236,293,3.079833370868704,5640
2015-08-25,237,293,3.0975875159332187,5664
2015-08-26,238,293,3.210943279778192,5688
2015-08-27,239,293,3.4876873819803174,5712
2015-08-28,240,293,3.63956531265557,5736
2015-08-29,241,293,3.6409372712377013,5760
2015-08-30,242,293,3.7331192036936964,5784
2015-08-31,243,293,3.669801136066608,5808
2015-09-01,244,293,3.2846453941997025,5832
2015-09-02,245,293,3.1376029276497577,5856
2015-09-03,246,293,3.0376190187767573,5880
2015-09-04,247,293,3.041024426268532,5904
2015-09-05,248,293,2.898996590019399,5928
2015-09-06,249,293,2.8562503824599235,5952
2015-09-07,250,293,2.8497549523964096,5976
2015-09-08,251,293,2.902544786009216,6000
2015-09-09,252,293,2.9505057523665568,6024
2015-09-10,253,293,2.8666103092229887,6048
2015-09-11,254,293,2.955123381048544,6072
2015-09-12,255,293,3.1532178619226507,6096
2015-09-13,256,293,3.1114014128159284,6120
2015-09-14,257,293,3.020950620927384,6144
2015-09-15,258,293,2.9869660694294304,6168
2015-09-16,259,293,3.0951045325079747,6192
2015-09-17,260,293,2.948697406650456,6216
2015-09-18,261,293,2.88062539815726,6240
2015-09-19,262,293,2.858391609277959,6264
2015-09-20,263,293,2.9098721090005766,6288
2015-09-21,264,293,2.830010669465709,6312
2015-09-22,265,293,2.8700224561707195,6336
2015-09-23,266,293,2.706322337083153,6360
2015-09-24,267,293,2.79550154315579,6384
2015-09-25,268,293,2.8030522925471284,6408
2015-09-26,269,293,2.8422847988018165,6432
2015-09-27,270,293,2.8720696364630562,6456
2015-09-28,271,293,2.770383679624945,6480
2015-09-29,272,293,2.7368371883460143,6504
2015-09-30,273,293,2.6846824858286347,6528
2015-10-01,274,293,2.659929512683576,6552
2015-10-02,275,293,2.7316985854717277,6576
2015-10-03,276,293,2.8748561310256893,6600
2015-10-04,277,293,2.8220549844384792,6624
2015-10-05,278,293,2.9078583662810567,6648
2015-10-06,279,293,2.9364554087228387,6672
2015-10-07,280,293,2.8748110495021364,6696
2015-10-08,281,293,2.7936747282080083,6720
2015-10-09,282,293,2.7754962903502807,6744
2015-10-10,283,293,2.7435189282874,6768
2015-10-11,284,293,2.7618028188577104,6792
2015-10-12,285,293,2.721657776275517,6816
2015-10-13,286,293,2.655063519564609,6840
2015-10-14,287,293,2.5457486573966084,6864
2015-10-15,288,293,2.467290774521047,6888
2015-10-16,289,293,2.471176194748856,6912
2015-10-17,290,293,2.482354463881509,6936
2015-10-18,291,293,2.5504559713528554,6960
2015-10-19,292,293,2.5480945844879885,6984
2015-10-20,293,293,2.5064335987135147,7008
2015-10-21,294,293,2.5038543926616623,7032
2015-10-22,295,293,2.5535593886231207,7056
2015-10-23,296,293,2.6844774488938032,7080
2015-10-24,297,293,2.717066423149714,7104
2015-10-25,298,293,2.7372793594118816,7128
2015-10-26,299,293,2.6659339886162137,7152
2015-10-27,300,293,2.6301867030435755,7176
2015-10-28,301,293,2.6812007336790296,7200
2015-10-29,302,293,2.6833230164163973,7224
2015-10-30,303,293,2.6814886869426813,7248
2015-10-31,304,293,2.6509652522381533,7272
2015-11-01,305,293,2.5900602641753654,7296
2015-11-02,306,293,2.538510435616256,7320
2015-11-03,307,293,2.5306578455438373,7344
2015-11-04,308,293,2.612308085251184,7368
2015-11-05,309,293,2.639636278478489,7392
2015-11-06,310,293,2.738242038931808,7416
2015-11-07,311,293,2.8075769027606383,7440
2015-11-08,312,293,2.760478420996521,7464
2015-11-09,313,293,2.8083526826699163,7488
2015-11-10,314,293,2.7136617875885425,7512
2015-11-11,315,293,2.5667777838534844,7536
2015-11-12,316,293,2.5336702478289608,7560
2015-11-13,317,293,2.600754344270769,7584
2015-11-14,318,293,2.6316100390685744,7608
2015-11-15,319,293,2.7120447203204603,7632
2015-11-16,320,293,2.6398914314663484,7656
2015-11-17,321,293,2.7126452416781266,7680
2015-11-18,322,293,2.8047195640993463,7704
2015-11-19,323,293,2.8056935172206194,7728
2015-11-20,324,293,2.7673462071888735,7752
2015-11-21,325,293,2.4139747887594143,7776
2015-11-22,326,293,2.3229953591367862,7800
2015-11-23,327,293,2.2645356576071065,7824
2015-11-24,328,293,2.2295533838175405,7848
2015-11-25,329,293,2.3135889627833186,7872
2015-11-26,330,293,2.347053090953512,7896
2015-11-27,331,293,2.3068907144219586,7920
2015-11-28,332,293,2.2862779302277896,7944
2015-11-29,333,293,2.4075023032019693,7968
2015-11-30,334,293,2.5924309370353784,7992
2015-12-01,335,293,2.5569192465864834,8016
2015-12-02,336,293,2.372568067956524,8040
2015-12-03,337,293,2.3008144572008566,8064
2015-12-04,338,293,2.359411579151775,8088
2015-12-05,339,293,2.403156162738327,8112
2015-12-06,340,293,2.4144583151333747,8136
2015-12-07,341,293,2.385947488080068,8160
2015-12-08,342,293,2.3544033806279625,8184
2015-12-09,343,293,2.443720330678874,8208
2015-12-10,344,293,2.3111053462999034,8232
2015-12-11,345,293,2.3359661367570177,8256
2015-12-12,346,293,2.365858142783499,8280
2015-12-13,347,293,2.312927298856129,8304
2015-12-14,348,293,2.272446308792961,8328
2015-12-15,349,293,2.3070369491274505,8352
2015-12-16,350,293,2.492199204587592,8376
2015-12-17,351,293,2.4983528504455346,8400
2015-12-18,352,293,2.4701879723571656,8424
2015-12-19,353,293,2.428105628137049,8448
2015-12-20,354,293,2.4052251613131994,8472
2015-12-21,355,293,2.537582377509106,8496
2015-12-22,356,293,2.4920663533531795,8520
2015-12-23,357,293,2.5241090138519096,8544
2015-12-24,358,293,2.4784687473707656,8568
2015-12-25,359,293,2.4628416689824406,8592
2015-12-26,360,293,2.374747051463644,8616
2015-12-27,361,293,2.3252777322272813,8640
2015-12-28,362,293,2.26318253437995,8664
2015-12-29,363,293,2.304468717388729,8688
2015-12-30,364,293,2.3252858161686887,8712
2015-12-31,365,293,2.392154948710249,8736
