DateTime,doy,pp_id,value,hy
2015-01-01,1,174,2.0810909328078586,0
2015-01-02,2,174,2.1984987401171394,24
2015-01-03,3,174,2.3681046581659646,48
2015-01-04,4,174,2.36669514717326,72
2015-01-05,5,174,2.1880547735685267,96
2015-01-06,6,174,2.1857266127194235,120
2015-01-07,7,174,2.236389482541285,144
2015-01-08,8,174,2.3716122349092217,168
2015-01-09,9,174,2.499210580930483,192
2015-01-10,10,174,2.7614523786061143,216
2015-01-11,11,174,2.40050240325636,240
2015-01-12,12,174,2.3236595215613187,264
2015-01-13,13,174,2.4332317414464906,288
2015-01-14,14,174,2.4433995575079828,312
2015-01-15,15,174,2.4022700860023263,336
2015-01-16,16,174,2.4146212963504707,360
2015-01-17,17,174,2.261549748771397,384
2015-01-18,18,174,2.1867609438562314,408
2015-01-19,19,174,2.2122171026412687,432
2015-01-20,20,174,2.2372254116659103,456
2015-01-21,21,174,2.2276018366461874,480
2015-01-22,22,174,2.22410481718904,504
2015-01-23,23,174,2.224102485040228,528
2015-01-24,24,174,2.230006162251703,552
2015-01-25,25,174,2.1995423570663606,576
2015-01-26,26,174,2.1650983570738727,600
2015-01-27,27,174,2.2454943990222143,624
2015-01-28,28,174,2.224531662155237,648
2015-01-29,29,174,2.2808511203922,672
2015-01-30,30,174,2.2319358208548024,696
2015-01-31,31,174,2.2156104161799823,720
2015-02-01,32,174,2.204537076538217,744
2015-02-02,33,174,2.2024776890691458,768
2015-02-03,34,174,2.1240700145451976,792
2015-02-04,35,174,2.118662296247026,816
2015-02-05,36,174,2.118476927860589,840
2015-02-06,37,174,2.1289979704962043,864
2015-02-07,38,174,2.09023590443119,888
2015-02-08,39,174,2.1096650942889137,912
2015-02-09,40,174,2.1362211138371934,936
2015-02-10,41,174,2.164812346655221,960
2015-02-11,42,174,2.168566037001259,984
2015-02-12,43,174,2.1691254152136006,1008
2015-02-13,44,174,2.2160992710519207,1032
2015-02-14,45,174,2.3012661910558982,1056
2015-02-15,46,174,2.2526761210216333,1080
2015-02-16,47,174,2.2065947433907094,1104
2015-02-17,48,174,2.216329549031516,1128
2015-02-18,49,174,2.2033482032226512,1152
2015-02-19,50,174,2.2397051749901817,1176
2015-02-20,51,174,2.3330879985871604,1200
2015-02-21,52,174,2.2948354789305427,1224
2015-02-22,53,174,2.250015412750069,1248
2015-02-23,54,174,2.263257016507809,1272
2015-02-24,55,174,2.3195951983486176,1296
2015-02-25,56,174,2.3049176471534856,1320
2015-02-26,57,174,2.274334824110371,1344
2015-02-27,58,174,2.299929441169976,1368
2015-02-28,59,174,2.293530465505254,1392
2015-03-01,60,174,2.4008175858985616,1416
2015-03-02,61,174,2.493306235732519,1440
2015-03-03,62,174,2.427047529235417,1464
2015-03-04,63,174,2.329413939406112,1488
2015-03-05,64,174,2.2956452103713882,1512
2015-03-06,65,174,2.30149333991735,1536
2015-03-07,66,174,2.3428631214515754,1560
2015-03-08,67,174,2.4420759320301744,1584
2015-03-09,68,174,2.507520007553886,1608
2015-03-10,69,174,2.5274380710821442,1632
2015-03-11,70,174,2.5281029139406974,1656
2015-03-12,71,174,2.3929205575373254,1680
2015-03-13,72,174,2.363636578743873,1704
2015-03-14,73,174,2.3560995815477184,1728
2015-03-15,74,174,2.364716126782128,1752
2015-03-16,75,174,2.5135536057889234,1776
2015-03-17,76,174,2.5999280417843167,1800
2015-03-18,77,174,2.6577845844508063,1824
2015-03-19,78,174,2.6233298672215457,1848
2015-03-20,79,174,2.5589028568779777,1872
2015-03-21,80,174,2.4964841045396584,1896
2015-03-22,81,174,2.3990560001348813,1920
2015-03-23,82,174,2.491831218315849,1944
2015-03-24,83,174,2.5824021285752408,1968
2015-03-25,84,174,2.5091071728178145,1992
2015-03-26,85,174,2.4273767105593653,2016
2015-03-27,86,174,2.485143162251146,2040
2015-03-28,87,174,2.49049168328367,2064
2015-03-29,88,174,2.6027205155075372,2088
2015-03-30,89,174,2.6249401221835886,2112
2015-03-31,90,174,2.6939329542324257,2136
2015-04-01,91,174,2.417599557288544,2160
2015-04-02,92,174,2.412977461827538,2184
2015-04-03,93,174,2.4189502645360577,2208
2015-04-04,94,174,2.4206289892598223,2232
2015-04-05,95,174,2.3499640679118308,2256
2015-04-06,96,174,2.348266831471251,2280
2015-04-07,97,174,2.3977999575371154,2304
2015-04-08,98,174,2.514189563924496,2328
2015-04-09,99,174,2.6710433891264227,2352
2015-04-10,100,174,2.8276889867534094,2376
2015-04-11,101,174,2.7553631255297537,2400
2015-04-12,102,174,2.79686326878132,2424
2015-04-13,103,174,2.8475961936507885,2448
2015-04-14,104,174,2.8334738740921654,2472
2015-04-15,105,174,2.904651214627565,2496
2015-04-16,106,174,2.8714074045274707,2520
2015-04-17,107,174,2.7410907801224202,2544
2015-04-18,108,174,2.5721072126472944,2568
2015-04-19,109,174,2.5975974840911595,2592
2015-04-20,110,174,2.6958476498764123,2616
2015-04-21,111,174,2.7978679148525685,2640
2015-04-22,112,174,2.8739479755855735,2664
2015-04-23,113,174,2.728326383990472,2688
2015-04-24,114,174,2.807432330532898,2712
2015-04-25,115,174,2.8192980271555417,2736
2015-04-26,116,174,2.875087703772423,2760
2015-04-27,117,174,2.8913964737195244,2784
2015-04-28,118,174,2.534882163747747,2808
2015-04-29,119,174,2.584342067472338,2832
2015-04-30,120,174,2.72544585155559,2856
2015-05-01,121,174,2.707996905662972,2880
2015-05-02,122,174,2.826531476561448,2904
2015-05-03,123,174,2.91579713588419,2928
2015-05-04,124,174,3.0279514357799764,2952
2015-05-05,125,174,3.0561122066326485,2976
2015-05-06,126,174,2.8527472473419504,3000
2015-05-07,127,174,2.8151639019226598,3024
2015-05-08,128,174,2.873108293425384,3048
2015-05-09,129,174,2.9256796848920987,3072
2015-05-10,130,174,2.938897455258473,3096
2015-05-11,131,174,3.081026363540852,3120
2015-05-12,132,174,3.3133620892345235,3144
2015-05-13,133,174,3.3567733468214738,3168
2015-05-14,134,174,3.1271270260665442,3192
2015-05-15,135,174,2.552339661543923,3216
2015-05-16,136,174,2.812177772639634,3240
2015-05-17,137,174,2.9326139963253057,3264
2015-05-18,138,174,3.014485281890846,3288
2015-05-19,139,174,2.7960435059125666,3312
2015-05-20,140,174,2.5862282920636965,3336
2015-05-21,141,174,2.5598335268094154,3360
2015-05-22,142,174,2.6997351739601414,3384
2015-05-23,143,174,2.785623100757812,3408
2015-05-24,144,174,2.9027577187951223,3432
2015-05-25,145,174,2.8698878526571168,3456
2015-05-26,146,174,2.72223150600152,3480
2015-05-27,147,174,2.737208039813714,3504
2015-05-28,148,174,2.8734566541063806,3528
2015-05-29,149,174,3.0701216329233616,3552
2015-05-30,150,174,2.9918920187130675,3576
2015-05-31,151,174,3.0532867221073765,3600
2015-06-01,152,174,3.1210404192169734,3624
2015-06-02,153,174,3.238652956631657,3648
2015-06-03,154,174,3.3716466796091003,3672
2015-06-04,155,174,3.4230791432132315,3696
2015-06-05,156,174,3.6043789988431554,3720
2015-06-06,157,174,3.5699526456904502,3744
2015-06-07,158,174,3.424369767708189,3768
2015-06-08,159,174,3.127652324108362,3792
2015-06-09,160,174,2.897267736604169,3816
2015-06-10,161,174,2.992879604186593,3840
2015-06-11,162,174,3.2346919345454217,3864
2015-06-12,163,174,3.3396085316570496,3888
2015-06-13,164,174,3.3201701227571934,3912
2015-06-14,165,174,3.150103165013366,3936
2015-06-15,166,174,3.0220440723112847,3960
2015-06-16,167,174,3.0292219497185284,3984
2015-06-17,168,174,3.0473931891119266,4008
2015-06-18,169,174,2.9830726060754627,4032
2015-06-19,170,174,3.0120450484220003,4056
2015-06-20,171,174,2.861896632435474,4080
2015-06-21,172,174,2.9316582023199005,4104
2015-06-22,173,174,3.101862972379648,4128
2015-06-23,174,174,2.8846207729187934,4152
2015-06-24,175,174,2.956520081553083,4176
2015-06-25,176,174,3.1030988936359005,4200
2015-06-26,177,174,3.2364957904631395,4224
2015-06-27,178,174,3.2868903542628485,4248
2015-06-28,179,174,3.2949177392834548,4272
2015-06-29,180,174,3.3538716029980105,4296
2015-06-30,181,174,3.5295810831026264,4320
2015-07-01,182,174,3.704203230012744,4344
2015-07-02,183,174,3.88692322953473,4368
2015-07-03,184,174,3.9731783512167413,4392
2015-07-04,185,174,4.022090357768455,4416
2015-07-05,186,174,4.052478818930899,4440
2015-07-06,187,174,3.7546472916926414,4464
2015-07-07,188,174,4.0115454299721005,4488
2015-07-08,189,174,3.335201038084173,4512
2015-07-09,190,174,3.1947675117588163,4536
2015-07-10,191,174,3.22562462354544,4560
2015-07-11,192,174,3.560057140874398,4584
2015-07-12,193,174,3.5197043292017,4608
2015-07-13,194,174,3.4681390535494665,4632
2015-07-14,195,174,3.554419882658572,4656
2015-07-15,196,174,3.592181436561113,4680
2015-07-16,197,174,3.7905790546607054,4704
2015-07-17,198,174,3.785122804574232,4728
2015-07-18,199,174,3.52008236295742,4752
2015-07-19,200,174,3.6558815806264726,4776
2015-07-20,201,174,3.681783131252985,4800
2015-07-21,202,174,3.8428143596465087,4824
2015-07-22,203,174,3.6901637215138137,4848
2015-07-23,204,174,3.401875003177365,4872
2015-07-24,205,174,3.4992221711565734,4896
2015-07-25,206,174,3.217774707121276,4920
2015-07-26,207,174,3.0249632640463915,4944
2015-07-27,208,174,3.2252406400872413,4968
2015-07-28,209,174,3.171368795608801,4992
2015-07-29,210,174,2.972059314872828,5016
2015-07-30,211,174,2.997443371336248,5040
2015-07-31,212,174,3.0994706686580287,5064
2015-08-01,213,174,3.0441851659314434,5088
2015-08-02,214,174,3.2582279816964164,5112
2015-08-03,215,174,3.499381869357783,5136
2015-08-04,216,174,3.3633033838166457,5160
2015-08-05,217,174,3.507184773279857,5184
2015-08-06,218,174,3.8402399392349733,5208
2015-08-07,219,174,3.9497840520388015,5232
2015-08-08,220,174,3.825526237212349,5256
2015-08-09,221,174,3.4462136675812696,5280
2015-08-10,222,174,3.4145076417982234,5304
2015-08-11,223,174,3.5408886270390085,5328
2015-08-12,224,174,3.673194541241527,5352
2015-08-13,225,174,3.5928675224217415,5376
2015-08-14,226,174,3.202965859137956,5400
2015-08-15,227,174,3.012211396360992,5424
2015-08-16,228,174,2.95316206806462,5448
2015-08-17,229,174,3.0214999570734893,5472
2015-08-18,230,174,3.008094586714153,5496
2015-08-19,231,174,2.919327132938053,5520
2015-08-20,232,174,3.0100268521577203,5544
2015-08-21,233,174,3.1104136588008338,5568
2015-08-22,234,174,3.1571591692770777,5592
2015-08-23,235,174,3.1003514228097857,5616
2015-08-24,236,174,3.0336801625910184,5640
2015-08-25,237,174,2.992843944395592,5664
2015-08-26,238,174,3.1319330989943786,5688
2015-08-27,239,174,3.4242338171967726,5712
2015-08-28,240,174,3.5689898435921505,5736
2015-08-29,241,174,3.573955360753665,5760
2015-08-30,242,174,3.697727576363854,5784
2015-08-31,243,174,3.6279864033155818,5808
2015-09-01,244,174,3.2021300911833737,5832
2015-09-02,245,174,3.061197176720848,5856
2015-09-03,246,174,2.971428045116953,5880
2015-09-04,247,174,2.970527223489456,5904
2015-09-05,248,174,2.81941284348184,5928
2015-09-06,249,174,2.7616639593734784,5952
2015-09-07,250,174,2.756668542104513,5976
2015-09-08,251,174,2.8219415628046765,6000
2015-09-09,252,174,2.8682583219409983,6024
2015-09-10,253,174,2.786695565047912,6048
2015-09-11,254,174,2.8769685780751333,6072
2015-09-12,255,174,3.1087882983415507,6096
2015-09-13,256,174,3.088682103943429,6120
2015-09-14,257,174,2.9325940692262256,6144
2015-09-15,258,174,2.8847042070068416,6168
2015-09-16,259,174,3.1133105445328586,6192
2015-09-17,260,174,2.853288347730936,6216
2015-09-18,261,174,2.7701739786691184,6240
2015-09-19,262,174,2.791801723075868,6264
2015-09-20,263,174,2.818171560518871,6288
2015-09-21,264,174,2.758780008238777,6312
2015-09-22,265,174,2.7996133798222083,6336
2015-09-23,266,174,2.631827650930105,6360
2015-09-24,267,174,2.709594604963603,6384
2015-09-25,268,174,2.7270197900087902,6408
2015-09-26,269,174,2.778578286914441,6432
2015-09-27,270,174,2.795031942183913,6456
2015-09-28,271,174,2.696527316687907,6480
2015-09-29,272,174,2.6775349388882166,6504
2015-09-30,273,174,2.616141322025355,6528
2015-10-01,274,174,2.5939778392853263,6552
2015-10-02,275,174,2.7009358369586534,6576
2015-10-03,276,174,2.851356460162767,6600
2015-10-04,277,174,2.7700712265791108,6624
2015-10-05,278,174,2.86403641167086,6648
2015-10-06,279,174,2.9034922539368546,6672
2015-10-07,280,174,2.8162497969860096,6696
2015-10-08,281,174,2.7259059204441005,6720
2015-10-09,282,174,2.7161240978063335,6744
2015-10-10,283,174,2.6642406806172247,6768
2015-10-11,284,174,2.7005644767864005,6792
2015-10-12,285,174,2.6565852646189643,6816
2015-10-13,286,174,2.59468005384916,6840
2015-10-14,287,174,2.4754030048563824,6864
2015-10-15,288,174,2.409199941280326,6888
2015-10-16,289,174,2.4125942838417447,6912
2015-10-17,290,174,2.42351029302313,6936
2015-10-18,291,174,2.4880709298677224,6960
2015-10-19,292,174,2.487177855949253,6984
2015-10-20,293,174,2.451956774029616,7008
2015-10-21,294,174,2.4534378910326806,7032
2015-10-22,295,174,2.5124740551563303,7056
2015-10-23,296,174,2.63139096949022,7080
2015-10-24,297,174,2.6810590914404875,7104
2015-10-25,298,174,2.6967240702505086,7128
2015-10-26,299,174,2.611224032428247,7152
2015-10-27,300,174,2.5847409973537183,7176
2015-10-28,301,174,2.667862898038337,7200
2015-10-29,302,174,2.6372114300977527,7224
2015-10-30,303,174,2.6345699341331157,7248
2015-10-31,304,174,2.594543003429179,7272
2015-11-01,305,174,2.548464421902012,7296
2015-11-02,306,174,2.4915015557814257,7320
2015-11-03,307,174,2.508578299599441,7344
2015-11-04,308,174,2.595913962362029,7368
2015-11-05,309,174,2.607676026569446,7392
2015-11-06,310,174,2.7195247293093585,7416
2015-11-07,311,174,2.7903093386480933,7440
2015-11-08,312,174,2.7452535472011346,7464
2015-11-09,313,174,2.8031465711670442,7488
2015-11-10,314,174,2.678139179535849,7512
2015-11-11,315,174,2.52521765459592,7536
2015-11-12,316,174,2.475551133741058,7560
2015-11-13,317,174,2.542246251770421,7584
2015-11-14,318,174,2.6137091016991536,7608
2015-11-15,319,174,2.7234789806218083,7632
2015-11-16,320,174,2.6441764906894347,7656
2015-11-17,321,174,2.680878206247897,7680
2015-11-18,322,174,2.7718612730068743,7704
2015-11-19,323,174,2.7631730777531525,7728
2015-11-20,324,174,2.721976520860167,7752
2015-11-21,325,174,2.337438993828916,7776
2015-11-22,326,174,2.2585415774283506,7800
2015-11-23,327,174,2.209331195276809,7824
2015-11-24,328,174,2.1836071358859908,7848
2015-11-25,329,174,2.286766680098252,7872
2015-11-26,330,174,2.297441083946043,7896
2015-11-27,331,174,2.24697363790963,7920
2015-11-28,332,174,2.244849777248678,7944
2015-11-29,333,174,2.3703101419246098,7968
2015-11-30,334,174,2.5525200514735698,7992
2015-12-01,335,174,2.5118003822725994,8016
2015-12-02,336,174,2.332171286025754,8040
2015-12-03,337,174,2.261387901081699,8064
2015-12-04,338,174,2.3382026801193576,8088
2015-12-05,339,174,2.3748136027700086,8112
2015-12-06,340,174,2.398137876195425,8136
2015-12-07,341,174,2.370496158174124,8160
2015-12-08,342,174,2.3374224749557984,8184
2015-12-09,343,174,2.4114591800473164,8208
2015-12-10,344,174,2.262337537455413,8232
2015-12-11,345,174,2.2993660252895096,8256
2015-12-12,346,174,2.328158768187561,8280
2015-12-13,347,174,2.2578004002002885,8304
2015-12-14,348,174,2.2344081240949656,8328
2015-12-15,349,174,2.297744507167958,8352
2015-12-16,350,174,2.486074943484479,8376
2015-12-17,351,174,2.4874595091349048,8400
2015-12-18,352,174,2.4708399275567405,8424
2015-12-19,353,174,2.434841637900293,8448
2015-12-20,354,174,2.4063721078699682,8472
2015-12-21,355,174,2.505262843515266,8496
2015-12-22,356,174,2.4710568196716785,8520
2015-12-23,357,174,2.477107220481056,8544
2015-12-24,358,174,2.446785676588186,8568
2015-12-25,359,174,2.441475464847473,8592
2015-12-26,360,174,2.3422140942701586,8616
2015-12-27,361,174,2.3143097199853644,8640
2015-12-28,362,174,2.2577750742957594,8664
2015-12-29,363,174,2.2929785959400024,8688
2015-12-30,364,174,2.2967212778573174,8712
2015-12-31,365,174,2.3652695875319294,8736
2015-01-01,1,175,2.0458102915224363,0
2015-01-02,2,175,2.2054585489103897,24
2015-01-03,3,175,2.3574028608622952,48
2015-01-04,4,175,2.320644670613582,72
2015-01-05,5,175,2.1731676632099735,96
2015-01-06,6,175,2.2027200071494044,120
2015-01-07,7,175,2.2416823268656065,144
2015-01-08,8,175,2.3504078699875897,168
2015-01-09,9,175,2.46995092565312,192
2015-01-10,10,175,2.718830359073381,216
2015-01-11,11,175,2.355153239289576,240
2015-01-12,12,175,2.291871349104222,264
2015-01-13,13,175,2.4265691402126346,288
2015-01-14,14,175,2.395556274481069,312
2015-01-15,15,175,2.368228907583648,336
2015-01-16,16,175,2.3958941429402807,360
2015-01-17,17,175,2.228858301087725,384
2015-01-18,18,175,2.141728797320208,408
2015-01-19,19,175,2.1672293197675203,432
2015-01-20,20,175,2.204084371726778,456
2015-01-21,21,175,2.1806426247056003,480
2015-01-22,22,175,2.175669139916452,504
2015-01-23,23,175,2.171066066502723,528
2015-01-24,24,175,2.180051047447502,552
2015-01-25,25,175,2.1477916381336306,576
2015-01-26,26,175,2.1183784659725537,600
2015-01-27,27,175,2.205535816145856,624
2015-01-28,28,175,2.1775463640294896,648
2015-01-29,29,175,2.2456554516902814,672
2015-01-30,30,175,2.1877663721644915,696
2015-01-31,31,175,2.1729222465230147,720
2015-02-01,32,175,2.1621484496747767,744
2015-02-02,33,175,2.1589090437980225,768
2015-02-03,34,175,2.0700517444199376,792
2015-02-04,35,175,2.0706361880544364,816
2015-02-05,36,175,2.070492978896647,840
2015-02-06,37,175,2.080871152107421,864
2015-02-07,38,175,2.0500965827745965,888
2015-02-08,39,175,2.0669857281815838,912
2015-02-09,40,175,2.093345452995616,936
2015-02-10,41,175,2.118813001721238,960
2015-02-11,42,175,2.1508904017047263,984
2015-02-12,43,175,2.179123085350976,1008
2015-02-13,44,175,2.2246627083174086,1032
2015-02-14,45,175,2.281217977549837,1056
2015-02-15,46,175,2.2193880274913127,1080
2015-02-16,47,175,2.173693693599805,1104
2015-02-17,48,175,2.1846175321604377,1128
2015-02-18,49,175,2.161504452708395,1152
2015-02-19,50,175,2.2022930599469848,1176
2015-02-20,51,175,2.310275538240228,1200
2015-02-21,52,175,2.2557916613229683,1224
2015-02-22,53,175,2.204536304516941,1248
2015-02-23,54,175,2.2200568497575195,1272
2015-02-24,55,175,2.267859915766005,1296
2015-02-25,56,175,2.2521296213048707,1320
2015-02-26,57,175,2.2258246775586974,1344
2015-02-27,58,175,2.258984724056728,1368
2015-02-28,59,175,2.2459058258075424,1392
2015-03-01,60,175,2.354949529508006,1416
2015-03-02,61,175,2.4395872194111843,1440
2015-03-03,62,175,2.3791428611747842,1464
2015-03-04,63,175,2.2722610408152457,1488
2015-03-05,64,175,2.232417352159167,1512
2015-03-06,65,175,2.2439591863159407,1536
2015-03-07,66,175,2.3126910846984536,1560
2015-03-08,67,175,2.415364891218206,1584
2015-03-09,68,175,2.4732507999726017,1608
2015-03-10,69,175,2.4946513907113355,1632
2015-03-11,70,175,2.4648397677810663,1656
2015-03-12,71,175,2.3465263476283216,1680
2015-03-13,72,175,2.318911192322728,1704
2015-03-14,73,175,2.310008818448169,1728
2015-03-15,74,175,2.313908169424715,1752
2015-03-16,75,175,2.4881349929568666,1776
2015-03-17,76,175,2.5766127116085733,1800
2015-03-18,77,175,2.6165947470556365,1824
2015-03-19,78,175,2.5728410521702725,1848
2015-03-20,79,175,2.518242567537236,1872
2015-03-21,80,175,2.451576934735999,1896
2015-03-22,81,175,2.3364009455878576,1920
2015-03-23,82,175,2.4555467369905686,1944
2015-03-24,83,175,2.5663946272696903,1968
2015-03-25,84,175,2.469120251253406,1992
2015-03-26,85,175,2.3653639009818983,2016
2015-03-27,86,175,2.4263478495648143,2040
2015-03-28,87,175,2.445069019540353,2064
2015-03-29,88,175,2.5528246228431213,2088
2015-03-30,89,175,2.5554107092206104,2112
2015-03-31,90,175,2.633239064550254,2136
2015-04-01,91,175,2.3549031944078904,2160
2015-04-02,92,175,2.3665746984674483,2184
2015-04-03,93,175,2.3752573027854007,2208
2015-04-04,94,175,2.367852502504704,2232
2015-04-05,95,175,2.2901703255396795,2256
2015-04-06,96,175,2.296538946274115,2280
2015-04-07,97,175,2.344772899891534,2304
2015-04-08,98,175,2.473290646640684,2328
2015-04-09,99,175,2.6350368340246173,2352
2015-04-10,100,175,2.8060619782604235,2376
2015-04-11,101,175,2.68697000040764,2400
2015-04-12,102,175,2.747434518001588,2424
2015-04-13,103,175,2.7941522037033684,2448
2015-04-14,104,175,2.782999891289781,2472
2015-04-15,105,175,2.8821335091389204,2496
2015-04-16,106,175,2.835867804187969,2520
2015-04-17,107,175,2.6902493008690977,2544
2015-04-18,108,175,2.497932102365355,2568
2015-04-19,109,175,2.529791295840448,2592
2015-04-20,110,175,2.6358147383598163,2616
2015-04-21,111,175,2.731173860096569,2640
2015-04-22,112,175,2.8351724418095565,2664
2015-04-23,113,175,2.66269310156885,2688
2015-04-24,114,175,2.7710691549323845,2712
2015-04-25,115,175,2.7736596766117483,2736
2015-04-26,116,175,2.8129994236526525,2760
2015-04-27,117,175,2.821599942303775,2784
2015-04-28,118,175,2.4608912301840475,2808
2015-04-29,119,175,2.5273682329743163,2832
2015-04-30,120,175,2.6660326188983614,2856
2015-05-01,121,175,2.6677609906478184,2880
2015-05-02,122,175,2.774988434292564,2904
2015-05-03,123,175,2.8735787830519297,2928
2015-05-04,124,175,2.986196676285655,2952
2015-05-05,125,175,3.022061843779192,2976
2015-05-06,126,175,2.7880545183091727,3000
2015-05-07,127,175,2.760837710387708,3024
2015-05-08,128,175,2.827904170685672,3048
2015-05-09,129,175,2.8590535209624814,3072
2015-05-10,130,175,2.8747984920987264,3096
2015-05-11,131,175,3.0548039208474362,3120
2015-05-12,132,175,3.2727347122987744,3144
2015-05-13,133,175,3.2813615561052885,3168
2015-05-14,134,175,3.0555898292002035,3192
2015-05-15,135,175,2.4850788890846687,3216
2015-05-16,136,175,2.745169635294857,3240
2015-05-17,137,175,2.8577142998676948,3264
2015-05-18,138,175,2.9614842101154646,3288
2015-05-19,139,175,2.728215095927528,3312
2015-05-20,140,175,2.5052844062825272,3336
2015-05-21,141,175,2.4832476885599437,3360
2015-05-22,142,175,2.6225830513613326,3384
2015-05-23,143,175,2.7016348318042165,3408
2015-05-24,144,175,2.828356640504527,3432
2015-05-25,145,175,2.7988416061530867,3456
2015-05-26,146,175,2.63760362527776,3480
2015-05-27,147,175,2.669368585596398,3504
2015-05-28,148,175,2.8219529104521115,3528
2015-05-29,149,175,3.0157572721021837,3552
2015-05-30,150,175,2.9151421926950536,3576
2015-05-31,151,175,2.9901664902648943,3600
2015-06-01,152,175,3.0667055600924744,3624
2015-06-02,153,175,3.163303505086823,3648
2015-06-03,154,175,3.312220285176845,3672
2015-06-04,155,175,3.3533050216773845,3696
2015-06-05,156,175,3.5427214556523285,3720
2015-06-06,157,175,3.4815010369269936,3744
2015-06-07,158,175,3.331492682410897,3768
2015-06-08,159,175,3.0604196118712466,3792
2015-06-09,160,175,2.825388740275892,3816
2015-06-10,161,175,2.916128884675212,3840
2015-06-11,162,175,3.157560924187628,3864
2015-06-12,163,175,3.274861912656542,3888
2015-06-13,164,175,3.24017599553275,3912
2015-06-14,165,175,3.0659368613864864,3936
2015-06-15,166,175,2.9488905201534545,3960
2015-06-16,167,175,2.9465494845893363,3984
2015-06-17,168,175,2.963586383364422,4008
2015-06-18,169,175,2.9171553986534526,4032
2015-06-19,170,175,2.9313926212863146,4056
2015-06-20,171,175,2.7920556228859312,4080
2015-06-21,172,175,2.8630058896591986,4104
2015-06-22,173,175,3.027441300836209,4128
2015-06-23,174,175,2.7989628689142885,4152
2015-06-24,175,175,2.8884276701901253,4176
2015-06-25,176,175,3.0460386251466987,4200
2015-06-26,177,175,3.1711227392619,4224
2015-06-27,178,175,3.224704264864971,4248
2015-06-28,179,175,3.216126820249455,4272
2015-06-29,180,175,3.2902790187135738,4296
2015-06-30,181,175,3.464700702367279,4320
2015-07-01,182,175,3.6379588181159774,4344
2015-07-02,183,175,3.8239782257019024,4368
2015-07-03,184,175,3.889254543914873,4392
2015-07-04,185,175,3.914141512393576,4416
2015-07-05,186,175,3.9486547136146712,4440
2015-07-06,187,175,3.639435668927226,4464
2015-07-07,188,175,3.919328198029001,4488
2015-07-08,189,175,3.224564604172625,4512
2015-07-09,190,175,3.084473901398622,4536
2015-07-10,191,175,3.1466058902784217,4560
2015-07-11,192,175,3.488659998685003,4584
2015-07-12,193,175,3.425318557476058,4608
2015-07-13,194,175,3.358772103734665,4632
2015-07-14,195,175,3.4543258835762622,4656
2015-07-15,196,175,3.4960416563625683,4680
2015-07-16,197,175,3.718422985165642,4704
2015-07-17,198,175,3.68586418050984,4728
2015-07-18,199,175,3.4374330254644305,4752
2015-07-19,200,175,3.5463258044835877,4776
2015-07-20,201,175,3.5624494922391268,4800
2015-07-21,202,175,3.7359691013701015,4824
2015-07-22,203,175,3.57226283955307,4848
2015-07-23,204,175,3.2902972369678944,4872
2015-07-24,205,175,3.397018191658024,4896
2015-07-25,206,175,3.11265821111869,4920
2015-07-26,207,175,2.937664405557161,4944
2015-07-27,208,175,3.1409373418167807,4968
2015-07-28,209,175,3.0691089777113745,4992
2015-07-29,210,175,2.9067689805780064,5016
2015-07-30,211,175,2.911828588123992,5040
2015-07-31,212,175,3.0211687161108762,5064
2015-08-01,213,175,2.9897528048291897,5088
2015-08-02,214,175,3.1768385101098424,5112
2015-08-03,215,175,3.4479474490157123,5136
2015-08-04,216,175,3.3045147841981906,5160
2015-08-05,217,175,3.4290838032169795,5184
2015-08-06,218,175,3.7929650648697595,5208
2015-08-07,219,175,3.8820594902924,5232
2015-08-08,220,175,3.7242513974562006,5256
2015-08-09,221,175,3.343233193024917,5280
2015-08-10,222,175,3.317460574850179,5304
2015-08-11,223,175,3.444347544123708,5328
2015-08-12,224,175,3.585998724883692,5352
2015-08-13,225,175,3.5035828066118437,5376
2015-08-14,226,175,3.1206657312644266,5400
2015-08-15,227,175,2.9307876960061066,5424
2015-08-16,228,175,2.8717272920958665,5448
2015-08-17,229,175,2.9356726060876186,5472
2015-08-18,230,175,2.9248563630675184,5496
2015-08-19,231,175,2.83192772876094,5520
2015-08-20,232,175,2.93734632845995,5544
2015-08-21,233,175,3.038331085930149,5568
2015-08-22,234,175,3.087916590128024,5592
2015-08-23,235,175,3.046820056484087,5616
2015-08-24,236,175,2.9694601642653904,5640
2015-08-25,237,175,2.922822107701348,5664
2015-08-26,238,175,3.1007834531934955,5688
2015-08-27,239,175,3.361678579123373,5712
2015-08-28,240,175,3.503333475251892,5736
2015-08-29,241,175,3.5078245387152185,5760
2015-08-30,242,175,3.652947220282293,5784
2015-08-31,243,175,3.560209453511721,5808
2015-09-01,244,175,3.1360578538890445,5832
2015-09-02,245,175,2.961064787518002,5856
2015-09-03,246,175,2.888675994777051,5880
2015-09-04,247,175,2.8912371572768385,5904
2015-09-05,248,175,2.7298651571337342,5928
2015-09-06,249,175,2.69475869559895,5952
2015-09-07,250,175,2.6951667600708764,5976
2015-09-08,251,175,2.749384520215965,6000
2015-09-09,252,175,2.79265162498603,6024
2015-09-10,253,175,2.7137141665533213,6048
2015-09-11,254,175,2.8299345409081256,6072
2015-09-12,255,175,3.0427698307621367,6096
2015-09-13,256,175,3.0216954463362984,6120
2015-09-14,257,175,2.865953892448217,6144
2015-09-15,258,175,2.813107557856716,6168
2015-09-16,259,175,3.103138289418532,6192
2015-09-17,260,175,2.7912454058090765,6216
2015-09-18,261,175,2.712048251358,6240
2015-09-19,262,175,2.7368898315168138,6264
2015-09-20,263,175,2.749372772870643,6288
2015-09-21,264,175,2.70874530291817,6312
2015-09-22,265,175,2.749823341446874,6336
2015-09-23,266,175,2.5640408337874416,6360
2015-09-24,267,175,2.644767595881442,6384
2015-09-25,268,175,2.6686819927041374,6408
2015-09-26,269,175,2.7080192738077105,6432
2015-09-27,270,175,2.7023459863479733,6456
2015-09-28,271,175,2.6228274869198414,6480
2015-09-29,272,175,2.5935427646334097,6504
2015-09-30,273,175,2.544403105623962,6528
2015-10-01,274,175,2.533166333695954,6552
2015-10-02,275,175,2.6567235294450935,6576
2015-10-03,276,175,2.800311045719455,6600
2015-10-04,277,175,2.7131825305234125,6624
2015-10-05,278,175,2.8281194937972405,6648
2015-10-06,279,175,2.8607780569724848,6672
2015-10-07,280,175,2.7463300365406553,6696
2015-10-08,281,175,2.6633772433919694,6720
2015-10-09,282,175,2.650884172259953,6744
2015-10-10,283,175,2.602887228004567,6768
2015-10-11,284,175,2.6236498420095886,6792
2015-10-12,285,175,2.613241864483338,6816
2015-10-13,286,175,2.5567274681106955,6840
2015-10-14,287,175,2.4216230171425965,6864
2015-10-15,288,175,2.3564935295562432,6888
2015-10-16,289,175,2.3594770177870514,6912
2015-10-17,290,175,2.3851908099482118,6936
2015-10-18,291,175,2.4509610016152097,6960
2015-10-19,292,175,2.438628063244678,6984
2015-10-20,293,175,2.4003869362658654,7008
2015-10-21,294,175,2.3942496310444743,7032
2015-10-22,295,175,2.4659286804094926,7056
2015-10-23,296,175,2.5811709040014232,7080
2015-10-24,297,175,2.6556844193373657,7104
2015-10-25,298,175,2.6592644344682546,7128
2015-10-26,299,175,2.564030599016177,7152
2015-10-27,300,175,2.5428020430861635,7176
2015-10-28,301,175,2.6431990929675515,7200
2015-10-29,302,175,2.5790173855694887,7224
2015-10-30,303,175,2.5928612389819343,7248
2015-10-31,304,175,2.5479101006805376,7272
2015-11-01,305,175,2.52261448184566,7296
2015-11-02,306,175,2.4533015064281245,7320
2015-11-03,307,175,2.516072537184223,7344
2015-11-04,308,175,2.622340164581458,7368
2015-11-05,309,175,2.601885967090019,7392
2015-11-06,310,175,2.7161485244060573,7416
2015-11-07,311,175,2.7679071663569883,7440
2015-11-08,312,175,2.746335683711272,7464
2015-11-09,313,175,2.808642977850316,7488
2015-11-10,314,175,2.6561470274122767,7512
2015-11-11,315,175,2.5317757942786883,7536
2015-11-12,316,175,2.4711939751894447,7560
2015-11-13,317,175,2.5312277605559323,7584
2015-11-14,318,175,2.573613403797547,7608
2015-11-15,319,175,2.7140543496932183,7632
2015-11-16,320,175,2.6518415430863467,7656
2015-11-17,321,175,2.64578135157308,7680
2015-11-18,322,175,2.7229838029031534,7704
2015-11-19,323,175,2.7056136437485105,7728
2015-11-20,324,175,2.682043600869641,7752
2015-11-21,325,175,2.2836426948813413,7776
2015-11-22,326,175,2.209122089533844,7800
2015-11-23,327,175,2.1527017981740046,7824
2015-11-24,328,175,2.1324817126248257,7848
2015-11-25,329,175,2.252353445082194,7872
2015-11-26,330,175,2.2460944552225284,7896
2015-11-27,331,175,2.1944283032870247,7920
2015-11-28,332,175,2.2055990922002207,7944
2015-11-29,333,175,2.329168175689424,7968
2015-11-30,334,175,2.507033185367624,7992
2015-12-01,335,175,2.4571196799176014,8016
2015-12-02,336,175,2.3235235199962547,8040
2015-12-03,337,175,2.2633882387244944,8064
2015-12-04,338,175,2.3464825199312247,8088
2015-12-05,339,175,2.3621052902909976,8112
2015-12-06,340,175,2.393493961354631,8136
2015-12-07,341,175,2.395830726695744,8160
2015-12-08,342,175,2.348641796062368,8184
2015-12-09,343,175,2.3830199747349026,8208
2015-12-10,344,175,2.2225359882101965,8232
2015-12-11,345,175,2.3012554985019995,8256
2015-12-12,346,175,2.3096769809928004,8280
2015-12-13,347,175,2.2504566117071625,8304
2015-12-14,348,175,2.250210953834292,8328
2015-12-15,349,175,2.3221101308738596,8352
2015-12-16,350,175,2.4847578955693232,8376
2015-12-17,351,175,2.4783877031101222,8400
2015-12-18,352,175,2.482150343389224,8424
2015-12-19,353,175,2.4698146837108013,8448
2015-12-20,354,175,2.43309391168512,8472
2015-12-21,355,175,2.4900215075804506,8496
2015-12-22,356,175,2.4507597726937016,8520
2015-12-23,357,175,2.4525464812648683,8544
2015-12-24,358,175,2.4401201101240457,8568
2015-12-25,359,175,2.4453056632293184,8592
2015-12-26,360,175,2.352530600435679,8616
2015-12-27,361,175,2.3635102514458066,8640
2015-12-28,362,175,2.3015113525251976,8664
2015-12-29,363,175,2.34170689656788,8688
2015-12-30,364,175,2.2810101468275623,8712
2015-12-31,365,175,2.3497122216308868,8736
2015-01-01,1,176,2.072638250149611,0
2015-01-02,2,176,2.207807284566461,24
2015-01-03,3,176,2.3625693316993597,48
2015-01-04,4,176,2.3483299157652264,72
2015-01-05,5,176,2.1869542170919782,96
2015-01-06,6,176,2.2014368129894466,120
2015-01-07,7,176,2.2367263659887846,144
2015-01-08,8,176,2.3546152141283607,168
2015-01-09,9,176,2.4770851584187485,192
2015-01-10,10,176,2.7267831260508566,216
2015-01-11,11,176,2.3773221832822835,240
2015-01-12,12,176,2.3116059657157515,264
2015-01-13,13,176,2.431402666766651,288
2015-01-14,14,176,2.4155453595462597,312
2015-01-15,15,176,2.3901751480677844,336
2015-01-16,16,176,2.408903652036168,360
2015-01-17,17,176,2.2452260605716456,384
2015-01-18,18,176,2.165961148460421,408
2015-01-19,19,176,2.1916004022517117,432
2015-01-20,20,176,2.219980228917107,456
2015-01-21,21,176,2.203336593529985,480
2015-01-22,22,176,2.201115115740824,504
2015-01-23,23,176,2.1977383965319794,528
2015-01-24,24,176,2.2050012702229185,552
2015-01-25,25,176,2.1759713796816933,576
2015-01-26,26,176,2.141379101950045,600
2015-01-27,27,176,2.2247775370828875,624
2015-01-28,28,176,2.199635186634085,648
2015-01-29,29,176,2.2620278865664534,672
2015-01-30,30,176,2.2067352947032806,696
2015-01-31,31,176,2.18980364450188,720
2015-02-01,32,176,2.1795799981938635,744
2015-02-02,33,176,2.1768154337095367,768
2015-02-03,34,176,2.096480531701214,792
2015-02-04,35,176,2.095473220438925,816
2015-02-05,36,176,2.093476392703883,840
2015-02-06,37,176,2.104588539975952,864
2015-02-07,38,176,2.073592515548074,888
2015-02-08,39,176,2.0963771883686246,912
2015-02-09,40,176,2.1222456238856484,936
2015-02-10,41,176,2.1497867761727147,960
2015-02-11,42,176,2.171901170557486,984
2015-02-12,43,176,2.184052761022453,1008
2015-02-13,44,176,2.225956626233574,1032
2015-02-14,45,176,2.291858500738256,1056
2015-02-15,46,176,2.2379711342136432,1080
2015-02-16,47,176,2.2006882314994014,1104
2015-02-17,48,176,2.210299842040246,1128
2015-02-18,49,176,2.18577622870754,1152
2015-02-19,50,176,2.2262120247071224,1176
2015-02-20,51,176,2.3222152658293704,1200
2015-02-21,52,176,2.27581327470515,1224
2015-02-22,53,176,2.226465802909084,1248
2015-02-23,54,176,2.2406644456404265,1272
2015-02-24,55,176,2.292737716810354,1296
2015-02-25,56,176,2.2785961505032857,1320
2015-02-26,57,176,2.2489868962792503,1344
2015-02-27,58,176,2.2788633776696536,1368
2015-02-28,59,176,2.2704855097238523,1392
2015-03-01,60,176,2.377624185527462,1416
2015-03-02,61,176,2.4621288262351686,1440
2015-03-03,62,176,2.403138558341882,1464
2015-03-04,63,176,2.3007205691066748,1488
2015-03-05,64,176,2.265953477628886,1512
2015-03-06,65,176,2.273882405254183,1536
2015-03-07,66,176,2.332370977766068,1560
2015-03-08,67,176,2.4301895918604663,1584
2015-03-09,68,176,2.4882677108615283,1608
2015-03-10,69,176,2.5075072230075306,1632
2015-03-11,70,176,2.4979642517318643,1656
2015-03-12,71,176,2.3705455977819576,1680
2015-03-13,72,176,2.3416575654005203,1704
2015-03-14,73,176,2.3349518995719167,1728
2015-03-15,74,176,2.3441221841280435,1752
2015-03-16,75,176,2.4994865802200987,1776
2015-03-17,76,176,2.5821861206911496,1800
2015-03-18,77,176,2.6294409242177603,1824
2015-03-19,78,176,2.59518123224339,1848
2015-03-20,79,176,2.5398992033205787,1872
2015-03-21,80,176,2.4739268033469246,1896
2015-03-22,81,176,2.3688367148745506,1920
2015-03-23,82,176,2.470900107369433,1944
2015-03-24,83,176,2.5701338297946825,1968
2015-03-25,84,176,2.490123526910708,1992
2015-03-26,85,176,2.3976033411865285,2016
2015-03-27,86,176,2.456485581926747,2040
2015-03-28,87,176,2.471110707858565,2064
2015-03-29,88,176,2.5739440309475885,2088
2015-03-30,89,176,2.587083338029477,2112
2015-03-31,90,176,2.660077745572099,2136
2015-04-01,91,176,2.386489016084272,2160
2015-04-02,92,176,2.3901513545272106,2184
2015-04-03,93,176,2.40354680136106,2208
2015-04-04,94,176,2.395656326805546,2232
2015-04-05,95,176,2.3210197119076152,2256
2015-04-06,96,176,2.322106640800965,2280
2015-04-07,97,176,2.3741277195362938,2304
2015-04-08,98,176,2.4951745684691424,2328
2015-04-09,99,176,2.6557377705873733,2352
2015-04-10,100,176,2.8119856115292077,2376
2015-04-11,101,176,2.717853123712877,2400
2015-04-12,102,176,2.7681431562835037,2424
2015-04-13,103,176,2.8207978673266187,2448
2015-04-14,104,176,2.8086808681713133,2472
2015-04-15,105,176,2.8914860586179763,2496
2015-04-16,106,176,2.8513018946734823,2520
2015-04-17,107,176,2.71281522532756,2544
2015-04-18,108,176,2.5414536249885606,2568
2015-04-19,109,176,2.5633625583513795,2592
2015-04-20,110,176,2.66693238050252,2616
2015-04-21,111,176,2.766776768024286,2640
2015-04-22,112,176,2.8553406055292325,2664
2015-04-23,113,176,2.7038630795613665,2688
2015-04-24,114,176,2.7919651929958453,2712
2015-04-25,115,176,2.793461270564785,2736
2015-04-26,116,176,2.836779640303152,2760
2015-04-27,117,176,2.8508012550818385,2784
2015-04-28,118,176,2.501926803357667,2808
2015-04-29,119,176,2.5570922926419803,2832
2015-04-30,120,176,2.693301781337248,2856
2015-05-01,121,176,2.6810715025489453,2880
2015-05-02,122,176,2.796298881166687,2904
2015-05-03,123,176,2.888349640116936,2928
2015-05-04,124,176,2.9996965293049223,2952
2015-05-05,125,176,3.03455484891705,2976
2015-05-06,126,176,2.8164012237165896,3000
2015-05-07,127,176,2.7871705819014467,3024
2015-05-08,128,176,2.8475917127748875,3048
2015-05-09,129,176,2.8897949366138977,3072
2015-05-10,130,176,2.9072686382281936,3096
2015-05-11,131,176,3.066355225251012,3120
2015-05-12,132,176,3.2854652891729312,3144
2015-05-13,133,176,3.3159063843508725,3168
2015-05-14,134,176,3.0890834393489883,3192
2015-05-15,135,176,2.5178109879508948,3216
2015-05-16,136,176,2.7762647624942645,3240
2015-05-17,137,176,2.8948653194117187,3264
2015-05-18,138,176,2.9887287876492103,3288
2015-05-19,139,176,2.7626810294103183,3312
2015-05-20,140,176,2.544535636462458,3336
2015-05-21,141,176,2.524120618129273,3360
2015-05-22,142,176,2.6632246308749763,3384
2015-05-23,143,176,2.7426388161024216,3408
2015-05-24,144,176,2.857775746662701,3432
2015-05-25,145,176,2.832138493346944,3456
2015-05-26,146,176,2.685134912669986,3480
2015-05-27,147,176,2.707409836220339,3504
2015-05-28,148,176,2.847465648363135,3528
2015-05-29,149,176,3.0392448056639134,3552
2015-05-30,150,176,2.9540710586248307,3576
2015-05-31,151,176,3.0145506155855335,3600
2015-06-01,152,176,3.089975565449844,3624
2015-06-02,153,176,3.1957515475107874,3648
2015-06-03,154,176,3.3368813332806737,3672
2015-06-04,155,176,3.3866230402000395,3696
2015-06-05,156,176,3.56513820109554,3720
2015-06-06,157,176,3.515160291973101,3744
2015-06-07,158,176,3.3728215487977424,3768
2015-06-08,159,176,3.0938663433370515,3792
2015-06-09,160,176,2.86933780473782,3816
2015-06-10,161,176,2.9617055195438438,3840
2015-06-11,162,176,3.1947640536895685,3864
2015-06-12,163,176,3.2988572059685985,3888
2015-06-13,164,176,3.2700727837999333,3912
2015-06-14,165,176,3.098265404410888,3936
2015-06-15,166,176,2.9846230059079235,3960
2015-06-16,167,176,2.986458332568928,3984
2015-06-17,168,176,3.005722813822962,4008
2015-06-18,169,176,2.9536744479097585,4032
2015-06-19,170,176,2.9723947939793565,4056
2015-06-20,171,176,2.826789375710302,4080
2015-06-21,172,176,2.8969597095994297,4104
2015-06-22,173,176,3.067366903627307,4128
2015-06-23,174,176,2.8481148951049304,4152
2015-06-24,175,176,2.9240694656819812,4176
2015-06-25,176,176,3.073938492392575,4200
2015-06-26,177,176,3.2007429733282997,4224
2015-06-27,178,176,3.2529861287914645,4248
2015-06-28,179,176,3.255865550588221,4272
2015-06-29,180,176,3.3227662025606506,4296
2015-06-30,181,176,3.4941003374562967,4320
2015-07-01,182,176,3.669568411115172,4344
2015-07-02,183,176,3.849217159264139,4368
2015-07-03,184,176,3.9221453344271775,4392
2015-07-04,185,176,3.9588347089020335,4416
2015-07-05,186,176,3.9882285305431986,4440
2015-07-06,187,176,3.695573583954409,4464
2015-07-07,188,176,3.955006532791801,4488
2015-07-08,189,176,3.279455450800933,4512
2015-07-09,190,176,3.1408985229236013,4536
2015-07-10,191,176,3.1881420331902404,4560
2015-07-11,192,176,3.524560303031356,4584
2015-07-12,193,176,3.4736364041042886,4608
2015-07-13,194,176,3.414827167315805,4632
2015-07-14,195,176,3.5069052685079547,4656
2015-07-15,196,176,3.5450101414908888,4680
2015-07-16,197,176,3.749947606350484,4704
2015-07-17,198,176,3.724039768883959,4728
2015-07-18,199,176,3.47967915669086,4752
2015-07-19,200,176,3.5950287314498017,4776
2015-07-20,201,176,3.617265004344628,4800
2015-07-21,202,176,3.7839072631261503,4824
2015-07-22,203,176,3.626782510839532,4848
2015-07-23,204,176,3.3515138979914685,4872
2015-07-24,205,176,3.442138312579477,4896
2015-07-25,206,176,3.1641544630695213,4920
2015-07-26,207,176,2.986296314866812,4944
2015-07-27,208,176,3.1817593069909416,4968
2015-07-28,209,176,3.122367056839708,4992
2015-07-29,210,176,2.948776480259838,5016
2015-07-30,211,176,2.959457130713439,5040
2015-07-31,212,176,3.0603191117428645,5064
2015-08-01,213,176,3.0138950632759682,5088
2015-08-02,214,176,3.2120224830542434,5112
2015-08-03,215,176,3.4645898999977165,5136
2015-08-04,216,176,3.33621401281973,5160
2015-08-05,217,176,3.465316353433984,5184
2015-08-06,218,176,3.803552605897621,5208
2015-08-07,219,176,3.9094830745000975,5232
2015-08-08,220,176,3.763663994608741,5256
2015-08-09,221,176,3.3859607144469552,5280
2015-08-10,222,176,3.358998566595857,5304
2015-08-11,223,176,3.484030551645962,5328
2015-08-12,224,176,3.619768890498616,5352
2015-08-13,225,176,3.5454714870584594,5376
2015-08-14,226,176,3.1564297152921315,5400
2015-08-15,227,176,2.964887973717255,5424
2015-08-16,228,176,2.911532224608784,5448
2015-08-17,229,176,2.977071011240376,5472
2015-08-18,230,176,2.9610052971661216,5496
2015-08-19,231,176,2.8744978861808383,5520
2015-08-20,232,176,2.9729500019925346,5544
2015-08-21,233,176,3.0736821322929835,5568
2015-08-22,234,176,3.1233072678641003,5592
2015-08-23,235,176,3.0748868685075825,5616
2015-08-24,236,176,3.001551789735448,5640
2015-08-25,237,176,2.958274489542028,5664
2015-08-26,238,176,3.1149576080920807,5688
2015-08-27,239,176,3.3879149919616265,5712
2015-08-28,240,176,3.5262053040800265,5736
2015-08-29,241,176,3.5361838547435545,5760
2015-08-30,242,176,3.657376865874133,5784
2015-08-31,243,176,3.579060354406756,5808
2015-09-01,244,176,3.1679270273068307,5832
2015-09-02,245,176,3.0091180172587104,5856
2015-09-03,246,176,2.925686968338749,5880
2015-09-04,247,176,2.9278888695538003,5904
2015-09-05,248,176,2.7705341961849768,5928
2015-09-06,249,176,2.7266195540607985,5952
2015-09-07,250,176,2.7270818819120604,5976
2015-09-08,251,176,2.786213072811624,6000
2015-09-09,252,176,2.83384913948861,6024
2015-09-10,253,176,2.75382674642324,6048
2015-09-11,254,176,2.854940771381892,6072
2015-09-12,255,176,3.068560514404315,6096
2015-09-13,256,176,3.0466009882044713,6120
2015-09-14,257,176,2.8954884627477755,6144
2015-09-15,258,176,2.85151555968605,6168
2015-09-16,259,176,3.1116003576645386,6192
2015-09-17,260,176,2.8340303935270827,6216
2015-09-18,261,176,2.7437133727824534,6240
2015-09-19,262,176,2.763152750540251,6264
2015-09-20,263,176,2.782556616028586,6288
2015-09-21,264,176,2.7348708351508484,6312
2015-09-22,265,176,2.7744102742491745,6336
2015-09-23,266,176,2.596229112201144,6360
2015-09-24,267,176,2.675585307967584,6384
2015-09-25,268,176,2.7008683917897955,6408
2015-09-26,269,176,2.7443444082408552,6432
2015-09-27,270,176,2.751322716897473,6456
2015-09-28,271,176,2.661526447559598,6480
2015-09-29,272,176,2.6326489453114594,6504
2015-09-30,273,176,2.5842794749465434,6528
2015-10-01,274,176,2.570240408155924,6552
2015-10-02,275,176,2.6814058897816757,6576
2015-10-03,276,176,2.820751047919822,6600
2015-10-04,277,176,2.737972502557317,6624
2015-10-05,278,176,2.844779212425946,6648
2015-10-06,279,176,2.878263512385828,6672
2015-10-07,280,176,2.776673441143731,6696
2015-10-08,281,176,2.6937261745844765,6720
2015-10-09,282,176,2.6851769680674042,6744
2015-10-10,283,176,2.6347699127305035,6768
2015-10-11,284,176,2.6634500886173846,6792
2015-10-12,285,176,2.6356372944611586,6816
2015-10-13,286,176,2.579963131837091,6840
2015-10-14,287,176,2.448813637114544,6864
2015-10-15,288,176,2.3826324218396486,6888
2015-10-16,289,176,2.3878922334111774,6912
2015-10-17,290,176,2.408508384214524,6936
2015-10-18,291,176,2.4724352241528,6960
2015-10-19,292,176,2.465296265404374,6984
2015-10-20,293,176,2.4288264872550243,7008
2015-10-21,294,176,2.426346748781583,7032
2015-10-22,295,176,2.4880772268112357,7056
2015-10-23,296,176,2.6022608667860303,7080
2015-10-24,297,176,2.66753725328144,7104
2015-10-25,298,176,2.6786172943120574,7128
2015-10-26,299,176,2.595879779635005,7152
2015-10-27,300,176,2.5729826549171384,7176
2015-10-28,301,176,2.6545401597061566,7200
2015-10-29,302,176,2.60422028148198,7224
2015-10-30,303,176,2.611340663661474,7248
2015-10-31,304,176,2.5794428615737988,7272
2015-11-01,305,176,2.5463832157084094,7296
2015-11-02,306,176,2.491712625365324,7320
2015-11-03,307,176,2.532258375193539,7344
2015-11-04,308,176,2.6054828124770046,7368
2015-11-05,309,176,2.6028502934722884,7392
2015-11-06,310,176,2.7124646420590985,7416
2015-11-07,311,176,2.7744309897965618,7440
2015-11-08,312,176,2.7477497232980856,7464
2015-11-09,313,176,2.800450378085773,7488
2015-11-10,314,176,2.6700599853537126,7512
2015-11-11,315,176,2.533344630237804,7536
2015-11-12,316,176,2.484201051084199,7560
2015-11-13,317,176,2.538827277076555,7584
2015-11-14,318,176,2.588556382599375,7608
2015-11-15,319,176,2.710076306200695,7632
2015-11-16,320,176,2.6465997192402164,7656
2015-11-17,321,176,2.6581516603132926,7680
2015-11-18,322,176,2.7363267766494257,7704
2015-11-19,323,176,2.7218987948155804,7728
2015-11-20,324,176,2.691752207784864,7752
2015-11-21,325,176,2.3124086219020565,7776
2015-11-22,326,176,2.2322271763410826,7800
2015-11-23,327,176,2.177878754023707,7824
2015-11-24,328,176,2.157959763566086,7848
2015-11-25,329,176,2.2660076554102058,7872
2015-11-26,330,176,2.2712409908844458,7896
2015-11-27,331,176,2.2166385080485957,7920
2015-11-28,332,176,2.221995698023887,7944
2015-11-29,333,176,2.3439743264787003,7968
2015-11-30,334,176,2.514871828987318,7992
2015-12-01,335,176,2.47675871252182,8016
2015-12-02,336,176,2.334320344096409,8040
2015-12-03,337,176,2.27563909766875,8064
2015-12-04,338,176,2.3443884003658586,8088
2015-12-05,339,176,2.370571549873399,8112
2015-12-06,340,176,2.3919320624609104,8136
2015-12-07,341,176,2.382500822231366,8160
2015-12-08,342,176,2.34309841346271,8184
2015-12-09,343,176,2.3948447862762934,8208
2015-12-10,344,176,2.2494302703200058,8232
2015-12-11,345,176,2.2999846383462343,8256
2015-12-12,346,176,2.316260530510565,8280
2015-12-13,347,176,2.2581241783155472,8304
2015-12-14,348,176,2.245806894826394,8328
2015-12-15,349,176,2.31084861423567,8352
2015-12-16,350,176,2.4803451916621886,8376
2015-12-17,351,176,2.479669204138415,8400
2015-12-18,352,176,2.475261403213349,8424
2015-12-19,353,176,2.4533138263973044,8448
2015-12-20,354,176,2.4236775141507922,8472
2015-12-21,355,176,2.4918778746151458,8496
2015-12-22,356,176,2.459322338253942,8520
2015-12-23,357,176,2.4619533155072912,8544
2015-12-24,358,176,2.4410153626605573,8568
2015-12-25,359,176,2.441527564684493,8592
2015-12-26,360,176,2.3519724117126555,8616
2015-12-27,361,176,2.34127329621544,8640
2015-12-28,362,176,2.29413947412119,8664
2015-12-29,363,176,2.315096474046162,8688
2015-12-30,364,176,2.2907424949867736,8712
2015-12-31,365,176,2.3568212119191143,8736
2015-01-01,1,177,2.06203915305888,0
2015-01-02,2,177,2.2424189407812882,24
2015-01-03,3,177,2.3245024224739903,48
2015-01-04,4,177,2.255291170999623,72
2015-01-05,5,177,2.1425652090406304,96
2015-01-06,6,177,2.2193160974347417,120
2015-01-07,7,177,2.1938702637863385,144
2015-01-08,8,177,2.2564083866613065,168
2015-01-09,9,177,2.370749350768269,192
2015-01-10,10,177,2.5583743543495463,216
2015-01-11,11,177,2.2570748569325225,240
2015-01-12,12,177,2.2530723292759456,264
2015-01-13,13,177,2.3902122111831146,288
2015-01-14,14,177,2.2843920029752405,312
2015-01-15,15,177,2.324586830449642,336
2015-01-16,16,177,2.3507944955904474,360
2015-01-17,17,177,2.164160419321396,384
2015-01-18,18,177,2.0557032505406423,408
2015-01-19,19,177,2.0927134650859682,432
2015-01-20,20,177,2.123502004321016,456
2015-01-21,21,177,2.1067605212978124,480
2015-01-22,22,177,2.117759534533964,504
2015-01-23,23,177,2.075732887952124,528
2015-01-24,24,177,2.0767617690645217,552
2015-01-25,25,177,2.055571844165707,576
2015-01-26,26,177,2.02961937108003,600
2015-01-27,27,177,2.1245306062325806,624
2015-01-28,28,177,2.0854678782081058,648
2015-01-29,29,177,2.1752283650074715,672
2015-01-30,30,177,2.08300737055773,696
2015-01-31,31,177,2.0635147599925627,720
2015-02-01,32,177,2.0554683075529754,744
2015-02-02,33,177,2.0531820054136767,768
2015-02-03,34,177,1.9796510838939685,792
2015-02-04,35,177,1.9904674420243358,816
2015-02-05,36,177,1.98121608793506,840
2015-02-06,37,177,1.9980112956877791,864
2015-02-07,38,177,1.9849864993357256,888
2015-02-08,39,177,2.0154381442455085,912
2015-02-09,40,177,2.0419072011874047,936
2015-02-10,41,177,2.101052142950475,960
2015-02-11,42,177,2.2130058528102188,984
2015-02-12,43,177,2.232592097525042,1008
2015-02-13,44,177,2.24104943384502,1032
2015-02-14,45,177,2.250721272620091,1056
2015-02-15,46,177,2.2013692121889497,1080
2015-02-16,47,177,2.20806294429802,1104
2015-02-17,48,177,2.202246219175388,1128
2015-02-18,49,177,2.1012586422868287,1152
2015-02-19,50,177,2.178358780804555,1176
2015-02-20,51,177,2.240257983021654,1200
2015-02-21,52,177,2.191486171376269,1224
2015-02-22,53,177,2.1217552671361624,1248
2015-02-23,54,177,2.1586269764823167,1272
2015-02-24,55,177,2.1644140574986017,1296
2015-02-25,56,177,2.142626912253248,1320
2015-02-26,57,177,2.1212320602232206,1344
2015-02-27,58,177,2.1734019006085457,1368
2015-02-28,59,177,2.1509863093836263,1392
2015-03-01,60,177,2.2776557100195487,1416
2015-03-02,61,177,2.3169445664716752,1440
2015-03-03,62,177,2.2619043323637817,1464
2015-03-04,63,177,2.165504216232718,1488
2015-03-05,64,177,2.1249227539675735,1512
2015-03-06,65,177,2.1469217404842875,1536
2015-03-07,66,177,2.2836734486592807,1560
2015-03-08,67,177,2.3782654138607606,1584
2015-03-09,68,177,2.4021411270742616,1608
2015-03-10,69,177,2.3969348150791343,1632
2015-03-11,70,177,2.362083829302088,1656
2015-03-12,71,177,2.2547101710190587,1680
2015-03-13,72,177,2.239246133441605,1704
2015-03-14,73,177,2.240886881257254,1728
2015-03-15,74,177,2.2685740822864258,1752
2015-03-16,75,177,2.412944985035632,1776
2015-03-17,76,177,2.4742516538334303,1800
2015-03-18,77,177,2.4945906849328883,1824
2015-03-19,78,177,2.467257441121941,1848
2015-03-20,79,177,2.4443209482303287,1872
2015-03-21,80,177,2.3643591376848727,1896
2015-03-22,81,177,2.2524190698549336,1920
2015-03-23,82,177,2.3664021936276307,1944
2015-03-24,83,177,2.464052069437475,1968
2015-03-25,84,177,2.3750832190479114,1992
2015-03-26,85,177,2.2665680005737165,2016
2015-03-27,86,177,2.3049718631557434,2040
2015-03-28,87,177,2.350143606093272,2064
2015-03-29,88,177,2.4281566605008704,2088
2015-03-30,89,177,2.410298034772602,2112
2015-03-31,90,177,2.484283497583687,2136
2015-04-01,91,177,2.2307576105477085,2160
2015-04-02,92,177,2.2595228328999792,2184
2015-04-03,93,177,2.2922459708193488,2208
2015-04-04,94,177,2.280317545428316,2232
2015-04-05,95,177,2.1850563469046387,2256
2015-04-06,96,177,2.185236668854592,2280
2015-04-07,97,177,2.2505935232195418,2304
2015-04-08,98,177,2.3922220280299267,2328
2015-04-09,99,177,2.577586197837136,2352
2015-04-10,100,177,2.6779846174634976,2376
2015-04-11,101,177,2.541936697138473,2400
2015-04-12,102,177,2.6061730685153988,2424
2015-04-13,103,177,2.664751259351599,2448
2015-04-14,104,177,2.6466856994895283,2472
2015-04-15,105,177,2.7578268375592407,2496
2015-04-16,106,177,2.70560673340159,2520
2015-04-17,107,177,2.5672821697083408,2544
2015-04-18,108,177,2.411514121240286,2568
2015-04-19,109,177,2.4355540814854417,2592
2015-04-20,110,177,2.5449101754187806,2616
2015-04-21,111,177,2.6323509288971554,2640
2015-04-22,112,177,2.7313351739162277,2664
2015-04-23,113,177,2.619567412926252,2688
2015-04-24,114,177,2.687932679414592,2712
2015-04-25,115,177,2.650949458080273,2736
2015-04-26,116,177,2.668420202764169,2760
2015-04-27,117,177,2.6729158718290846,2784
2015-04-28,118,177,2.362409480863413,2808
2015-04-29,119,177,2.437190930470284,2832
2015-04-30,120,177,2.539393502006015,2856
2015-05-01,121,177,2.5437522680924918,2880
2015-05-02,122,177,2.6420091591140737,2904
2015-05-03,123,177,2.7535382935700814,2928
2015-05-04,124,177,2.844460045810268,2952
2015-05-05,125,177,2.8959956723640614,2976
2015-05-06,126,177,2.63595144846031,3000
2015-05-07,127,177,2.6391924126366715,3024
2015-05-08,128,177,2.713592005400145,3048
2015-05-09,129,177,2.7047429451517617,3072
2015-05-10,130,177,2.743039520772653,3096
2015-05-11,131,177,2.954627210354937,3120
2015-05-12,132,177,3.0959578997054003,3144
2015-05-13,133,177,3.139344836201816,3168
2015-05-14,134,177,2.8939462424877482,3192
2015-05-15,135,177,2.3708300448727857,3216
2015-05-16,136,177,2.6064979259460577,3240
2015-05-17,137,177,2.706817733497988,3264
2015-05-18,138,177,2.838845605256305,3288
2015-05-19,139,177,2.5977791764247216,3312
2015-05-20,140,177,2.368888725515768,3336
2015-05-21,141,177,2.3653861086255685,3360
2015-05-22,142,177,2.4833748999668344,3384
2015-05-23,143,177,2.54300878574636,3408
2015-05-24,144,177,2.6498976824631373,3432
2015-05-25,145,177,2.655374831557125,3456
2015-05-26,146,177,2.5197325840461384,3480
2015-05-27,147,177,2.5442087876195134,3504
2015-05-28,148,177,2.7029808852201915,3528
2015-05-29,149,177,2.8588072037958057,3552
2015-05-30,150,177,2.7583619561358947,3576
2015-05-31,151,177,2.8169227285253458,3600
2015-06-01,152,177,2.908047932313665,3624
2015-06-02,153,177,2.9834786360071406,3648
2015-06-03,154,177,3.1279520216502013,3672
2015-06-04,155,177,3.1965321947805214,3696
2015-06-05,156,177,3.326509515120203,3720
2015-06-06,157,177,3.2493123620817834,3744
2015-06-07,158,177,3.1280995087467964,3768
2015-06-08,159,177,2.917684866478884,3792
2015-06-09,160,177,2.7423613354139675,3816
2015-06-10,161,177,2.827001956882859,3840
2015-06-11,162,177,3.0130817375126266,3864
2015-06-12,163,177,3.081730045735594,3888
2015-06-13,164,177,3.0391169500587747,3912
2015-06-14,165,177,2.881767723467477,3936
2015-06-15,166,177,2.809403813417447,3960
2015-06-16,167,177,2.7919237128323227,3984
2015-06-17,168,177,2.8046779123686307,4008
2015-06-18,169,177,2.7891605576184864,4032
2015-06-19,170,177,2.7693974468674267,4056
2015-06-20,171,177,2.6408317025421324,4080
2015-06-21,172,177,2.7156101783858158,4104
2015-06-22,173,177,2.894166171668824,4128
2015-06-23,174,177,2.6628593743632303,4152
2015-06-24,175,177,2.7538816003856748,4176
2015-06-25,176,177,2.9092542690248138,4200
2015-06-26,177,177,3.015853657048772,4224
2015-06-27,178,177,3.047896766113989,4248
2015-06-28,179,177,3.051188030065497,4272
2015-06-29,180,177,3.140427470503109,4296
2015-06-30,181,177,3.2877595105309503,4320
2015-07-01,182,177,3.4779123890744064,4344
2015-07-02,183,177,3.62631524193105,4368
2015-07-03,184,177,3.662106284730693,4392
2015-07-04,185,177,3.6651924967419234,4416
2015-07-05,186,177,3.67921551434956,4440
2015-07-06,187,177,3.4412655191052988,4464
2015-07-07,188,177,3.664076337742282,4488
2015-07-08,189,177,3.0230886487113486,4512
2015-07-09,190,177,2.8880745473937046,4536
2015-07-10,191,177,3.011334030808372,4560
2015-07-11,192,177,3.3266902831118617,4584
2015-07-12,193,177,3.2379546147826903,4608
2015-07-13,194,177,3.1554707659985763,4632
2015-07-14,195,177,3.2534027475504588,4656
2015-07-15,196,177,3.3208630298838338,4680
2015-07-16,197,177,3.5262951734928234,4704
2015-07-17,198,177,3.4096798986882835,4728
2015-07-18,199,177,3.262344172952915,4752
2015-07-19,200,177,3.3085783332492866,4776
2015-07-20,201,177,3.316063088014189,4800
2015-07-21,202,177,3.496491209017064,4824
2015-07-22,203,177,3.3504602388253844,4848
2015-07-23,204,177,3.120359729665504,4872
2015-07-24,205,177,3.203723094353361,4896
2015-07-25,206,177,2.9162614596341245,4920
2015-07-26,207,177,2.8056123718862933,4944
2015-07-27,208,177,2.9597309146793864,4968
2015-07-28,209,177,2.8877732231779243,4992
2015-07-29,210,177,2.8064997996022005,5016
2015-07-30,211,177,2.7652416066382126,5040
2015-07-31,212,177,2.8806390044092285,5064
2015-08-01,213,177,2.8582164435197006,5088
2015-08-02,214,177,2.9985171547043965,5112
2015-08-03,215,177,3.2488007336096767,5136
2015-08-04,216,177,3.1450197503226693,5160
2015-08-05,217,177,3.256237104303864,5184
2015-08-06,218,177,3.5415353523022284,5208
2015-08-07,219,177,3.6706908029568015,5232
2015-08-08,220,177,3.4421362928729065,5256
2015-08-09,221,177,3.1160668344209705,5280
2015-08-10,222,177,3.089731972693877,5304
2015-08-11,223,177,3.2172533476605296,5328
2015-08-12,224,177,3.3475609773478365,5352
2015-08-13,225,177,3.3173456197464657,5376
2015-08-14,226,177,2.9432707419818103,5400
2015-08-15,227,177,2.7521904409615807,5424
2015-08-16,228,177,2.7268699732803188,5448
2015-08-17,229,177,2.7687322573523825,5472
2015-08-18,230,177,2.7487009410659318,5496
2015-08-19,231,177,2.684344821274088,5520
2015-08-20,232,177,2.7919243147819928,5544
2015-08-21,233,177,2.882050142607848,5568
2015-08-22,234,177,2.9510784956079443,5592
2015-08-23,235,177,2.926979073186886,5616
2015-08-24,236,177,2.8492057309101324,5640
2015-08-25,237,177,2.775906242753168,5664
2015-08-26,238,177,2.9746061516951725,5688
2015-08-27,239,177,3.1912057289430718,5712
2015-08-28,240,177,3.2951716377304434,5736
2015-08-29,241,177,3.353334919720848,5760
2015-08-30,242,177,3.389778874707144,5784
2015-08-31,243,177,3.297131848095868,5808
2015-09-01,244,177,2.9812650515524908,5832
2015-09-02,245,177,2.7917588502170085,5856
2015-09-03,246,177,2.7244052070681377,5880
2015-09-04,247,177,2.7199993092132635,5904
2015-09-05,248,177,2.5566224228750816,5928
2015-09-06,249,177,2.554492872585829,5952
2015-09-07,250,177,2.571893543947224,5976
2015-09-08,251,177,2.629791974578436,6000
2015-09-09,252,177,2.68846533255426,6024
2015-09-10,253,177,2.625333309951293,6048
2015-09-11,254,177,2.7206461093463625,6072
2015-09-12,255,177,2.8671995196429485,6096
2015-09-13,256,177,2.8681305744354666,6120
2015-09-14,257,177,2.7186942029517445,6144
2015-09-15,258,177,2.7000000019359978,6168
2015-09-16,259,177,3.048805821868654,6192
2015-09-17,260,177,2.7342189409231734,6216
2015-09-18,261,177,2.6118542211603084,6240
2015-09-19,262,177,2.6178218967808724,6264
2015-09-20,263,177,2.612291860346112,6288
2015-09-21,264,177,2.611382618612486,6312
2015-09-22,265,177,2.6378080660939904,6336
2015-09-23,266,177,2.4334117569257856,6360
2015-09-24,267,177,2.5103819075743976,6384
2015-09-25,268,177,2.572455028939511,6408
2015-09-26,269,177,2.599491014251624,6432
2015-09-27,270,177,2.586781230759394,6456
2015-09-28,271,177,2.514832345739027,6480
2015-09-29,272,177,2.473545390058628,6504
2015-09-30,273,177,2.4699281146050773,6528
2015-10-01,274,177,2.47908180288504,6552
2015-10-02,275,177,2.6135414333098663,6576
2015-10-03,276,177,2.6801803577603898,6600
2015-10-04,277,177,2.5838624186199715,6624
2015-10-05,278,177,2.7429794664457257,6648
2015-10-06,279,177,2.753330229394896,6672
2015-10-07,280,177,2.59416987797493,6696
2015-10-08,281,177,2.541656002278532,6720
2015-10-09,282,177,2.5579622358623224,6744
2015-10-10,283,177,2.517267057502913,6768
2015-10-11,284,177,2.5216337596173664,6792
2015-10-12,285,177,2.543750617291804,6816
2015-10-13,286,177,2.490185092014749,6840
2015-10-14,287,177,2.307792954565857,6864
2015-10-15,288,177,2.2559035745671294,6888
2015-10-16,289,177,2.257544950756201,6912
2015-10-17,290,177,2.310432630160124,6936
2015-10-18,291,177,2.3821439416145282,6960
2015-10-19,292,177,2.354712469113517,6984
2015-10-20,293,177,2.324856720290065,7008
2015-10-21,294,177,2.319801953266244,7032
2015-10-22,295,177,2.3779538908761557,7056
2015-10-23,296,177,2.482446932620882,7080
2015-10-24,297,177,2.611761622788893,7104
2015-10-25,298,177,2.5889838098820124,7128
2015-10-26,299,177,2.571361814411466,7152
2015-10-27,300,177,2.5634542511016134,7176
2015-10-28,301,177,2.5881536592672405,7200
2015-10-29,302,177,2.455887267132124,7224
2015-10-30,303,177,2.5151510784336097,7248
2015-10-31,304,177,2.5681076864888164,7272
2015-11-01,305,177,2.5740916491399912,7296
2015-11-02,306,177,2.557870496171736,7320
2015-11-03,307,177,2.6404815423614707,7344
2015-11-04,308,177,2.5800118947161708,7368
2015-11-05,309,177,2.544293015534399,7392
2015-11-06,310,177,2.635043789262337,7416
2015-11-07,311,177,2.6936101173211457,7440
2015-11-08,312,177,2.736563217230364,7464
2015-11-09,313,177,2.7187247055422232,7488
2015-11-10,314,177,2.6097622196201917,7512
2015-11-11,315,177,2.5283084051910016,7536
2015-11-12,316,177,2.5209425925403632,7560
2015-11-13,317,177,2.5216075284437376,7584
2015-11-14,318,177,2.4690590181068783,7608
2015-11-15,319,177,2.62551309467424,7632
2015-11-16,320,177,2.5885582884568032,7656
2015-11-17,321,177,2.5574829222470274,7680
2015-11-18,322,177,2.5691546471781392,7704
2015-11-19,323,177,2.5477278981651192,7728
2015-11-20,324,177,2.5453635318829693,7752
2015-11-21,325,177,2.18919706574572,7776
2015-11-22,326,177,2.1054774525879525,7800
2015-11-23,327,177,2.0279182674772875,7824
2015-11-24,328,177,2.037819997737111,7848
2015-11-25,329,177,2.176454003483338,7872
2015-11-26,330,177,2.1444840487451806,7896
2015-11-27,331,177,2.061889057727701,7920
2015-11-28,332,177,2.111015985852358,7944
2015-11-29,333,177,2.2235517169999155,7968
2015-11-30,334,177,2.3400768432263352,7992
2015-12-01,335,177,2.319794517403691,8016
2015-12-02,336,177,2.3379522555592334,8040
2015-12-03,337,177,2.3498390904235813,8064
2015-12-04,338,177,2.3646127559897376,8088
2015-12-05,339,177,2.3398712921907943,8112
2015-12-06,340,177,2.3531844107116933,8136
2015-12-07,341,177,2.3653665261937413,8160
2015-12-08,342,177,2.350746547331628,8184
2015-12-09,343,177,2.2959253698410578,8208
2015-12-10,344,177,2.199898890012665,8232
2015-12-11,345,177,2.277111606286117,8256
2015-12-12,346,177,2.2448307902154627,8280
2015-12-13,347,177,2.2409907386283408,8304
2015-12-14,348,177,2.25574483272471,8328
2015-12-15,349,177,2.3176482574661077,8352
2015-12-16,350,177,2.4246923422268694,8376
2015-12-17,351,177,2.4265956466182463,8400
2015-12-18,352,177,2.4626494593109487,8424
2015-12-19,353,177,2.4757252091277,8448
2015-12-20,354,177,2.4799937295404257,8472
2015-12-21,355,177,2.396894989890491,8496
2015-12-22,356,177,2.397009966312941,8520
2015-12-23,357,177,2.3711541917835266,8544
2015-12-24,358,177,2.3775107466010543,8568
2015-12-25,359,177,2.3884949186042217,8592
2015-12-26,360,177,2.3699792755814517,8616
2015-12-27,361,177,2.3976136721249954,8640
2015-12-28,362,177,2.4220125448224,8664
2015-12-29,363,177,2.3446589460706564,8688
2015-12-30,364,177,2.2634072025925938,8712
2015-12-31,365,177,2.318277043288079,8736
2015-01-01,1,178,2.07609031171067,0
2015-01-02,2,178,2.19487163984151,24
2015-01-03,3,178,2.3702086917182186,48
2015-01-04,4,178,2.3668405433064947,72
2015-01-05,5,178,2.181617309187493,96
2015-01-06,6,178,2.1740573853175924,120
2015-01-07,7,178,2.238216377136219,144
2015-01-08,8,178,2.374594913371672,168
2015-01-09,9,178,2.5118185863585274,192
2015-01-10,10,178,2.7892544316053502,216
2015-01-11,11,178,2.4087128360983927,240
2015-01-12,12,178,2.3202101991151287,264
2015-01-13,13,178,2.415791011353628,288
2015-01-14,14,178,2.4506762084618865,312
2015-01-15,15,178,2.380070233004382,336
2015-01-16,16,178,2.402831759964948,360
2015-01-17,17,178,2.2611639828036783,384
2015-01-18,18,178,2.1919526472835167,408
2015-01-19,19,178,2.2166304394410576,432
2015-01-20,20,178,2.242537976153236,456
2015-01-21,21,178,2.233790628464753,480
2015-01-22,22,178,2.228795847688956,504
2015-01-23,23,178,2.2272576129844506,528
2015-01-24,24,178,2.2340824303359503,552
2015-01-25,25,178,2.201849246666708,576
2015-01-26,26,178,2.1657690114750987,600
2015-01-27,27,178,2.250922558082289,624
2015-01-28,28,178,2.2270196162245206,648
2015-01-29,29,178,2.2845220789701117,672
2015-01-30,30,178,2.239716124446076,696
2015-01-31,31,178,2.2263683217983594,720
2015-02-01,32,178,2.2121955437344267,744
2015-02-02,33,178,2.209363920714165,768
2015-02-03,34,178,2.1319873840821213,792
2015-02-04,35,178,2.1228969293623545,816
2015-02-05,36,178,2.123126788783749,840
2015-02-06,37,178,2.134140026137365,864
2015-02-07,38,178,2.0883916856640337,888
2015-02-08,39,178,2.099487165431423,912
2015-02-09,40,178,2.12685438972165,936
2015-02-10,41,178,2.155830060983252,960
2015-02-11,42,178,2.1589503271386152,984
2015-02-12,43,178,2.1584532400361875,1008
2015-02-13,44,178,2.203100680860358,1032
2015-02-14,45,178,2.287220135187162,1056
2015-02-15,46,178,2.2475411724741625,1080
2015-02-16,47,178,2.2073627328024648,1104
2015-02-17,48,178,2.217354415754118,1128
2015-02-18,49,178,2.204046906176383,1152
2015-02-19,50,178,2.2431475592076047,1176
2015-02-20,51,178,2.3227834608818347,1200
2015-02-21,52,178,2.289137612010924,1224
2015-02-22,53,178,2.252679446927016,1248
2015-02-23,54,178,2.2609617611343538,1272
2015-02-24,55,178,2.3261079795930164,1296
2015-02-25,56,178,2.3113277136362504,1320
2015-02-26,57,178,2.2736227410359517,1344
2015-02-27,58,178,2.3015861349593902,1368
2015-02-28,59,178,2.2973146486635185,1392
2015-03-01,60,178,2.4001013846211703,1416
2015-03-02,61,178,2.502219407720537,1440
2015-03-03,62,178,2.4361677857967736,1464
2015-03-04,63,178,2.334661854011609,1488
2015-03-05,64,178,2.2986105533806023,1512
2015-03-06,65,178,2.2981007740666466,1536
2015-03-07,66,178,2.3389624822390602,1560
2015-03-08,67,178,2.4358200434315305,1584
2015-03-09,68,178,2.5043102554288925,1608
2015-03-10,69,178,2.5271127971467333,1632
2015-03-11,70,178,2.535020428192732,1656
2015-03-12,71,178,2.392211499532249,1680
2015-03-13,72,178,2.3657442529621866,1704
2015-03-14,73,178,2.3565395734276566,1728
2015-03-15,74,178,2.365061356898805,1752
2015-03-16,75,178,2.507027668135573,1776
2015-03-17,76,178,2.5995844417115697,1800
2015-03-18,77,178,2.6633238013342604,1824
2015-03-19,78,178,2.627889945974313,1848
2015-03-20,79,178,2.5574842230915,1872
2015-03-21,80,178,2.496732666863065,1896
2015-03-22,81,178,2.4010464649050167,1920
2015-03-23,82,178,2.5002502307427816,1944
2015-03-24,83,178,2.5809437517439715,1968
2015-03-25,84,178,2.509793802771157,1992
2015-03-26,85,178,2.4295976677216378,2016
2015-03-27,86,178,2.4928899857656046,2040
2015-03-28,87,178,2.4920120983550498,2064
2015-03-29,88,178,2.6154424391255167,2088
2015-03-30,89,178,2.6350867377852056,2112
2015-03-31,90,178,2.7097190402808438,2136
2015-04-01,91,178,2.42301889007441,2160
2015-04-02,92,178,2.422305422731037,2184
2015-04-03,93,178,2.418237724435813,2208
2015-04-04,94,178,2.421548315516372,2232
2015-04-05,95,178,2.351066658369628,2256
2015-04-06,96,178,2.3474539407276693,2280
2015-04-07,97,178,2.3946042958264795,2304
2015-04-08,98,178,2.5086591133309333,2328
2015-04-09,99,178,2.668763851232516,2352
2015-04-10,100,178,2.8293089813823302,2376
2015-04-11,101,178,2.772051973057431,2400
2015-04-12,102,178,2.802432300547117,2424
2015-04-13,103,178,2.851391024022032,2448
2015-04-14,104,178,2.8353532912592563,2472
2015-04-15,105,178,2.9015470104100785,2496
2015-04-16,106,178,2.874509794786741,2520
2015-04-17,107,178,2.7477642275545766,2544
2015-04-18,108,178,2.575124836956032,2568
2015-04-19,109,178,2.6040757272152817,2592
2015-04-20,110,178,2.6964540307406533,2616
2015-04-21,111,178,2.799030016083526,2640
2015-04-22,112,178,2.875675096367128,2664
2015-04-23,113,178,2.7338939111757896,2688
2015-04-24,114,178,2.8104836722820936,2712
2015-04-25,115,178,2.8274210896291367,2736
2015-04-26,116,178,2.8837822488704132,2760
2015-04-27,117,178,2.9065921191340225,2784
2015-04-28,118,178,2.5371548102446133,2808
2015-04-29,119,178,2.5890242120910765,2832
2015-04-30,120,178,2.7358434001038643,2856
2015-05-01,121,178,2.71421749085976,2880
2015-05-02,122,178,2.8358423405796964,2904
2015-05-03,123,178,2.921370427386561,2928
2015-05-04,124,178,3.0371899222058425,2952
2015-05-05,125,178,3.0565835909739225,2976
2015-05-06,126,178,2.8658398099500952,3000
2015-05-07,127,178,2.8234620715047094,3024
2015-05-08,128,178,2.8868979862651605,3048
2015-05-09,129,178,2.9411644619643247,3072
2015-05-10,130,178,2.9508654320702776,3096
2015-05-11,131,178,3.089127303572715,3120
2015-05-12,132,178,3.324426651076494,3144
2015-05-13,133,178,3.3836900644971637,3168
2015-05-14,134,178,3.1460370031134945,3192
2015-05-15,135,178,2.5565571782565235,3216
2015-05-16,136,178,2.8161038460641263,3240
2015-05-17,137,178,2.9444502868610782,3264
2015-05-18,138,178,3.0277165936444845,3288
2015-05-19,139,178,2.7987686905622096,3312
2015-05-20,140,178,2.5908264400761696,3336
2015-05-21,141,178,2.5636930998922263,3360
2015-05-22,142,178,2.706363905545302,3384
2015-05-23,143,178,2.7864161802924325,3408
2015-05-24,144,178,2.9137640192353302,3432
2015-05-25,145,178,2.8772387314964205,3456
2015-05-26,146,178,2.7285087780758226,3480
2015-05-27,147,178,2.7373206348451493,3504
2015-05-28,148,178,2.881732217607618,3528
2015-05-29,149,178,3.0859264807051434,3552
2015-05-30,150,178,3.0056549819582443,3576
2015-05-31,151,178,3.0697007801308964,3600
2015-06-01,152,178,3.1392303295518214,3624
2015-06-02,153,178,3.2541969526407346,3648
2015-06-03,154,178,3.3821012715030627,3672
2015-06-04,155,178,3.43644446388192,3696
2015-06-05,156,178,3.622942868620347,3720
2015-06-06,157,178,3.5881856976605118,3744
2015-06-07,158,178,3.4470959681623903,3768
2015-06-08,159,178,3.134282006440451,3792
2015-06-09,160,178,2.900119733596988,3816
2015-06-10,161,178,2.997696716695504,3840
2015-06-11,162,178,3.247432809834345,3864
2015-06-12,163,178,3.346097876649892,3888
2015-06-13,164,178,3.3383319197508854,3912
2015-06-14,165,178,3.1728801413309795,3936
2015-06-15,166,178,3.0314672922588874,3960
2015-06-16,167,178,3.0408196284604663,3984
2015-06-17,168,178,3.0564828280974217,4008
2015-06-18,169,178,2.987125121766167,4032
2015-06-19,170,178,3.0252148446429343,4056
2015-06-20,171,178,2.8744053116970116,4080
2015-06-21,172,178,2.9310974755830603,4104
2015-06-22,173,178,3.1122804820613115,4128
2015-06-23,174,178,2.8953133472099464,4152
2015-06-24,175,178,2.9593373402854684,4176
2015-06-25,176,178,3.111864207796551,4200
2015-06-26,177,178,3.249573101963266,4224
2015-06-27,178,178,3.3068794806599238,4248
2015-06-28,179,178,3.3092603147967563,4272
2015-06-29,180,178,3.360214842176885,4296
2015-06-30,181,178,3.5360540654481656,4320
2015-07-01,182,178,3.7099535577676255,4344
2015-07-02,183,178,3.90010147382432,4368
2015-07-03,184,178,3.9942075538145656,4392
2015-07-04,185,178,4.038051680787649,4416
2015-07-05,186,178,4.0882523641706285,4440
2015-07-06,187,178,3.779724211407752,4464
2015-07-07,188,178,4.044445548567424,4488
2015-07-08,189,178,3.3527333481110566,4512
2015-07-09,190,178,3.2073619920597665,4536
2015-07-10,191,178,3.2360917294046065,4560
2015-07-11,192,178,3.5712021798278943,4584
2015-07-12,193,178,3.5360893653974594,4608
2015-07-13,194,178,3.479088828528744,4632
2015-07-14,195,178,3.5735948644346447,4656
2015-07-15,196,178,3.6041168391350067,4680
2015-07-16,197,178,3.8003599171718254,4704
2015-07-17,198,178,3.792687371477052,4728
2015-07-18,199,178,3.5256876009099334,4752
2015-07-19,200,178,3.6757656029621946,4776
2015-07-20,201,178,3.7072938840463214,4800
2015-07-21,202,178,3.86795211689726,4824
2015-07-22,203,178,3.7052482821044737,4848
2015-07-23,204,178,3.4185144317561584,4872
2015-07-24,205,178,3.5183810780840163,4896
2015-07-25,206,178,3.228923661973247,4920
2015-07-26,207,178,3.033934482643404,4944
2015-07-27,208,178,3.2468194408725584,4968
2015-07-28,209,178,3.185790563842706,4992
2015-07-29,210,178,2.9757482653461005,5016
2015-07-30,211,178,3.0075407740764564,5040
2015-07-31,212,178,3.1099258141353037,5064
2015-08-01,213,178,3.0599464184678125,5088
2015-08-02,214,178,3.278184066296056,5112
2015-08-03,215,178,3.510121236667372,5136
2015-08-04,216,178,3.3795424249682715,5160
2015-08-05,217,178,3.532251097359697,5184
2015-08-06,218,178,3.845805219747938,5208
2015-08-07,219,178,3.966865900314581,5232
2015-08-08,220,178,3.880954028944593,5256
2015-08-09,221,178,3.485681638098997,5280
2015-08-10,222,178,3.4438780118900527,5304
2015-08-11,223,178,3.56278397729935,5328
2015-08-12,224,178,3.689214341194922,5352
2015-08-13,225,178,3.615756710875985,5376
2015-08-14,226,178,3.221281962076981,5400
2015-08-15,227,178,3.0277651506209096,5424
2015-08-16,228,178,2.9602783140740927,5448
2015-08-17,229,178,3.0284961658634733,5472
2015-08-18,230,178,3.022060096382108,5496
2015-08-19,231,178,2.9240157421330712,5520
2015-08-20,232,178,3.0199082083240776,5544
2015-08-21,233,178,3.1204669430741383,5568
2015-08-22,234,178,3.1661625651961027,5592
2015-08-23,235,178,3.1058921410405285,5616
2015-08-24,236,178,3.04180575551427,5640
2015-08-25,237,178,3.005085327609735,5664
2015-08-26,238,178,3.1424306387200915,5688
2015-08-27,239,178,3.4276366666826164,5712
2015-08-28,240,178,3.588516466547482,5736
2015-08-29,241,178,3.5975954581354133,5760
2015-08-30,242,178,3.717105190818641,5784
2015-08-31,243,178,3.63919411191244,5808
2015-09-01,244,178,3.209439862129178,5832
2015-09-02,245,178,3.0722662843973,5856
2015-09-03,246,178,2.985435703661945,5880
2015-09-04,247,178,2.984860076139065,5904
2015-09-05,248,178,2.8315879096069914,5928
2015-09-06,249,178,2.7749436297384875,5952
2015-09-07,250,178,2.7611401418882475,5976
2015-09-08,251,178,2.8293479413362226,6000
2015-09-09,252,178,2.873310699770085,6024
2015-09-10,253,178,2.7851398055766605,6048
2015-09-11,254,178,2.887421055834405,6072
2015-09-12,255,178,3.1248588664126165,6096
2015-09-13,256,178,3.0984311950951935,6120
2015-09-14,257,178,2.9487624920952173,6144
2015-09-15,258,178,2.8947026777829308,6168
2015-09-16,259,178,3.0852089749058327,6192
2015-09-17,260,178,2.845891251975314,6216
2015-09-18,261,178,2.777736032540352,6240
2015-09-19,262,178,2.8002492183991725,6264
2015-09-20,263,178,2.826351687522018,6288
2015-09-21,264,178,2.7668493170688686,6312
2015-09-22,265,178,2.8096762758446245,6336
2015-09-23,266,178,2.6419071814341617,6360
2015-09-24,267,178,2.7113452844670367,6384
2015-09-25,268,178,2.721156719857938,6408
2015-09-26,269,178,2.779142353349532,6432
2015-09-27,270,178,2.8040851413093466,6456
2015-09-28,271,178,2.7006457816867293,6480
2015-09-29,272,178,2.6881534702172116,6504
2015-09-30,273,178,2.619559131254116,6528
2015-10-01,274,178,2.595386385987439,6552
2015-10-02,275,178,2.6990292809397824,6576
2015-10-03,276,178,2.865749056027992,6600
2015-10-04,277,178,2.7831445238864227,6624
2015-10-05,278,178,2.871773720151149,6648
2015-10-06,279,178,2.9035789287363643,6672
2015-10-07,280,178,2.8290002531868668,6696
2015-10-08,281,178,2.735833413201,6720
2015-10-09,282,178,2.7170668758309366,6744
2015-10-10,283,178,2.6712657076955386,6768
2015-10-11,284,178,2.7068010653062418,6792
2015-10-12,285,178,2.663045705901961,6816
2015-10-13,286,178,2.5927675333341966,6840
2015-10-14,287,178,2.4857939575861185,6864
2015-10-15,288,178,2.415765719826205,6888
2015-10-16,289,178,2.4116840654115097,6912
2015-10-17,290,178,2.420689140852121,6936
2015-10-18,291,178,2.4882119719985,6960
2015-10-19,292,178,2.4895541962798635,6984
2015-10-20,293,178,2.4507807823585632,7008
2015-10-21,294,178,2.4503215318862144,7032
2015-10-22,295,178,2.515861055171788,7056
2015-10-23,296,178,2.6439344388671544,7080
2015-10-24,297,178,2.6923657355702466,7104
2015-10-25,298,178,2.6967461404428854,7128
2015-10-26,299,178,2.6176474430986603,7152
2015-10-27,300,178,2.587154203606381,7176
2015-10-28,301,178,2.669220287282839,7200
2015-10-29,302,178,2.6440889148715785,7224
2015-10-30,303,178,2.644995186070387,7248
2015-10-31,304,178,2.604808427043504,7272
2015-11-01,305,178,2.5510484639639235,7296
2015-11-02,306,178,2.4867789696913394,7320
2015-11-03,307,178,2.4933103820282034,7344
2015-11-04,308,178,2.5816794457105017,7368
2015-11-05,309,178,2.6036099772326247,7392
2015-11-06,310,178,2.7171989462503423,7416
2015-11-07,311,178,2.79297346427931,7440
2015-11-08,312,178,2.7401602363864352,7464
2015-11-09,313,178,2.798879630069331,7488
2015-11-10,314,178,2.6746091216374035,7512
2015-11-11,315,178,2.520413933522638,7536
2015-11-12,316,178,2.470753897379432,7560
2015-11-13,317,178,2.547653710360076,7584
2015-11-14,318,178,2.6131550554383485,7608
2015-11-15,319,178,2.7299508003415442,7632
2015-11-16,320,178,2.631797791154625,7656
2015-11-17,321,178,2.686099778695917,7680
2015-11-18,322,178,2.794749904133683,7704
2015-11-19,323,178,2.7889539381153186,7728
2015-11-20,324,178,2.7397799876977817,7752
2015-11-21,325,178,2.342698192448217,7776
2015-11-22,326,178,2.264091132596569,7800
2015-11-23,327,178,2.2159015027502864,7824
2015-11-24,328,178,2.1865740427006117,7848
2015-11-25,329,178,2.292235939571192,7872
2015-11-26,330,178,2.299854046797204,7896
2015-11-27,331,178,2.2570709006806102,7920
2015-11-28,332,178,2.2493697793201357,7944
2015-11-29,333,178,2.3825070708223692,7968
2015-11-30,334,178,2.5784661153365467,7992
2015-12-01,335,178,2.529194443248408,8016
2015-12-02,336,178,2.3265031656942035,8040
2015-12-03,337,178,2.2543998005325343,8064
2015-12-04,338,178,2.331985729993843,8088
2015-12-05,339,178,2.3673205999339344,8112
2015-12-06,340,178,2.392140756841054,8136
2015-12-07,341,178,2.357410104226928,8160
2015-12-08,342,178,2.3216052666867384,8184
2015-12-09,343,178,2.405147638658897,8208
2015-12-10,344,178,2.2637518324328663,8232
2015-12-11,345,178,2.2972498414389904,8256
2015-12-12,346,178,2.3373082817210697,8280
2015-12-13,347,178,2.2555680017582675,8304
2015-12-14,348,178,2.2193538062251355,8328
2015-12-15,349,178,2.2806782923487185,8352
2015-12-16,350,178,2.48108995366846,8376
2015-12-17,351,178,2.489476190550059,8400
2015-12-18,352,178,2.4647551240999332,8424
2015-12-19,353,178,2.4214500787461515,8448
2015-12-20,354,178,2.385325839529272,8472
2015-12-21,355,178,2.5077679168721283,8496
2015-12-22,356,178,2.478152946658615,8520
2015-12-23,357,178,2.487548637109921,8544
2015-12-24,358,178,2.4436155808782787,8568
2015-12-25,359,178,2.438903599434103,8592
2015-12-26,360,178,2.338515013167424,8616
2015-12-27,361,178,2.3037824928182014,8640
2015-12-28,362,178,2.2318440131081343,8664
2015-12-29,363,178,2.2803921100423183,8688
2015-12-30,364,178,2.2884466936458843,8712
2015-12-31,365,178,2.363368627466583,8736
2015-01-01,1,179,2.1114979231091398,0
2015-01-02,2,179,2.2091312237762755,24
2015-01-03,3,179,2.3800791403447645,48
2015-01-04,4,179,2.42505574074155,72
2015-01-05,5,179,2.225576647505196,96
2015-01-06,6,179,2.204601746906888,120
2015-01-07,7,179,2.2470320706921623,144
2015-01-08,8,179,2.3709825782025264,168
2015-01-09,9,179,2.4892278375541093,192
2015-01-10,10,179,2.75726361314575,216
2015-01-11,11,179,2.435030556222507,240
2015-01-12,12,179,2.3343841237155143,264
2015-01-13,13,179,2.4472257347162176,288
2015-01-14,14,179,2.4672625746575867,312
2015-01-15,15,179,2.426448697717448,336
2015-01-16,16,179,2.4236536699740387,360
2015-01-17,17,179,2.2967629710853816,384
2015-01-18,18,179,2.2098744297797746,408
2015-01-19,19,179,2.2402742762267573,432
2015-01-20,20,179,2.2561976135355017,456
2015-01-21,21,179,2.247368065582125,480
2015-01-22,22,179,2.25095591845408,504
2015-01-23,23,179,2.2571358948946765,528
2015-01-24,24,179,2.2648038843936042,552
2015-01-25,25,179,2.250728047442568,576
2015-01-26,26,179,2.197688816877775,600
2015-01-27,27,179,2.268524871523648,624
2015-01-28,28,179,2.251919816362163,648
2015-01-29,29,179,2.3078853434711,672
2015-01-30,30,179,2.257319986736562,696
2015-01-31,31,179,2.232282164087489,720
2015-02-01,32,179,2.226817710084838,744
2015-02-02,33,179,2.2223092367953616,768
2015-02-03,34,179,2.157222888887316,792
2015-02-04,35,179,2.152622811068862,816
2015-02-05,36,179,2.1468205580295563,840
2015-02-06,37,179,2.161453706049356,864
2015-02-07,38,179,2.128894546448266,888
2015-02-08,39,179,2.163403264212925,912
2015-02-09,40,179,2.1976209903266533,936
2015-02-10,41,179,2.2078288622433253,960
2015-02-11,42,179,2.2086239004396746,984
2015-02-12,43,179,2.207010386337541,1008
2015-02-13,44,179,2.2562302903951847,1032
2015-02-14,45,179,2.3390526472655098,1056
2015-02-15,46,179,2.2925236032359027,1080
2015-02-16,47,179,2.252488245384919,1104
2015-02-17,48,179,2.2558736522972938,1128
2015-02-18,49,179,2.2402372233020094,1152
2015-02-19,50,179,2.267234142712512,1176
2015-02-20,51,179,2.367434046440628,1200
2015-02-21,52,179,2.3124160456914944,1224
2015-02-22,53,179,2.280711607196748,1248
2015-02-23,54,179,2.2862050106288816,1272
2015-02-24,55,179,2.3583281447908635,1296
2015-02-25,56,179,2.358070882213237,1320
2015-02-26,57,179,2.31070329691609,1344
2015-02-27,58,179,2.3352474431599943,1368
2015-02-28,59,179,2.332017379177299,1392
2015-03-01,60,179,2.4284120886722698,1416
2015-03-02,61,179,2.530712909936275,1440
2015-03-03,62,179,2.474202383584994,1464
2015-03-04,63,179,2.371496413200099,1488
2015-03-05,64,179,2.3513042797915964,1512
2015-03-06,65,179,2.350078205568004,1536
2015-03-07,66,179,2.3717275122844583,1560
2015-03-08,67,179,2.4575269374487205,1584
2015-03-09,68,179,2.516832316361165,1608
2015-03-10,69,179,2.53875585306818,1632
2015-03-11,70,179,2.576244236558303,1656
2015-03-12,71,179,2.4366236842406064,1680
2015-03-13,72,179,2.3992689423890314,1704
2015-03-14,73,179,2.400636460067524,1728
2015-03-15,74,179,2.3949020913243086,1752
2015-03-16,75,179,2.50875143012182,1776
2015-03-17,76,179,2.597214468039104,1800
2015-03-18,77,179,2.6538654331245177,1824
2015-03-19,78,179,2.648395709875176,1848
2015-03-20,79,179,2.587403225461723,1872
2015-03-21,80,179,2.532971488619665,1896
2015-03-22,81,179,2.4328863569246293,1920
2015-03-23,82,179,2.5243799220978467,1944
2015-03-24,83,179,2.599128161147344,1968
2015-03-25,84,179,2.5297340083165603,1992
2015-03-26,85,179,2.469429479475044,2016
2015-03-27,86,179,2.5387015935406883,2040
2015-03-28,87,179,2.525199223488148,2064
2015-03-29,88,179,2.6328691017221977,2088
2015-03-30,89,179,2.6679716315809547,2112
2015-03-31,90,179,2.7408229460747155,2136
2015-04-01,91,179,2.472598604536966,2160
2015-04-02,92,179,2.4671033740778245,2184
2015-04-03,93,179,2.4798747802489407,2208
2015-04-04,94,179,2.4633392463683097,2232
2015-04-05,95,179,2.395596591574727,2256
2015-04-06,96,179,2.402061852412559,2280
2015-04-07,97,179,2.457381682611312,2304
2015-04-08,98,179,2.5486019386520966,2328
2015-04-09,99,179,2.7009808990117703,2352
2015-04-10,100,179,2.844172040705093,2376
2015-04-11,101,179,2.7883216326047497,2400
2015-04-12,102,179,2.822836293275925,2424
2015-04-13,103,179,2.896125147014053,2448
2015-04-14,104,179,2.8970900787479,2472
2015-04-15,105,179,2.945764801594478,2496
2015-04-16,106,179,2.8920841277556493,2520
2015-04-17,107,179,2.7679247313818967,2544
2015-04-18,108,179,2.6375513517672293,2568
2015-04-19,109,179,2.625327956017777,2592
2015-04-20,110,179,2.7350275662565284,2616
2015-04-21,111,179,2.8427436809554067,2640
2015-04-22,112,179,2.9102047458093274,2664
2015-04-23,113,179,2.8017380476104603,2688
2015-04-24,114,179,2.86421248202098,2712
2015-04-25,115,179,2.844245536568904,2736
2015-04-26,116,179,2.8763134304717064,2760
2015-04-27,117,179,2.89187186713318,2784
2015-04-28,118,179,2.589973006135556,2808
2015-04-29,119,179,2.6275383707277697,2832
2015-04-30,120,179,2.756183328462696,2856
2015-05-01,121,179,2.7326881814810227,2880
2015-05-02,122,179,2.857375981439352,2904
2015-05-03,123,179,2.9325058472954626,2928
2015-05-04,124,179,3.0404323928817454,2952
2015-05-05,125,179,3.061295895414312,2976
2015-05-06,126,179,2.90266994003261,3000
2015-05-07,127,179,2.857200835691632,3024
2015-05-08,128,179,2.8933894998434715,3048
2015-05-09,129,179,2.9734299279481453,3072
2015-05-10,130,179,2.9888195889042666,3096
2015-05-11,131,179,3.1126121836930034,3120
2015-05-12,132,179,3.3408207966083387,3144
2015-05-13,133,179,3.4078035140177816,3168
2015-05-14,134,179,3.163592238472174,3192
2015-05-15,135,179,2.589046450673992,3216
2015-05-16,136,179,2.8626289199711943,3240
2015-05-17,137,179,2.986172563473978,3264
2015-05-18,138,179,3.0635139819480197,3288
2015-05-19,139,179,2.8515221320945536,3312
2015-05-20,140,179,2.6371670172148045,3336
2015-05-21,141,179,2.624987539435516,3360
2015-05-22,142,179,2.7696370718472614,3384
2015-05-23,143,179,2.846691842929648,3408
2015-05-24,144,179,2.944009765770016,3432
2015-05-25,145,179,2.9216555887725764,3456
2015-05-26,146,179,2.8060489699676268,3480
2015-05-27,147,179,2.8172962670062582,3504
2015-05-28,148,179,2.9184868423320145,3528
2015-05-29,149,179,3.1128582812049723,3552
2015-05-30,150,179,3.0545186942155285,3576
2015-05-31,151,179,3.0896970535475026,3600
2015-06-01,152,179,3.1590638668752598,3624
2015-06-02,153,179,3.2831658969917763,3648
2015-06-03,154,179,3.4157039683049826,3672
2015-06-04,155,179,3.478668168149201,3696
2015-06-05,156,179,3.633985357615317,3720
2015-06-06,157,179,3.5991677675082285,3744
2015-06-07,158,179,3.4611272009131717,3768
2015-06-08,159,179,3.1882095823814254,3792
2015-06-09,160,179,2.9891694377964217,3816
2015-06-10,161,179,3.069046039233944,3840
2015-06-11,162,179,3.2921077576624884,3864
2015-06-12,163,179,3.3362722048135924,3888
2015-06-13,164,179,3.326433204788574,3912
2015-06-14,165,179,3.172863002509416,3936
2015-06-15,166,179,3.0798060533266787,3960
2015-06-16,167,179,3.075259835215564,3984
2015-06-17,168,179,3.1054772477794907,4008
2015-06-18,169,179,3.0566219116932736,4032
2015-06-19,170,179,3.10098207113159,4056
2015-06-20,171,179,2.9446771981233715,4080
2015-06-21,172,179,3.007934073761332,4104
2015-06-22,173,179,3.179222207639981,4128
2015-06-23,174,179,2.987661235393855,4152
2015-06-24,175,179,3.0187906241454687,4176
2015-06-25,176,179,3.162877675734621,4200
2015-06-26,177,179,3.2922297972170305,4224
2015-06-27,178,179,3.3720594010980682,4248
2015-06-28,179,179,3.372026406310946,4272
2015-06-29,180,179,3.4288659055344883,4296
2015-06-30,181,179,3.5873486523476035,4320
2015-07-01,182,179,3.784436071456597,4344
2015-07-02,183,179,3.958232735725765,4368
2015-07-03,184,179,4.024275321312746,4392
2015-07-04,185,179,4.086774515249815,4416
2015-07-05,186,179,4.112194027796033,4440
2015-07-06,187,179,3.8586640760586186,4464
2015-07-07,188,179,4.085248927149308,4488
2015-07-08,189,179,3.43187584959923,4512
2015-07-09,190,179,3.2950636407642566,4536
2015-07-10,191,179,3.3126251172237438,4560
2015-07-11,192,179,3.6484721080258486,4584
2015-07-12,193,179,3.601819318265758,4608
2015-07-13,194,179,3.5782087248738983,4632
2015-07-14,195,179,3.644715693251532,4656
2015-07-15,196,179,3.6807028993552486,4680
2015-07-16,197,179,3.869985580795477,4704
2015-07-17,198,179,3.902312964628647,4728
2015-07-18,199,179,3.6155344171383694,4752
2015-07-19,200,179,3.757720787295858,4776
2015-07-20,201,179,3.781508514467085,4800
2015-07-21,202,179,3.9440800751345892,4824
2015-07-22,203,179,3.753530212156489,4848
2015-07-23,204,179,3.5213112168391167,4872
2015-07-24,205,179,3.577961654338936,4896
2015-07-25,206,179,3.2980289389482214,4920
2015-07-26,207,179,3.0994134818820647,4944
2015-07-27,208,179,3.309889494252326,4968
2015-07-28,209,179,3.2613424126879584,4992
2015-07-29,210,179,3.0690589705406137,5016
2015-07-30,211,179,3.0858551981049196,5040
2015-07-31,212,179,3.153494695026612,5064
2015-08-01,213,179,3.0754095805522983,5088
2015-08-02,214,179,3.302164846421446,5112
2015-08-03,215,179,3.5507724552601347,5136
2015-08-04,216,179,3.438452003020563,5160
2015-08-05,217,179,3.576105502962468,5184
2015-08-06,218,179,3.8907057219295753,5208
2015-08-07,219,179,4.01714254106205,5232
2015-08-08,220,179,3.835433298405515,5256
2015-08-09,221,179,3.454087843414813,5280
2015-08-10,222,179,3.4388285017446387,5304
2015-08-11,223,179,3.5895034563174413,5328
2015-08-12,224,179,3.723721840939541,5352
2015-08-13,225,179,3.6169596333553855,5376
2015-08-14,226,179,3.2375330249998244,5400
2015-08-15,227,179,3.05871626041111,5424
2015-08-16,228,179,2.995664771998274,5448
2015-08-17,229,179,3.084550138069825,5472
2015-08-18,230,179,3.0557326329130143,5496
2015-08-19,231,179,2.9832005237916563,5520
2015-08-20,232,179,3.071739980196939,5544
2015-08-21,233,179,3.1903589941580144,5568
2015-08-22,234,179,3.2258266396391604,5592
2015-08-23,235,179,3.129190772804418,5616
2015-08-24,236,179,3.0626857395236207,5640
2015-08-25,237,179,3.058787632327104,5664
2015-08-26,238,179,3.185314811671056,5688
2015-08-27,239,179,3.4720457998871987,5712
2015-08-28,240,179,3.6038809672758734,5736
2015-08-29,241,179,3.6120727259225927,5760
2015-08-30,242,179,3.711060257302016,5784
2015-08-31,243,179,3.6542354946532796,5808
2015-09-01,244,179,3.259896605146637,5832
2015-09-02,245,179,3.1186806158870453,5856
2015-09-03,246,179,3.026881565717172,5880
2015-09-04,247,179,3.0163226762577717,5904
2015-09-05,248,179,2.8754689565492617,5928
2015-09-06,249,179,2.82441772951876,5952
2015-09-07,250,179,2.8247083759942755,5976
2015-09-08,251,179,2.87713481900859,6000
2015-09-09,252,179,2.9337087749283794,6024
2015-09-10,253,179,2.8604616935372813,6048
2015-09-11,254,179,2.94778091031092,6072
2015-09-12,255,179,3.124055814786483,6096
2015-09-13,256,179,3.1073594560111983,6120
2015-09-14,257,179,2.9745709749216744,6144
2015-09-15,258,179,2.9385793804426306,6168
2015-09-16,259,179,3.125646418505245,6192
2015-09-17,260,179,2.9298100959144007,6216
2015-09-18,261,179,2.8447682200078988,6240
2015-09-19,262,179,2.8373596435224933,6264
2015-09-20,263,179,2.877020594201582,6288
2015-09-21,264,179,2.806255433878857,6312
2015-09-22,265,179,2.8414729349717502,6336
2015-09-23,266,179,2.6780182114204534,6360
2015-09-24,267,179,2.7664324574866392,6384
2015-09-25,268,179,2.7855474973145182,6408
2015-09-26,269,179,2.8190330434137985,6432
2015-09-27,270,179,2.8418001109800435,6456
2015-09-28,271,179,2.7511948614904145,6480
2015-09-29,272,179,2.7124819611527795,6504
2015-09-30,273,179,2.6694981410007768,6528
2015-10-01,274,179,2.647365093181148,6552
2015-10-02,275,179,2.723687811695462,6576
2015-10-03,276,179,2.8573872870722874,6600
2015-10-04,277,179,2.8065430206897317,6624
2015-10-05,278,179,2.897748380665942,6648
2015-10-06,279,179,2.926448608334344,6672
2015-10-07,280,179,2.8453870497305163,6696
2015-10-08,281,179,2.764120964359629,6720
2015-10-09,282,179,2.754790273215737,6744
2015-10-10,283,179,2.7150094409118424,6768
2015-10-11,284,179,2.743190001547172,6792
2015-10-12,285,179,2.6991714125802786,6816
2015-10-13,286,179,2.6451749742948185,6840
2015-10-14,287,179,2.5149343261318804,6864
2015-10-15,288,179,2.4438260174317645,6888
2015-10-16,289,179,2.4575624816408546,6912
2015-10-17,290,179,2.4677887302380945,6936
2015-10-18,291,179,2.5359128572302674,6960
2015-10-19,292,179,2.5350539515714425,6984
2015-10-20,293,179,2.4947517005749886,7008
2015-10-21,294,179,2.498753953492721,7032
2015-10-22,295,179,2.5423556066359283,7056
2015-10-23,296,179,2.6562186573118893,7080
2015-10-24,297,179,2.6905507673222546,7104
2015-10-25,298,179,2.7239800797150835,7128
2015-10-26,299,179,2.639390492290524,7152
2015-10-27,300,179,2.6145158025387536,7176
2015-10-28,301,179,2.6761365302034807,7200
2015-10-29,302,179,2.6670049465844183,7224
2015-10-30,303,179,2.6558634962219694,7248
2015-10-31,304,179,2.6181746186076555,7272
2015-11-01,305,179,2.5651190777611954,7296
2015-11-02,306,179,2.5251183638029056,7320
2015-11-03,307,179,2.533900940045946,7344
2015-11-04,308,179,2.6157441461521103,7368
2015-11-05,309,179,2.6325482323891287,7392
2015-11-06,310,179,2.7275884234262464,7416
2015-11-07,311,179,2.7899806857987994,7440
2015-11-08,312,179,2.7548685819821737,7464
2015-11-09,313,179,2.7851091338788923,7488
2015-11-10,314,179,2.6905426839940687,7512
2015-11-11,315,179,2.551187453225436,7536
2015-11-12,316,179,2.5158441917631578,7560
2015-11-13,317,179,2.567471686947296,7584
2015-11-14,318,179,2.618102358361824,7608
2015-11-15,319,179,2.69556977275861,7632
2015-11-16,320,179,2.6313627331422893,7656
2015-11-17,321,179,2.6972220955527373,7680
2015-11-18,322,179,2.769189540299162,7704
2015-11-19,323,179,2.7700917323656413,7728
2015-11-20,324,179,2.737843901666497,7752
2015-11-21,325,179,2.385965425269232,7776
2015-11-22,326,179,2.2933124763537225,7800
2015-11-23,327,179,2.2399198153736086,7824
2015-11-24,328,179,2.213980030249585,7848
2015-11-25,329,179,2.2969862649657298,7872
2015-11-26,330,179,2.330064175197696,7896
2015-11-27,331,179,2.2750401769969684,7920
2015-11-28,332,179,2.2637217759728614,7944
2015-11-29,333,179,2.3879913812133537,7968
2015-11-30,334,179,2.5535215842531125,7992
2015-12-01,335,179,2.5227931723663377,8016
2015-12-02,336,179,2.354831643252012,8040
2015-12-03,337,179,2.2842299199367244,8064
2015-12-04,338,179,2.341032095337772,8088
2015-12-05,339,179,2.392494960481136,8112
2015-12-06,340,179,2.4061940481905486,8136
2015-12-07,341,179,2.396896545868765,8160
2015-12-08,342,179,2.356075709598091,8184
2015-12-09,343,179,2.435720321067579,8208
2015-12-10,344,179,2.2909212706032367,8232
2015-12-11,345,179,2.3183872829158227,8256
2015-12-12,346,179,2.338738615535467,8280
2015-12-13,347,179,2.2851880471802755,8304
2015-12-14,348,179,2.268338972861002,8328
2015-12-15,349,179,2.3086924438758656,8352
2015-12-16,350,179,2.4803531786853683,8376
2015-12-17,351,179,2.477410864526814,8400
2015-12-18,352,179,2.4610433961947127,8424
2015-12-19,353,179,2.4316432279822204,8448
2015-12-20,354,179,2.419432633108701,8472
2015-12-21,355,179,2.523069604772944,8496
2015-12-22,356,179,2.4768154470041552,8520
2015-12-23,357,179,2.4942219345032264,8544
2015-12-24,358,179,2.4770186104560765,8568
2015-12-25,359,179,2.454714198343785,8592
2015-12-26,360,179,2.362329492590045,8616
2015-12-27,361,179,2.3209265477793903,8640
2015-12-28,362,179,2.280944742581944,8664
2015-12-29,363,179,2.299741885711449,8688
2015-12-30,364,179,2.3219147058636787,8712
2015-12-31,365,179,2.3848708093399047,8736
2015-01-01,1,180,2.056989235505507,0
2015-01-02,2,180,2.1968257976190984,24
2015-01-03,3,180,2.3576335269363184,48
2015-01-04,4,180,2.3275600828679925,72
2015-01-05,5,180,2.1596629476587452,96
2015-01-06,6,180,2.1731137168107035,120
2015-01-07,7,180,2.2252016059647195,144
2015-01-08,8,180,2.3470038437378773,168
2015-01-09,9,180,2.4796624722859195,192
2015-01-10,10,180,2.739287752499727,216
2015-01-11,11,180,2.3648360696180086,240
2015-01-12,12,180,2.2896583073953902,264
2015-01-13,13,180,2.395192923862307,288
2015-01-14,14,180,2.403475516181031,312
2015-01-15,15,180,2.354240537780844,336
2015-01-16,16,180,2.383223793269276,360
2015-01-17,17,180,2.231065159605201,384
2015-01-18,18,180,2.1489455375757536,408
2015-01-19,19,180,2.174887779682355,432
2015-01-20,20,180,2.2061571483270908,456
2015-01-21,21,180,2.1917995647787034,480
2015-01-22,22,180,2.190537588187913,504
2015-01-23,23,180,2.1800520568886346,528
2015-01-24,24,180,2.1854755807331694,552
2015-01-25,25,180,2.152409855636142,576
2015-01-26,26,180,2.1210115370091884,600
2015-01-27,27,180,2.2139914626030373,624
2015-01-28,28,180,2.1852084517662442,648
2015-01-29,29,180,2.251105172218686,672
2015-01-30,30,180,2.1943519951643125,696
2015-01-31,31,180,2.181386232383024,720
2015-02-01,32,180,2.1677730151345767,744
2015-02-02,33,180,2.1656559454342283,768
2015-02-03,34,180,2.0832547667547336,792
2015-02-04,35,180,2.0808213272165044,816
2015-02-05,36,180,2.080025875481501,840
2015-02-06,37,180,2.0928770801412107,864
2015-02-07,38,180,2.0542412764328866,888
2015-02-08,39,180,2.0662697024900205,912
2015-02-09,40,180,2.0899358608099954,936
2015-02-10,41,180,2.1245472761906363,960
2015-02-11,42,180,2.1475450317422133,984
2015-02-12,43,180,2.1589033422995256,1008
2015-02-13,44,180,2.2017825007443794,1032
2015-02-14,45,180,2.267639648814486,1056
2015-02-15,46,180,2.2246378828118183,1080
2015-02-16,47,180,2.1832025312707453,1104
2015-02-17,48,180,2.194060251328551,1128
2015-02-18,49,180,2.167434970167685,1152
2015-02-19,50,180,2.212282439262132,1176
2015-02-20,51,180,2.2930076883433057,1200
2015-02-21,52,180,2.254286953964165,1224
2015-02-22,53,180,2.2111242271289284,1248
2015-02-23,54,180,2.2249412062694525,1272
2015-02-24,55,180,2.278306234511292,1296
2015-02-25,56,180,2.2590090081647167,1320
2015-02-26,57,180,2.2251478225822674,1344
2015-02-27,58,180,2.2605696444682306,1368
2015-02-28,59,180,2.252663875726294,1392
2015-03-01,60,180,2.3598374942360603,1416
2015-03-02,61,180,2.451050871913466,1440
2015-03-03,62,180,2.3871953481479733,1464
2015-03-04,63,180,2.2837173660078482,1488
2015-03-05,64,180,2.244462730631487,1512
2015-03-06,65,180,2.2473869332111565,1536
2015-03-07,66,180,2.309982321945713,1560
2015-03-08,67,180,2.4074113678861377,1584
2015-03-09,68,180,2.468005258059541,1608
2015-03-10,69,180,2.4851485025988342,1632
2015-03-11,70,180,2.480945399953313,1656
2015-03-12,71,180,2.3470233092791735,1680
2015-03-13,72,180,2.3215301924223697,1704
2015-03-14,73,180,2.313911176670874,1728
2015-03-15,74,180,2.323858904737916,1752
2015-03-16,75,180,2.476134426908933,1776
2015-03-17,76,180,2.562381482714505,1800
2015-03-18,77,180,2.6150395760335585,1824
2015-03-19,78,180,2.57959845305034,1848
2015-03-20,79,180,2.516502364606805,1872
2015-03-21,80,180,2.452731635306633,1896
2015-03-22,81,180,2.351988850358978,1920
2015-03-23,82,180,2.459079646858623,1944
2015-03-24,83,180,2.546271777063617,1968
2015-03-25,84,180,2.466483202221924,1992
2015-03-26,85,180,2.378465789267523,2016
2015-03-27,86,180,2.43627893020045,2040
2015-03-28,87,180,2.44807547378698,2064
2015-03-29,88,180,2.5642678174585707,2088
2015-03-30,89,180,2.5723551711244856,2112
2015-03-31,90,180,2.646489747176852,2136
2015-04-01,91,180,2.3660113224603267,2160
2015-04-02,92,180,2.375435691541389,2184
2015-04-03,93,180,2.373600607970829,2208
2015-04-04,94,180,2.3785115504378416,2232
2015-04-05,95,180,2.2995139985734268,2256
2015-04-06,96,180,2.2975796622560307,2280
2015-04-07,97,180,2.3477578648187922,2304
2015-04-08,98,180,2.4703862977293483,2328
2015-04-09,99,180,2.633751769289956,2352
2015-04-10,100,180,2.7869694250115784,2376
2015-04-11,101,180,2.7069999846528017,2400
2015-04-12,102,180,2.7461199721032443,2424
2015-04-13,103,180,2.7920185908624693,2448
2015-04-14,104,180,2.7767622018335163,2472
2015-04-15,105,180,2.8569514477024653,2496
2015-04-16,106,180,2.825537304820532,2520
2015-04-17,107,180,2.696220118212713,2544
2015-04-18,108,180,2.5190610077093933,2568
2015-04-19,109,180,2.5504071818172966,2592
2015-04-20,110,180,2.6447600300844654,2616
2015-04-21,111,180,2.7458815139752137,2640
2015-04-22,112,180,2.8331529837214617,2664
2015-04-23,113,180,2.6840858782739816,2688
2015-04-24,114,180,2.7674258756369454,2712
2015-04-25,115,180,2.775604837569834,2736
2015-04-26,116,180,2.826007171098598,2760
2015-04-27,117,180,2.8404812041209286,2784
2015-04-28,118,180,2.4785396234813946,2808
2015-04-29,119,180,2.5388499797617885,2832
2015-04-30,120,180,2.67652705180308,2856
2015-05-01,121,180,2.6707509430032945,2880
2015-05-02,122,180,2.7822400335273763,2904
2015-05-03,123,180,2.877447146670768,2928
2015-05-04,124,180,2.98528652470663,2952
2015-05-05,125,180,3.0078671852092884,2976
2015-05-06,126,180,2.7987780999551584,3000
2015-05-07,127,180,2.7649287582413145,3024
2015-05-08,128,180,2.8373092250864365,3048
2015-05-09,129,180,2.873441037623536,3072
2015-05-10,130,180,2.887143063679053,3096
2015-05-11,131,180,3.047944826420608,3120
2015-05-12,132,180,3.261068119367148,3144
2015-05-13,133,180,3.3109785898123976,3168
2015-05-14,134,180,3.0704550868823755,3192
2015-05-15,135,180,2.502925865108496,3216
2015-05-16,136,180,2.7559842121972014,3240
2015-05-17,137,180,2.8740663046073847,3264
2015-05-18,138,180,2.9658496236600023,3288
2015-05-19,139,180,2.7358189637215604,3312
2015-05-20,140,180,2.5236894964016727,3336
2015-05-21,141,180,2.503970465884708,3360
2015-05-22,142,180,2.6397818200234053,3384
2015-05-23,143,180,2.715944312849061,3408
2015-05-24,144,180,2.8430240630494423,3432
2015-05-25,145,180,2.8121482885973648,3456
2015-05-26,146,180,2.6579630460081405,3480
2015-05-27,147,180,2.6721181839929096,3504
2015-05-28,148,180,2.82580757547178,3528
2015-05-29,149,180,3.0216301504745577,3552
2015-05-30,150,180,2.9293342404727722,3576
2015-05-31,151,180,2.9974017953963568,3600
2015-06-01,152,180,3.071447587677686,3624
2015-06-02,153,180,3.176633606709583,3648
2015-06-03,154,180,3.3064556508600864,3672
2015-06-04,155,180,3.361436513377106,3696
2015-06-05,156,180,3.5468155887031747,3720
2015-06-06,157,180,3.493393349588928,3744
2015-06-07,158,180,3.35877641045884,3768
2015-06-08,159,180,3.0732579865036334,3792
2015-06-09,160,180,2.8391015502430283,3816
2015-06-10,161,180,2.9375496545669764,3840
2015-06-11,162,180,3.1759860603238965,3864
2015-06-12,163,180,3.2730645313516082,3888
2015-06-13,164,180,3.2554985351706174,3912
2015-06-14,165,180,3.0956761220810267,3936
2015-06-15,166,180,2.9653027119087363,3960
2015-06-16,167,180,2.9673753043158997,3984
2015-06-17,168,180,2.9802141595163487,4008
2015-06-18,169,180,2.9233925944902635,4032
2015-06-19,170,180,2.9467932825588483,4056
2015-06-20,171,180,2.80630550066512,4080
2015-06-21,172,180,2.8663135045854014,4104
2015-06-22,173,180,3.0419360147972005,4128
2015-06-23,174,180,2.8167990598303763,4152
2015-06-24,175,180,2.893196976931845,4176
2015-06-25,176,180,3.049188861569071,4200
2015-06-26,177,180,3.1787163863837784,4224
2015-06-27,178,180,3.23143301962338,4248
2015-06-28,179,180,3.229054469422897,4272
2015-06-29,180,180,3.290985552178173,4296
2015-06-30,181,180,3.462875743587546,4320
2015-07-01,182,180,3.6355661897397344,4344
2015-07-02,183,180,3.8227302157042975,4368
2015-07-03,184,180,3.902158535808137,4392
2015-07-04,185,180,3.924554765259937,4416
2015-07-05,186,180,3.9739736340630754,4440
2015-07-06,187,180,3.676451201487621,4464
2015-07-07,188,180,3.9405947428981047,4488
2015-07-08,189,180,3.248382825817138,4512
2015-07-09,190,180,3.106980465916596,4536
2015-07-10,191,180,3.1630027436839616,4560
2015-07-11,192,180,3.490212789431289,4584
2015-07-12,193,180,3.440190414427752,4608
2015-07-13,194,180,3.3766901693356366,4632
2015-07-14,195,180,3.472420531825727,4656
2015-07-15,196,180,3.513266531124123,4680
2015-07-16,197,180,3.715133964112944,4704
2015-07-17,198,180,3.678960532999021,4728
2015-07-18,199,180,3.44597957606453,4752
2015-07-19,200,180,3.5690019789058915,4776
2015-07-20,201,180,3.593078332020188,4800
2015-07-21,202,180,3.7581448205876153,4824
2015-07-22,203,180,3.6023526553422385,4848
2015-07-23,204,180,3.3234901970083213,4872
2015-07-24,205,180,3.426962502461877,4896
2015-07-25,206,180,3.1341532240617536,4920
2015-07-26,207,180,2.959002198089661,4944
2015-07-27,208,180,3.1605471766813658,4968
2015-07-28,209,180,3.094409336765172,4992
2015-07-29,210,180,2.9152075247754445,5016
2015-07-30,211,180,2.9305672693616542,5040
2015-07-31,212,180,3.0409474027063323,5064
2015-08-01,213,180,3.0034880637717523,5088
2015-08-02,214,180,3.1993864198177486,5112
2015-08-03,215,180,3.442116135888529,5136
2015-08-04,216,180,3.309370594410169,5160
2015-08-05,217,180,3.4515526328404005,5184
2015-08-06,218,180,3.768302941011101,5208
2015-08-07,219,180,3.8803777253783713,5232
2015-08-08,220,180,3.7695682834551634,5256
2015-08-09,221,180,3.3891296086707587,5280
2015-08-10,222,180,3.347278830937673,5304
2015-08-11,223,180,3.4695721842088174,5328
2015-08-12,224,180,3.5999616715038223,5352
2015-08-13,225,180,3.5279960359865408,5376
2015-08-14,226,180,3.1424174549403086,5400
2015-08-15,227,180,2.9485654503977954,5424
2015-08-16,228,180,2.890054972271588,5448
2015-08-17,229,180,2.953051084833953,5472
2015-08-18,230,180,2.946644978174592,5496
2015-08-19,231,180,2.8520924274025785,5520
2015-08-20,232,180,2.9520476899166317,5544
2015-08-21,233,180,3.044712211060288,5568
2015-08-22,234,180,3.0970973651096405,5592
2015-08-23,235,180,3.0498171808741628,5616
2015-08-24,236,180,2.9831161978026275,5640
2015-08-25,237,180,2.9382656993215392,5664
2015-08-26,238,180,3.0964571523901783,5688
2015-08-27,239,180,3.3605755562102417,5712
2015-08-28,240,180,3.5068848304800246,5736
2015-08-29,241,180,3.5262549883997405,5760
2015-08-30,242,180,3.6361737496989193,5784
2015-08-31,243,180,3.5504352380278603,5808
2015-09-01,244,180,3.1390038147716868,5832
2015-09-02,245,180,2.988347278599235,5856
2015-09-03,246,180,2.9080032862983045,5880
2015-09-04,247,180,2.907245662270252,5904
2015-09-05,248,180,2.7514087524043043,5928
2015-09-06,249,180,2.709656946878994,5952
2015-09-07,250,180,2.701730017460912,5976
2015-09-08,251,180,2.768419507661187,6000
2015-09-09,252,180,2.811465184206531,6024
2015-09-10,253,180,2.7263795224095206,6048
2015-09-11,254,180,2.833371686516428,6072
2015-09-12,255,180,3.0542335672795486,6096
2015-09-13,256,180,3.0313981820528104,6120
2015-09-14,257,180,2.8847528060256105,6144
2015-09-15,258,180,2.8374951628265164,6168
2015-09-16,259,180,3.0672326843599618,6192
2015-09-17,260,180,2.7983131017261136,6216
2015-09-18,261,180,2.7260810315962543,6240
2015-09-19,262,180,2.74718016765447,6264
2015-09-20,263,180,2.7617944226343334,6288
2015-09-21,264,180,2.7192533268318204,6312
2015-09-22,265,180,2.759052017303992,6336
2015-09-23,266,180,2.581170347471259,6360
2015-09-24,267,180,2.6512517037113428,6384
2015-09-25,268,180,2.669562674626945,6408
2015-09-26,269,180,2.7229900623946994,6432
2015-09-27,270,180,2.7340283294281424,6456
2015-09-28,271,180,2.6401948573129794,6480
2015-09-29,272,180,2.625130714448761,6504
2015-09-30,273,180,2.567524027407518,6528
2015-10-01,274,180,2.5496161548344256,6552
2015-10-02,275,180,2.666687092288138,6576
2015-10-03,276,180,2.814301347325433,6600
2015-10-04,277,180,2.72768266639642,6624
2015-10-05,278,180,2.8360339192435475,6648
2015-10-06,279,180,2.8574312651158236,6672
2015-10-07,280,180,2.7642857026998664,6696
2015-10-08,281,180,2.6777505947187232,6720
2015-10-09,282,180,2.6647400776597965,6744
2015-10-10,283,180,2.620316051640612,6768
2015-10-11,284,180,2.647459878935425,6792
2015-10-12,285,180,2.623060395421257,6816
2015-10-13,286,180,2.555245573501792,6840
2015-10-14,287,180,2.434033032020517,6864
2015-10-15,288,180,2.3673684764688923,6888
2015-10-16,289,180,2.3614716692024698,6912
2015-10-17,290,180,2.382708459607671,6936
2015-10-18,291,180,2.4525255738242326,6960
2015-10-19,292,180,2.4448458125684978,6984
2015-10-20,293,180,2.406652266932805,7008
2015-10-21,294,180,2.4029446547281985,7032
2015-10-22,295,180,2.4714739928438667,7056
2015-10-23,296,180,2.5962725261412034,7080
2015-10-24,297,180,2.665813411824161,7104
2015-10-25,298,180,2.6597722282514247,7128
2015-10-26,299,180,2.585864759710797,7152
2015-10-27,300,180,2.563129040147357,7176
2015-10-28,301,180,2.642978670069976,7200
2015-10-29,302,180,2.5917969358306663,7224
2015-10-30,303,180,2.6056729584681864,7248
2015-10-31,304,180,2.5741435395726744,7272
2015-11-01,305,180,2.5362777634269054,7296
2015-11-02,306,180,2.4774042814144512,7320
2015-11-03,307,180,2.504223526744878,7344
2015-11-04,308,180,2.582195278466496,7368
2015-11-05,309,180,2.5806233962284284,7392
2015-11-06,310,180,2.6923345103000487,7416
2015-11-07,311,180,2.7626548173713004,7440
2015-11-08,312,180,2.7293903573515723,7464
2015-11-09,313,180,2.7847409996344314,7488
2015-11-10,314,180,2.6498157125908417,7512
2015-11-11,315,180,2.5116486154036384,7536
2015-11-12,316,180,2.464300276068351,7560
2015-11-13,317,180,2.532689709730869,7584
2015-11-14,318,180,2.5732300721444794,7608
2015-11-15,319,180,2.710568301261996,7632
2015-11-16,320,180,2.617237574179584,7656
2015-11-17,321,180,2.6494744340228715,7680
2015-11-18,322,180,2.7387269247757704,7704
2015-11-19,323,180,2.7303311443561977,7728
2015-11-20,324,180,2.692173495128085,7752
2015-11-21,325,180,2.294324697305084,7776
2015-11-22,326,180,2.2179610809046184,7800
2015-11-23,327,180,2.1634339774820472,7824
2015-11-24,328,180,2.139920695041816,7848
2015-11-25,329,180,2.262125295790632,7872
2015-11-26,330,180,2.253655215598419,7896
2015-11-27,331,180,2.204313140143644,7920
2015-11-28,332,180,2.2119971141842982,7944
2015-11-29,333,180,2.343123955053356,7968
2015-11-30,334,180,2.527469281943349,7992
2015-12-01,335,180,2.480395100991082,8016
2015-12-02,336,180,2.315295727289904,8040
2015-12-03,337,180,2.25779324512548,8064
2015-12-04,338,180,2.334468701131542,8088
2015-12-05,339,180,2.351010546340451,8112
2015-12-06,340,180,2.3785527721756345,8136
2015-12-07,341,180,2.352777943561978,8160
2015-12-08,342,180,2.320445795621679,8184
2015-12-09,343,180,2.3713331299607145,8208
2015-12-10,344,180,2.2332291696220956,8232
2015-12-11,345,180,2.286554686105716,8256
2015-12-12,346,180,2.314181319232339,8280
2015-12-13,347,180,2.240966527362397,8304
2015-12-14,348,180,2.2184186057087687,8328
2015-12-15,349,180,2.2850630791637156,8352
2015-12-16,350,180,2.471369424164506,8376
2015-12-17,351,180,2.4714850703300284,8400
2015-12-18,352,180,2.45844764898129,8424
2015-12-19,353,180,2.428599404995426,8448
2015-12-20,354,180,2.3991157330541086,8472
2015-12-21,355,180,2.4805111423423742,8496
2015-12-22,356,180,2.4518539799056156,8520
2015-12-23,357,180,2.457682563567261,8544
2015-12-24,358,180,2.4216867502915846,8568
2015-12-25,359,180,2.423086018819676,8592
2015-12-26,360,180,2.333690465296224,8616
2015-12-27,361,180,2.317217557757456,8640
2015-12-28,362,180,2.2621488485917256,8664
2015-12-29,363,180,2.2958183724982835,8688
2015-12-30,364,180,2.2715419684893656,8712
2015-12-31,365,180,2.3485906453210412,8736
2015-01-01,1,181,2.0964679021374555,0
2015-01-02,2,181,2.2070197243748817,24
2015-01-03,3,181,2.378313295953216,48
2015-01-04,4,181,2.4043505413980566,72
2015-01-05,5,181,2.2113962788353474,96
2015-01-06,6,181,2.1963764307795257,120
2015-01-07,7,181,2.24440764056246,144
2015-01-08,8,181,2.368007531099288,168
2015-01-09,9,181,2.495929420007917,192
2015-01-10,10,181,2.7681799346296887,216
2015-01-11,11,181,2.4261558651072552,240
2015-01-12,12,181,2.3315913903365297,264
2015-01-13,13,181,2.4246328191040223,288
2015-01-14,14,181,2.4519519327876504,312
2015-01-15,15,181,2.3957749538081705,336
2015-01-16,16,181,2.4101536510066635,360
2015-01-17,17,181,2.28152700570578,384
2015-01-18,18,181,2.2066240339472545,408
2015-01-19,19,181,2.230029869247897,432
2015-01-20,20,181,2.2528116249935635,456
2015-01-21,21,181,2.2372427157269987,480
2015-01-22,22,181,2.237807556501476,504
2015-01-23,23,181,2.2479767388714107,528
2015-01-24,24,181,2.2586003777174435,552
2015-01-25,25,181,2.2349936842679394,576
2015-01-26,26,181,2.182876906234996,600
2015-01-27,27,181,2.263074520831376,624
2015-01-28,28,181,2.240405697431139,648
2015-01-29,29,181,2.292436162709293,672
2015-01-30,30,181,2.248956599848792,696
2015-01-31,31,181,2.2300441260932566,720
2015-02-01,32,181,2.2203735424223843,744
2015-02-02,33,181,2.2183398020656435,768
2015-02-03,34,181,2.1445242988327524,792
2015-02-04,35,181,2.141948606779404,816
2015-02-05,36,181,2.1393822688000594,840
2015-02-06,37,181,2.151716303961132,864
2015-02-07,38,181,2.1160155398693,888
2015-02-08,39,181,2.141972504144544,912
2015-02-09,40,181,2.1715904565918493,936
2015-02-10,41,181,2.190900170469923,960
2015-02-11,42,181,2.189723719803336,984
2015-02-12,43,181,2.189910733520541,1008
2015-02-13,44,181,2.231724777433288,1032
2015-02-14,45,181,2.304647835295715,1056
2015-02-15,46,181,2.260676247251877,1080
2015-02-16,47,181,2.2306031769003107,1104
2015-02-17,48,181,2.241789719973712,1128
2015-02-18,49,181,2.226541340975352,1152
2015-02-19,50,181,2.2568968566669207,1176
2015-02-20,51,181,2.341186582839084,1200
2015-02-21,52,181,2.297251482381871,1224
2015-02-22,53,181,2.2674613686287826,1248
2015-02-23,54,181,2.271100026608917,1272
2015-02-24,55,181,2.3449841548070136,1296
2015-02-25,56,181,2.3417905919191706,1320
2015-02-26,57,181,2.2914459025162985,1344
2015-02-27,58,181,2.3193214848556765,1368
2015-02-28,59,181,2.322423033442876,1392
2015-03-01,60,181,2.412747251114893,1416
2015-03-02,61,181,2.5124833771002013,1440
2015-03-03,62,181,2.4608246952826702,1464
2015-03-04,63,181,2.3572329782688053,1488
2015-03-05,64,181,2.3315445910097163,1512
2015-03-06,65,181,2.325583044972102,1536
2015-03-07,66,181,2.3536210334714167,1560
2015-03-08,67,181,2.4427361871822457,1584
2015-03-09,68,181,2.5049331323546125,1608
2015-03-10,69,181,2.531828519016148,1632
2015-03-11,70,181,2.5590970734196783,1656
2015-03-12,71,181,2.4185083706643207,1680
2015-03-13,72,181,2.385397512238624,1704
2015-03-14,73,181,2.380570670368188,1728
2015-03-15,74,181,2.382842573026549,1752
2015-03-16,75,181,2.5046370271247462,1776
2015-03-17,76,181,2.5946704923589285,1800
2015-03-18,77,181,2.6531965137385143,1824
2015-03-19,78,181,2.635308040029606,1848
2015-03-20,79,181,2.573470496982288,1872
2015-03-21,80,181,2.51335966515564,1896
2015-03-22,81,181,2.416624309399072,1920
2015-03-23,82,181,2.5134691734515267,1944
2015-03-24,83,181,2.585702272681292,1968
2015-03-25,84,181,2.523325766772314,1992
2015-03-26,85,181,2.4563339766441263,2016
2015-03-27,86,181,2.526208542386552,2040
2015-03-28,87,181,2.5238998808868325,2064
2015-03-29,88,181,2.6298907915021097,2088
2015-03-30,89,181,2.6521213387147733,2112
2015-03-31,90,181,2.7310103546190283,2136
2015-04-01,91,181,2.456904269651268,2160
2015-04-02,92,181,2.4553564315788994,2184
2015-04-03,93,181,2.46232970463471,2208
2015-04-04,94,181,2.446964776784049,2232
2015-04-05,95,181,2.377347102769076,2256
2015-04-06,96,181,2.378181274500548,2280
2015-04-07,97,181,2.431435081139456,2304
2015-04-08,98,181,2.5319092506769394,2328
2015-04-09,99,181,2.686892895703299,2352
2015-04-10,100,181,2.8332357952304603,2376
2015-04-11,101,181,2.7815156081148507,2400
2015-04-12,102,181,2.814731122082132,2424
2015-04-13,103,181,2.8787337439918304,2448
2015-04-14,104,181,2.8770269710197,2472
2015-04-15,105,181,2.9234111672581813,2496
2015-04-16,106,181,2.8880957456928766,2520
2015-04-17,107,181,2.7587798465143347,2544
2015-04-18,108,181,2.6130079790310887,2568
2015-04-19,109,181,2.613645672951627,2592
2015-04-20,110,181,2.7138638077803217,2616
2015-04-21,111,181,2.824746947251935,2640
2015-04-22,112,181,2.9005217879722465,2664
2015-04-23,113,181,2.7696667254077787,2688
2015-04-24,114,181,2.8385692094316184,2712
2015-04-25,115,181,2.8302746600986164,2736
2015-04-26,116,181,2.8730715043210875,2760
2015-04-27,117,181,2.890591160835036,2784
2015-04-28,118,181,2.575971467733451,2808
2015-04-29,119,181,2.6133584402747654,2832
2015-04-30,120,181,2.7458808553519236,2856
2015-05-01,121,181,2.7187284334671653,2880
2015-05-02,122,181,2.850197984948034,2904
2015-05-03,123,181,2.9219985219200897,2928
2015-05-04,124,181,3.0321305683452486,2952
2015-05-05,125,181,3.059148319421556,2976
2015-05-06,126,181,2.888352484107681,3000
2015-05-07,127,181,2.850746970162937,3024
2015-05-08,128,181,2.8942564934113455,3048
2015-05-09,129,181,2.964371868759472,3072
2015-05-10,130,181,2.9783798270849084,3096
2015-05-11,131,181,3.10101043955522,3120
2015-05-12,132,181,3.3240903736504026,3144
2015-05-13,133,181,3.3848028029447943,3168
2015-05-14,134,181,3.162681989926748,3192
2015-05-15,135,181,2.5791702713213707,3216
2015-05-16,136,181,2.845758816907513,3240
2015-05-17,137,181,2.9741353586676222,3264
2015-05-18,138,181,3.0528109886971047,3288
2015-05-19,139,181,2.830354398746328,3312
2015-05-20,140,181,2.6164551483111738,3336
2015-05-21,141,181,2.600053870491767,3360
2015-05-22,142,181,2.746166135204823,3384
2015-05-23,143,181,2.8165519221716213,3408
2015-05-24,144,181,2.9250351822875085,3432
2015-05-25,145,181,2.9010489744633534,3456
2015-05-26,146,181,2.7795999758855183,3480
2015-05-27,147,181,2.7914608911229783,3504
2015-05-28,148,181,2.9028041342273285,3528
2015-05-29,149,181,3.097159086983647,3552
2015-05-30,150,181,3.034245085184965,3576
2015-05-31,151,181,3.0728960557028087,3600
2015-06-01,152,181,3.1512294933749314,3624
2015-06-02,153,181,3.26765007044284,3648
2015-06-03,154,181,3.399089240435605,3672
2015-06-04,155,181,3.4605824751834486,3696
2015-06-05,156,181,3.6279790159251895,3720
2015-06-06,157,181,3.595488384295069,3744
2015-06-07,158,181,3.4627314581343507,3768
2015-06-08,159,181,3.1721660814825365,3792
2015-06-09,160,181,2.95773500262142,3816
2015-06-10,161,181,3.0403170124594947,3840
2015-06-11,162,181,3.268059688250962,3864
2015-06-12,163,181,3.3366488085995742,3888
2015-06-13,164,181,3.3267893881226542,3912
2015-06-14,165,181,3.1629103393037683,3936
2015-06-15,166,181,3.0576650702060224,3960
2015-06-16,167,181,3.05734205377693,3984
2015-06-17,168,181,3.083446453427153,4008
2015-06-18,169,181,3.0292018698650507,4032
2015-06-19,170,181,3.07718285700201,4056
2015-06-20,171,181,2.9231140277559917,4080
2015-06-21,172,181,2.9754973010190984,4104
2015-06-22,173,181,3.14514830666314,4128
2015-06-23,174,181,2.9542238045275897,4152
2015-06-24,175,181,2.9959266724927365,4176
2015-06-25,176,181,3.1394607561295462,4200
2015-06-26,177,181,3.270059295813464,4224
2015-06-27,178,181,3.3404186455003573,4248
2015-06-28,179,181,3.3453355780573397,4272
2015-06-29,180,181,3.3934537381758063,4296
2015-06-30,181,181,3.557309510340895,4320
2015-07-01,182,181,3.73817052494668,4344
2015-07-02,183,181,3.914446203617361,4368
2015-07-03,184,181,3.9918459206491215,4392
2015-07-04,185,181,4.03657646154556,4416
2015-07-05,186,181,4.079403200165621,4440
2015-07-06,187,181,3.814816881986956,4464
2015-07-07,188,181,4.053933018190442,4488
2015-07-08,189,181,3.4037247710880565,4512
2015-07-09,190,181,3.266988205596767,4536
2015-07-10,191,181,3.2779507380532715,4560
2015-07-11,192,181,3.601203285029102,4584
2015-07-12,193,181,3.574370934923934,4608
2015-07-13,194,181,3.540297956401377,4632
2015-07-14,195,181,3.61823386865072,4656
2015-07-15,196,181,3.649506432631511,4680
2015-07-16,197,181,3.8313409365866873,4704
2015-07-17,198,181,3.8311084750356783,4728
2015-07-18,199,181,3.5744473366937055,4752
2015-07-19,200,181,3.7143354524289713,4776
2015-07-20,201,181,3.746923622684288,4800
2015-07-21,202,181,3.905154617800727,4824
2015-07-22,203,181,3.7351843914297937,4848
2015-07-23,204,181,3.488050636573416,4872
2015-07-24,205,181,3.5440061747149776,4896
2015-07-25,206,181,3.2743760626844733,4920
2015-07-26,207,181,3.0877344810902883,4944
2015-07-27,208,181,3.290234698028661,4968
2015-07-28,209,181,3.2359994355733144,4992
2015-07-29,210,181,3.040231815281302,5016
2015-07-30,211,181,3.063971217157877,5040
2015-07-31,212,181,3.141287176956648,5064
2015-08-01,213,181,3.0703179230142017,5088
2015-08-02,214,181,3.2905822865063667,5112
2015-08-03,215,181,3.5262828254212923,5136
2015-08-04,216,181,3.4173843052645765,5160
2015-08-05,217,181,3.5574270132852983,5184
2015-08-06,218,181,3.863748853230168,5208
2015-08-07,219,181,3.980988612514625,5232
2015-08-08,220,181,3.8636762190737333,5256
2015-08-09,221,181,3.4813949895700116,5280
2015-08-10,222,181,3.4452981391434485,5304
2015-08-11,223,181,3.578185030442862,5328
2015-08-12,224,181,3.7040381394516686,5352
2015-08-13,225,181,3.624582800571509,5376
2015-08-14,226,181,3.231896018250588,5400
2015-08-15,227,181,3.0416111828986194,5424
2015-08-16,228,181,2.9864659941249507,5448
2015-08-17,229,181,3.0605311489490554,5472
2015-08-18,230,181,3.040796870962642,5496
2015-08-19,231,181,2.9563851872134013,5520
2015-08-20,232,181,3.0517818375208563,5544
2015-08-21,233,181,3.1582592127827307,5568
2015-08-22,234,181,3.1982714175063505,5592
2015-08-23,235,181,3.1147202746090388,5616
2015-08-24,236,181,3.0526813864426656,5640
2015-08-25,237,181,3.0440105135810427,5664
2015-08-26,238,181,3.169478990637157,5688
2015-08-27,239,181,3.4390182692901203,5712
2015-08-28,240,181,3.5875008031218614,5736
2015-08-29,241,181,3.60040564556104,5760
2015-08-30,242,181,3.70525408460535,5784
2015-08-31,243,181,3.63496618787494,5808
2015-09-01,244,181,3.236859532380612,5832
2015-09-02,245,181,3.0999888000425297,5856
2015-09-03,246,181,3.004262705408028,5880
2015-09-04,247,181,3.0056337034629736,5904
2015-09-05,248,181,2.8591553436547352,5928
2015-09-06,249,181,2.807317026833516,5952
2015-09-07,250,181,2.799796690638186,5976
2015-09-08,251,181,2.8567596602559338,6000
2015-09-09,252,181,2.905638162223357,6024
2015-09-10,253,181,2.8207520839155538,6048
2015-09-11,254,181,2.9107632753046007,6072
2015-09-12,255,181,3.117173538266876,6096
2015-09-13,256,181,3.0899339789945235,6120
2015-09-14,257,181,2.9677804649082344,6144
2015-09-15,258,181,2.925819366644632,6168
2015-09-16,259,181,3.100171745116095,6192
2015-09-17,260,181,2.9009514833325043,6216
2015-09-18,261,181,2.819040697927695,6240
2015-09-19,262,181,2.8239800046460943,6264
2015-09-20,263,181,2.8599159890195955,6288
2015-09-21,264,181,2.792488279238004,6312
2015-09-22,265,181,2.83050187521345,6336
2015-09-23,266,181,2.6634721801341352,6360
2015-09-24,267,181,2.7454427899164564,6384
2015-09-25,268,181,2.7579224231308794,6408
2015-09-26,269,181,2.8044581038672507,6432
2015-09-27,270,181,2.828495387884701,6456
2015-09-28,271,181,2.732066945463996,6480
2015-09-29,272,181,2.700325884037326,6504
2015-09-30,273,181,2.6477320148338626,6528
2015-10-01,274,181,2.6265760950340296,6552
2015-10-02,275,181,2.711351550186432,6576
2015-10-03,276,181,2.857808525279744,6600
2015-10-04,277,181,2.793394281715573,6624
2015-10-05,278,181,2.8826519850160977,6648
2015-10-06,279,181,2.9123710241400964,6672
2015-10-07,280,181,2.843403609160545,6696
2015-10-08,281,181,2.759429795476313,6720
2015-10-09,282,181,2.738314546375219,6744
2015-10-10,283,181,2.6979360027872987,6768
2015-10-11,284,181,2.727434317444604,6792
2015-10-12,285,181,2.6870038128817515,6816
2015-10-13,286,181,2.626212259942684,6840
2015-10-14,287,181,2.5132768310137,6864
2015-10-15,288,181,2.4366190402298082,6888
2015-10-16,289,181,2.4434016089754684,6912
2015-10-17,290,181,2.4516071551972183,6936
2015-10-18,291,181,2.5153712741366547,6960
2015-10-19,292,181,2.5146425870612217,6984
2015-10-20,293,181,2.4755551273137137,7008
2015-10-21,294,181,2.474294068918632,7032
2015-10-22,295,181,2.530807751077165,7056
2015-10-23,296,181,2.6468259325721384,7080
2015-10-24,297,181,2.689246076279995,7104
2015-10-25,298,181,2.7088143587599083,7128
2015-10-26,299,181,2.629148326240217,7152
2015-10-27,300,181,2.600903836844857,7176
2015-10-28,301,181,2.671988239226232,7200
2015-10-29,302,181,2.6554350897020145,7224
2015-10-30,303,181,2.651538369406264,7248
2015-10-31,304,181,2.6132968300014072,7272
2015-11-01,305,181,2.5620114445427853,7296
2015-11-02,306,181,2.507222660956446,7320
2015-11-03,307,181,2.5170074778990426,7344
2015-11-04,308,181,2.6019852703337207,7368
2015-11-05,309,181,2.6164871428254943,7392
2015-11-06,310,181,2.721367537525912,7416
2015-11-07,311,181,2.7865071796269882,7440
2015-11-08,312,181,2.745122919901468,7464
2015-11-09,313,181,2.795172132293207,7488
2015-11-10,314,181,2.6892617148264955,7512
2015-11-11,315,181,2.542561223240224,7536
2015-11-12,316,181,2.4983255548552026,7560
2015-11-13,317,181,2.5614206734735934,7584
2015-11-14,318,181,2.6140886409287405,7608
2015-11-15,319,181,2.7119764011609178,7632
2015-11-16,320,181,2.6348723624855106,7656
2015-11-17,321,181,2.6811647677095034,7680
2015-11-18,322,181,2.773635012528547,7704
2015-11-19,323,181,2.7650143778401426,7728
2015-11-20,324,181,2.7288599796152724,7752
2015-11-21,325,181,2.3754116456378265,7776
2015-11-22,326,181,2.2872596494695108,7800
2015-11-23,327,181,2.229707831190871,7824
2015-11-24,328,181,2.200369718821376,7848
2015-11-25,329,181,2.2933728764384247,7872
2015-11-26,330,181,2.3194593715519423,7896
2015-11-27,331,181,2.2697981022069773,7920
2015-11-28,332,181,2.2564921986928557,7944
2015-11-29,333,181,2.383802729067955,7968
2015-11-30,334,181,2.5575398222222168,7992
2015-12-01,335,181,2.5251614425831943,8016
2015-12-02,336,181,2.3420456328586967,8040
2015-12-03,337,181,2.2735677100661738,8064
2015-12-04,338,181,2.3376965568862387,8088
2015-12-05,339,181,2.379623265585684,8112
2015-12-06,340,181,2.3931721190165547,8136
2015-12-07,341,181,2.3729725556688948,8160
2015-12-08,342,181,2.3363555218228527,8184
2015-12-09,343,181,2.4202919568483066,8208
2015-12-10,344,181,2.2790395464422852,8232
2015-12-11,345,181,2.305848215681114,8256
2015-12-12,346,181,2.3358527128290563,8280
2015-12-13,347,181,2.2723758378083256,8304
2015-12-14,348,181,2.2451394920042342,8328
2015-12-15,349,181,2.2938161255763494,8352
2015-12-16,350,181,2.477903912898148,8376
2015-12-17,351,181,2.480030104364425,8400
2015-12-18,352,181,2.4599790386409177,8424
2015-12-19,353,181,2.4250314960327333,8448
2015-12-20,354,181,2.398078913993248,8472
2015-12-21,355,181,2.5101648143236366,8496
2015-12-22,356,181,2.473506849318882,8520
2015-12-23,357,181,2.4907312311002525,8544
2015-12-24,358,181,2.4539954533637776,8568
2015-12-25,359,181,2.441446541398626,8592
2015-12-26,360,181,2.347328691799196,8616
2015-12-27,361,181,2.312965137130324,8640
2015-12-28,362,181,2.2574542658855057,8664
2015-12-29,363,181,2.291368416537958,8688
2015-12-30,364,181,2.301510624347232,8712
2015-12-31,365,181,2.3699013213874527,8736
2015-01-01,1,182,2.0689233511447425,0
2015-01-02,2,182,2.2152092122291247,24
2015-01-03,3,182,2.383599264589091,48
2015-01-04,4,182,2.3359372009973143,72
2015-01-05,5,182,2.184433274065038,96
2015-01-06,6,182,2.1969179720939764,120
2015-01-07,7,182,2.2567147378949377,144
2015-01-08,8,182,2.3915744241409223,168
2015-01-09,9,182,2.526946722905293,192
2015-01-10,10,182,2.8203808000025155,216
2015-01-11,11,182,2.3863988808626155,240
2015-01-12,12,182,2.3166840935420265,264
2015-01-13,13,182,2.437220991259223,288
2015-01-14,14,182,2.4294169546524462,312
2015-01-15,15,182,2.377776018076779,336
2015-01-16,16,182,2.3989551431770657,360
2015-01-17,17,182,2.242363447042604,384
2015-01-18,18,182,2.180521455538456,408
2015-01-19,19,182,2.192381385259384,432
2015-01-20,20,182,2.2263683692959377,456
2015-01-21,21,182,2.2072357091077794,480
2015-01-22,22,182,2.199587097772516,504
2015-01-23,23,182,2.1953886155956,528
2015-01-24,24,182,2.208999056465604,552
2015-01-25,25,182,2.1688617997318484,576
2015-01-26,26,182,2.1445128429081577,600
2015-01-27,27,182,2.233494949938196,624
2015-01-28,28,182,2.2128361931485863,648
2015-01-29,29,182,2.2696077456175328,672
2015-01-30,30,182,2.2211910087504187,696
2015-01-31,31,182,2.217726350336679,720
2015-02-01,32,182,2.195134264723737,744
2015-02-02,33,182,2.196491525267487,768
2015-02-03,34,182,2.110659942148504,792
2015-02-04,35,182,2.100483979992508,816
2015-02-05,36,182,2.096414419751946,840
2015-02-06,37,182,2.1097528508717547,864
2015-02-07,38,182,2.065584703792445,888
2015-02-08,39,182,2.0823488561877146,912
2015-02-09,40,182,2.110122266640152,936
2015-02-10,41,182,2.1402898631525105,960
2015-02-11,42,182,2.1434440622051083,984
2015-02-12,43,182,2.1636455951883504,1008
2015-02-13,44,182,2.2151718517795094,1032
2015-02-14,45,182,2.272941445638551,1056
2015-02-15,46,182,2.2031387296331983,1080
2015-02-16,47,182,2.174602970295451,1104
2015-02-17,48,182,2.1857403077887807,1128
2015-02-18,49,182,2.173053573202118,1152
2015-02-19,50,182,2.2225897746526804,1176
2015-02-20,51,182,2.3322164703279977,1200
2015-02-21,52,182,2.267314975122837,1224
2015-02-22,53,182,2.225372642656278,1248
2015-02-23,54,182,2.23995439876103,1272
2015-02-24,55,182,2.304569063974673,1296
2015-02-25,56,182,2.287744365273317,1320
2015-02-26,57,182,2.257055495228629,1344
2015-02-27,58,182,2.2767506028343782,1368
2015-02-28,59,182,2.2725462482127288,1392
2015-03-01,60,182,2.37982986071095,1416
2015-03-02,61,182,2.4719149603653596,1440
2015-03-03,62,182,2.417870721742569,1464
2015-03-04,63,182,2.3026553031664325,1488
2015-03-05,64,182,2.259940275192445,1512
2015-03-06,65,182,2.265859686222464,1536
2015-03-07,66,182,2.3250437943491336,1560
2015-03-08,67,182,2.422766614583148,1584
2015-03-09,68,182,2.4999718348219897,1608
2015-03-10,69,182,2.5250891874895345,1632
2015-03-11,70,182,2.49380649378224,1656
2015-03-12,71,182,2.3596597270053232,1680
2015-03-13,72,182,2.3377016036298417,1704
2015-03-14,73,182,2.3188524593256457,1728
2015-03-15,74,182,2.336580601325247,1752
2015-03-16,75,182,2.5080312623694514,1776
2015-03-17,76,182,2.624420551251316,1800
2015-03-18,77,182,2.664420011588311,1824
2015-03-19,78,182,2.6111369891531724,1848
2015-03-20,79,182,2.540378397655604,1872
2015-03-21,80,182,2.4776406346468187,1896
2015-03-22,81,182,2.3580552938976447,1920
2015-03-23,82,182,2.482540730115986,1944
2015-03-24,83,182,2.586012251221599,1968
2015-03-25,84,182,2.512805724208085,1992
2015-03-26,85,182,2.3994670224982984,2016
2015-03-27,86,182,2.4660564834925185,2040
2015-03-28,87,182,2.4869105585154445,2064
2015-03-29,88,182,2.6020821771561065,2088
2015-03-30,89,182,2.6089376618716127,2112
2015-03-31,90,182,2.6869374566928275,2136
2015-04-01,91,182,2.382801968645125,2160
2015-04-02,92,182,2.401320129323352,2184
2015-04-03,93,182,2.3932758014154936,2208
2015-04-04,94,182,2.382907980051411,2232
2015-04-05,95,182,2.313263592871957,2256
2015-04-06,96,182,2.3094016272921603,2280
2015-04-07,97,182,2.3618895065727825,2304
2015-04-08,98,182,2.4950780779834587,2328
2015-04-09,99,182,2.6609323449491757,2352
2015-04-10,100,182,2.8443932150671003,2376
2015-04-11,101,182,2.7554907264073503,2400
2015-04-12,102,182,2.7924958990456545,2424
2015-04-13,103,182,2.8414566407595134,2448
2015-04-14,104,182,2.8226980085721483,2472
2015-04-15,105,182,2.915490184731452,2496
2015-04-16,106,182,2.9053532770762907,2520
2015-04-17,107,182,2.7284990193340515,2544
2015-04-18,108,182,2.5200329249274893,2568
2015-04-19,109,182,2.5610387269569435,2592
2015-04-20,110,182,2.663350494734796,2616
2015-04-21,111,182,2.771778555439879,2640
2015-04-22,112,182,2.8640605862732595,2664
2015-04-23,113,182,2.6793968763076883,2688
2015-04-24,114,182,2.788787358768512,2712
2015-04-25,115,182,2.8214778979155,2736
2015-04-26,116,182,2.8696236415161094,2760
2015-04-27,117,182,2.8846097596341127,2784
2015-04-28,118,182,2.4940724325784482,2808
2015-04-29,119,182,2.5621363565955675,2832
2015-04-30,120,182,2.7060850755239128,2856
2015-05-01,121,182,2.699505513309677,2880
2015-05-02,122,182,2.8116618738155976,2904
2015-05-03,123,182,2.908229244679834,2928
2015-05-04,124,182,3.0272296667549963,2952
2015-05-05,125,182,3.0589992417254352,2976
2015-05-06,126,182,2.8216235657065205,3000
2015-05-07,127,182,2.800561226014784,3024
2015-05-08,128,182,2.8750487384987315,3048
2015-05-09,129,182,2.9116571571614096,3072
2015-05-10,130,182,2.9285433782106844,3096
2015-05-11,131,182,3.0843747067911784,3120
2015-05-12,132,182,3.3503581534828912,3144
2015-05-13,133,182,3.3582445885849865,3168
2015-05-14,134,182,3.1161290424884536,3192
2015-05-15,135,182,2.53216519329155,3216
2015-05-16,136,182,2.7850126236434183,3240
2015-05-17,137,182,2.915007385903209,3264
2015-05-18,138,182,3.0111417340740005,3288
2015-05-19,139,182,2.765809034207518,3312
2015-05-20,140,182,2.5370798253424782,3336
2015-05-21,141,182,2.514454831742212,3360
2015-05-22,142,182,2.6652922285494567,3384
2015-05-23,143,182,2.7378956731131048,3408
2015-05-24,144,182,2.8720271034795366,3432
2015-05-25,145,182,2.8406430237492404,3456
2015-05-26,146,182,2.67194829714545,3480
2015-05-27,147,182,2.6871250360414187,3504
2015-05-28,148,182,2.857786028362142,3528
2015-05-29,149,182,3.0727480499563167,3552
2015-05-30,150,182,2.968156980400152,3576
2015-05-31,151,182,3.0431688752969164,3600
2015-06-01,152,182,3.1257957279756377,3624
2015-06-02,153,182,3.224232219953824,3648
2015-06-03,154,182,3.3715469392750697,3672
2015-06-04,155,182,3.402089844662392,3696
2015-06-05,156,182,3.619817128022492,3720
2015-06-06,157,182,3.545085816270281,3744
2015-06-07,158,182,3.4170620838557912,3768
2015-06-08,159,182,3.0964599100172014,3792
2015-06-09,160,182,2.839541296312382,3816
2015-06-10,161,182,2.944458303635766,3840
2015-06-11,162,182,3.2060468844203425,3864
2015-06-12,163,182,3.3425000596132413,3888
2015-06-13,164,182,3.3142400314640867,3912
2015-06-14,165,182,3.1348350309634263,3936
2015-06-15,166,182,2.98199006077129,3960
2015-06-16,167,182,2.9989729573477217,3984
2015-06-17,168,182,3.0040454820123133,4008
2015-06-18,169,182,2.9540372401623203,4032
2015-06-19,170,182,2.964596390214054,4056
2015-06-20,171,182,2.8189431533153027,4080
2015-06-21,172,182,2.8809855005925886,4104
2015-06-22,173,182,3.0780837987024863,4128
2015-06-23,174,182,2.8377452187059995,4152
2015-06-24,175,182,2.9210876564608546,4176
2015-06-25,176,182,3.083072701975241,4200
2015-06-26,177,182,3.22039166109156,4224
2015-06-27,178,182,3.284086510224481,4248
2015-06-28,179,182,3.2722797621353235,4272
2015-06-29,180,182,3.3314990713818595,4296
2015-06-30,181,182,3.505545606879496,4320
2015-07-01,182,182,3.6749623537783984,4344
2015-07-02,183,182,3.8808169321526216,4368
2015-07-03,184,182,3.9793086248793546,4392
2015-07-04,185,182,4.020316205671353,4416
2015-07-05,186,182,4.068323697648205,4440
2015-07-06,187,182,3.719937962053584,4464
2015-07-07,188,182,4.020721377909111,4488
2015-07-08,189,182,3.2639623439493985,4512
2015-07-09,190,182,3.147558440782139,4536
2015-07-10,191,182,3.186611925988108,4560
2015-07-11,192,182,3.5453864468484464,4584
2015-07-12,193,182,3.5055056595135765,4608
2015-07-13,194,182,3.4040751676150216,4632
2015-07-14,195,182,3.5407642963173087,4656
2015-07-15,196,182,3.554203995410514,4680
2015-07-16,197,182,3.759489749604752,4704
2015-07-17,198,182,3.765430299351654,4728
2015-07-18,199,182,3.515807886503304,4752
2015-07-19,200,182,3.6281161774961417,4776
2015-07-20,201,182,3.6459594595989855,4800
2015-07-21,202,182,3.8193940372913664,4824
2015-07-22,203,182,3.65545767624884,4848
2015-07-23,204,182,3.3483158847112566,4872
2015-07-24,205,182,3.4502593387117675,4896
2015-07-25,206,182,3.17314753199308,4920
2015-07-26,207,182,2.9971449577516096,4944
2015-07-27,208,182,3.2141475320428934,4968
2015-07-28,209,182,3.13155668989642,4992
2015-07-29,210,182,2.9315198956741595,5016
2015-07-30,211,182,2.96257382755608,5040
2015-07-31,212,182,3.0694533416836194,5064
2015-08-01,213,182,3.0558460106832386,5088
2015-08-02,214,182,3.238465638231064,5112
2015-08-03,215,182,3.4830872158308632,5136
2015-08-04,216,182,3.3749459801739543,5160
2015-08-05,217,182,3.4935174766754886,5184
2015-08-06,218,182,3.8543834669379757,5208
2015-08-07,219,182,3.949293605081417,5232
2015-08-08,220,182,3.8941475769987424,5256
2015-08-09,221,182,3.4723705094762374,5280
2015-08-10,222,182,3.418416542058225,5304
2015-08-11,223,182,3.5149705633681942,5328
2015-08-12,224,182,3.656875234792653,5352
2015-08-13,225,182,3.5994426987479264,5376
2015-08-14,226,182,3.2040677137102422,5400
2015-08-15,227,182,2.988695503403417,5424
2015-08-16,228,182,2.9157150251083253,5448
2015-08-17,229,182,2.9846140028792854,5472
2015-08-18,230,182,2.9785356779503296,5496
2015-08-19,231,182,2.8643893444943465,5520
2015-08-20,232,182,2.9847791086119626,5544
2015-08-21,233,182,3.0711246655014035,5568
2015-08-22,234,182,3.1240939528980487,5592
2015-08-23,235,182,3.0886704079702967,5616
2015-08-24,236,182,3.0175558830125,5640
2015-08-25,237,182,2.975030107534168,5664
2015-08-26,238,182,3.1392200377474664,5688
2015-08-27,239,182,3.42959312029039,5712
2015-08-28,240,182,3.5756851695309013,5736
2015-08-29,241,182,3.5742717932467016,5760
2015-08-30,242,182,3.729612870023505,5784
2015-08-31,243,182,3.6451484471785838,5808
2015-09-01,244,182,3.189521293346208,5832
2015-09-02,245,182,3.0093175602639954,5856
2015-09-03,246,182,2.934014443237738,5880
2015-09-04,247,182,2.9457624786626613,5904
2015-09-05,248,182,2.7732641573412664,5928
2015-09-06,249,182,2.7336320339280564,5952
2015-09-07,250,182,2.7286544155809422,5976
2015-09-08,251,182,2.795295285336868,6000
2015-09-09,252,182,2.828502233064822,6024
2015-09-10,253,182,2.7285959253779,6048
2015-09-11,254,182,2.8611988003813846,6072
2015-09-12,255,182,3.1263084610694496,6096
2015-09-13,256,182,3.068492993573166,6120
2015-09-14,257,182,2.922458083951357,6144
2015-09-15,258,182,2.87367400551126,6168
2015-09-16,259,182,3.0854328152244164,6192
2015-09-17,260,182,2.818549875024553,6216
2015-09-18,261,182,2.756009032047982,6240
2015-09-19,262,182,2.781058734752928,6264
2015-09-20,263,182,2.7928683790374684,6288
2015-09-21,264,182,2.7410555127706604,6312
2015-09-22,265,182,2.8044359626168056,6336
2015-09-23,266,182,2.610429719073568,6360
2015-09-24,267,182,2.6789994306277416,6384
2015-09-25,268,182,2.696232072377841,6408
2015-09-26,269,182,2.743085330525456,6432
2015-09-27,270,182,2.7466367774463047,6456
2015-09-28,271,182,2.6420275677254637,6480
2015-09-29,272,182,2.6348608897476087,6504
2015-09-30,273,182,2.5735848151292355,6528
2015-10-01,274,182,2.5549600620668063,6552
2015-10-02,275,182,2.6766734449140333,6576
2015-10-03,276,182,2.861961761894738,6600
2015-10-04,277,182,2.7557887926883136,6624
2015-10-05,278,182,2.855875515135445,6648
2015-10-06,279,182,2.8961514226578235,6672
2015-10-07,280,182,2.8039064926530326,6696
2015-10-08,281,182,2.7105593503150542,6720
2015-10-09,282,182,2.6841426065350493,6744
2015-10-10,283,182,2.636028886191982,6768
2015-10-11,284,182,2.655647245969839,6792
2015-10-12,285,182,2.6263943257646,6816
2015-10-13,286,182,2.5669696685260286,6840
2015-10-14,287,182,2.461646624596125,6864
2015-10-15,288,182,2.3879808617554565,6888
2015-10-16,289,182,2.379675247250012,6912
2015-10-17,290,182,2.4014830711422106,6936
2015-10-18,291,182,2.462266352078879,6960
2015-10-19,292,182,2.4566926312917223,6984
2015-10-20,293,182,2.40969746343784,7008
2015-10-21,294,182,2.4068705017853924,7032
2015-10-22,295,182,2.4924773604444352,7056
2015-10-23,296,182,2.62715147164287,7080
2015-10-24,297,182,2.6966824543967243,7104
2015-10-25,298,182,2.693731813561858,7128
2015-10-26,299,182,2.5840955662361824,7152
2015-10-27,300,182,2.5532693471506835,7176
2015-10-28,301,182,2.6435980227227223,7200
2015-10-29,302,182,2.6160514105809365,7224
2015-10-30,303,182,2.623961613671676,7248
2015-10-31,304,182,2.578309920359698,7272
2015-11-01,305,182,2.5261285181236968,7296
2015-11-02,306,182,2.459063596405654,7320
2015-11-03,307,182,2.4873865013263883,7344
2015-11-04,308,182,2.6049673675201914,7368
2015-11-05,309,182,2.6223115810894613,7392
2015-11-06,310,182,2.7403969619375257,7416
2015-11-07,311,182,2.8226911520670432,7440
2015-11-08,312,182,2.7827135685929494,7464
2015-11-09,313,182,2.8499032480564974,7488
2015-11-10,314,182,2.702706302349009,7512
2015-11-11,315,182,2.5519781504825367,7536
2015-11-12,316,182,2.4698465983931417,7560
2015-11-13,317,182,2.562791608764169,7584
2015-11-14,318,182,2.603782369238844,7608
2015-11-15,319,182,2.753472380996654,7632
2015-11-16,320,182,2.6885075339839326,7656
2015-11-17,321,182,2.6937154184800574,7680
2015-11-18,322,182,2.808774483408352,7704
2015-11-19,323,182,2.7976453388674742,7728
2015-11-20,324,182,2.7399791920786964,7752
2015-11-21,325,182,2.3150860458607525,7776
2015-11-22,326,182,2.2406992644629824,7800
2015-11-23,327,182,2.1983378537130203,7824
2015-11-24,328,182,2.1677917286269266,7848
2015-11-25,329,182,2.278799126064024,7872
2015-11-26,330,182,2.269112100357731,7896
2015-11-27,331,182,2.2382357482718573,7920
2015-11-28,332,182,2.2417115007769417,7944
2015-11-29,333,182,2.3782490489864423,7968
2015-11-30,334,182,2.5894982456625693,7992
2015-12-01,335,182,2.5340349570142564,8016
2015-12-02,336,182,2.3465671651630093,8040
2015-12-03,337,182,2.2502663028032384,8064
2015-12-04,338,182,2.362402255412931,8088
2015-12-05,339,182,2.3739334561076872,8112
2015-12-06,340,182,2.4046873094482826,8136
2015-12-07,341,182,2.381927130684479,8160
2015-12-08,342,182,2.3389871668390985,8184
2015-12-09,343,182,2.3999650653911053,8208
2015-12-10,344,182,2.240786706553159,8232
2015-12-11,345,182,2.3256629118877385,8256
2015-12-12,346,182,2.3639184558670654,8280
2015-12-13,347,182,2.2774755140968588,8304
2015-12-14,348,182,2.239406059853188,8328
2015-12-15,349,182,2.317218580341276,8352
2015-12-16,350,182,2.5037867875040902,8376
2015-12-17,351,182,2.524980198032312,8400
2015-12-18,352,182,2.5043630718829917,8424
2015-12-19,353,182,2.4556448658235257,8448
2015-12-20,354,182,2.4118527924365742,8472
2015-12-21,355,182,2.5205382866594235,8496
2015-12-22,356,182,2.491746826023015,8520
2015-12-23,357,182,2.50765581489392,8544
2015-12-24,358,182,2.4586242587056537,8568
2015-12-25,359,182,2.48417131070464,8592
2015-12-26,360,182,2.3872418842744247,8616
2015-12-27,361,182,2.3642387875206348,8640
2015-12-28,362,182,2.2616457883035257,8664
2015-12-29,363,182,2.327244294345794,8688
2015-12-30,364,182,2.271013055055275,8712
2015-12-31,365,182,2.359837522833629,8736
2015-01-01,1,183,2.127651859868887,0
2015-01-02,2,183,2.202138286992322,24
2015-01-03,3,183,2.4162903225326784,48
2015-01-04,4,183,2.4141125966337382,72
2015-01-05,5,183,2.2350367394939235,96
2015-01-06,6,183,2.2196370684098263,120
2015-01-07,7,183,2.2934549030413303,144
2015-01-08,8,183,2.4349151601281336,168
2015-01-09,9,183,2.5606945784448643,192
2015-01-10,10,183,2.8536380663918237,216
2015-01-11,11,183,2.448533803537007,240
2015-01-12,12,183,2.35928276214146,264
2015-01-13,13,183,2.478151399819696,288
2015-01-14,14,183,2.499313774460896,312
2015-01-15,15,183,2.4300629408907355,336
2015-01-16,16,183,2.415494704433312,360
2015-01-17,17,183,2.3216911485709337,384
2015-01-18,18,183,2.2205067144386144,408
2015-01-19,19,183,2.259444350299148,432
2015-01-20,20,183,2.2572240495336287,456
2015-01-21,21,183,2.2699954026618974,480
2015-01-22,22,183,2.2684967748233014,504
2015-01-23,23,183,2.2614100771980024,528
2015-01-24,24,183,2.2660275085425434,552
2015-01-25,25,183,2.2635630291887328,576
2015-01-26,26,183,2.2194206817441087,600
2015-01-27,27,183,2.2879331129770306,624
2015-01-28,28,183,2.2998514261060614,648
2015-01-29,29,183,2.3443000845160635,672
2015-01-30,30,183,2.2880530067732767,696
2015-01-31,31,183,2.266989444039376,720
2015-02-01,32,183,2.2553915662540915,744
2015-02-02,33,183,2.255375417762852,768
2015-02-03,34,183,2.203686287986266,792
2015-02-04,35,183,2.1669293317871285,816
2015-02-05,36,183,2.165876449901239,840
2015-02-06,37,183,2.1915865566005515,864
2015-02-07,38,183,2.1395114301578566,888
2015-02-08,39,183,2.1633846067268516,912
2015-02-09,40,183,2.207602790702652,936
2015-02-10,41,183,2.2247832846350013,960
2015-02-11,42,183,2.238756631423336,984
2015-02-12,43,183,2.2294505290107964,1008
2015-02-13,44,183,2.26292133086966,1032
2015-02-14,45,183,2.3683502697769945,1056
2015-02-15,46,183,2.3109984545434292,1080
2015-02-16,47,183,2.2755070012742755,1104
2015-02-17,48,183,2.261720395807116,1128
2015-02-18,49,183,2.2529142579855232,1152
2015-02-19,50,183,2.2721215203257903,1176
2015-02-20,51,183,2.3948580619459365,1200
2015-02-21,52,183,2.338985551365382,1224
2015-02-22,53,183,2.3001698106836947,1248
2015-02-23,54,183,2.3080793331730343,1272
2015-02-24,55,183,2.3901944875934413,1296
2015-02-25,56,183,2.3873136545132128,1320
2015-02-26,57,183,2.3555473480648668,1344
2015-02-27,58,183,2.355221732270858,1368
2015-02-28,59,183,2.3435806921904754,1392
2015-03-01,60,183,2.464298363725536,1416
2015-03-02,61,183,2.5643800707992,1440
2015-03-03,62,183,2.494250048693256,1464
2015-03-04,63,183,2.3868788928539684,1488
2015-03-05,64,183,2.3758683871686395,1512
2015-03-06,65,183,2.3699949333774875,1536
2015-03-07,66,183,2.4085542594581852,1560
2015-03-08,67,183,2.4872154501583603,1584
2015-03-09,68,183,2.5410157332729644,1608
2015-03-10,69,183,2.5619878652275134,1632
2015-03-11,70,183,2.575810181543116,1656
2015-03-12,71,183,2.448279899197665,1680
2015-03-13,72,183,2.4299904352049047,1704
2015-03-14,73,183,2.4171132331439638,1728
2015-03-15,74,183,2.4013340295361543,1752
2015-03-16,75,183,2.4970362684055853,1776
2015-03-17,76,183,2.6067270515564482,1800
2015-03-18,77,183,2.676179833640428,1824
2015-03-19,78,183,2.6554834780816337,1848
2015-03-20,79,183,2.583869070613667,1872
2015-03-21,80,183,2.559051557513547,1896
2015-03-22,81,183,2.464231258077436,1920
2015-03-23,82,183,2.5662659272627453,1944
2015-03-24,83,183,2.6108322482101967,1968
2015-03-25,84,183,2.509536197368726,1992
2015-03-26,85,183,2.468381488384272,2016
2015-03-27,86,183,2.5465092239907507,2040
2015-03-28,87,183,2.5282930749444046,2064
2015-03-29,88,183,2.677990625729377,2088
2015-03-30,89,183,2.7001652351468675,2112
2015-03-31,90,183,2.774066876327044,2136
2015-04-01,91,183,2.48967006325996,2160
2015-04-02,92,183,2.488489433146236,2184
2015-04-03,93,183,2.4748640326291644,2208
2015-04-04,94,183,2.462882604689184,2232
2015-04-05,95,183,2.4144052944192995,2256
2015-04-06,96,183,2.412774487390665,2280
2015-04-07,97,183,2.47208879317114,2304
2015-04-08,98,183,2.571137024943668,2328
2015-04-09,99,183,2.7353482690594637,2352
2015-04-10,100,183,2.896719439532917,2376
2015-04-11,101,183,2.8269740283046985,2400
2015-04-12,102,183,2.859671250940256,2424
2015-04-13,103,183,2.9172929423889684,2448
2015-04-14,104,183,2.9339559078154824,2472
2015-04-15,105,183,3.012247569753886,2496
2015-04-16,106,183,2.9386594742535146,2520
2015-04-17,107,183,2.780814340172351,2544
2015-04-18,108,183,2.643995759471113,2568
2015-04-19,109,183,2.669854191288234,2592
2015-04-20,110,183,2.7579560623861004,2616
2015-04-21,111,183,2.85617151023939,2640
2015-04-22,112,183,2.9069948154117444,2664
2015-04-23,113,183,2.8141237539037616,2688
2015-04-24,114,183,2.8975267462447816,2712
2015-04-25,115,183,2.858567265552082,2736
2015-04-26,116,183,2.9162416423568236,2760
2015-04-27,117,183,2.9127914383666424,2784
2015-04-28,118,183,2.5956279881031366,2808
2015-04-29,119,183,2.6594913465250403,2832
2015-04-30,120,183,2.76897303009108,2856
2015-05-01,121,183,2.7445448706004023,2880
2015-05-02,122,183,2.8545016086628343,2904
2015-05-03,123,183,2.9580157169615267,2928
2015-05-04,124,183,3.0955261266212863,2952
2015-05-05,125,183,3.0862251167451795,2976
2015-05-06,126,183,2.9347590567637365,3000
2015-05-07,127,183,2.871028854092218,3024
2015-05-08,128,183,2.9338774742725984,3048
2015-05-09,129,183,2.994443358917493,3072
2015-05-10,130,183,3.0258662284367754,3096
2015-05-11,131,183,3.1652995456377213,3120
2015-05-12,132,183,3.43036973015116,3144
2015-05-13,133,183,3.4504182663971585,3168
2015-05-14,134,183,3.173233444150728,3192
2015-05-15,135,183,2.6126710341298924,3216
2015-05-16,136,183,2.8916116662266087,3240
2015-05-17,137,183,3.0065889531668843,3264
2015-05-18,138,183,3.0685318359330642,3288
2015-05-19,139,183,2.8663839160529188,3312
2015-05-20,140,183,2.664818547684729,3336
2015-05-21,141,183,2.6721046786043954,3360
2015-05-22,142,183,2.782094146810687,3384
2015-05-23,143,183,2.872458280902074,3408
2015-05-24,144,183,2.9722000967622906,3432
2015-05-25,145,183,2.9518904144111637,3456
2015-05-26,146,183,2.8232751392630964,3480
2015-05-27,147,183,2.815969938831198,3504
2015-05-28,148,183,2.939740462111163,3528
2015-05-29,149,183,3.1495469015056954,3552
2015-05-30,150,183,3.0582974830327005,3576
2015-05-31,151,183,3.1169227199211056,3600
2015-06-01,152,183,3.1766768713625435,3624
2015-06-02,153,183,3.317314473613786,3648
2015-06-03,154,183,3.4469526002602904,3672
2015-06-04,155,183,3.4871224266012115,3696
2015-06-05,156,183,3.6942888357680936,3720
2015-06-06,157,183,3.6707573697415214,3744
2015-06-07,158,183,3.479780223606164,3768
2015-06-08,159,183,3.140197666262184,3792
2015-06-09,160,183,2.9868459235635663,3816
2015-06-10,161,183,3.090546843906949,3840
2015-06-11,162,183,3.340458567072286,3864
2015-06-12,163,183,3.3323022376924127,3888
2015-06-13,164,183,3.3501347118056204,3912
2015-06-14,165,183,3.2355543082931124,3936
2015-06-15,166,183,3.098761301768078,3960
2015-06-16,167,183,3.080079254308421,3984
2015-06-17,168,183,3.098272977076115,4008
2015-06-18,169,183,3.0545275501083053,4032
2015-06-19,170,183,3.0955924958143632,4056
2015-06-20,171,183,2.9290506553558653,4080
2015-06-21,172,183,3.0168959046580937,4104
2015-06-22,173,183,3.1860097334119466,4128
2015-06-23,174,183,2.977023374426583,4152
2015-06-24,175,183,3.0286430466701013,4176
2015-06-25,176,183,3.1880758016909843,4200
2015-06-26,177,183,3.3302682511082704,4224
2015-06-27,178,183,3.4067867960769096,4248
2015-06-28,179,183,3.3873631303282816,4272
2015-06-29,180,183,3.4618194026451024,4296
2015-06-30,181,183,3.6308083045994617,4320
2015-07-01,182,183,3.852952628187942,4344
2015-07-02,183,183,4.070132090323028,4368
2015-07-03,184,183,4.172251157851112,4392
2015-07-04,185,183,4.203054005719417,4416
2015-07-05,186,183,4.2323917107137135,4440
2015-07-06,187,183,3.883009156450319,4464
2015-07-07,188,183,4.1278957606388165,4488
2015-07-08,189,183,3.4339824266506813,4512
2015-07-09,190,183,3.310022180287909,4536
2015-07-10,191,183,3.3132471153858867,4560
2015-07-11,192,183,3.7051113412599177,4584
2015-07-12,193,183,3.6257105602799,4608
2015-07-13,194,183,3.583067986934517,4632
2015-07-14,195,183,3.660934955920328,4656
2015-07-15,196,183,3.7010941336967926,4680
2015-07-16,197,183,3.9052714744927446,4704
2015-07-17,198,183,4.031061749968882,4728
2015-07-18,199,183,3.682291525594888,4752
2015-07-19,200,183,3.8022301052378737,4776
2015-07-20,201,183,3.832863303999519,4800
2015-07-21,202,183,3.993387398978087,4824
2015-07-22,203,183,3.8075352331244985,4848
2015-07-23,204,183,3.5337366555482546,4872
2015-07-24,205,183,3.643240234895976,4896
2015-07-25,206,183,3.3392399974792486,4920
2015-07-26,207,183,3.1062046114428843,4944
2015-07-27,208,183,3.3339187751934625,4968
2015-07-28,209,183,3.2763729504089025,4992
2015-07-29,210,183,3.0304335072639152,5016
2015-07-30,211,183,3.0847571704233765,5040
2015-07-31,212,183,3.1349972294033024,5064
2015-08-01,213,183,3.0875804558217474,5088
2015-08-02,214,183,3.358396186392111,5112
2015-08-03,215,183,3.641153859846291,5136
2015-08-04,216,183,3.448684136553995,5160
2015-08-05,217,183,3.6250212390943073,5184
2015-08-06,218,183,3.9803602846891297,5208
2015-08-07,219,183,4.117943844748028,5232
2015-08-08,220,183,3.8735067969757813,5256
2015-08-09,221,183,3.47622869775124,5280
2015-08-10,222,183,3.438117658961147,5304
2015-08-11,223,183,3.6288307896625054,5328
2015-08-12,224,183,3.7804250981006624,5352
2015-08-13,225,183,3.6484428206643513,5376
2015-08-14,226,183,3.279531383279246,5400
2015-08-15,227,183,3.096272578772758,5424
2015-08-16,228,183,3.0008692332990785,5448
2015-08-17,229,183,3.109926042828839,5472
2015-08-18,230,183,3.0818674544066,5496
2015-08-19,231,183,3.0146300083215647,5520
2015-08-20,232,183,3.128902419427685,5544
2015-08-21,233,183,3.242127578439076,5568
2015-08-22,234,183,3.280964989443183,5592
2015-08-23,235,183,3.1353100624232426,5616
2015-08-24,236,183,3.0747115226286,5640
2015-08-25,237,183,3.079373815693739,5664
2015-08-26,238,183,3.2449670894086027,5688
2015-08-27,239,183,3.5583466281160594,5712
2015-08-28,240,183,3.669710430566732,5736
2015-08-29,241,183,3.6747240928775824,5760
2015-08-30,242,183,3.789379456869927,5784
2015-08-31,243,183,3.7363333715828175,5808
2015-09-01,244,183,3.2951339122338803,5832
2015-09-02,245,183,3.13911948931478,5856
2015-09-03,246,183,3.0838323032082515,5880
2015-09-04,247,183,3.026084411737924,5904
2015-09-05,248,183,2.9009891828368204,5928
2015-09-06,249,183,2.8467210245788945,5952
2015-09-07,250,183,2.8221649010419307,5976
2015-09-08,251,183,2.8966802440274684,6000
2015-09-09,252,183,2.9590103173201383,6024
2015-09-10,253,183,2.9060377456706283,6048
2015-09-11,254,183,2.9969752910608367,6072
2015-09-12,255,183,3.171227237511964,6096
2015-09-13,256,183,3.1740656716014883,6120
2015-09-14,257,183,2.9972333332006644,6144
2015-09-15,258,183,2.948386063246172,6168
2015-09-16,259,183,3.1083118435914554,6192
2015-09-17,260,183,2.922818870110819,6216
2015-09-18,261,183,2.8772519123966296,6240
2015-09-19,262,183,2.8567080608078896,6264
2015-09-20,263,183,2.898817054262201,6288
2015-09-21,264,183,2.8442243800131624,6312
2015-09-22,265,183,2.8498817639478244,6336
2015-09-23,266,183,2.7080920804003177,6360
2015-09-24,267,183,2.801347370738537,6384
2015-09-25,268,183,2.8198531498204646,6408
2015-09-26,269,183,2.8270931342008754,6432
2015-09-27,270,183,2.845115667224487,6456
2015-09-28,271,183,2.758856072873355,6480
2015-09-29,272,183,2.756094912472704,6504
2015-09-30,273,183,2.707391057791392,6528
2015-10-01,274,183,2.6476725792983125,6552
2015-10-02,275,183,2.7256090553533445,6576
2015-10-03,276,183,2.900580097473212,6600
2015-10-04,277,183,2.8516479447745184,6624
2015-10-05,278,183,2.92710765655576,6648
2015-10-06,279,183,2.9635425068969306,6672
2015-10-07,280,183,2.8743132307616217,6696
2015-10-08,281,183,2.7897816676540614,6720
2015-10-09,282,183,2.7747096712514474,6744
2015-10-10,283,183,2.7374340859373616,6768
2015-10-11,284,183,2.7488362908938746,6792
2015-10-12,285,183,2.69814747065881,6816
2015-10-13,286,183,2.6333059004465,6840
2015-10-14,287,183,2.5036930444563894,6864
2015-10-15,288,183,2.4417674435808503,6888
2015-10-16,289,183,2.4656947470659882,6912
2015-10-17,290,183,2.4598175539321803,6936
2015-10-18,291,183,2.538633018746576,6960
2015-10-19,292,183,2.539622367609043,6984
2015-10-20,293,183,2.4948527886709204,7008
2015-10-21,294,183,2.523813989006145,7032
2015-10-22,295,183,2.5854163634180947,7056
2015-10-23,296,183,2.710824412669806,7080
2015-10-24,297,183,2.730382967182715,7104
2015-10-25,298,183,2.7653055575777756,7128
2015-10-26,299,183,2.690783496681364,7152
2015-10-27,300,183,2.6386588645875784,7176
2015-10-28,301,183,2.687075783185698,7200
2015-10-29,302,183,2.7085568805546973,7224
2015-10-30,303,183,2.701741866977573,7248
2015-10-31,304,183,2.6655975842557327,7272
2015-11-01,305,183,2.5767097982654947,7296
2015-11-02,306,183,2.564849977627455,7320
2015-11-03,307,183,2.5346649770161105,7344
2015-11-04,308,183,2.6448300061695065,7368
2015-11-05,309,183,2.702013558615175,7392
2015-11-06,310,183,2.7931800653372982,7416
2015-11-07,311,183,2.8873918858332366,7440
2015-11-08,312,183,2.8296672708370054,7464
2015-11-09,313,183,2.8122000554695554,7488
2015-11-10,314,183,2.712943379133516,7512
2015-11-11,315,183,2.550781859832563,7536
2015-11-12,316,183,2.534025263590164,7560
2015-11-13,317,183,2.6186482159189985,7584
2015-11-14,318,183,2.651536824751974,7608
2015-11-15,319,183,2.714442530011583,7632
2015-11-16,320,183,2.6310280033899094,7656
2015-11-17,321,183,2.7843199186813896,7680
2015-11-18,322,183,2.84390975683002,7704
2015-11-19,323,183,2.8828415008549815,7728
2015-11-20,324,183,2.798227467236825,7752
2015-11-21,325,183,2.395148762266078,7776
2015-11-22,326,183,2.31408065800632,7800
2015-11-23,327,183,2.2624699807797706,7824
2015-11-24,328,183,2.2301283676092982,7848
2015-11-25,329,183,2.312321981386768,7872
2015-11-26,330,183,2.34673899176821,7896
2015-11-27,331,183,2.279666431725579,7920
2015-11-28,332,183,2.292394848729196,7944
2015-11-29,333,183,2.466815398202074,7968
2015-11-30,334,183,2.640031821678784,7992
2015-12-01,335,183,2.607792689670448,8016
2015-12-02,336,183,2.4168075204909605,8040
2015-12-03,337,183,2.3027350913850966,8064
2015-12-04,338,183,2.352897793175132,8088
2015-12-05,339,183,2.4173675398474086,8112
2015-12-06,340,183,2.4483262628671385,8136
2015-12-07,341,183,2.437555312471561,8160
2015-12-08,342,183,2.3747637622259576,8184
2015-12-09,343,183,2.4580533696395825,8208
2015-12-10,344,183,2.3039507213835773,8232
2015-12-11,345,183,2.3566602685239872,8256
2015-12-12,346,183,2.411978686214101,8280
2015-12-13,347,183,2.3390079306334,8304
2015-12-14,348,183,2.290861727517802,8328
2015-12-15,349,183,2.321499587989122,8352
2015-12-16,350,183,2.4983349680119376,8376
2015-12-17,351,183,2.560130229342122,8400
2015-12-18,352,183,2.4912994744998933,8424
2015-12-19,353,183,2.462551874334252,8448
2015-12-20,354,183,2.4431965643925406,8472
2015-12-21,355,183,2.540008801079945,8496
2015-12-22,356,183,2.508773895895023,8520
2015-12-23,357,183,2.510901428431356,8544
2015-12-24,358,183,2.5331298852986817,8568
2015-12-25,359,183,2.5071872866153337,8592
2015-12-26,360,183,2.4097552418544828,8616
2015-12-27,361,183,2.359823539206853,8640
2015-12-28,362,183,2.32675806477908,8664
2015-12-29,363,183,2.3131152626442044,8688
2015-12-30,364,183,2.3490406374073296,8712
2015-12-31,365,183,2.4012204766291534,8736
2015-01-01,1,184,2.0796959214667843,0
2015-01-02,2,184,2.196308655066373,24
2015-01-03,3,184,2.385673177029126,48
2015-01-04,4,184,2.3586937050307166,72
2015-01-05,5,184,2.182721982143844,96
2015-01-06,6,184,2.172089349914774,120
2015-01-07,7,184,2.2489861800009363,144
2015-01-08,8,184,2.3927878796236928,168
2015-01-09,9,184,2.5409106042774563,192
2015-01-10,10,184,2.8381051657095284,216
2015-01-11,11,184,2.412270835042268,240
2015-01-12,12,184,2.321134096723002,264
2015-01-13,13,184,2.4185848173772984,288
2015-01-14,14,184,2.455768074719681,312
2015-01-15,15,184,2.375709145931208,336
2015-01-16,16,184,2.3935369667807382,360
2015-01-17,17,184,2.255238188437408,384
2015-01-18,18,184,2.1995054602775355,408
2015-01-19,19,184,2.21657141100468,432
2015-01-20,20,184,2.241134009768976,456
2015-01-21,21,184,2.2323568338329647,480
2015-01-22,22,184,2.224712967438105,504
2015-01-23,23,184,2.2205344133283504,528
2015-01-24,24,184,2.230290906128072,552
2015-01-25,25,184,2.1926243824251235,576
2015-01-26,26,184,2.161054635081766,600
2015-01-27,27,184,2.252425939894493,624
2015-01-28,28,184,2.234062157029414,648
2015-01-29,29,184,2.2860508075345582,672
2015-01-30,30,184,2.2432176840176847,696
2015-01-31,31,184,2.2387765178708925,720
2015-02-01,32,184,2.2170244697017893,744
2015-02-02,33,184,2.217755913252926,768
2015-02-03,34,184,2.1372628201602315,792
2015-02-04,35,184,2.1230012892922847,816
2015-02-05,36,184,2.120877608486605,840
2015-02-06,37,184,2.134446171623644,864
2015-02-07,38,184,2.080475964905109,888
2015-02-08,39,184,2.092964859019878,912
2015-02-09,40,184,2.1200661618849725,936
2015-02-10,41,184,2.1537949292257417,960
2015-02-11,42,184,2.1518976111919352,984
2015-02-12,43,184,2.15342296885903,1008
2015-02-13,44,184,2.193241731330132,1032
2015-02-14,45,184,2.2731288991499112,1056
2015-02-15,46,184,2.227181589762274,1080
2015-02-16,47,184,2.1963130439395537,1104
2015-02-17,48,184,2.2052541624812148,1128
2015-02-18,49,184,2.194751360199087,1152
2015-02-19,50,184,2.2401222674203423,1176
2015-02-20,51,184,2.324180656465664,1200
2015-02-21,52,184,2.2832183252051874,1224
2015-02-22,53,184,2.24661852271971,1248
2015-02-23,54,184,2.2535194375366845,1272
2015-02-24,55,184,2.3283779510532394,1296
2015-02-25,56,184,2.3146344236276315,1320
2015-02-26,57,184,2.278184328165983,1344
2015-02-27,58,184,2.2950023005580418,1368
2015-02-28,59,184,2.2954236539150927,1392
2015-03-01,60,184,2.398611819326944,1416
2015-03-02,61,184,2.5030813264279064,1440
2015-03-03,62,184,2.4455871680774903,1464
2015-03-04,63,184,2.332247332371157,1488
2015-03-05,64,184,2.2920374156899226,1512
2015-03-06,65,184,2.289554247469621,1536
2015-03-07,66,184,2.3345184715561524,1560
2015-03-08,67,184,2.4296588366208143,1584
2015-03-09,68,184,2.5060734274868883,1608
2015-03-10,69,184,2.5321208930249637,1632
2015-03-11,70,184,2.5312143753186627,1656
2015-03-12,71,184,2.38665105259554,1680
2015-03-13,72,184,2.363112444393772,1704
2015-03-14,73,184,2.3437620861356248,1728
2015-03-15,74,184,2.3568675329462305,1752
2015-03-16,75,184,2.501865352552312,1776
2015-03-17,76,184,2.605137950546446,1800
2015-03-18,77,184,2.673537352469708,1824
2015-03-19,78,184,2.6325072374556937,1848
2015-03-20,79,184,2.552945073113523,1872
2015-03-21,80,184,2.4932007001938863,1896
2015-03-22,81,184,2.390695264580012,1920
2015-03-23,82,184,2.5082256483562246,1944
2015-03-24,83,184,2.583154374938953,1968
2015-03-25,84,184,2.5090987366043973,1992
2015-03-26,85,184,2.4255940377883065,2016
2015-03-27,86,184,2.4914981918542543,2040
2015-03-28,87,184,2.5003148197933345,2064
2015-03-29,88,184,2.6293901526658368,2088
2015-03-30,89,184,2.6428396922270294,2112
2015-03-31,90,184,2.718422716933492,2136
2015-04-01,91,184,2.4169684548358825,2160
2015-04-02,92,184,2.425579228812372,2184
2015-04-03,93,184,2.409181561113158,2208
2015-04-04,94,184,2.41240584126756,2232
2015-04-05,95,184,2.3420664382481395,2256
2015-04-06,96,184,2.334608762928931,2280
2015-04-07,97,184,2.385134128113141,2304
2015-04-08,98,184,2.5083766558344345,2328
2015-04-09,99,184,2.6736418885441107,2352
2015-04-10,100,184,2.8422152421561937,2376
2015-04-11,101,184,2.789876155003337,2400
2015-04-12,102,184,2.812195061567551,2424
2015-04-13,103,184,2.8561230336607686,2448
2015-04-14,104,184,2.8397720892829614,2472
2015-04-15,105,184,2.912290483084032,2496
2015-04-16,106,184,2.8971030347526066,2520
2015-04-17,107,184,2.752164984892685,2544
2015-04-18,108,184,2.5599770166216365,2568
2015-04-19,109,184,2.599061855466256,2592
2015-04-20,110,184,2.689943171389336,2616
2015-04-21,111,184,2.7969795252644913,2640
2015-04-22,112,184,2.8791142613874827,2664
2015-04-23,113,184,2.726082090772876,2688
2015-04-24,114,184,2.8084964591730106,2712
2015-04-25,115,184,2.8331467914410133,2736
2015-04-26,116,184,2.8960645530906386,2760
2015-04-27,117,184,2.9132879353292065,2784
2015-04-28,118,184,2.527241001434179,2808
2015-04-29,119,184,2.5871589893741,2832
2015-04-30,120,184,2.7380878194695413,2856
2015-05-01,121,184,2.716109518556985,2880
2015-05-02,122,184,2.8391875478382893,2904
2015-05-03,123,184,2.9268847956610404,2928
2015-05-04,124,184,3.0425562624437537,2952
2015-05-05,125,184,3.05446886560768,2976
2015-05-06,126,184,2.861007148053836,3000
2015-05-07,127,184,2.8278927754583867,3024
2015-05-08,128,184,2.8982795864903217,3048
2015-05-09,129,184,2.9449439981057384,3072
2015-05-10,130,184,2.9605881668026663,3096
2015-05-11,131,184,3.0957267754045423,3120
2015-05-12,132,184,3.3505762758631983,3144
2015-05-13,133,184,3.4121659091706467,3168
2015-05-14,134,184,3.1530712880191345,3192
2015-05-15,135,184,2.555948596245951,3216
2015-05-16,136,184,2.8148757932024338,3240
2015-05-17,137,184,2.9510361075836444,3264
2015-05-18,138,184,3.0366075431926927,3288
2015-05-19,139,184,2.7920945268422366,3312
2015-05-20,140,184,2.578498476085976,3336
2015-05-21,141,184,2.555434600123949,3360
2015-05-22,142,184,2.7043367307150747,3384
2015-05-23,143,184,2.7777366227026574,3408
2015-05-24,144,184,2.9155599793957743,3432
2015-05-25,145,184,2.8756114108726307,3456
2015-05-26,146,184,2.7136479932371875,3480
2015-05-27,147,184,2.717345385652485,3504
2015-05-28,148,184,2.880954314457173,3528
2015-05-29,149,184,3.0977450080476334,3552
2015-05-30,150,184,3.003929732441529,3576
2015-05-31,151,184,3.076921215329709,3600
2015-06-01,152,184,3.1526375945688168,3624
2015-06-02,153,184,3.2597334265005053,3648
2015-06-03,154,184,3.3884176387947136,3672
2015-06-04,155,184,3.4383906434067404,3696
2015-06-05,156,184,3.640582893324119,3720
2015-06-06,157,184,3.580887059861967,3744
2015-06-07,158,184,3.4566023736282023,3768
2015-06-08,159,184,3.134312946310758,3792
2015-06-09,160,184,2.879003864848085,3816
2015-06-10,161,184,2.9860695277291947,3840
2015-06-11,162,184,3.2465412710985007,3864
2015-06-12,163,184,3.34737007525392,3888
2015-06-13,164,184,3.347259357420901,3912
2015-06-14,165,184,3.1792167790372896,3936
2015-06-15,166,184,3.022341340558518,3960
2015-06-16,167,184,3.0371735861015483,3984
2015-06-17,168,184,3.0458556066958566,4008
2015-06-18,169,184,2.979809493289708,4032
2015-06-19,170,184,3.0150234060806285,4056
2015-06-20,171,184,2.8622278836718236,4080
2015-06-21,172,184,2.9135008130518263,4104
2015-06-22,173,184,3.1091117849688796,4128
2015-06-23,174,184,2.8816561525987323,4152
2015-06-24,175,184,2.948760169684605,4176
2015-06-25,176,184,3.1088359534305336,4200
2015-06-26,177,184,3.251776722210621,4224
2015-06-27,178,184,3.3124451879076817,4248
2015-06-28,179,184,3.3148550545324142,4272
2015-06-29,180,184,3.3546652713289986,4296
2015-06-30,181,184,3.5317986056071105,4320
2015-07-01,182,184,3.7046075758174974,4344
2015-07-02,183,184,3.913307428900609,4368
2015-07-03,184,184,4.022004931528603,4392
2015-07-04,185,184,4.05148034104496,4416
2015-07-05,186,184,4.113788434060702,4440
2015-07-06,187,184,3.7861788175546383,4464
2015-07-07,188,184,4.071933501200252,4488
2015-07-08,189,184,3.3272481252680794,4512
2015-07-09,190,184,3.20663436866604,4536
2015-07-10,191,184,3.2328864294993216,4560
2015-07-11,192,184,3.5692488883458906,4584
2015-07-12,193,184,3.5457828097230384,4608
2015-07-13,194,184,3.4627830415512992,4632
2015-07-14,195,184,3.585783758997621,4656
2015-07-15,196,184,3.6045127279889035,4680
2015-07-16,197,184,3.792765387957768,4704
2015-07-17,198,184,3.799092470181389,4728
2015-07-18,199,184,3.54610985927011,4752
2015-07-19,200,184,3.6875610203607034,4776
2015-07-20,201,184,3.719163708810546,4800
2015-07-21,202,184,3.8774209971761935,4824
2015-07-22,203,184,3.705748642289522,4848
2015-07-23,204,184,3.410303053485715,4872
2015-07-24,205,184,3.5123569946909337,4896
2015-07-25,206,184,3.221292538814572,4920
2015-07-26,207,184,3.0365705150554394,4944
2015-07-27,208,184,3.259020189912516,4968
2015-07-28,209,184,3.1847865099002037,4992
2015-07-29,210,184,2.960783356486436,5016
2015-07-30,211,184,3.0080657001352726,5040
2015-07-31,212,184,3.104830839334752,5064
2015-08-01,213,184,3.0750215891622563,5088
2015-08-02,214,184,3.2858590276227058,5112
2015-08-03,215,184,3.515081122104783,5136
2015-08-04,216,184,3.3938185454428123,5160
2015-08-05,217,184,3.5427928321168825,5184
2015-08-06,218,184,3.864135921093976,5208
2015-08-07,219,184,3.978244372197839,5232
2015-08-08,220,184,3.952140368474177,5256
2015-08-09,221,184,3.5204807179043134,5280
2015-08-10,222,184,3.4634818490591317,5304
2015-08-11,223,184,3.5766073370204365,5328
2015-08-12,224,184,3.704264789427072,5352
2015-08-13,225,184,3.6400606032115768,5376
2015-08-14,226,184,3.2347105646271777,5400
2015-08-15,227,184,3.0295985495382425,5424
2015-08-16,228,184,2.9529747398258643,5448
2015-08-17,229,184,3.027178120873696,5472
2015-08-18,230,184,3.0214678313218366,5496
2015-08-19,231,184,2.90847686131871,5520
2015-08-20,232,184,3.021107159210662,5544
2015-08-21,233,184,3.1125695118014622,5568
2015-08-22,234,184,3.1634476062801498,5592
2015-08-23,235,184,3.105627357906457,5616
2015-08-24,236,184,3.042154148772967,5640
2015-08-25,237,184,3.013569650111957,5664
2015-08-26,238,184,3.1534378794059563,5688
2015-08-27,239,184,3.4541796217578256,5712
2015-08-28,240,184,3.616021919998485,5736
2015-08-29,241,184,3.6142126712970217,5760
2015-08-30,242,184,3.744604472158053,5784
2015-08-31,243,184,3.666729049984218,5808
2015-09-01,244,184,3.2104163832046613,5832
2015-09-02,245,184,3.0640115690733523,5856
2015-09-03,246,184,2.97998894971438,5880
2015-09-04,247,184,2.985190517454309,5904
2015-09-05,248,184,2.8215975696106548,5928
2015-09-06,249,184,2.7762505442025174,5952
2015-09-07,250,184,2.7568006565731347,5976
2015-09-08,251,184,2.830354192704733,6000
2015-09-09,252,184,2.8663977078081477,6024
2015-09-10,253,184,2.7691347018811343,6048
2015-09-11,254,184,2.8861190085139783,6072
2015-09-12,255,184,3.1475814530055177,6096
2015-09-13,256,184,3.099073743474588,6120
2015-09-14,257,184,2.960963193755284,6144
2015-09-15,258,184,2.909079646172352,6168
2015-09-16,259,184,3.0524481072736465,6192
2015-09-17,260,184,2.8329095164069944,6216
2015-09-18,261,184,2.7838670468864115,6240
2015-09-19,262,184,2.8045344679294284,6264
2015-09-20,263,184,2.828969440622132,6288
2015-09-21,264,184,2.768771871046194,6312
2015-09-22,265,184,2.8238580443685786,6336
2015-09-23,266,184,2.643983100216381,6360
2015-09-24,267,184,2.7093783531627884,6384
2015-09-25,268,184,2.715736474478883,6408
2015-09-26,269,184,2.772169476654622,6432
2015-09-27,270,184,2.7927811951499324,6456
2015-09-28,271,184,2.6807197070663578,6480
2015-09-29,272,184,2.679611871584914,6504
2015-09-30,273,184,2.6106223480780315,6528
2015-10-01,274,184,2.5815036509769334,6552
2015-10-02,275,184,2.694449747189069,6576
2015-10-03,276,184,2.8826743290249373,6600
2015-10-04,277,184,2.7884663270533183,6624
2015-10-05,278,184,2.8783889702881624,6648
2015-10-06,279,184,2.9015452400904413,6672
2015-10-07,280,184,2.8395482650025485,6696
2015-10-08,281,184,2.7441122316792166,6720
2015-10-09,282,184,2.7111369745889657,6744
2015-10-10,283,184,2.668322605279075,6768
2015-10-11,284,184,2.6953337249629246,6792
2015-10-12,285,184,2.6594414339176318,6816
2015-10-13,286,184,2.5815865258963115,6840
2015-10-14,287,184,2.486858076339626,6864
2015-10-15,288,184,2.4142986845012326,6888
2015-10-16,289,184,2.4024977338822757,6912
2015-10-17,290,184,2.412222181825608,6936
2015-10-18,291,184,2.480118096414884,6960
2015-10-19,292,184,2.4820220810167832,6984
2015-10-20,293,184,2.434351122405996,7008
2015-10-21,294,184,2.4303306328441034,7032
2015-10-22,295,184,2.511939290518421,7056
2015-10-23,296,184,2.6550221119820487,7080
2015-10-24,297,184,2.7093664559698127,7104
2015-10-25,298,184,2.7064895058763563,7128
2015-10-26,299,184,2.622632983697001,7152
2015-10-27,300,184,2.5843177751375634,7176
2015-10-28,301,184,2.6630919119921117,7200
2015-10-29,302,184,2.646173489953638,7224
2015-10-30,303,184,2.6533927958959285,7248
2015-10-31,304,184,2.6114367212607466,7272
2015-11-01,305,184,2.5494531465839434,7296
2015-11-02,306,184,2.4832845156368064,7320
2015-11-03,307,184,2.478334725168713,7344
2015-11-04,308,184,2.575058841385149,7368
2015-11-05,309,184,2.6138941653541434,7392
2015-11-06,310,184,2.7315996446415296,7416
2015-11-07,311,184,2.823044201292216,7440
2015-11-08,312,184,2.7629732036163017,7464
2015-11-09,313,184,2.828351528643862,7488
2015-11-10,314,184,2.6968931427817733,7512
2015-11-11,315,184,2.5339485611465133,7536
2015-11-12,316,184,2.4671300239232288,7560
2015-11-13,317,184,2.564359650223896,7584
2015-11-14,318,184,2.6218388961854706,7608
2015-11-15,319,184,2.750636594809301,7632
2015-11-16,320,184,2.6489908513370928,7656
2015-11-17,321,184,2.7106771165680708,7680
2015-11-18,322,184,2.834629268162128,7704
2015-11-19,323,184,2.8290130307108727,7728
2015-11-20,324,184,2.7632023864084148,7752
2015-11-21,325,184,2.3405269330665086,7776
2015-11-22,326,184,2.266063719152548,7800
2015-11-23,327,184,2.2205663452727,7824
2015-11-24,328,184,2.1856698878680527,7848
2015-11-25,329,184,2.292593140291648,7872
2015-11-26,330,184,2.293108151750808,7896
2015-11-27,331,184,2.2613570038501143,7920
2015-11-28,332,184,2.2605218047565767,7944
2015-11-29,333,184,2.3985679428675506,7968
2015-11-30,334,184,2.61636103834981,7992
2015-12-01,335,184,2.5596355858704847,8016
2015-12-02,336,184,2.3429993028277325,8040
2015-12-03,337,184,2.2479557323071613,8064
2015-12-04,338,184,2.3361771418900483,8088
2015-12-05,339,184,2.3665635388598254,8112
2015-12-06,340,184,2.388195144841152,8136
2015-12-07,341,184,2.3493718614600763,8160
2015-12-08,342,184,2.308539212284003,8184
2015-12-09,343,184,2.400051520895116,8208
2015-12-10,344,184,2.256315429500669,8232
2015-12-11,345,184,2.306160636733333,8256
2015-12-12,346,184,2.3701590114382127,8280
2015-12-13,347,184,2.2725627486008406,8304
2015-12-14,348,184,2.2096539990369988,8328
2015-12-15,349,184,2.2733346883375782,8352
2015-12-16,350,184,2.492067559919533,8376
2015-12-17,351,184,2.5176176208042325,8400
2015-12-18,352,184,2.478542871159118,8424
2015-12-19,353,184,2.4212251012913737,8448
2015-12-20,354,184,2.3712882010284115,8472
2015-12-21,355,184,2.516507483080781,8496
2015-12-22,356,184,2.4842686063596413,8520
2015-12-23,357,184,2.5043912213945285,8544
2015-12-24,358,184,2.451848073038476,8568
2015-12-25,359,184,2.4609152812530906,8592
2015-12-26,360,184,2.362234656353983,8616
2015-12-27,361,184,2.316063695040443,8640
2015-12-28,362,184,2.2189398619013523,8664
2015-12-29,363,184,2.282924166643192,8688
2015-12-30,364,184,2.278461931572785,8712
2015-12-31,365,184,2.360329269681167,8736
2015-01-01,1,185,2.115673762892896,0
2015-01-02,2,185,2.2159295783059787,24
2015-01-03,3,185,2.3981046997044606,48
2015-01-04,4,185,2.4045289566580954,72
2015-01-05,5,185,2.2258326495863563,96
2015-01-06,6,185,2.2085554108866816,120
2015-01-07,7,185,2.2694570782714942,144
2015-01-08,8,185,2.3961992791893865,168
2015-01-09,9,185,2.5299328584836744,192
2015-01-10,10,185,2.8244402314266,216
2015-01-11,11,185,2.434293359593942,240
2015-01-12,12,185,2.343501924971472,264
2015-01-13,13,185,2.4381529859097664,288
2015-01-14,14,185,2.459781065560735,312
2015-01-15,15,185,2.400122651778791,336
2015-01-16,16,185,2.4089713377791395,360
2015-01-17,17,185,2.288904279440696,384
2015-01-18,18,185,2.220074068445357,408
2015-01-19,19,185,2.237272867904375,432
2015-01-20,20,185,2.256037050185018,456
2015-01-21,21,185,2.2436934570231735,480
2015-01-22,22,185,2.2416415718308387,504
2015-01-23,23,185,2.2483455529338245,528
2015-01-24,24,185,2.2597828980705152,552
2015-01-25,25,185,2.237190618188034,576
2015-01-26,26,185,2.189129217406176,600
2015-01-27,27,185,2.2723146982475777,624
2015-01-28,28,185,2.2607158836213017,648
2015-01-29,29,185,2.300843218606098,672
2015-01-30,30,185,2.2604264493172392,696
2015-01-31,31,185,2.2472395076979046,720
2015-02-01,32,185,2.2318127017990363,744
2015-02-02,33,185,2.235054860645429,768
2015-02-03,34,185,2.1635118104555167,792
2015-02-04,35,185,2.1521250642141214,816
2015-02-05,36,185,2.1464483692302467,840
2015-02-06,37,185,2.1627869865360903,864
2015-02-07,38,185,2.1196847148420663,888
2015-02-08,39,185,2.14568898941026,912
2015-02-09,40,185,2.1787371405042157,936
2015-02-10,41,185,2.2004300097390668,960
2015-02-11,42,185,2.198245124279794,984
2015-02-12,43,185,2.196884271636265,1008
2015-02-13,44,185,2.234116563407396,1032
2015-02-14,45,185,2.3044315346328283,1056
2015-02-15,46,185,2.24939497399624,1080
2015-02-16,47,185,2.234067933331442,1104
2015-02-17,48,185,2.2409414130855785,1128
2015-02-18,49,185,2.230102103114981,1152
2015-02-19,50,185,2.2599687647168207,1176
2015-02-20,51,185,2.354468840506326,1200
2015-02-21,52,185,2.301092455405814,1224
2015-02-22,53,185,2.2683648524183657,1248
2015-02-23,54,185,2.276056749763576,1272
2015-02-24,55,185,2.3571041687972905,1296
2015-02-25,56,185,2.3573691548591404,1320
2015-02-26,57,185,2.3065116311750247,1344
2015-02-27,58,185,2.323641301984156,1368
2015-02-28,59,185,2.3278244043702814,1392
2015-03-01,60,185,2.4191918208035768,1416
2015-03-02,61,185,2.5211601538994137,1440
2015-03-03,62,185,2.471280095374713,1464
2015-03-04,63,185,2.3616055695639724,1488
2015-03-05,64,185,2.3364058980321003,1512
2015-03-06,65,185,2.3299880449773243,1536
2015-03-07,66,185,2.36250031812584,1560
2015-03-08,67,185,2.4486587258462245,1584
2015-03-09,68,185,2.512625064377974,1608
2015-03-10,69,185,2.543616203740064,1632
2015-03-11,70,185,2.558055717684554,1656
2015-03-12,71,185,2.4209235014592734,1680
2015-03-13,72,185,2.3938236450945944,1704
2015-03-14,73,185,2.3798635076128343,1728
2015-03-15,74,185,2.3831409292374857,1752
2015-03-16,75,185,2.5044264386105053,1776
2015-03-17,76,185,2.604645958703097,1800
2015-03-18,77,185,2.6665948450561,1824
2015-03-19,78,185,2.6423877312701127,1848
2015-03-20,79,185,2.573778207580093,1872
2015-03-21,80,185,2.519586144522344,1896
2015-03-22,81,185,2.417420054696825,1920
2015-03-23,82,185,2.5275095736052218,1944
2015-03-24,83,185,2.595148349215469,1968
2015-03-25,84,185,2.522709350041654,1992
2015-03-26,85,185,2.454755339771609,2016
2015-03-27,86,185,2.5328549378442946,2040
2015-03-28,87,185,2.535396486498264,2064
2015-03-29,88,185,2.6452395680612275,2088
2015-03-30,89,185,2.670357238797294,2112
2015-03-31,90,185,2.7476292887013685,2136
2015-04-01,91,185,2.46283351370982,2160
2015-04-02,92,185,2.468829541075598,2184
2015-04-03,93,185,2.4617408944214536,2208
2015-04-04,94,185,2.4409584735388985,2232
2015-04-05,95,185,2.3808032013655134,2256
2015-04-06,96,185,2.378157304353272,2280
2015-04-07,97,185,2.435014520135413,2304
2015-04-08,98,185,2.542406095508214,2328
2015-04-09,99,185,2.6991125594538095,2352
2015-04-10,100,185,2.856371360360558,2376
2015-04-11,101,185,2.798484073499336,2400
2015-04-12,102,185,2.8279175902260287,2424
2015-04-13,103,185,2.8936581492843936,2448
2015-04-14,104,185,2.9046229929064573,2472
2015-04-15,105,185,2.9505488128726096,2496
2015-04-16,106,185,2.9271603317914487,2520
2015-04-17,107,185,2.7640949160598396,2544
2015-04-18,108,185,2.6033741994430395,2568
2015-04-19,109,185,2.6201056538799183,2592
2015-04-20,110,185,2.7203414630799503,2616
2015-04-21,111,185,2.8281778328440788,2640
2015-04-22,112,185,2.9073541796990563,2664
2015-04-23,113,185,2.767605464085131,2688
2015-04-24,114,185,2.8475180849662967,2712
2015-04-25,115,185,2.8426539578668097,2736
2015-04-26,116,185,2.8897208955981832,2760
2015-04-27,117,185,2.894255542945193,2784
2015-04-28,118,185,2.575837941750444,2808
2015-04-29,119,185,2.624414602210841,2832
2015-04-30,120,185,2.75057579836866,2856
2015-05-01,121,185,2.7267466746145343,2880
2015-05-02,122,185,2.8505891181882106,2904
2015-05-03,123,185,2.928416169527466,2928
2015-05-04,124,185,3.0413147794694724,2952
2015-05-05,125,185,3.0700743027563884,2976
2015-05-06,126,185,2.8907671830576565,3000
2015-05-07,127,185,2.859448277761755,3024
2015-05-08,128,185,2.9111050005705046,3048
2015-05-09,129,185,2.9739789725280183,3072
2015-05-10,130,185,3.001389676485664,3096
2015-05-11,131,185,3.1205211706085034,3120
2015-05-12,132,185,3.3663267402201966,3144
2015-05-13,133,185,3.4028137728124443,3168
2015-05-14,134,185,3.1712367635579115,3192
2015-05-15,135,185,2.5926091950930927,3216
2015-05-16,136,185,2.8568859266729123,3240
2015-05-17,137,185,2.9860482815714287,3264
2015-05-18,138,185,3.0689837678091223,3288
2015-05-19,139,185,2.831803188787941,3312
2015-05-20,140,185,2.6148266573702776,3336
2015-05-21,141,185,2.60602244120658,3360
2015-05-22,142,185,2.7568831896141046,3384
2015-05-23,143,185,2.820435204636748,3408
2015-05-24,144,185,2.9322568843310526,3432
2015-05-25,145,185,2.9085854886571947,3456
2015-05-26,146,185,2.780871986516606,3480
2015-05-27,147,185,2.7940333230873917,3504
2015-05-28,148,185,2.9115113049147783,3528
2015-05-29,149,185,3.1164955395138683,3552
2015-05-30,150,185,3.035278092344828,3576
2015-05-31,151,185,3.0841391689565154,3600
2015-06-01,152,185,3.163721177237775,3624
2015-06-02,153,185,3.2781505961826665,3648
2015-06-03,154,185,3.4155819626030843,3672
2015-06-04,155,185,3.4700292814075246,3696
2015-06-05,156,185,3.658857368206564,3720
2015-06-06,157,185,3.6132007811406126,3744
2015-06-07,158,185,3.4716495639047165,3768
2015-06-08,159,185,3.168614116568308,3792
2015-06-09,160,185,2.950993005667367,3816
2015-06-10,161,185,3.0406874039635894,3840
2015-06-11,162,185,3.2812491144625406,3864
2015-06-12,163,185,3.342959336479777,3888
2015-06-13,164,185,3.335036086282853,3912
2015-06-14,165,185,3.1800103694546564,3936
2015-06-15,166,185,3.0537548896365334,3960
2015-06-16,167,185,3.054703107008039,3984
2015-06-17,168,185,3.081186567513728,4008
2015-06-18,169,185,3.0336024746672923,4032
2015-06-19,170,185,3.0763372829143925,4056
2015-06-20,171,185,2.9201999868230986,4080
2015-06-21,172,185,2.9734378997657362,4104
2015-06-22,173,185,3.1423795067899984,4128
2015-06-23,174,185,2.950717638945132,4152
2015-06-24,175,185,2.9975703897617274,4176
2015-06-25,176,185,3.1527088228729467,4200
2015-06-26,177,185,3.287217512876882,4224
2015-06-27,178,185,3.3575928356950486,4248
2015-06-28,179,185,3.3609412649174635,4272
2015-06-29,180,185,3.4087800662070684,4296
2015-06-30,181,185,3.5719061580740834,4320
2015-07-01,182,185,3.760653631464076,4344
2015-07-02,183,185,3.951670015971375,4368
2015-07-03,184,185,4.043621467453452,4392
2015-07-04,185,185,4.074347430987727,4416
2015-07-05,186,185,4.126816422493387,4440
2015-07-06,187,185,3.8268219019899736,4464
2015-07-07,188,185,4.078547432972918,4488
2015-07-08,189,185,3.394256605180449,4512
2015-07-09,190,185,3.28879295832304,4536
2015-07-10,191,185,3.284307718172977,4560
2015-07-11,192,185,3.6206414521025057,4584
2015-07-12,193,185,3.5963214620035813,4608
2015-07-13,194,185,3.539106353501598,4632
2015-07-14,195,185,3.6393121448281422,4656
2015-07-15,196,185,3.6639168346357285,4680
2015-07-16,197,185,3.8534755860505214,4704
2015-07-17,198,185,3.87772817740827,4728
2015-07-18,199,185,3.6150959792633706,4752
2015-07-19,200,185,3.731969355623185,4776
2015-07-20,201,185,3.7638140344999824,4800
2015-07-21,202,185,3.928934742245002,4824
2015-07-22,203,185,3.755717870010499,4848
2015-07-23,204,185,3.4933692117729223,4872
2015-07-24,205,185,3.5587718597268565,4896
2015-07-25,206,185,3.293522533943672,4920
2015-07-26,207,185,3.1107053743280804,4944
2015-07-27,208,185,3.3133927519113047,4968
2015-07-28,209,185,3.2453307793594037,4992
2015-07-29,210,185,3.0254329887301763,5016
2015-07-30,211,185,3.06917563655715,5040
2015-07-31,212,185,3.1422708816955414,5064
2015-08-01,213,185,3.0879474287682527,5088
2015-08-02,214,185,3.3101966916715617,5112
2015-08-03,215,185,3.5549185329423385,5136
2015-08-04,216,185,3.4410514254263846,5160
2015-08-05,217,185,3.578494857997272,5184
2015-08-06,218,185,3.9012352287190617,5208
2015-08-07,219,185,4.010446128086355,5232
2015-08-08,220,185,3.916575218539252,5256
2015-08-09,221,185,3.5215185672007485,5280
2015-08-10,222,185,3.4600532257726986,5304
2015-08-11,223,185,3.595160273536625,5328
2015-08-12,224,185,3.730965695823061,5352
2015-08-13,225,185,3.6600165868334495,5376
2015-08-14,226,185,3.25593655421976,5400
2015-08-15,227,185,3.0545357814745207,5424
2015-08-16,228,185,2.988103254677727,5448
2015-08-17,229,185,3.06766264175743,5472
2015-08-18,230,185,3.0494394761389576,5496
2015-08-19,231,185,2.9546830647430684,5520
2015-08-20,232,185,3.0725698570799715,5544
2015-08-21,233,185,3.1713814771292634,5568
2015-08-22,234,185,3.2133308249602544,5592
2015-08-23,235,185,3.1184051620576585,5616
2015-08-24,236,185,3.0600971119431164,5640
2015-08-25,237,185,3.0619519662580683,5664
2015-08-26,238,185,3.201739731685707,5688
2015-08-27,239,185,3.482838465649907,5712
2015-08-28,240,185,3.6182345063168233,5736
2015-08-29,241,185,3.6282846504912887,5760
2015-08-30,242,185,3.7414341330288745,5784
2015-08-31,243,185,3.6710584742642696,5808
2015-09-01,244,185,3.2567027920340847,5832
2015-09-02,245,185,3.099448429836509,5856
2015-09-03,246,185,3.0129417710053925,5880
2015-09-04,247,185,3.010838809820967,5904
2015-09-05,248,185,2.8618899169185847,5928
2015-09-06,249,185,2.8184553309527467,5952
2015-09-07,250,185,2.8066536263125523,5976
2015-09-08,251,185,2.8673676555292653,6000
2015-09-09,252,185,2.9116810572052785,6024
2015-09-10,253,185,2.8266325435546165,6048
2015-09-11,254,185,2.9248600487906247,6072
2015-09-12,255,185,3.1463455923032564,6096
2015-09-13,256,185,3.1038850451000823,6120
2015-09-14,257,185,2.9903857573391472,6144
2015-09-15,258,185,2.9484383137672503,6168
2015-09-16,259,185,3.0876310874367228,6192
2015-09-17,260,185,2.9068626279777825,6216
2015-09-18,261,185,2.8434671336718655,6240
2015-09-19,262,185,2.8380768270886434,6264
2015-09-20,263,185,2.8769117364448347,6288
2015-09-21,264,185,2.8082838617604007,6312
2015-09-22,265,185,2.8477257544032164,6336
2015-09-23,266,185,2.6780071993157817,6360
2015-09-24,267,185,2.7642308884717917,6384
2015-09-25,268,185,2.7763354194433347,6408
2015-09-26,269,185,2.812222214231993,6432
2015-09-27,270,185,2.8315375173697084,6456
2015-09-28,271,185,2.7291079259105904,6480
2015-09-29,272,185,2.7095148308825183,6504
2015-09-30,273,185,2.65629228645991,6528
2015-10-01,274,185,2.6237452633203087,6552
2015-10-02,275,185,2.7137717265927206,6576
2015-10-03,276,185,2.87898290311176,6600
2015-10-04,277,185,2.8076470300059264,6624
2015-10-05,278,185,2.895152791940009,6648
2015-10-06,279,185,2.9272494258390367,6672
2015-10-07,280,185,2.8559814791345386,6696
2015-10-08,281,185,2.773502520067764,6720
2015-10-09,282,185,2.7494096856898333,6744
2015-10-10,283,185,2.71297790557707,6768
2015-10-11,284,185,2.728133465997113,6792
2015-10-12,285,185,2.691726091430092,6816
2015-10-13,286,185,2.624558091809999,6840
2015-10-14,287,185,2.5191499843172522,6864
2015-10-15,288,185,2.4409241745311374,6888
2015-10-16,289,185,2.444588606971887,6912
2015-10-17,290,185,2.453964420005174,6936
2015-10-18,291,185,2.5186444045097183,6960
2015-10-19,292,185,2.516761150111912,6984
2015-10-20,293,185,2.4737375533074744,7008
2015-10-21,294,185,2.47537724187244,7032
2015-10-22,295,185,2.54255502235488,7056
2015-10-23,296,185,2.6726207622884663,7080
2015-10-24,297,185,2.7126546084739074,7104
2015-10-25,298,185,2.7268910059134104,7128
2015-10-26,299,185,2.6475168528837467,7152
2015-10-27,300,185,2.606161698452304,7176
2015-10-28,301,185,2.6738917960863127,7200
2015-10-29,302,185,2.6678672184852585,7224
2015-10-30,303,185,2.6708235472978443,7248
2015-10-31,304,185,2.6338919515992703,7272
2015-11-01,305,185,2.569442828958468,7296
2015-11-02,306,185,2.518511337009544,7320
2015-11-03,307,185,2.51709550140432,7344
2015-11-04,308,185,2.6171283486356343,7368
2015-11-05,309,185,2.6482151405485497,7392
2015-11-06,310,185,2.750106506054317,7416
2015-11-07,311,185,2.8298737312757067,7440
2015-11-08,312,185,2.783251515541506,7464
2015-11-09,313,185,2.8259706257255632,7488
2015-11-10,314,185,2.7137767330611213,7512
2015-11-11,315,185,2.5621781077913086,7536
2015-11-12,316,185,2.512711469666003,7560
2015-11-13,317,185,2.592868145652865,7584
2015-11-14,318,185,2.626006311037659,7608
2015-11-15,319,185,2.728958642657778,7632
2015-11-16,320,185,2.6539624906782824,7656
2015-11-17,321,185,2.713668162858278,7680
2015-11-18,322,185,2.8111975404494327,7704
2015-11-19,323,185,2.812504954835477,7728
2015-11-20,324,185,2.7606566441127742,7752
2015-11-21,325,185,2.3843459700314504,7776
2015-11-22,326,185,2.3005008705601218,7800
2015-11-23,327,185,2.2441856607884856,7824
2015-11-24,328,185,2.2092946429583296,7848
2015-11-25,329,185,2.300275810893774,7872
2015-11-26,330,185,2.3231852708232403,7896
2015-11-27,331,185,2.281309352790863,7920
2015-11-28,332,185,2.2723644268029264,7944
2015-11-29,333,185,2.409162644630769,7968
2015-11-30,334,185,2.5978684900531444,7992
2015-12-01,335,185,2.5602344587529218,8016
2015-12-02,336,185,2.376478882018184,8040
2015-12-03,337,185,2.28623739183157,8064
2015-12-04,338,185,2.3564303089812406,8088
2015-12-05,339,185,2.396813303567342,8112
2015-12-06,340,185,2.4129063821966508,8136
2015-12-07,341,185,2.389791383642558,8160
2015-12-08,342,185,2.345615104556788,8184
2015-12-09,343,185,2.4315215694477104,8208
2015-12-10,344,185,2.287364983668488,8232
2015-12-11,345,185,2.3316955253208262,8256
2015-12-12,346,185,2.3751867368897512,8280
2015-12-13,347,185,2.3111821161024024,8304
2015-12-14,348,185,2.2609774440431067,8328
2015-12-15,349,185,2.30843147630055,8352
2015-12-16,350,185,2.496094966997622,8376
2015-12-17,351,185,2.523112028286986,8400
2015-12-18,352,185,2.4859905711144332,8424
2015-12-19,353,185,2.4444791971808826,8448
2015-12-20,354,185,2.4108240624752724,8472
2015-12-21,355,185,2.5274444636350064,8496
2015-12-22,356,185,2.4928639947731934,8520
2015-12-23,357,185,2.5143204128243206,8544
2015-12-24,358,185,2.4788539535614573,8568
2015-12-25,359,185,2.476660652905798,8592
2015-12-26,360,185,2.3834112890730466,8616
2015-12-27,361,185,2.3449426014208687,8640
2015-12-28,362,185,2.274027283594448,8664
2015-12-29,363,185,2.3105928682059647,8688
2015-12-30,364,185,2.3088200063511986,8712
2015-12-31,365,185,2.377256162879395,8736
2015-01-01,1,162,2.081557445307903,0
2015-01-02,2,162,2.2378374663338665,24
2015-01-03,3,162,2.3010788357519516,48
2015-01-04,4,162,2.238283767971072,72
2015-01-05,5,162,2.113510432319809,96
2015-01-06,6,162,2.1894607073322576,120
2015-01-07,7,162,2.1620705137524228,144
2015-01-08,8,162,2.2146772788146545,168
2015-01-09,9,162,2.3370595889502903,192
2015-01-10,10,162,2.5124947771864408,216
2015-01-11,11,162,2.2372064821587183,240
2015-01-12,12,162,2.2480447457906303,264
2015-01-13,13,162,2.354585115482468,288
2015-01-14,14,162,2.246547300354986,312
2015-01-15,15,162,2.2846062735780865,336
2015-01-16,16,162,2.319860622969333,360
2015-01-17,17,162,2.1429658969383745,384
2015-01-18,18,162,2.0298141756931773,408
2015-01-19,19,162,2.0661181480023845,432
2015-01-20,20,162,2.0960918141419933,456
2015-01-21,21,162,2.0996317230204053,480
2015-01-22,22,162,2.1167483602965937,504
2015-01-23,23,162,2.049789742951716,528
2015-01-24,24,162,2.040803463782141,552
2015-01-25,25,162,2.024505753012533,576
2015-01-26,26,162,1.997228363198971,600
2015-01-27,27,162,2.0956888345742306,624
2015-01-28,28,162,2.050654930704054,648
2015-01-29,29,162,2.1402864420337,672
2015-01-30,30,162,2.0476142945629405,696
2015-01-31,31,162,2.0218872869758933,720
2015-02-01,32,162,2.0169864603673417,744
2015-02-02,33,162,2.014912500523597,768
2015-02-03,34,162,1.9576944171972943,792
2015-02-04,35,162,1.9811801337854693,816
2015-02-05,36,162,1.9735075206918584,840
2015-02-06,37,162,1.9982774272367696,864
2015-02-07,38,162,1.9893715345060297,888
2015-02-08,39,162,1.99383932504752,912
2015-02-09,40,162,2.0223267870437214,936
2015-02-10,41,162,2.1181827306529897,960
2015-02-11,42,162,2.21701428355276,984
2015-02-12,43,162,2.213983497482224,1008
2015-02-13,44,162,2.2175066501027585,1032
2015-02-14,45,162,2.2217578949345964,1056
2015-02-15,46,162,2.18224602337881,1080
2015-02-16,47,162,2.188430327374184,1104
2015-02-17,48,162,2.192204307608628,1128
2015-02-18,49,162,2.1096338528240297,1152
2015-02-19,50,162,2.1620176700355778,1176
2015-02-20,51,162,2.2003359634965824,1200
2015-02-21,52,162,2.161549699455463,1224
2015-02-22,53,162,2.0949310735515256,1248
2015-02-23,54,162,2.135723797014575,1272
2015-02-24,55,162,2.1322195430145943,1296
2015-02-25,56,162,2.100374039757446,1320
2015-02-26,57,162,2.0815767615124985,1344
2015-02-27,58,162,2.142930781988244,1368
2015-02-28,59,162,2.1238298165494647,1392
2015-03-01,60,162,2.248250152717248,1416
2015-03-02,61,162,2.282909839423225,1440
2015-03-03,62,162,2.2240838825736784,1464
2015-03-04,63,162,2.1410074450411547,1488
2015-03-05,64,162,2.095429980180184,1512
2015-03-06,65,162,2.1210918478671967,1536
2015-03-07,66,162,2.2796373163454144,1560
2015-03-08,67,162,2.3627070623395463,1584
2015-03-09,68,162,2.379715296498889,1608
2015-03-10,69,162,2.361911236029612,1632
2015-03-11,70,162,2.3409392401789537,1656
2015-03-12,71,162,2.228638851794652,1680
2015-03-13,72,162,2.2139455809787942,1704
2015-03-14,73,162,2.2232820124695527,1728
2015-03-15,74,162,2.2460212328459708,1752
2015-03-16,75,162,2.3569729769389447,1776
2015-03-17,76,162,2.412276206634695,1800
2015-03-18,77,162,2.441619830941725,1824
2015-03-19,78,162,2.427347844570312,1848
2015-03-20,79,162,2.409013977615828,1872
2015-03-21,80,162,2.3350688106535555,1896
2015-03-22,81,162,2.2391752170537345,1920
2015-03-23,82,162,2.334936126765061,1944
2015-03-24,83,162,2.408552064700161,1968
2015-03-25,84,162,2.336660615317743,1992
2015-03-26,85,162,2.2453773872744374,2016
2015-03-27,86,162,2.2738165121574543,2040
2015-03-28,87,162,2.310614324441832,2064
2015-03-29,88,162,2.3882971193760603,2088
2015-03-30,89,162,2.3666837550322004,2112
2015-03-31,90,162,2.4531258708586168,2136
2015-04-01,91,162,2.204566483410102,2160
2015-04-02,92,162,2.2399746269552274,2184
2015-04-03,93,162,2.2681285539780696,2208
2015-04-04,94,162,2.261337823121812,2232
2015-04-05,95,162,2.1577713358175794,2256
2015-04-06,96,162,2.1519452311201035,2280
2015-04-07,97,162,2.2205338030363166,2304
2015-04-08,98,162,2.359415564330773,2328
2015-04-09,99,162,2.545781734383375,2352
2015-04-10,100,162,2.6134189180431835,2376
2015-04-11,101,162,2.493720837085292,2400
2015-04-12,102,162,2.550494613001596,2424
2015-04-13,103,162,2.610658462716664,2448
2015-04-14,104,162,2.5900573359786048,2472
2015-04-15,105,162,2.687361357513225,2496
2015-04-16,106,162,2.643675405862504,2520
2015-04-17,107,162,2.521770152445281,2544
2015-04-18,108,162,2.4035211123526983,2568
2015-04-19,109,162,2.416936916367542,2592
2015-04-20,110,162,2.5168246557924245,2616
2015-04-21,111,162,2.5982417357595486,2640
2015-04-22,112,162,2.680643751270437,2664
2015-04-23,113,162,2.6049548223376755,2688
2015-04-24,114,162,2.6420997289362598,2712
2015-04-25,115,162,2.5924473720492527,2736
2015-04-26,116,162,2.6119935174420195,2760
2015-04-27,117,162,2.6192461492183097,2784
2015-04-28,118,162,2.347111537446452,2808
2015-04-29,119,162,2.4110810752909693,2832
2015-04-30,120,162,2.499860716106268,2856
2015-05-01,121,162,2.484255045715045,2880
2015-05-02,122,162,2.59414296680616,2904
2015-05-03,123,162,2.6952928063240966,2928
2015-05-04,124,162,2.7732762881931587,2952
2015-05-05,125,162,2.8250143563370687,2976
2015-05-06,126,162,2.5946889292665056,3000
2015-05-07,127,162,2.6024854494682508,3024
2015-05-08,128,162,2.6653523983209206,3048
2015-05-09,129,162,2.6590805258183234,3072
2015-05-10,130,162,2.6924611534784297,3096
2015-05-11,131,162,2.8947439282473164,3120
2015-05-12,132,162,3.0096044822384505,3144
2015-05-13,133,162,3.0841488396617316,3168
2015-05-14,134,162,2.8663684496620827,3192
2015-05-15,135,162,2.3426934410691063,3216
2015-05-16,136,162,2.552958289329034,3240
2015-05-17,137,162,2.6653180485435355,3264
2015-05-18,138,162,2.790136501420429,3288
2015-05-19,139,162,2.566950772420623,3312
2015-05-20,140,162,2.343162820208501,3336
2015-05-21,141,162,2.3326275450645504,3360
2015-05-22,142,162,2.4421966551253798,3384
2015-05-23,143,162,2.4980766477155987,3408
2015-05-24,144,162,2.6061157551982217,3432
2015-05-25,145,162,2.613181661572861,3456
2015-05-26,146,162,2.4942723020840907,3480
2015-05-27,147,162,2.5112622549447883,3504
2015-05-28,148,162,2.6608926825837336,3528
2015-05-29,149,162,2.802405625277701,3552
2015-05-30,150,162,2.7167877644061456,3576
2015-05-31,151,162,2.762825982889049,3600
2015-06-01,152,162,2.854935534150297,3624
2015-06-02,153,162,2.9243221759504845,3648
2015-06-03,154,162,3.061183930497573,3672
2015-06-04,155,162,3.1328254308306116,3696
2015-06-05,156,162,3.237666351414616,3720
2015-06-06,157,162,3.171328364381181,3744
2015-06-07,158,162,3.0750551123620378,3768
2015-06-08,159,162,2.878651428710913,3792
2015-06-09,160,162,2.739215649969963,3816
2015-06-10,161,162,2.8083897795434636,3840
2015-06-11,162,162,2.963298398147794,3864
2015-06-12,163,162,2.986760351891869,3888
2015-06-13,164,162,2.9609232132849086,3912
2015-06-14,165,162,2.8224305085315184,3936
2015-06-15,166,162,2.7701056423517323,3960
2015-06-16,167,162,2.747268767105056,3984
2015-06-17,168,162,2.7635969674168166,4008
2015-06-18,169,162,2.7568689295518882,4032
2015-06-19,170,162,2.734814274538175,4056
2015-06-20,171,162,2.60667130316908,4080
2015-06-21,172,162,2.675899506078556,4104
2015-06-22,173,162,2.8495661599943487,4128
2015-06-23,174,162,2.6330644973507202,4152
2015-06-24,175,162,2.7113266147745563,4176
2015-06-25,176,162,2.8561343510243797,4200
2015-06-26,177,162,2.9619346328677323,4224
2015-06-27,178,162,2.9859553111225043,4248
2015-06-28,179,162,2.997061415673658,4272
2015-06-29,180,162,3.084098575275529,4296
2015-06-30,181,162,3.223320557800663,4320
2015-07-01,182,162,3.396611028274689,4344
2015-07-02,183,162,3.530448028629335,4368
2015-07-03,184,162,3.554193439387225,4392
2015-07-04,185,162,3.5628291415151985,4416
2015-07-05,186,162,3.5805872553004434,4440
2015-07-06,187,162,3.3983786393603013,4464
2015-07-07,188,162,3.5714756860519814,4488
2015-07-08,189,162,2.997603798431814,4512
2015-07-09,190,162,2.8414063675468446,4536
2015-07-10,191,162,2.98076516581006,4560
2015-07-11,192,162,3.2576337548179866,4584
2015-07-12,193,162,3.1821954908735286,4608
2015-07-13,194,162,3.106596312999548,4632
2015-07-14,195,162,3.1967435593484903,4656
2015-07-15,196,162,3.2723735852516715,4680
2015-07-16,197,162,3.4391372229970147,4704
2015-07-17,198,162,3.2951004144619964,4728
2015-07-18,199,162,3.1911127193815063,4752
2015-07-19,200,162,3.2322151292385763,4776
2015-07-20,201,162,3.2532710469424986,4800
2015-07-21,202,162,3.4211070701596418,4824
2015-07-22,203,162,3.2836888332661047,4848
2015-07-23,204,162,3.086121776437663,4872
2015-07-24,205,162,3.154116035607044,4896
2015-07-25,206,162,2.8796854052651955,4920
2015-07-26,207,162,2.7763978340958166,4944
2015-07-27,208,162,2.9112848135057843,4968
2015-07-28,209,162,2.8571323996858675,4992
2015-07-29,210,162,2.78580149876293,5016
2015-07-30,211,162,2.739243146340227,5040
2015-07-31,212,162,2.8538527054123346,5064
2015-08-01,213,162,2.810145952395891,5088
2015-08-02,214,162,2.9423143326509584,5112
2015-08-03,215,162,3.179296709854029,5136
2015-08-04,216,162,3.0871506399015285,5160
2015-08-05,217,162,3.200213917067504,5184
2015-08-06,218,162,3.4363381547624203,5208
2015-08-07,219,162,3.554734524055021,5232
2015-08-08,220,162,3.348282013668201,5256
2015-08-09,221,162,3.053241056587209,5280
2015-08-10,222,162,3.0083848465262464,5304
2015-08-11,223,162,3.1454665529074903,5328
2015-08-12,224,162,3.2732932978036047,5352
2015-08-13,225,162,3.2427208254845263,5376
2015-08-14,226,162,2.880304085737115,5400
2015-08-15,227,162,2.7028952928501133,5424
2015-08-16,228,162,2.687605178394416,5448
2015-08-17,229,162,2.729506552606458,5472
2015-08-18,230,162,2.708583209168914,5496
2015-08-19,231,162,2.6455903411672184,5520
2015-08-20,232,162,2.748525648273644,5544
2015-08-21,233,162,2.829572296489072,5568
2015-08-22,234,162,2.900805893756869,5592
2015-08-23,235,162,2.8610382515826003,5616
2015-08-24,236,162,2.8155986245738225,5640
2015-08-25,237,162,2.735176862861908,5664
2015-08-26,238,162,2.9221785450425304,5688
2015-08-27,239,162,3.1038557584115987,5712
2015-08-28,240,162,3.213337579628325,5736
2015-08-29,241,162,3.2817755076258144,5760
2015-08-30,242,162,3.2820359180682783,5784
2015-08-31,243,162,3.194848124533109,5808
2015-09-01,244,162,2.925375929432596,5832
2015-09-02,245,162,2.7584182433349453,5856
2015-09-03,246,162,2.6877306888802406,5880
2015-09-04,247,162,2.6765249740796047,5904
2015-09-05,248,162,2.5207650220007127,5928
2015-09-06,249,162,2.517036307697556,5952
2015-09-07,250,162,2.541468114999806,5976
2015-09-08,251,162,2.6068531330022995,6000
2015-09-09,252,162,2.6622800267917675,6024
2015-09-10,253,162,2.6057583202140684,6048
2015-09-11,254,162,2.670157213688316,6072
2015-09-12,255,162,2.7921253395227,6096
2015-09-13,256,162,2.8028037974915025,6120
2015-09-14,257,162,2.67913703641666,6144
2015-09-15,258,162,2.6746036097568404,6168
2015-09-16,259,162,2.978675297089741,6192
2015-09-17,260,162,2.7304941272969945,6216
2015-09-18,261,162,2.582303279036583,6240
2015-09-19,262,162,2.5812565915527057,6264
2015-09-20,263,162,2.5695551470068114,6288
2015-09-21,264,162,2.5854066136242744,6312
2015-09-22,265,162,2.6059886107393693,6336
2015-09-23,266,162,2.400994521193617,6360
2015-09-24,267,162,2.465830924244465,6384
2015-09-25,268,162,2.5393575947732145,6408
2015-09-26,269,162,2.568691161359395,6432
2015-09-27,270,162,2.5615567753629067,6456
2015-09-28,271,162,2.498560791657961,6480
2015-09-29,272,162,2.4614409281982885,6504
2015-09-30,273,162,2.46306464745999,6528
2015-10-01,274,162,2.4648488373466324,6552
2015-10-02,275,162,2.5902827875967067,6576
2015-10-03,276,162,2.6298753461203805,6600
2015-10-04,277,162,2.5404139163298587,6624
2015-10-05,278,162,2.704526764721293,6648
2015-10-06,279,162,2.703384207614393,6672
2015-10-07,280,162,2.5586663261232565,6696
2015-10-08,281,162,2.5091583567084284,6720
2015-10-09,282,162,2.5321160748571097,6744
2015-10-10,283,162,2.5006996962830823,6768
2015-10-11,284,162,2.4927898636891688,6792
2015-10-12,285,162,2.5256019540889625,6816
2015-10-13,286,162,2.4719297740737107,6840
2015-10-14,287,162,2.2821372370634534,6864
2015-10-15,288,162,2.2287776844669547,6888
2015-10-16,289,162,2.22784293848381,6912
2015-10-17,290,162,2.280244216751953,6936
2015-10-18,291,162,2.3594544085205267,6960
2015-10-19,292,162,2.3316370866890765,6984
2015-10-20,293,162,2.306354522942424,7008
2015-10-21,294,162,2.298661700487996,7032
2015-10-22,295,162,2.35201265205706,7056
2015-10-23,296,162,2.4664674487305,7080
2015-10-24,297,162,2.5853191817434493,7104
2015-10-25,298,162,2.5647616086597003,7128
2015-10-26,299,162,2.5590208172682467,7152
2015-10-27,300,162,2.5453218751416,7176
2015-10-28,301,162,2.5425689313812683,7200
2015-10-29,302,162,2.4190247270926823,7224
2015-10-30,303,162,2.502449441015405,7248
2015-10-31,304,162,2.5620509395931608,7272
2015-11-01,305,162,2.5525504604866174,7296
2015-11-02,306,162,2.5318037437425334,7320
2015-11-03,307,162,2.5897478955945097,7344
2015-11-04,308,162,2.534165913877542,7368
2015-11-05,309,162,2.4938110084041667,7392
2015-11-06,310,162,2.5836844995467896,7416
2015-11-07,311,162,2.642037449912481,7440
2015-11-08,312,162,2.6995453243617322,7464
2015-11-09,313,162,2.664724851148244,7488
2015-11-10,314,162,2.5836215921313537,7512
2015-11-11,315,162,2.511771893388349,7536
2015-11-12,316,162,2.521164105361576,7560
2015-11-13,317,162,2.498786163477204,7584
2015-11-14,318,162,2.4289877847438084,7608
2015-11-15,319,162,2.5823506759849866,7632
2015-11-16,320,162,2.530358505432754,7656
2015-11-17,321,162,2.5187244875330346,7680
2015-11-18,322,162,2.5120629621166937,7704
2015-11-19,323,162,2.489051324847248,7728
2015-11-20,324,162,2.497615158332304,7752
2015-11-21,325,162,2.1652678625089825,7776
2015-11-22,326,162,2.075046626674761,7800
2015-11-23,327,162,1.991680021807011,7824
2015-11-24,328,162,2.015475850994423,7848
2015-11-25,329,162,2.1479850668151297,7872
2015-11-26,330,162,2.111649802137708,7896
2015-11-27,331,162,2.0283805195592635,7920
2015-11-28,332,162,2.08326062072986,7944
2015-11-29,333,162,2.1878936210819937,7968
2015-11-30,334,162,2.2950900261312093,7992
2015-12-01,335,162,2.277126974593601,8016
2015-12-02,336,162,2.325234076331149,8040
2015-12-03,337,162,2.341645576360196,8064
2015-12-04,338,162,2.3391154819167546,8088
2015-12-05,339,162,2.317524755239036,8112
2015-12-06,340,162,2.3221307773836046,8136
2015-12-07,341,162,2.3246933718295053,8160
2015-12-08,342,162,2.3096460187113075,8184
2015-12-09,343,162,2.257868941619211,8208
2015-12-10,344,162,2.1850778131730464,8232
2015-12-11,345,162,2.2546170552341733,8256
2015-12-12,346,162,2.224374441407078,8280
2015-12-13,347,162,2.2313564696315686,8304
2015-12-14,348,162,2.2260762850642983,8328
2015-12-15,349,162,2.2827879055631675,8352
2015-12-16,350,162,2.380908125247984,8376
2015-12-17,351,162,2.3819256018745887,8400
2015-12-18,352,162,2.4204855402937606,8424
2015-12-19,353,162,2.4307563288421035,8448
2015-12-20,354,162,2.4465283911684303,8472
2015-12-21,355,162,2.3601828706309607,8496
2015-12-22,356,162,2.3733994018817826,8520
2015-12-23,357,162,2.332222277436032,8544
2015-12-24,358,162,2.3340587371165142,8568
2015-12-25,359,162,2.3435122992405963,8592
2015-12-26,360,162,2.347205113384016,8616
2015-12-27,361,162,2.3637335896177043,8640
2015-12-28,362,162,2.3892918229053883,8664
2015-12-29,363,162,2.306683466705392,8688
2015-12-30,364,162,2.248945489128624,8712
2015-12-31,365,162,2.2957606090465625,8736
2015-01-01,1,163,2.080172142991253,0
2015-01-02,2,163,2.203116650763361,24
2015-01-03,3,163,2.366741429399306,48
2015-01-04,4,163,2.360704727579145,72
2015-01-05,5,163,2.184577698140499,96
2015-01-06,6,163,2.190356247457329,120
2015-01-07,7,163,2.233097071978793,144
2015-01-08,8,163,2.3588619838091494,168
2015-01-09,9,163,2.4941814384005316,192
2015-01-10,10,163,2.7516045576229304,216
2015-01-11,11,163,2.393780807744121,240
2015-01-12,12,163,2.3128919394352634,264
2015-01-13,13,163,2.4189611592438647,288
2015-01-14,14,163,2.428009941058588,312
2015-01-15,15,163,2.390404579719489,336
2015-01-16,16,163,2.413312320520064,360
2015-01-17,17,163,2.2525169388600683,384
2015-01-18,18,163,2.179219065456551,408
2015-01-19,19,163,2.2018609319058164,432
2015-01-20,20,163,2.230217771670328,456
2015-01-21,21,163,2.2181049285123287,480
2015-01-22,22,163,2.2156484743335887,504
2015-01-23,23,163,2.210647470495684,528
2015-01-24,24,163,2.2187477059366465,552
2015-01-25,25,163,2.186281859989136,576
2015-01-26,26,163,2.1494647182058317,600
2015-01-27,27,163,2.2358852596058587,624
2015-01-28,28,163,2.20912174949322,648
2015-01-29,29,163,2.2698331606070767,672
2015-01-30,30,163,2.222546360213648,696
2015-01-31,31,163,2.203870137745197,720
2015-02-01,32,163,2.1927020766988803,744
2015-02-02,33,163,2.1916458171633852,768
2015-02-03,34,163,2.109204961310836,792
2015-02-04,35,163,2.10852508615038,816
2015-02-05,36,163,2.1068563236806397,840
2015-02-06,37,163,2.118181527928153,864
2015-02-07,38,163,2.083738537004825,888
2015-02-08,39,163,2.0991890826524617,912
2015-02-09,40,163,2.121665038659652,936
2015-02-10,41,163,2.1503441264197813,960
2015-02-11,42,163,2.1635679078495795,984
2015-02-12,43,163,2.1716540143994774,1008
2015-02-13,44,163,2.2161559310517847,1032
2015-02-14,45,163,2.2955756289589253,1056
2015-02-15,46,163,2.245276012157135,1080
2015-02-16,47,163,2.2044487018101497,1104
2015-02-17,48,163,2.214537818786566,1128
2015-02-18,49,163,2.1962980650457875,1152
2015-02-19,50,163,2.2323052250107254,1176
2015-02-20,51,163,2.322166319929928,1200
2015-02-21,52,163,2.2856561399515782,1224
2015-02-22,53,163,2.2374136335176136,1248
2015-02-23,54,163,2.2470428681934456,1272
2015-02-24,55,163,2.3046510731508327,1296
2015-02-25,56,163,2.290352669894098,1320
2015-02-26,57,163,2.2584948921895682,1344
2015-02-27,58,163,2.289064721367392,1368
2015-02-28,59,163,2.2824380154527524,1392
2015-03-01,60,163,2.381789932221856,1416
2015-03-02,61,163,2.479578618835522,1440
2015-03-03,62,163,2.417855148930165,1464
2015-03-04,63,163,2.3147797905735987,1488
2015-03-05,64,163,2.2781384842424948,1512
2015-03-06,65,163,2.2831026504432472,1536
2015-03-07,66,163,2.3356586040116456,1560
2015-03-08,67,163,2.4303851168724124,1584
2015-03-09,68,163,2.4963936324555958,1608
2015-03-10,69,163,2.5170376274514465,1632
2015-03-11,70,163,2.5099081162693007,1656
2015-03-12,71,163,2.3813484302019,1680
2015-03-13,72,163,2.353937627073708,1704
2015-03-14,73,163,2.3479260126468446,1728
2015-03-15,74,163,2.3553921140321683,1752
2015-03-16,75,163,2.5102541840009933,1776
2015-03-17,76,163,2.5896550932793136,1800
2015-03-18,77,163,2.6459561036048145,1824
2015-03-19,78,163,2.6089374147759488,1848
2015-03-20,79,163,2.547866583734624,1872
2015-03-21,80,163,2.482410370253521,1896
2015-03-22,81,163,2.3840537437003,1920
2015-03-23,82,163,2.4824348895970783,1944
2015-03-24,83,163,2.5797716232438983,1968
2015-03-25,84,163,2.5014403641439373,1992
2015-03-26,85,163,2.41239634406852,2016
2015-03-27,86,163,2.4700696802247646,2040
2015-03-28,87,163,2.4795712330624817,2064
2015-03-29,88,163,2.5900087603377817,2088
2015-03-30,89,163,2.6117616452776367,2112
2015-03-31,90,163,2.6826199442173464,2136
2015-04-01,91,163,2.403505447438694,2160
2015-04-02,92,163,2.404252326361408,2184
2015-04-03,93,163,2.4118760132606063,2208
2015-04-04,94,163,2.4099514753236737,2232
2015-04-05,95,163,2.3345878628035965,2256
2015-04-06,96,163,2.332727347326648,2280
2015-04-07,97,163,2.3836863933907133,2304
2015-04-08,98,163,2.501905779812167,2328
2015-04-09,99,163,2.657834087888852,2352
2015-04-10,100,163,2.82010635407467,2376
2015-04-11,101,163,2.7354488175481158,2400
2015-04-12,102,163,2.7804848933274884,2424
2015-04-13,103,163,2.833336946293662,2448
2015-04-14,104,163,2.8178793528048165,2472
2015-04-15,105,163,2.8920799109715563,2496
2015-04-16,106,163,2.859768747151424,2520
2015-04-17,107,163,2.7290581865804686,2544
2015-04-18,108,163,2.551598112517852,2568
2015-04-19,109,163,2.5760807463526105,2592
2015-04-20,110,163,2.679356858909762,2616
2015-04-21,111,163,2.77804771285792,2640
2015-04-22,112,163,2.8637919678119963,2664
2015-04-23,113,163,2.719911602472212,2688
2015-04-24,114,163,2.801172431704316,2712
2015-04-25,115,163,2.8103780563003364,2736
2015-04-26,116,163,2.861430571814973,2760
2015-04-27,117,163,2.8750910402314585,2784
2015-04-28,118,163,2.514682923036488,2808
2015-04-29,119,163,2.5695187224482003,2832
2015-04-30,120,163,2.714333403533275,2856
2015-05-01,121,163,2.696186652690064,2880
2015-05-02,122,163,2.814506550493037,2904
2015-05-03,123,163,2.9024239966985075,2928
2015-05-04,124,163,3.0150062767773536,2952
2015-05-05,125,163,3.051192697842746,2976
2015-05-06,126,163,2.8350770406835992,3000
2015-05-07,127,163,2.8052534497865484,3024
2015-05-08,128,163,2.862477268176291,3048
2015-05-09,129,163,2.9101673693654235,3072
2015-05-10,130,163,2.924391922236272,3096
2015-05-11,131,163,3.0724014456081865,3120
2015-05-12,132,163,3.2992156190038218,3144
2015-05-13,133,163,3.3471728192882217,3168
2015-05-14,134,163,3.122243168714933,3192
2015-05-15,135,163,2.532360526904709,3216
2015-05-16,136,163,2.793293768676365,3240
2015-05-17,137,163,2.916018117348898,3264
2015-05-18,138,163,3.0082941181379854,3288
2015-05-19,139,163,2.7801690070046816,3312
2015-05-20,140,163,2.5611019479184303,3336
2015-05-21,141,163,2.5336051949698777,3360
2015-05-22,142,163,2.6781320052251414,3384
2015-05-23,143,163,2.7568722800361987,3408
2015-05-24,144,163,2.879949753484098,3432
2015-05-25,145,163,2.8489377146379096,3456
2015-05-26,146,163,2.699953269226788,3480
2015-05-27,147,163,2.7233513276714905,3504
2015-05-28,148,163,2.862421932193936,3528
2015-05-29,149,163,3.0603613418226945,3552
2015-05-30,150,163,2.977192826319812,3576
2015-05-31,151,163,3.040846193417368,3600
2015-06-01,152,163,3.1098231715757536,3624
2015-06-02,153,163,3.2191108915804056,3648
2015-06-03,154,163,3.3579383042153728,3672
2015-06-04,155,163,3.4089763322920335,3696
2015-06-05,156,163,3.587979294806748,3720
2015-06-06,157,163,3.5460057093796244,3744
2015-06-07,158,163,3.398527531600935,3768
2015-06-08,159,163,3.1203733071107966,3792
2015-06-09,160,163,2.8850657559468225,3816
2015-06-10,161,163,2.9787271569600016,3840
2015-06-11,162,163,3.2144791664330428,3864
2015-06-12,163,163,3.325021686992777,3888
2015-06-13,164,163,3.3051051210258544,3912
2015-06-14,165,163,3.130020876273942,3936
2015-06-15,166,163,3.003324005734921,3960
2015-06-16,167,163,3.010918098495707,3984
2015-06-17,168,163,3.030292862918968,4008
2015-06-18,169,163,2.9683896668732617,4032
2015-06-19,170,163,2.9928467985208322,4056
2015-06-20,171,163,2.8418428288792863,4080
2015-06-21,172,163,2.9117050438147243,4104
2015-06-22,173,163,3.0874683451752123,4128
2015-06-23,174,163,2.8659081417383865,4152
2015-06-24,175,163,2.944261372011945,4176
2015-06-25,176,163,3.091244709504425,4200
2015-06-26,177,163,3.220406959089986,4224
2015-06-27,178,163,3.271954047850516,4248
2015-06-28,179,163,3.282907664974107,4272
2015-06-29,180,163,3.3380044784319622,4296
2015-06-30,181,163,3.5127794866781885,4320
2015-07-01,182,163,3.6866116352388194,4344
2015-07-02,183,163,3.8715437704243167,4368
2015-07-03,184,163,3.949068048204048,4392
2015-07-04,185,163,3.991615091023162,4416
2015-07-05,186,163,4.02453161352589,4440
2015-07-06,187,163,3.734025237075632,4464
2015-07-07,188,163,3.991727221395325,4488
2015-07-08,189,163,3.3053008251096827,4512
2015-07-09,190,163,3.169896534760732,4536
2015-07-10,191,163,3.2117754521189115,4560
2015-07-11,192,163,3.5442002302682765,4584
2015-07-12,193,163,3.502264556828733,4608
2015-07-13,194,163,3.4419135713585662,4632
2015-07-14,195,163,3.534356546472305,4656
2015-07-15,196,163,3.572077840465397,4680
2015-07-16,197,163,3.7729049223367763,4704
2015-07-17,198,163,3.743500654146728,4728
2015-07-18,199,163,3.4978434412442327,4752
2015-07-19,200,163,3.625533465774109,4776
2015-07-20,201,163,3.6472878121816383,4800
2015-07-21,202,163,3.8118914206471093,4824
2015-07-22,203,163,3.6529078608482166,4848
2015-07-23,204,163,3.3742792346583284,4872
2015-07-24,205,163,3.469326045227972,4896
2015-07-25,206,163,3.1923494077673364,4920
2015-07-26,207,163,3.0121602725909224,4944
2015-07-27,208,163,3.2081786140006803,4968
2015-07-28,209,163,3.1485432467393863,4992
2015-07-29,210,163,2.9615126766510094,5016
2015-07-30,211,163,2.9750518453606003,5040
2015-07-31,212,163,3.0815998918104888,5064
2015-08-01,213,163,3.0374166317506064,5088
2015-08-02,214,163,3.2355273467553616,5112
2015-08-03,215,163,3.4822194875544805,5136
2015-08-04,216,163,3.3548760883899904,5160
2015-08-05,217,163,3.4895910795888967,5184
2015-08-06,218,163,3.819933044021482,5208
2015-08-07,219,163,3.9218066917562715,5232
2015-08-08,220,163,3.8043968153307848,5256
2015-08-09,221,163,3.4232062403147827,5280
2015-08-10,222,163,3.3961807513353386,5304
2015-08-11,223,163,3.5160529951225485,5328
2015-08-12,224,163,3.6475360029310315,5352
2015-08-13,225,163,3.5749627850443924,5376
2015-08-14,226,163,3.185037870095172,5400
2015-08-15,227,163,2.9903476450351367,5424
2015-08-16,228,163,2.932618904320233,5448
2015-08-17,229,163,2.9998056062433283,5472
2015-08-18,230,163,2.985119713172601,5496
2015-08-19,231,163,2.8915424378674524,5520
2015-08-20,232,163,2.9897909848731072,5544
2015-08-21,233,163,3.0915169288551785,5568
2015-08-22,234,163,3.138584656942069,5592
2015-08-23,235,163,3.0923299173070777,5616
2015-08-24,236,163,3.0230950526241718,5640
2015-08-25,237,163,2.9779831616473427,5664
2015-08-26,238,163,3.1262414712829973,5688
2015-08-27,239,163,3.399579728123128,5712
2015-08-28,240,163,3.546525769923788,5736
2015-08-29,241,163,3.5555017979311616,5760
2015-08-30,242,163,3.6771246594898654,5784
2015-08-31,243,163,3.600079250486785,5808
2015-09-01,244,163,3.1835141847071653,5832
2015-09-02,245,163,3.034214813876478,5856
2015-09-03,246,163,2.9471932346143177,5880
2015-09-04,247,163,2.952451726046669,5904
2015-09-05,248,163,2.791584684016852,5928
2015-09-06,249,163,2.7444229183517552,5952
2015-09-07,250,163,2.742861247485041,5976
2015-09-08,251,163,2.8026918308095885,6000
2015-09-09,252,163,2.850293238147773,6024
2015-09-10,253,163,2.7705966398523763,6048
2015-09-11,254,163,2.8698622084025263,6072
2015-09-12,255,163,3.095260096493666,6096
2015-09-13,256,163,3.0736987453307423,6120
2015-09-14,257,163,2.919834773512364,6144
2015-09-15,258,163,2.8718778144872545,6168
2015-09-16,259,163,3.1228748383968754,6192
2015-09-17,260,163,2.843484692936744,6216
2015-09-18,261,163,2.754995447147944,6240
2015-09-19,262,163,2.777354368522331,6264
2015-09-20,263,163,2.801184860439865,6288
2015-09-21,264,163,2.7460883237096803,6312
2015-09-22,265,163,2.7872950022709704,6336
2015-09-23,266,163,2.614124982922072,6360
2015-09-24,267,163,2.691182663981999,6384
2015-09-25,268,163,2.7118078963561087,6408
2015-09-26,269,163,2.759596213072018,6432
2015-09-27,270,163,2.774495314929016,6456
2015-09-28,271,163,2.677041763547391,6480
2015-09-29,272,163,2.650751676793744,6504
2015-09-30,273,163,2.5945116827548618,6528
2015-10-01,274,163,2.5820507866970286,6552
2015-10-02,275,163,2.6910483444181903,6576
2015-10-03,276,163,2.839208162475032,6600
2015-10-04,277,163,2.7547548058824773,6624
2015-10-05,278,163,2.8581140376584133,6648
2015-10-06,279,163,2.889286139405652,6672
2015-10-07,280,163,2.7976946418577087,6696
2015-10-08,281,163,2.709320097544406,6720
2015-10-09,282,163,2.6997241269020447,6744
2015-10-10,283,163,2.6486509559763483,6768
2015-10-11,284,163,2.6862716694800297,6792
2015-10-12,285,163,2.655649900921324,6816
2015-10-13,286,163,2.591731407810541,6840
2015-10-14,287,163,2.466426526401027,6864
2015-10-15,288,163,2.3979631008584,6888
2015-10-16,289,163,2.4011029122376613,6912
2015-10-17,290,163,2.418027129160808,6936
2015-10-18,291,163,2.481978178289821,6960
2015-10-19,292,163,2.475612117824606,6984
2015-10-20,293,163,2.4378889223492672,7008
2015-10-21,294,163,2.4345875636761973,7032
2015-10-22,295,163,2.499821504147164,7056
2015-10-23,296,163,2.6191542918225093,7080
2015-10-24,297,163,2.6744733765295337,7104
2015-10-25,298,163,2.6814293346180555,7128
2015-10-26,299,163,2.6013356278083104,7152
2015-10-27,300,163,2.57792991229212,7176
2015-10-28,301,163,2.6681587587135067,7200
2015-10-29,302,163,2.621591306309745,7224
2015-10-30,303,163,2.6267991062468585,7248
2015-10-31,304,163,2.5910934687073652,7272
2015-11-01,305,163,2.5460657775943742,7296
2015-11-02,306,163,2.490896378717959,7320
2015-11-03,307,163,2.519398532149326,7344
2015-11-04,308,163,2.5999851855029648,7368
2015-11-05,309,163,2.6025182178520883,7392
2015-11-06,310,163,2.7107456328073845,7416
2015-11-07,311,163,2.772809456612954,7440
2015-11-08,312,163,2.73808840790756,7464
2015-11-09,313,163,2.7962006557011545,7488
2015-11-10,314,163,2.6721696743000494,7512
2015-11-11,315,163,2.532062715463681,7536
2015-11-12,316,163,2.4827265638555143,7560
2015-11-13,317,163,2.5336518873288445,7584
2015-11-14,318,163,2.601174998746887,7608
2015-11-15,319,163,2.7061119559862417,7632
2015-11-16,320,163,2.63599554971258,7656
2015-11-17,321,163,2.6611541743571707,7680
2015-11-18,322,163,2.7559233617966843,7704
2015-11-19,323,163,2.7437020701607127,7728
2015-11-20,324,163,2.716574274907039,7752
2015-11-21,325,163,2.3247443915302792,7776
2015-11-22,326,163,2.2463350202970744,7800
2015-11-23,327,163,2.194008540875982,7824
2015-11-24,328,163,2.170970973668896,7848
2015-11-25,329,163,2.276308117448248,7872
2015-11-26,330,163,2.285223355779109,7896
2015-11-27,331,163,2.233841477003188,7920
2015-11-28,332,163,2.2311495996928583,7944
2015-11-29,333,163,2.3539784639301087,7968
2015-11-30,334,163,2.5389778950047766,7992
2015-12-01,335,163,2.4926450271116143,8016
2015-12-02,336,163,2.3308557011487148,8040
2015-12-03,337,163,2.266155766677659,8064
2015-12-04,338,163,2.34035179870606,8088
2015-12-05,339,163,2.3742359028754154,8112
2015-12-06,340,163,2.3904637362310286,8136
2015-12-07,341,163,2.373468691968841,8160
2015-12-08,342,163,2.33753847301973,8184
2015-12-09,343,163,2.4035297989432443,8208
2015-12-10,344,163,2.2586147687357583,8232
2015-12-11,345,163,2.2962962437918866,8256
2015-12-12,346,163,2.316218601125216,8280
2015-12-13,347,163,2.256500790962271,8304
2015-12-14,348,163,2.2374188007594324,8328
2015-12-15,349,163,2.302859885089851,8352
2015-12-16,350,163,2.4821859011917518,8376
2015-12-17,351,163,2.4764522878806488,8400
2015-12-18,352,163,2.470085697837665,8424
2015-12-19,353,163,2.441657342293505,8448
2015-12-20,354,163,2.411036908196204,8472
2015-12-21,355,163,2.497305645403252,8496
2015-12-22,356,163,2.4633629787158053,8520
2015-12-23,357,163,2.4632350831252383,8544
2015-12-24,358,163,2.4360067108835683,8568
2015-12-25,359,163,2.435184400499576,8592
2015-12-26,360,163,2.342252935881065,8616
2015-12-27,361,163,2.325769860736154,8640
2015-12-28,362,163,2.26863430058644,8664
2015-12-29,363,163,2.301826477778698,8688
2015-12-30,364,163,2.295510967451873,8712
2015-12-31,365,163,2.362345747549249,8736
2015-01-01,1,164,2.0459425659725103,0
2015-01-02,2,164,2.20866120475754,24
2015-01-03,3,164,2.351785749683076,48
2015-01-04,4,164,2.3115531681514057,72
2015-01-05,5,164,2.1647266465213257,96
2015-01-06,6,164,2.2046235338079945,120
2015-01-07,7,164,2.2360437727296336,144
2015-01-08,8,164,2.333231140197004,168
2015-01-09,9,164,2.4500618497048774,192
2015-01-10,10,164,2.6842702384680917,216
2015-01-11,11,164,2.3360727912145776,240
2015-01-12,12,164,2.277496870624973,264
2015-01-13,13,164,2.4220411906985464,288
2015-01-14,14,164,2.372488250336912,312
2015-01-15,15,164,2.3663975775270107,336
2015-01-16,16,164,2.3868820308769068,360
2015-01-17,17,164,2.2167448122477253,384
2015-01-18,18,164,2.117100345452396,408
2015-01-19,19,164,2.153679837505151,432
2015-01-20,20,164,2.1903016872987973,456
2015-01-21,21,164,2.1664322643431397,480
2015-01-22,22,164,2.162126684809534,504
2015-01-23,23,164,2.151495196911653,528
2015-01-24,24,164,2.159306771115664,552
2015-01-25,25,164,2.129517170290499,576
2015-01-26,26,164,2.1005833302606765,600
2015-01-27,27,164,2.1908629424794497,624
2015-01-28,28,164,2.1606255005540254,648
2015-01-29,29,164,2.2327808922425065,672
2015-01-30,30,164,2.16781288486554,696
2015-01-31,31,164,2.1504272417808843,720
2015-02-01,32,164,2.141896646998123,744
2015-02-02,33,164,2.138641494422433,768
2015-02-03,34,164,2.0505157451094616,792
2015-02-04,35,164,2.055252270765707,816
2015-02-05,36,164,2.0529192140524093,840
2015-02-06,37,164,2.0648605792820867,864
2015-02-07,38,164,2.037739319106729,888
2015-02-08,39,164,2.0586606046545204,912
2015-02-09,40,164,2.082304552235637,936
2015-02-10,41,164,2.1119598097748282,960
2015-02-11,42,164,2.1571581364627,984
2015-02-12,43,164,2.186957431459537,1008
2015-02-13,44,164,2.2302332605582187,1032
2015-02-14,45,164,2.2822450362372155,1056
2015-02-15,46,164,2.2182914162247496,1080
2015-02-16,47,164,2.1732212543187264,1104
2015-02-17,48,164,2.1820965622542845,1128
2015-02-18,49,164,2.1491860324956362,1152
2015-02-19,50,164,2.190474528307523,1176
2015-02-20,51,164,2.2978446543248228,1200
2015-02-21,52,164,2.242381939194813,1224
2015-02-22,53,164,2.1871378273795967,1248
2015-02-23,54,164,2.2058692074075354,1272
2015-02-24,55,164,2.2476011027225162,1296
2015-02-25,56,164,2.229746626015044,1320
2015-02-26,57,164,2.202871617675749,1344
2015-02-27,58,164,2.2442732721058607,1368
2015-02-28,59,164,2.225572592689456,1392
2015-03-01,60,164,2.339381738650145,1416
2015-03-02,61,164,2.41620337022158,1440
2015-03-03,62,164,2.355615450186152,1464
2015-03-04,63,164,2.25045110742823,1488
2015-03-05,64,164,2.2114177316880337,1512
2015-03-06,65,164,2.224290930795329,1536
2015-03-07,66,164,2.3032951640714803,1560
2015-03-08,67,164,2.406503073163423,1584
2015-03-09,68,164,2.45746573300228,1608
2015-03-10,69,164,2.4728793073545456,1632
2015-03-11,70,164,2.4422746735699974,1656
2015-03-12,71,164,2.3300382394620933,1680
2015-03-13,72,164,2.3037875221241664,1704
2015-03-14,73,164,2.296938947787829,1728
2015-03-15,74,164,2.3010687951194657,1752
2015-03-16,75,164,2.4743846508465506,1776
2015-03-17,76,164,2.5519600495454955,1800
2015-03-18,77,164,2.589161520164569,1824
2015-03-19,78,164,2.5475809318039504,1848
2015-03-20,79,164,2.502595463315436,1872
2015-03-21,80,164,2.4336383492432634,1896
2015-03-22,81,164,2.317889394892409,1920
2015-03-23,82,164,2.434839979304681,1944
2015-03-24,83,164,2.546495155186816,1968
2015-03-25,84,164,2.4439990808266168,1992
2015-03-26,85,164,2.3422697948672297,2016
2015-03-27,86,164,2.400876771025669,2040
2015-03-28,87,164,2.422601199882924,2064
2015-03-29,88,164,2.525764567500309,2088
2015-03-30,89,164,2.528275119730512,2112
2015-03-31,90,164,2.6032024801987945,2136
2015-04-01,91,164,2.332779403051588,2160
2015-04-02,92,164,2.3468868008478223,2184
2015-04-03,93,164,2.3608710927542806,2208
2015-04-04,94,164,2.3522731273578668,2232
2015-04-05,95,164,2.2711865471191626,2256
2015-04-06,96,164,2.2792953577297017,2280
2015-04-07,97,164,2.331677618546805,2304
2015-04-08,98,164,2.46123244028308,2328
2015-04-09,99,164,2.6221012198803595,2352
2015-04-10,100,164,2.7815844982735607,2376
2015-04-11,101,164,2.65512888826429,2400
2015-04-12,102,164,2.7168721286327338,2424
2015-04-13,103,164,2.764755153805416,2448
2015-04-14,104,164,2.755808378835653,2472
2015-04-15,105,164,2.8602323628828143,2496
2015-04-16,106,164,2.805115814449015,2520
2015-04-17,107,164,2.667053012136281,2544
2015-04-18,108,164,2.4815764931095217,2568
2015-04-19,109,164,2.5097273628308137,2592
2015-04-20,110,164,2.618501299588204,2616
2015-04-21,111,164,2.7133578432036365,2640
2015-04-22,112,164,2.818856320910568,2664
2015-04-23,113,164,2.6541744987212392,2688
2015-04-24,114,164,2.7553396165759434,2712
2015-04-25,115,164,2.7490207653377445,2736
2015-04-26,116,164,2.78213443578423,2760
2015-04-27,117,164,2.7855876212473327,2784
2015-04-28,118,164,2.436126362588504,2808
2015-04-29,119,164,2.507026965254806,2832
2015-04-30,120,164,2.639512552629694,2856
2015-05-01,121,164,2.6472121855667097,2880
2015-05-02,122,164,2.7483135713212,2904
2015-05-03,123,164,2.8509813861254623,2928
2015-05-04,124,164,2.9557522726167367,2952
2015-05-05,125,164,2.9926319933427483,2976
2015-05-06,126,164,2.7565166968778083,3000
2015-05-07,127,164,2.7326943032014324,3024
2015-05-08,128,164,2.8000487682567066,3048
2015-05-09,129,164,2.8258097340343236,3072
2015-05-10,130,164,2.845595573178469,3096
2015-05-11,131,164,3.0330138348088087,3120
2015-05-12,132,164,3.237041364082675,3144
2015-05-13,133,164,3.2533304355034733,3168
2015-05-14,134,164,3.0181589968912195,3192
2015-05-15,135,164,2.4575723318923632,3216
2015-05-16,136,164,2.7185141189345554,3240
2015-05-17,137,164,2.8247457751868086,3264
2015-05-18,138,164,2.9305432748095845,3288
2015-05-19,139,164,2.699877146563288,3312
2015-05-20,140,164,2.477737640100039,3336
2015-05-21,141,164,2.463288243000544,3360
2015-05-22,142,164,2.597930794891812,3384
2015-05-23,143,164,2.673171223650745,3408
2015-05-24,144,164,2.7931060671122494,3432
2015-05-25,145,164,2.770254766990411,3456
2015-05-26,146,164,2.611507258990559,3480
2015-05-27,147,164,2.6456604798845915,3504
2015-05-28,148,164,2.7955091793675866,3528
2015-05-29,149,164,2.982065426157759,3552
2015-05-30,150,164,2.87979897460437,3576
2015-05-31,151,164,2.9533044313383625,3600
2015-06-01,152,164,3.0305327196749,3624
2015-06-02,153,164,3.123000137279277,3648
2015-06-03,154,164,3.2707481418365765,3672
2015-06-04,155,164,3.3211524335456004,3696
2015-06-05,156,164,3.4997845927529703,3720
2015-06-06,157,164,3.4303090395488067,3744
2015-06-07,158,164,3.2856967097954177,3768
2015-06-08,159,164,3.0374705224104983,3792
2015-06-09,160,164,2.8092805985181677,3816
2015-06-10,161,164,2.899084832640066,3840
2015-06-11,162,164,3.1304804705960314,3864
2015-06-12,163,164,3.2322525307868717,3888
2015-06-13,164,164,3.197782400795511,3912
2015-06-14,165,164,3.026767154219742,3936
2015-06-15,166,164,2.922145395315153,3960
2015-06-16,167,164,2.9155074894005524,3984
2015-06-17,168,164,2.9344287108770697,4008
2015-06-18,169,164,2.8934171742720247,4032
2015-06-19,170,164,2.900329461670893,4056
2015-06-20,171,164,2.7672169363260357,4080
2015-06-21,172,164,2.840158965928272,4104
2015-06-22,173,164,3.000828519740152,4128
2015-06-23,174,164,2.768418018238803,4152
2015-06-24,175,164,2.861123714464556,4176
2015-06-25,176,164,3.0175175007267057,4200
2015-06-26,177,164,3.1377254164880912,4224
2015-06-27,178,164,3.18991732154954,4248
2015-06-28,179,164,3.1835323281413834,4272
2015-06-29,180,164,3.262767154121589,4296
2015-06-30,181,164,3.4318322137665818,4320
2015-07-01,182,164,3.6108097425118175,4344
2015-07-02,183,164,3.7882813642652735,4368
2015-07-03,184,164,3.8435899703789462,4392
2015-07-04,185,164,3.8606091192111545,4416
2015-07-05,186,164,3.8891675999420654,4440
2015-07-06,187,164,3.5976644174325103,4464
2015-07-07,188,164,3.866155870864833,4488
2015-07-08,189,164,3.1785714183851943,4512
2015-07-09,190,164,3.0450879198722967,4536
2015-07-10,191,164,3.1207984240061184,4560
2015-07-11,192,164,3.457014515949853,4584
2015-07-12,193,164,3.380631606690764,4608
2015-07-13,194,164,3.3210227654911337,4632
2015-07-14,195,164,3.407213380708842,4656
2015-07-15,196,164,3.4573121441511794,4680
2015-07-16,197,164,3.67804522400886,4704
2015-07-17,198,164,3.6250496048273684,4728
2015-07-18,199,164,3.4019659515756167,4752
2015-07-19,200,164,3.4909649456128067,4776
2015-07-20,201,164,3.5059673666409434,4800
2015-07-21,202,164,3.682759492177474,4824
2015-07-22,203,164,3.519308981004442,4848
2015-07-23,204,164,3.251823775821288,4872
2015-07-24,205,164,3.358350252518857,4896
2015-07-25,206,164,3.0684861822115237,4920
2015-07-26,207,164,2.9045220052297926,4944
2015-07-27,208,164,3.0998545053624063,4968
2015-07-28,209,164,3.0312393996050537,4992
2015-07-29,210,164,2.8848499066192,5016
2015-07-30,211,164,2.8771126219177545,5040
2015-07-31,212,164,2.989412292405846,5064
2015-08-01,213,164,2.9611144587645466,5088
2015-08-02,214,164,3.137766848099254,5112
2015-08-03,215,164,3.4101881563678,5136
2015-08-04,216,164,3.264734003335405,5160
2015-08-05,217,164,3.3883041930311424,5184
2015-08-06,218,164,3.7459793997108255,5208
2015-08-07,219,164,3.8333578607982015,5232
2015-08-08,220,164,3.647474142834904,5256
2015-08-09,221,164,3.2882905774569333,5280
2015-08-10,222,164,3.261715828370797,5304
2015-08-11,223,164,3.3968661094659978,5328
2015-08-12,224,164,3.534416710390041,5352
2015-08-13,225,164,3.455466212255742,5376
2015-08-14,226,164,3.079249799816283,5400
2015-08-15,227,164,2.8898801932256086,5424
2015-08-16,228,164,2.8378923384677948,5448
2015-08-17,229,164,2.9022560375923754,5472
2015-08-18,230,164,2.8855986680887566,5496
2015-08-19,231,164,2.800215950236313,5520
2015-08-20,232,164,2.907490322445407,5544
2015-08-21,233,164,3.0079111477851592,5568
2015-08-22,234,164,3.0586961441438976,5592
2015-08-23,235,164,3.0195024068366965,5616
2015-08-24,236,164,2.9435484520383195,5640
2015-08-25,237,164,2.8916157850437822,5664
2015-08-26,238,164,3.0745530122142286,5688
2015-08-27,239,164,3.3317331661374143,5712
2015-08-28,240,164,3.4631839611073763,5736
2015-08-29,241,164,3.4681950992528736,5760
2015-08-30,242,164,3.5969788060472405,5784
2015-08-31,243,164,3.505353542671544,5808
2015-09-01,244,164,3.1023878079549587,5832
2015-09-02,245,164,2.9236495062161336,5856
2015-09-03,246,164,2.8543625339818997,5880
2015-09-04,247,164,2.8516412612176114,5904
2015-09-05,248,164,2.6921972041958524,5928
2015-09-06,249,164,2.6679035331133654,5952
2015-09-07,250,164,2.67051472641698,5976
2015-09-08,251,164,2.7242356175797378,6000
2015-09-09,252,164,2.7699468261907136,6024
2015-09-10,253,164,2.6974139773362356,6048
2015-09-11,254,164,2.80812738020296,6072
2015-09-12,255,164,3.0042759960829173,6096
2015-09-13,256,164,2.988039805844147,6120
2015-09-14,257,164,2.8329650998860734,6144
2015-09-15,258,164,2.7882432763941343,6168
2015-09-16,259,164,3.095726882825455,6192
2015-09-17,260,164,2.7730458917585437,6216
2015-09-18,261,164,2.6912614422703065,6240
2015-09-19,262,164,2.7116756113575704,6264
2015-09-20,263,164,2.7226907995415432,6288
2015-09-21,264,164,2.6875434489134045,6312
2015-09-22,265,164,2.725935378459993,6336
2015-09-23,266,164,2.537505566708058,6360
2015-09-24,267,164,2.619864412410875,6384
2015-09-25,268,164,2.648836942378607,6408
2015-09-26,269,164,2.684144705504608,6432
2015-09-27,270,164,2.6752661415775667,6456
2015-09-28,271,164,2.6020581380656704,6480
2015-09-29,272,164,2.5677948940195217,6504
2015-09-30,273,164,2.5261702417444085,6528
2015-10-01,274,164,2.520901970912893,6552
2015-10-02,275,164,2.64592234247272,6576
2015-10-03,276,164,2.7725975872448747,6600
2015-10-04,277,164,2.6869877556164443,6624
2015-10-05,278,164,2.8165510085343644,6648
2015-10-06,279,164,2.8394198608442447,6672
2015-10-07,280,164,2.710000915713948,6696
2015-10-08,281,164,2.634018587855301,6720
2015-10-09,282,164,2.6303289391729487,6744
2015-10-10,283,164,2.581864253885409,6768
2015-10-11,284,164,2.600332433142297,6792
2015-10-12,285,164,2.5987922091066675,6816
2015-10-13,286,164,2.543628440473304,6840
2015-10-14,287,164,2.3962047820994608,6864
2015-10-15,288,164,2.3339393032459648,6888
2015-10-16,289,164,2.3385225449594094,6912
2015-10-17,290,164,2.3713691058855377,6936
2015-10-18,291,164,2.441370652041132,6960
2015-10-19,292,164,2.4229013029917468,6984
2015-10-20,293,164,2.386103878028224,7008
2015-10-21,294,164,2.3779574005194792,7032
2015-10-22,295,164,2.447073277245784,7056
2015-10-23,296,164,2.558277812719865,7080
2015-10-24,297,164,2.640003667232768,7104
2015-10-25,298,164,2.6452611732035485,7128
2015-10-26,299,164,2.5584236486522483,7152
2015-10-27,300,164,2.5425154806312285,7176
2015-10-28,301,164,2.636233976251655,7200
2015-10-29,302,164,2.5550647821492203,7224
2015-10-30,303,164,2.576028243022885,7248
2015-10-31,304,164,2.543552368738632,7272
2015-11-01,305,164,2.5263761235655955,7296
2015-11-02,306,164,2.460587394947911,7320
2015-11-03,307,164,2.5302632735247617,7344
2015-11-04,308,164,2.6228108512458177,7368
2015-11-05,309,164,2.5871560256528574,7392
2015-11-06,310,164,2.7018256077491776,7416
2015-11-07,311,164,2.746241892385495,7440
2015-11-08,312,164,2.7369599756103344,7464
2015-11-09,313,164,2.795590905079447,7488
2015-11-10,314,164,2.642980635784632,7512
2015-11-11,315,164,2.528649642129401,7536
2015-11-12,316,164,2.4745913134532995,7560
2015-11-13,317,164,2.5244106789722416,7584
2015-11-14,318,164,2.5565712508757032,7608
2015-11-15,319,164,2.6912557285325103,7632
2015-11-16,320,164,2.63630181919791,7656
2015-11-17,321,164,2.6289697089598696,7680
2015-11-18,322,164,2.688519733986668,7704
2015-11-19,323,164,2.6712024928965517,7728
2015-11-20,324,164,2.657596081939705,7752
2015-11-21,325,164,2.2625746033446212,7776
2015-11-22,326,164,2.189048941121478,7800
2015-11-23,327,164,2.1266372709582577,7824
2015-11-24,328,164,2.1088104961175773,7848
2015-11-25,329,164,2.2379965568341635,7872
2015-11-26,330,164,2.226603277131494,7896
2015-11-27,331,164,2.165303132166183,7920
2015-11-28,332,164,2.185814062406953,7944
2015-11-29,333,164,2.305933682328692,7968
2015-11-30,334,164,2.4716728290763776,7992
2015-12-01,335,164,2.426418864917402,8016
2015-12-02,336,164,2.3195702705827665,8040
2015-12-03,337,164,2.2744753244604285,8064
2015-12-04,338,164,2.347186849109224,8088
2015-12-05,339,164,2.355898825023804,8112
2015-12-06,340,164,2.3864728740208774,8136
2015-12-07,341,164,2.3960196655493298,8160
2015-12-08,342,164,2.351159000947543,8184
2015-12-09,343,164,2.3696498572202804,8208
2015-12-10,344,164,2.2129596333525696,8232
2015-12-11,345,164,2.2987401215465466,8256
2015-12-12,346,164,2.2929647457828217,8280
2015-12-13,347,164,2.244054558912228,8304
2015-12-14,348,164,2.254401675256278,8328
2015-12-15,349,164,2.3249199212976674,8352
2015-12-16,350,164,2.4781178642381243,8376
2015-12-17,351,164,2.460686280368071,8400
2015-12-18,352,164,2.4769242127736675,8424
2015-12-19,353,164,2.4702312000324302,8448
2015-12-20,354,164,2.4433156983197604,8472
2015-12-21,355,164,2.473860890871141,8496
2015-12-22,356,164,2.435340116159068,8520
2015-12-23,357,164,2.4322487345481254,8544
2015-12-24,358,164,2.42945836596162,8568
2015-12-25,359,164,2.4311192754411266,8592
2015-12-26,360,164,2.3488476047523164,8616
2015-12-27,361,164,2.3692273480918686,8640
2015-12-28,362,164,2.3234046525858703,8664
2015-12-29,363,164,2.3484892246056166,8688
2015-12-30,364,164,2.2808560765351773,8712
2015-12-31,365,164,2.3485547632314967,8736
2015-01-01,1,165,2.0826342506210453,0
2015-01-02,2,165,2.1985733587216028,24
2015-01-03,3,165,2.3655098746014667,48
2015-01-04,4,165,2.373203451774045,72
2015-01-05,5,165,2.1865524568964663,96
2015-01-06,6,165,2.183068110078328,120
2015-01-07,7,165,2.232243256553049,144
2015-01-08,8,165,2.3647356526348733,168
2015-01-09,9,165,2.499086290101607,192
2015-01-10,10,165,2.75633594427316,216
2015-01-11,11,165,2.4049401131554933,240
2015-01-12,12,165,2.31871198517294,264
2015-01-13,13,165,2.423893868927168,288
2015-01-14,14,165,2.4436700203704222,312
2015-01-15,15,165,2.4046420457559754,336
2015-01-16,16,165,2.4219762514255665,360
2015-01-17,17,165,2.2628353262955083,384
2015-01-18,18,165,2.1878927069432264,408
2015-01-19,19,165,2.2121307324799457,432
2015-01-20,20,165,2.239082736947703,456
2015-01-21,21,165,2.229659202070508,480
2015-01-22,22,165,2.2282133548161487,504
2015-01-23,23,165,2.224894871596536,528
2015-01-24,24,165,2.229818328447166,552
2015-01-25,25,165,2.197843267747232,576
2015-01-26,26,165,2.1616237903611526,600
2015-01-27,27,165,2.2455345577391648,624
2015-01-28,28,165,2.2203641985665663,648
2015-01-29,29,165,2.2798601380830346,672
2015-01-30,30,165,2.2335704076016,696
2015-01-31,31,165,2.2141960494205164,720
2015-02-01,32,165,2.2045305946840767,744
2015-02-02,33,165,2.202268102601737,768
2015-02-03,34,165,2.1204858503437154,792
2015-02-04,35,165,2.119283237440659,816
2015-02-05,36,165,2.11807265823276,840
2015-02-06,37,165,2.1295456249948863,864
2015-02-07,38,165,2.093656016773144,888
2015-02-08,39,165,2.1103052053781632,912
2015-02-09,40,165,2.131629412585096,936
2015-02-10,41,165,2.15807162809322,960
2015-02-11,42,165,2.1642578655612104,984
2015-02-12,43,165,2.166915949685786,1008
2015-02-13,44,165,2.215048611722602,1032
2015-02-14,45,165,2.3056711832308268,1056
2015-02-15,46,165,2.258894473190558,1080
2015-02-16,47,165,2.210143576330571,1104
2015-02-17,48,165,2.2194210774750958,1128
2015-02-18,49,165,2.2076688189890388,1152
2015-02-19,50,165,2.2390138325495745,1176
2015-02-20,51,165,2.330976200210472,1200
2015-02-21,52,165,2.298659352647797,1224
2015-02-22,53,165,2.2503386211421854,1248
2015-02-23,54,165,2.258980268617941,1272
2015-02-24,55,165,2.3177438654129903,1296
2015-02-25,56,165,2.3025215762996964,1320
2015-02-26,57,165,2.2721031879267586,1344
2015-02-27,58,165,2.3004871292390887,1368
2015-02-28,59,165,2.293836899931732,1392
2015-03-01,60,165,2.393664358634765,1416
2015-03-02,61,165,2.496180258239096,1440
2015-03-03,62,165,2.429261681481432,1464
2015-03-04,63,165,2.3296205288687606,1488
2015-03-05,64,165,2.29426288267833,1512
2015-03-06,65,165,2.2990158982929128,1536
2015-03-07,66,165,2.3420141041476144,1560
2015-03-08,67,165,2.4365508487995275,1584
2015-03-09,68,165,2.5059214366037272,1608
2015-03-10,69,165,2.5262408818962685,1632
2015-03-11,70,165,2.5275245601356735,1656
2015-03-12,71,165,2.3924458214466884,1680
2015-03-13,72,165,2.3638706567031957,1704
2015-03-14,73,165,2.3594835650091426,1728
2015-03-15,74,165,2.3659942775767417,1752
2015-03-16,75,165,2.5195870369017346,1776
2015-03-17,76,165,2.5994538280233597,1800
2015-03-18,77,165,2.656416744827347,1824
2015-03-19,78,165,2.6221249824035384,1848
2015-03-20,79,165,2.557878557716704,1872
2015-03-21,80,165,2.4958257133497863,1896
2015-03-22,81,165,2.401355635033457,1920
2015-03-23,82,165,2.489601901287494,1944
2015-03-24,83,165,2.5857411591703867,1968
2015-03-25,84,165,2.514443699193789,1992
2015-03-26,85,165,2.4281856838032567,2016
2015-03-27,86,165,2.483531949568698,2040
2015-03-28,87,165,2.486167351493928,2064
2015-03-29,88,165,2.5999856575434284,2088
2015-03-30,89,165,2.628895609158638,2112
2015-03-31,90,165,2.6970202396435203,2136
2015-04-01,91,165,2.4191374197294637,2160
2015-04-02,92,165,2.4137083763060323,2184
2015-04-03,93,165,2.4213051183694385,2208
2015-04-04,94,165,2.4242218206098927,2232
2015-04-05,95,165,2.350788285569767,2256
2015-04-06,96,165,2.3483790571846987,2280
2015-04-07,97,165,2.3980777415343644,2304
2015-04-08,98,165,2.5106645854948337,2328
2015-04-09,99,165,2.6645051700136446,2352
2015-04-10,100,165,2.824511466896949,2376
2015-04-11,101,165,2.7513186555732214,2400
2015-04-12,102,165,2.791720427897474,2424
2015-04-13,103,165,2.8444927149049004,2448
2015-04-14,104,165,2.8279434818421114,2472
2015-04-15,105,165,2.896691730214379,2496
2015-04-16,106,165,2.8629410719753534,2520
2015-04-17,107,165,2.74270593544696,2544
2015-04-18,108,165,2.5710617285776483,2568
2015-04-19,109,165,2.592828797696745,2592
2015-04-20,110,165,2.6940717733817268,2616
2015-04-21,111,165,2.7919609568259025,2640
2015-04-22,112,165,2.86898323548894,2664
2015-04-23,113,165,2.7335152887885568,2688
2015-04-24,114,165,2.807994351187815,2712
2015-04-25,115,165,2.8224709679403475,2736
2015-04-26,116,165,2.877584724879899,2760
2015-04-27,117,165,2.8955563688004315,2784
2015-04-28,118,165,2.531899831596818,2808
2015-04-29,119,165,2.5816311317767515,2832
2015-04-30,120,165,2.731294105058065,2856
2015-05-01,121,165,2.708046057003909,2880
2015-05-02,122,165,2.8283856584470426,2904
2015-05-03,123,165,2.91439525481258,2928
2015-05-04,124,165,3.0283200984183507,2952
2015-05-05,125,165,3.0629254229774867,2976
2015-05-06,126,165,2.853053320632206,3000
2015-05-07,127,165,2.81684022427504,3024
2015-05-08,128,165,2.8703097092809884,3048
2015-05-09,129,165,2.9269539194562917,3072
2015-05-10,130,165,2.936709949859432,3096
2015-05-11,131,165,3.0764802868075294,3120
2015-05-12,132,165,3.3087916672502033,3144
2015-05-13,133,165,3.3654957721958083,3168
2015-05-14,134,165,3.137860789566973,3192
2015-05-15,135,165,2.5474015306904247,3216
2015-05-16,136,165,2.8083707104646582,3240
2015-05-17,137,165,2.9345300340534584,3264
2015-05-18,138,165,3.0178693588570047,3288
2015-05-19,139,165,2.800249261352141,3312
2015-05-20,140,165,2.5834512261360203,3336
2015-05-21,141,165,2.5539810195808506,3360
2015-05-22,142,165,2.6962103862064297,3384
2015-05-23,143,165,2.7808239560855323,3408
2015-05-24,144,165,2.9014657681748344,3432
2015-05-25,145,165,2.8683025659439627,3456
2015-05-26,146,165,2.7212836558402507,3480
2015-05-27,147,165,2.7406321578795385,3504
2015-05-28,148,165,2.874037534181623,3528
2015-05-29,149,165,3.072560610779556,3552
2015-05-30,150,165,2.9984593906634927,3576
2015-05-31,151,165,3.0599180265973707,3600
2015-06-01,152,165,3.1247387005979177,3624
2015-06-02,153,165,3.2385879352300524,3648
2015-06-03,154,165,3.3727052209798325,3672
2015-06-04,155,165,3.4254485472929885,3696
2015-06-05,156,165,3.600582498786453,3720
2015-06-06,157,165,3.565320196778296,3744
2015-06-07,158,165,3.4197926666308938,3768
2015-06-08,159,165,3.1408754750062853,3792
2015-06-09,160,165,2.9036287918671726,3816
2015-06-10,161,165,2.99871050751622,3840
2015-06-11,162,165,3.2332578327834853,3864
2015-06-12,163,165,3.348374966295166,3888
2015-06-13,164,165,3.3291644937845777,3912
2015-06-14,165,165,3.1516604573893434,3936
2015-06-15,166,165,3.024506772126633,3960
2015-06-16,167,165,3.0343598083880816,3984
2015-06-17,168,165,3.053897383067788,4008
2015-06-18,169,165,2.9875577467554995,4032
2015-06-19,170,165,3.015084748621667,4056
2015-06-20,171,165,2.8637163191862185,4080
2015-06-21,172,165,2.9342360758357566,4104
2015-06-22,173,165,3.1103227037328622,4128
2015-06-23,174,165,2.8870759052278374,4152
2015-06-24,175,165,2.9615488555582234,4176
2015-06-25,176,165,3.1044319205011344,4200
2015-06-26,177,165,3.2360298099802596,4224
2015-06-27,178,165,3.2873096333416383,4248
2015-06-28,179,165,3.3005958609190964,4272
2015-06-29,180,165,3.354141339474217,4296
2015-06-30,181,165,3.5291712732464413,4320
2015-07-01,182,165,3.701579373279309,4344
2015-07-02,183,165,3.885371839399569,4368
2015-07-03,184,165,3.9678839278852953,4392
2015-07-04,185,165,4.0236986234375145,4416
2015-07-05,186,165,4.0458767011036265,4440
2015-07-06,187,165,3.7619486791355294,4464
2015-07-07,188,165,4.010436502669168,4488
2015-07-08,189,165,3.3363162237165893,4512
2015-07-09,190,165,3.1973317096221514,4536
2015-07-10,191,165,3.23067161178611,4560
2015-07-11,192,165,3.5639256619264352,4584
2015-07-12,193,165,3.523448834731066,4608
2015-07-13,194,165,3.4727753471499643,4632
2015-07-14,195,165,3.5580369079283014,4656
2015-07-15,196,165,3.5933193547924707,4680
2015-07-16,197,165,3.7889856737711263,4704
2015-07-17,198,165,3.7729590915809736,4728
2015-07-18,199,165,3.517846549804704,4752
2015-07-19,200,165,3.6530973102489694,4776
2015-07-20,201,165,3.6763505239688734,4800
2015-07-21,202,165,3.8386772312433375,4824
2015-07-22,203,165,3.678587696151867,4848
2015-07-23,204,165,3.402161874873529,4872
2015-07-24,205,165,3.4960342624681835,4896
2015-07-25,206,165,3.2173611367067623,4920
2015-07-26,207,165,3.0268835568829267,4944
2015-07-27,208,165,3.227443430638321,4968
2015-07-28,209,165,3.1724864321530384,4992
2015-07-29,210,165,2.979011013544925,5016
2015-07-30,211,165,2.9961888975927944,5040
2015-07-31,212,165,3.1008294180694054,5064
2015-08-01,213,165,3.0501848040733126,5088
2015-08-02,214,165,3.2569499848445767,5112
2015-08-03,215,165,3.4961371283404663,5136
2015-08-04,216,165,3.3666807326843786,5160
2015-08-05,217,165,3.506029114529692,5184
2015-08-06,218,165,3.8361015882199374,5208
2015-08-07,219,165,3.936820722591622,5232
2015-08-08,220,165,3.8200255093118147,5256
2015-08-09,221,165,3.442932026213472,5280
2015-08-10,222,165,3.4191073427563516,5304
2015-08-11,223,165,3.5414871782779502,5328
2015-08-12,224,165,3.67084936210302,5352
2015-08-13,225,165,3.589236744093681,5376
2015-08-14,226,165,3.2020580559063188,5400
2015-08-15,227,165,3.0126463639038836,5424
2015-08-16,228,165,2.952834685359629,5448
2015-08-17,229,165,3.0234501392265867,5472
2015-08-18,230,165,3.0064866279495006,5496
2015-08-19,231,165,2.917127646823542,5520
2015-08-20,232,165,3.0078318765845222,5544
2015-08-21,233,165,3.10913515994718,5568
2015-08-22,234,165,3.1539966755431195,5592
2015-08-23,235,165,3.106622123247312,5616
2015-08-24,236,165,3.0387103608923898,5640
2015-08-25,237,165,2.9929969223039317,5664
2015-08-26,238,165,3.1282395221693067,5688
2015-08-27,239,165,3.415210813307435,5712
2015-08-28,240,165,3.565007174951972,5736
2015-08-29,241,165,3.565761584029832,5760
2015-08-30,242,165,3.688639511752122,5784
2015-08-31,243,165,3.622483673031077,5808
2015-09-01,244,165,3.202285885686924,5832
2015-09-02,245,165,3.062424247201041,5856
2015-09-03,246,165,2.9709839136291802,5880
2015-09-04,247,165,2.973794298994908,5904
2015-09-05,248,165,2.8167141985674577,5928
2015-09-06,249,165,2.7621976512253528,5952
2015-09-07,250,165,2.759203411881709,5976
2015-09-08,251,165,2.8198903942429023,6000
2015-09-09,252,165,2.8691590489226506,6024
2015-09-10,253,165,2.7905454144525192,6048
2015-09-11,254,165,2.8810767121087744,6072
2015-09-12,255,165,3.1125817246460974,6096
2015-09-13,256,165,3.0944068433584784,6120
2015-09-14,257,165,2.9336016427388047,6144
2015-09-15,258,165,2.8880818550207166,6168
2015-09-16,259,165,3.1352629073235008,6192
2015-09-17,260,165,2.8559809647937167,6216
2015-09-18,261,165,2.767927981389424,6240
2015-09-19,262,165,2.790811776974208,6264
2015-09-20,263,165,2.8177586228407634,6288
2015-09-21,264,165,2.755695522944221,6312
2015-09-22,265,165,2.7999239070279733,6336
2015-09-23,266,165,2.6315829581190084,6360
2015-09-24,267,165,2.7069530164809295,6384
2015-09-25,268,165,2.726111140790528,6408
2015-09-26,269,165,2.7768132442668176,6432
2015-09-27,270,165,2.7935564489562315,6456
2015-09-28,271,165,2.695170633784563,6480
2015-09-29,272,165,2.66979720063808,6504
2015-09-30,273,165,2.6107103969037,6528
2015-10-01,274,165,2.596462840275569,6552
2015-10-02,275,165,2.701832244602356,6576
2015-10-03,276,165,2.8510520315907533,6600
2015-10-04,277,165,2.7693600411660286,6624
2015-10-05,278,165,2.866690620377668,6648
2015-10-06,279,165,2.9006294938513704,6672
2015-10-07,280,165,2.8140525955834867,6696
2015-10-08,281,165,2.7237770468383222,6720
2015-10-09,282,165,2.7169613987984045,6744
2015-10-10,283,165,2.6626112848572463,6768
2015-10-11,284,165,2.705868076855268,6792
2015-10-12,285,165,2.664899750433136,6816
2015-10-13,286,165,2.6027483856909646,6840
2015-10-14,287,165,2.4783009661494018,6864
2015-10-15,288,165,2.411810892821518,6888
2015-10-16,289,165,2.415467092233015,6912
2015-10-17,290,165,2.428553121240036,6936
2015-10-18,291,165,2.492505888500803,6960
2015-10-19,292,165,2.491279309887993,6984
2015-10-20,293,165,2.4526904197822263,7008
2015-10-21,294,165,2.4504582708300098,7032
2015-10-22,295,165,2.5120982299088657,7056
2015-10-23,296,165,2.6279375915846424,7080
2015-10-24,297,165,2.6755966724258653,7104
2015-10-25,298,165,2.690588943095655,7128
2015-10-26,299,165,2.6068618873696687,7152
2015-10-27,300,165,2.585941229049967,7176
2015-10-28,301,165,2.6753279231023264,7200
2015-10-29,302,165,2.636648258218163,7224
2015-10-30,303,165,2.631753462966776,7248
2015-10-31,304,165,2.595399383405113,7272
2015-11-01,305,165,2.5465866300164013,7296
2015-11-02,306,165,2.493306816101819,7320
2015-11-03,307,165,2.5159654064105967,7344
2015-11-04,308,165,2.594343820799983,7368
2015-11-05,309,165,2.6003315864308783,7392
2015-11-06,310,165,2.7106998890880742,7416
2015-11-07,311,165,2.7747951329837783,7440
2015-11-08,312,165,2.7317235121639385,7464
2015-11-09,313,165,2.7950124216623906,7488
2015-11-10,314,165,2.673596515472496,7512
2015-11-11,315,165,2.5258057614534115,7536
2015-11-12,316,165,2.475535315376032,7560
2015-11-13,317,165,2.5322975979065534,7584
2015-11-14,318,165,2.61379357258099,7608
2015-11-15,319,165,2.7118963231244697,7632
2015-11-16,320,165,2.6364203866638007,7656
2015-11-17,321,165,2.6731288910567166,7680
2015-11-18,322,165,2.7667568908667013,7704
2015-11-19,323,165,2.7567795293666566,7728
2015-11-20,324,165,2.7277550057971816,7752
2015-11-21,325,165,2.337041687869854,7776
2015-11-22,326,165,2.258573173059564,7800
2015-11-23,327,165,2.2086776431837154,7824
2015-11-24,328,165,2.1838792270598213,7848
2015-11-25,329,165,2.2859643948698154,7872
2015-11-26,330,165,2.2976848489962736,7896
2015-11-27,331,165,2.2457077439253963,7920
2015-11-28,332,165,2.2431720167198708,7944
2015-11-29,333,165,2.3637315263400653,7968
2015-11-30,334,165,2.547088323881333,7992
2015-12-01,335,165,2.5023889482284303,8016
2015-12-02,336,165,2.327573050597356,8040
2015-12-03,337,165,2.2604055904351075,8064
2015-12-04,338,165,2.3367849244438865,8088
2015-12-05,339,165,2.3743884616630293,8112
2015-12-06,340,165,2.3929150640980685,8136
2015-12-07,341,165,2.36860968136404,8160
2015-12-08,342,165,2.3358638822871574,8184
2015-12-09,343,165,2.412487506456208,8208
2015-12-10,344,165,2.2630697317854858,8232
2015-12-11,345,165,2.2944272631350526,8256
2015-12-12,346,165,2.318098230085824,8280
2015-12-13,347,165,2.25150654915389,8304
2015-12-14,348,165,2.231049994570533,8328
2015-12-15,349,165,2.296134714883578,8352
2015-12-16,350,165,2.4832920508527416,8376
2015-12-17,351,165,2.474529269224523,8400
2015-12-18,352,165,2.464131983996625,8424
2015-12-19,353,165,2.430447096104352,8448
2015-12-20,354,165,2.400766823275141,8472
2015-12-21,355,165,2.5040423240867686,8496
2015-12-22,356,165,2.4651036501169283,8520
2015-12-23,357,165,2.4673792082119346,8544
2015-12-24,358,165,2.436173360749454,8568
2015-12-25,359,165,2.432366170799321,8592
2015-12-26,360,165,2.3339564270237987,8616
2015-12-27,361,165,2.3088811300943863,8640
2015-12-28,362,165,2.252463379067132,8664
2015-12-29,363,165,2.290962372417693,8688
2015-12-30,364,165,2.2991607686287514,8712
2015-12-31,365,165,2.3676614091267973,8736
2015-01-01,1,166,2.0700665944628827,0
2015-01-02,2,166,2.190449710732988,24
2015-01-03,3,166,2.367866889480044,48
2015-01-04,4,166,2.3661914255954,72
2015-01-05,5,166,2.171147623337085,96
2015-01-06,6,166,2.162248513280423,120
2015-01-07,7,166,2.2298152096807446,144
2015-01-08,8,166,2.3661118611407974,168
2015-01-09,9,166,2.5102012551264057,192
2015-01-10,10,166,2.7857183253461355,216
2015-01-11,11,166,2.4069964220386812,240
2015-01-12,12,166,2.309199844837852,264
2015-01-13,13,166,2.3955483091545906,288
2015-01-14,14,166,2.44645018962369,312
2015-01-15,15,166,2.3712717223568065,336
2015-01-16,16,166,2.394140257900152,360
2015-01-17,17,166,2.2570047600508705,384
2015-01-18,18,166,2.185364040409866,408
2015-01-19,19,166,2.213110426822863,432
2015-01-20,20,166,2.2409126089044404,456
2015-01-21,21,166,2.232153940022743,480
2015-01-22,22,166,2.227569598093861,504
2015-01-23,23,166,2.22480230266744,528
2015-01-24,24,166,2.229226731982839,552
2015-01-25,25,166,2.1944239632856384,576
2015-01-26,26,166,2.1597678846186,600
2015-01-27,27,166,2.2481023151258617,624
2015-01-28,28,166,2.2192223978285748,648
2015-01-29,29,166,2.2816134769129217,672
2015-01-30,30,166,2.23533870874623,696
2015-01-31,31,166,2.2216033586226422,720
2015-02-01,32,166,2.2095327927800925,744
2015-02-02,33,166,2.206154854875757,768
2015-02-03,34,166,2.1247971281416107,792
2015-02-04,35,166,2.1194979867650634,816
2015-02-05,36,166,2.1186673376280014,840
2015-02-06,37,166,2.1307699318372726,864
2015-02-07,38,166,2.084105402430461,888
2015-02-08,39,166,2.0937600603387425,912
2015-02-09,40,166,2.118081442913825,936
2015-02-10,41,166,2.1471717507840005,960
2015-02-11,42,166,2.152569480632596,984
2015-02-12,43,166,2.1534418858359303,1008
2015-02-13,44,166,2.1986658265617107,1032
2015-02-14,45,166,2.2849975301396155,1056
2015-02-15,46,166,2.2526752765562597,1080
2015-02-16,47,166,2.2059197733078872,1104
2015-02-17,48,166,2.215192147286006,1128
2015-02-18,49,166,2.20119872974962,1152
2015-02-19,50,166,2.2390508159710287,1176
2015-02-20,51,166,2.3081795384653536,1200
2015-02-21,52,166,2.2842131467395177,1224
2015-02-22,53,166,2.2469670401528763,1248
2015-02-23,54,166,2.254027795367412,1272
2015-02-24,55,166,2.3197581479547056,1296
2015-02-25,56,166,2.301852600388879,1320
2015-02-26,57,166,2.264482780787526,1344
2015-02-27,58,166,2.2981079840403447,1368
2015-02-28,59,166,2.2917601553761124,1392
2015-03-01,60,166,2.3923929909755666,1416
2015-03-02,61,166,2.49910437271838,1440
2015-03-03,62,166,2.4302408517360163,1464
2015-03-04,63,166,2.3289970576063954,1488
2015-03-05,64,166,2.29167814676026,1512
2015-03-06,65,166,2.290823747141239,1536
2015-03-07,66,166,2.3313420198795907,1560
2015-03-08,67,166,2.4257414273518627,1584
2015-03-09,68,166,2.496293949847269,1608
2015-03-10,69,166,2.516170883926124,1632
2015-03-11,70,166,2.530078377787415,1656
2015-03-12,71,166,2.3869617882795224,1680
2015-03-13,72,166,2.361124380645286,1704
2015-03-14,73,166,2.3548281626377783,1728
2015-03-15,74,166,2.3615388458322366,1752
2015-03-16,75,166,2.5000966534055875,1776
2015-03-17,76,166,2.5868895027514625,1800
2015-03-18,77,166,2.6504958295466947,1824
2015-03-19,78,166,2.6199525774269894,1848
2015-03-20,79,166,2.551679888346684,1872
2015-03-21,80,166,2.4908890400488675,1896
2015-03-22,81,166,2.398158599816107,1920
2015-03-23,82,166,2.493455370571086,1944
2015-03-24,83,166,2.570691351219592,1968
2015-03-25,84,166,2.503632579514985,1992
2015-03-26,85,166,2.4251356194269724,2016
2015-03-27,86,166,2.4854877173074703,2040
2015-03-28,87,166,2.482091391852625,2064
2015-03-29,88,166,2.6098111494140794,2088
2015-03-30,89,166,2.6335737664673475,2112
2015-03-31,90,166,2.7047903413425054,2136
2015-04-01,91,166,2.4185132637341527,2160
2015-04-02,92,166,2.419227403445573,2184
2015-04-03,93,166,2.4114619128226282,2208
2015-04-04,94,166,2.421018980418653,2232
2015-04-05,95,166,2.3454975773452578,2256
2015-04-06,96,166,2.342160537888617,2280
2015-04-07,97,166,2.388459979755494,2304
2015-04-08,98,166,2.5009982813988207,2328
2015-04-09,99,166,2.6582965873437088,2352
2015-04-10,100,166,2.8119478207361484,2376
2015-04-11,101,166,2.7635896552646493,2400
2015-04-12,102,166,2.788226723609916,2424
2015-04-13,103,166,2.835274056318988,2448
2015-04-14,104,166,2.8162165042415275,2472
2015-04-15,105,166,2.8793501093806433,2496
2015-04-16,106,166,2.8521321328058704,2520
2015-04-17,107,166,2.7449332483953475,2544
2015-04-18,108,166,2.5716977598666992,2568
2015-04-19,109,166,2.598839682283514,2592
2015-04-20,110,166,2.689083989265648,2616
2015-04-21,111,166,2.790268015012284,2640
2015-04-22,112,166,2.8652751068261955,2664
2015-04-23,113,166,2.7356073187432743,2688
2015-04-24,114,166,2.800945381516441,2712
2015-04-25,115,166,2.8201836278457373,2736
2015-04-26,116,166,2.876036543695585,2760
2015-04-27,117,166,2.90103988731334,2784
2015-04-28,118,166,2.5298902091027693,2808
2015-04-29,119,166,2.580154605569784,2832
2015-04-30,120,166,2.7325789026711624,2856
2015-05-01,121,166,2.7115709403885093,2880
2015-05-02,122,166,2.834499940293968,2904
2015-05-03,123,166,2.9185986387006437,2928
2015-05-04,124,166,3.0309332975242205,2952
2015-05-05,125,166,3.0468948936107343,2976
2015-05-06,126,166,2.8605486839339083,3000
2015-05-07,127,166,2.815449437232324,3024
2015-05-08,128,166,2.877955471387088,3048
2015-05-09,129,166,2.935060040413192,3072
2015-05-10,130,166,2.940646396536194,3096
2015-05-11,131,166,3.076977293032744,3120
2015-05-12,132,166,3.3025517483701163,3144
2015-05-13,133,166,3.386795535875478,3168
2015-05-14,134,166,3.1399535114995434,3192
2015-05-15,135,166,2.5453852865509794,3216
2015-05-16,136,166,2.8064061088296435,3240
2015-05-17,137,166,2.9381013055686034,3264
2015-05-18,138,166,3.0184660562684504,3288
2015-05-19,139,166,2.7931272344794222,3312
2015-05-20,140,166,2.5850373716913966,3336
2015-05-21,141,166,2.5584898883982383,3360
2015-05-22,142,166,2.6973783559399136,3384
2015-05-23,143,166,2.7776502289245424,3408
2015-05-24,144,166,2.9068816827265067,3432
2015-05-25,145,166,2.8695646313942937,3456
2015-05-26,146,166,2.7223886500884507,3480
2015-05-27,147,166,2.7281891257495285,3504
2015-05-28,148,166,2.8730768449462922,3528
2015-05-29,149,166,3.076837680363932,3552
2015-05-30,150,166,3.001641070240693,3576
2015-05-31,151,166,3.0650679309831497,3600
2015-06-01,152,166,3.133499233262109,3624
2015-06-02,153,166,3.2448847587418075,3648
2015-06-03,154,166,3.366428227168421,3672
2015-06-04,155,166,3.4282313264430297,3696
2015-06-05,156,166,3.6060165566853546,3720
2015-06-06,157,166,3.574342742016701,3744
2015-06-07,158,166,3.4370942970010128,3768
2015-06-08,159,166,3.1391082643145563,3792
2015-06-09,160,166,2.8959727583791937,3816
2015-06-10,161,166,2.99788809424981,3840
2015-06-11,162,166,3.241145670954473,3864
2015-06-12,163,166,3.3367756419534933,3888
2015-06-13,164,166,3.336941949578224,3912
2015-06-14,165,166,3.1675643205610746,3936
2015-06-15,166,166,3.0278443955488794,3960
2015-06-16,167,166,3.0396855242614875,3984
2015-06-17,168,166,3.0518636757575552,4008
2015-06-18,169,166,2.9818893521178436,4032
2015-06-19,170,166,3.019220512650047,4056
2015-06-20,171,166,2.872371693044953,4080
2015-06-21,172,166,2.9289872486601762,4104
2015-06-22,173,166,3.1137206802957844,4128
2015-06-23,174,166,2.8875405258431943,4152
2015-06-24,175,166,2.9524097256906323,4176
2015-06-25,176,166,3.102217290275071,4200
2015-06-26,177,166,3.237491116853497,4224
2015-06-27,178,166,3.2959109716956387,4248
2015-06-28,179,166,3.301353744818743,4272
2015-06-29,180,166,3.346916257028638,4296
2015-06-30,181,166,3.5219560876941682,4320
2015-07-01,182,166,3.6942836649752175,4344
2015-07-02,183,166,3.883206013763538,4368
2015-07-03,184,166,3.975601165859635,4392
2015-07-04,185,166,4.018337506489924,4416
2015-07-05,186,166,4.0672941743386035,4440
2015-07-06,187,166,3.7705460834968036,4464
2015-07-07,188,166,4.034407701939108,4488
2015-07-08,189,166,3.3422914510207864,4512
2015-07-09,190,166,3.19544088489506,4536
2015-07-10,191,166,3.2306647019329287,4560
2015-07-11,192,166,3.5577303479466376,4584
2015-07-12,193,166,3.520638587340085,4608
2015-07-13,194,166,3.471326109360795,4632
2015-07-14,195,166,3.558689459786616,4656
2015-07-15,196,166,3.5911623945247806,4680
2015-07-16,197,166,3.780759112161907,4704
2015-07-17,198,166,3.758633338514648,4728
2015-07-18,199,166,3.5103257009727917,4752
2015-07-19,200,166,3.660708208615057,4776
2015-07-20,201,166,3.691246653001703,4800
2015-07-21,202,166,3.8488683864697433,4824
2015-07-22,203,166,3.684466440681588,4848
2015-07-23,204,166,3.4090651937499503,4872
2015-07-24,205,166,3.5100491416731026,4896
2015-07-25,206,166,3.2140722828173782,4920
2015-07-26,207,166,3.0206342344155925,4944
2015-07-27,208,166,3.2362454738557593,4968
2015-07-28,209,166,3.1765369274206363,4992
2015-07-29,210,166,2.9711481442353422,5016
2015-07-30,211,166,2.996477902370048,5040
2015-07-31,212,166,3.1047767126618697,5064
2015-08-01,213,166,3.0571354779384636,5088
2015-08-02,214,166,3.269051958400272,5112
2015-08-03,215,166,3.4913026343114404,5136
2015-08-04,216,166,3.36425739427708,5160
2015-08-05,217,166,3.5201902663559377,5184
2015-08-06,218,166,3.8204470639136607,5208
2015-08-07,219,166,3.943648117590332,5232
2015-08-08,220,166,3.861124246826111,5256
2015-08-09,221,166,3.477936808417532,5280
2015-08-10,222,166,3.4388380341456406,5304
2015-08-11,223,166,3.557376262719292,5328
2015-08-12,224,166,3.674088641651432,5352
2015-08-13,225,166,3.601157804532864,5376
2015-08-14,226,166,3.209875743731452,5400
2015-08-15,227,166,3.0192291045319264,5424
2015-08-16,228,166,2.9537313919491406,5448
2015-08-17,229,166,3.021370502723962,5472
2015-08-18,230,166,3.011658610384788,5496
2015-08-19,231,166,2.9172667832731825,5520
2015-08-20,232,166,3.0089795416751053,5544
2015-08-21,233,166,3.1086141353454817,5568
2015-08-22,234,166,3.1538800975723804,5592
2015-08-23,235,166,3.0978847222205683,5616
2015-08-24,236,166,3.0369314285865614,5640
2015-08-25,237,166,2.994511505945741,5664
2015-08-26,238,166,3.1243591957340437,5688
2015-08-27,239,166,3.4035758627348445,5712
2015-08-28,240,166,3.5721923569274887,5736
2015-08-29,241,166,3.58352063040678,5760
2015-08-30,242,166,3.6919327151217782,5784
2015-08-31,243,166,3.6153348072231424,5808
2015-09-01,244,166,3.1965132966798264,5832
2015-09-02,245,166,3.067479663167372,5856
2015-09-03,246,166,2.9778312963610296,5880
2015-09-04,247,166,2.977085048959589,5904
2015-09-05,248,166,2.8240521946128965,5928
2015-09-06,249,166,2.7687736322961944,5952
2015-09-07,250,166,2.754199217781497,5976
2015-09-08,251,166,2.8227786049447983,6000
2015-09-09,252,166,2.8688155350616094,6024
2015-09-10,253,166,2.782644282062001,6048
2015-09-11,254,166,2.880842112203964,6072
2015-09-12,255,166,3.113203391631873,6096
2015-09-13,256,166,3.092411152558121,6120
2015-09-14,257,166,2.9412424464630003,6144
2015-09-15,258,166,2.8882886867388926,6168
2015-09-16,259,166,3.0803228166237493,6192
2015-09-17,260,166,2.8329071713007927,6216
2015-09-18,261,166,2.767905311691542,6240
2015-09-19,262,166,2.7908042548106446,6264
2015-09-20,263,166,2.8165274576384185,6288
2015-09-21,264,166,2.758695816477103,6312
2015-09-22,265,166,2.801664194589317,6336
2015-09-23,266,166,2.636341634779648,6360
2015-09-24,267,166,2.7008246378766163,6384
2015-09-25,268,166,2.7093000501714517,6408
2015-09-26,269,166,2.769672624867959,6432
2015-09-27,270,166,2.797489714458837,6456
2015-09-28,271,166,2.691939072163456,6480
2015-09-29,272,166,2.680019949802129,6504
2015-09-30,273,166,2.6088854479072388,6528
2015-10-01,274,166,2.5938232807004784,6552
2015-10-02,275,166,2.6968281629231363,6576
2015-10-03,276,166,2.8580495736892586,6600
2015-10-04,277,166,2.7764668785349333,6624
2015-10-05,278,166,2.8698580429635587,6648
2015-10-06,279,166,2.892136456901921,6672
2015-10-07,280,166,2.819066666448114,6696
2015-10-08,281,166,2.726794628781424,6720
2015-10-09,282,166,2.709039990530296,6744
2015-10-10,283,166,2.6612365373705607,6768
2015-10-11,284,166,2.7055125019179016,6792
2015-10-12,285,166,2.6625057312949822,6816
2015-10-13,286,166,2.589858492717683,6840
2015-10-14,287,166,2.48004348250455,6864
2015-10-15,288,166,2.410762241640433,6888
2015-10-16,289,166,2.404973349876381,6912
2015-10-17,290,166,2.4169225844840265,6936
2015-10-18,291,166,2.4851790859323155,6960
2015-10-19,292,166,2.486907143776879,6984
2015-10-20,293,166,2.445387629280253,7008
2015-10-21,294,166,2.4404263797458663,7032
2015-10-22,295,166,2.5083170763688405,7056
2015-10-23,296,166,2.6327037809841345,7080
2015-10-24,297,166,2.6852604635546498,7104
2015-10-25,298,166,2.6876238159563,7128
2015-10-26,299,166,2.6127707995893346,7152
2015-10-27,300,166,2.5894831368900064,7176
2015-10-28,301,166,2.6686295239615707,7200
2015-10-29,302,166,2.6394964683537228,7224
2015-10-30,303,166,2.6405642143288093,7248
2015-10-31,304,166,2.6043155713416524,7272
2015-11-01,305,166,2.5490193832473693,7296
2015-11-02,306,166,2.4862770692575027,7320
2015-11-03,307,166,2.489533386182884,7344
2015-11-04,308,166,2.5678760257581024,7368
2015-11-05,309,166,2.586899321404992,7392
2015-11-06,310,166,2.70124484583369,7416
2015-11-07,311,166,2.7743858407157367,7440
2015-11-08,312,166,2.7193902273428416,7464
2015-11-09,313,166,2.7837493603817363,7488
2015-11-10,314,166,2.663546414854492,7512
2015-11-11,315,166,2.5091988802295617,7536
2015-11-12,316,166,2.463005831680863,7560
2015-11-13,317,166,2.5366721930236427,7584
2015-11-14,318,166,2.6113360115097306,7608
2015-11-15,319,166,2.720853854357621,7632
2015-11-16,320,166,2.616251980895615,7656
2015-11-17,321,166,2.676737010572431,7680
2015-11-18,322,166,2.7864197431858377,7704
2015-11-19,323,166,2.779834861670143,7728
2015-11-20,324,166,2.7394579696659287,7752
2015-11-21,325,166,2.3367015275801335,7776
2015-11-22,326,166,2.2601235333287137,7800
2015-11-23,327,166,2.2096056542654336,7824
2015-11-24,328,166,2.179530742346621,7848
2015-11-25,329,166,2.2908507720882327,7872
2015-11-26,330,166,2.295322981245209,7896
2015-11-27,331,166,2.2500429503080706,7920
2015-11-28,332,166,2.2459018157109103,7944
2015-11-29,333,166,2.376032396053766,7968
2015-11-30,334,166,2.572478582264692,7992
2015-12-01,335,166,2.5201104572330006,8016
2015-12-02,336,166,2.3147552594340044,8040
2015-12-03,337,166,2.2498994154360448,8064
2015-12-04,338,166,2.326719742839672,8088
2015-12-05,339,166,2.3599784866485707,8112
2015-12-06,340,166,2.3824588892704837,8136
2015-12-07,341,166,2.3421179563070367,8160
2015-12-08,342,166,2.3150003816793947,8184
2015-12-09,343,166,2.397820917047978,8208
2015-12-10,344,166,2.2592400796218777,8232
2015-12-11,345,166,2.2861254142064573,8256
2015-12-12,346,166,2.32682879553929,8280
2015-12-13,347,166,2.2399218166277857,8304
2015-12-14,348,166,2.207316905393724,8328
2015-12-15,349,166,2.269458186102669,8352
2015-12-16,350,166,2.475743892257748,8376
2015-12-17,351,166,2.473291838020182,8400
2015-12-18,352,166,2.452671074881849,8424
2015-12-19,353,166,2.407275005392639,8448
2015-12-20,354,166,2.3742690117263754,8472
2015-12-21,355,166,2.496779661350649,8496
2015-12-22,356,166,2.468189646049804,8520
2015-12-23,357,166,2.4762766209756517,8544
2015-12-24,358,166,2.4275389976575608,8568
2015-12-25,359,166,2.4193703342666733,8592
2015-12-26,360,166,2.3230526306705968,8616
2015-12-27,361,166,2.2858841227253044,8640
2015-12-28,362,166,2.22129768868422,8664
2015-12-29,363,166,2.2714259093957407,8688
2015-12-30,364,166,2.287266152659152,8712
2015-12-31,365,166,2.3644428599621166,8736
2015-01-01,1,167,2.107320352745871,0
2015-01-02,2,167,2.2096684701643587,24
2015-01-03,3,167,2.3859319155577885,48
2015-01-04,4,167,2.4199736900622937,72
2015-01-05,5,167,2.216548013820206,96
2015-01-06,6,167,2.1966647594519757,120
2015-01-07,7,167,2.244644093777312,144
2015-01-08,8,167,2.367327830917164,168
2015-01-09,9,167,2.5027497647711696,192
2015-01-10,10,167,2.771099140756033,216
2015-01-11,11,167,2.4407792717405346,240
2015-01-12,12,167,2.3310404461881578,264
2015-01-13,13,167,2.418704332325812,288
2015-01-14,14,167,2.459987003868584,312
2015-01-15,15,167,2.401105251732583,336
2015-01-16,16,167,2.415961180454304,360
2015-01-17,17,167,2.2879424929342997,384
2015-01-18,18,167,2.2187287461738268,408
2015-01-19,19,167,2.239716720464158,432
2015-01-20,20,167,2.2610873289621805,456
2015-01-21,21,167,2.2461788679889,480
2015-01-22,22,167,2.2481076070322987,504
2015-01-23,23,167,2.2589846561393245,528
2015-01-24,24,167,2.268259058592993,552
2015-01-25,25,167,2.244198902841676,576
2015-01-26,26,167,2.188854986864901,600
2015-01-27,27,167,2.2719781423663403,624
2015-01-28,28,167,2.2472327958774505,648
2015-01-29,29,167,2.2979246752033693,672
2015-01-30,30,167,2.2591481930478867,696
2015-01-31,31,167,2.2380423967203407,720
2015-02-01,32,167,2.2286894613130945,744
2015-02-02,33,167,2.2268862860965104,768
2015-02-03,34,167,2.154541846878803,792
2015-02-04,35,167,2.1492370635707627,816
2015-02-05,36,167,2.14732173919534,840
2015-02-06,37,167,2.1609193480779507,864
2015-02-07,38,167,2.1258646157758583,888
2015-02-08,39,167,2.151299755798526,912
2015-02-09,40,167,2.176194535971608,936
2015-02-10,41,167,2.1965334015151234,960
2015-02-11,42,167,2.195065618373401,984
2015-02-12,43,167,2.1935988857615056,1008
2015-02-13,44,167,2.2358811385367607,1032
2015-02-14,45,167,2.3143587520283906,1056
2015-02-15,46,167,2.271778029030092,1080
2015-02-16,47,167,2.2429485322461087,1104
2015-02-17,48,167,2.251086614099337,1128
2015-02-18,49,167,2.236838130544144,1152
2015-02-19,50,167,2.2653034241693835,1176
2015-02-20,51,167,2.346060261905897,1200
2015-02-21,52,167,2.304312956149,1224
2015-02-22,53,167,2.2759420356734323,1248
2015-02-23,54,167,2.2752737120969737,1272
2015-02-24,55,167,2.3541454073122052,1296
2015-02-25,56,167,2.35180332514321,1320
2015-02-26,57,167,2.300649101452564,1344
2015-02-27,58,167,2.328461883143191,1368
2015-02-28,59,167,2.334107816101725,1392
2015-03-01,60,167,2.4165732519664456,1416
2015-03-02,61,167,2.52330852394692,1440
2015-03-03,62,167,2.474018042128552,1464
2015-03-04,63,167,2.3678790235425162,1488
2015-03-05,64,167,2.3427999612450043,1512
2015-03-06,65,167,2.335913168702912,1536
2015-03-07,66,167,2.3615202880393853,1560
2015-03-08,67,167,2.4456206975967945,1584
2015-03-09,68,167,2.5122520139595688,1608
2015-03-10,69,167,2.5380873869761507,1632
2015-03-11,70,167,2.572888235404293,1656
2015-03-12,71,167,2.428952053649996,1680
2015-03-13,72,167,2.3963422561072645,1704
2015-03-14,73,167,2.3933002300342427,1728
2015-03-15,74,167,2.3932375791333023,1752
2015-03-16,75,167,2.510289774964829,1776
2015-03-17,76,167,2.597669797428185,1800
2015-03-18,77,167,2.6593023217308374,1824
2015-03-19,78,167,2.648018314312388,1848
2015-03-20,79,167,2.583047536056467,1872
2015-03-21,80,167,2.520212305868397,1896
2015-03-22,81,167,2.4298650128808283,1920
2015-03-23,82,167,2.520804983828795,1944
2015-03-24,83,167,2.59135849049508,1968
2015-03-25,84,167,2.5313500733089302,1992
2015-03-26,85,167,2.466160548224648,2016
2015-03-27,86,167,2.53680065434037,2040
2015-03-28,87,167,2.531600945746586,2064
2015-03-29,88,167,2.6393624412516346,2088
2015-03-30,89,167,2.6657351022758435,2112
2015-03-31,90,167,2.7421500624776374,2136
2015-04-01,91,167,2.4697440340569594,2160
2015-04-02,92,167,2.4655345249534286,2184
2015-04-03,93,167,2.4735379892908225,2208
2015-04-04,94,167,2.4584351633176365,2232
2015-04-05,95,167,2.3901437913422683,2256
2015-04-06,96,167,2.388407164375397,2280
2015-04-07,97,167,2.442900661179936,2304
2015-04-08,98,167,2.5400037096713004,2328
2015-04-09,99,167,2.69515835530828,2352
2015-04-10,100,167,2.8396565081897145,2376
2015-04-11,101,167,2.793601555183376,2400
2015-04-12,102,167,2.823545748058516,2424
2015-04-13,103,167,2.8908512108131887,2448
2015-04-14,104,167,2.887942146607595,2472
2015-04-15,105,167,2.930296192422179,2496
2015-04-16,106,167,2.8865992997518397,2520
2015-04-17,107,167,2.7696966118946498,2544
2015-04-18,108,167,2.6270778495201212,2568
2015-04-19,109,167,2.624961099439588,2592
2015-04-20,110,167,2.729277497981875,2616
2015-04-21,111,167,2.840728522663765,2640
2015-04-22,112,167,2.912143276416252,2664
2015-04-23,113,167,2.7930559043518173,2688
2015-04-24,114,167,2.8521311957174653,2712
2015-04-25,115,167,2.8413344108388032,2736
2015-04-26,116,167,2.884082927980485,2760
2015-04-27,117,167,2.9028844969886745,2784
2015-04-28,118,167,2.586374059429048,2808
2015-04-29,119,167,2.622844230668933,2832
2015-04-30,120,167,2.7604322007606887,2856
2015-05-01,121,167,2.7242521159933566,2880
2015-05-02,122,167,2.859309359261524,2904
2015-05-03,123,167,2.927064321984985,2928
2015-05-04,124,167,3.0358429005562404,2952
2015-05-05,125,167,3.0627944565994727,2976
2015-05-06,126,167,2.899691215819636,3000
2015-05-07,127,167,2.8650338426490136,3024
2015-05-08,128,167,2.904532536749201,3048
2015-05-09,129,167,2.977379452634102,3072
2015-05-10,130,167,2.9945170252031024,3096
2015-05-11,131,167,3.1085700086820536,3120
2015-05-12,132,167,3.3306909569144123,3144
2015-05-13,133,167,3.4107993844605864,3168
2015-05-14,134,167,3.1841040620755536,3192
2015-05-15,135,167,2.5874031573149083,3216
2015-05-16,136,167,2.8559980474824425,3240
2015-05-17,137,167,2.9919762297252284,3264
2015-05-18,138,167,3.0683383390949963,3288
2015-05-19,139,167,2.842386026087225,3312
2015-05-20,140,167,2.6280419306460248,3336
2015-05-21,141,167,2.6148266195542784,3360
2015-05-22,142,167,2.7620649931177303,3384
2015-05-23,143,167,2.8282236124229594,3408
2015-05-24,144,167,2.9403412031309415,3432
2015-05-25,145,167,2.9152602863210286,3456
2015-05-26,146,167,2.7966534738789464,3480
2015-05-27,147,167,2.8086325731082007,3504
2015-05-28,148,167,2.9169277596016467,3528
2015-05-29,149,167,3.1121915661087263,3552
2015-05-30,150,167,3.053208640427462,3576
2015-05-31,151,167,3.0899856526975937,3600
2015-06-01,152,167,3.1638471505665136,3624
2015-06-02,153,167,3.2827170220581077,3648
2015-06-03,154,167,3.4145284308343475,3672
2015-06-04,155,167,3.4834494279344232,3696
2015-06-05,156,167,3.644591574428733,3720
2015-06-06,157,167,3.6090060596990026,3744
2015-06-07,158,167,3.4803876470833712,3768
2015-06-08,159,167,3.197115136053319,3792
2015-06-09,160,167,2.978685281075561,3816
2015-06-10,161,167,3.062007153158698,3840
2015-06-11,162,167,3.2890674649152762,3864
2015-06-12,163,167,3.3479153290533863,3888
2015-06-13,164,167,3.3473448925363902,3912
2015-06-14,165,167,3.1804449275009037,3936
2015-06-15,166,167,3.0746196532125265,3960
2015-06-16,167,167,3.076360980720571,3984
2015-06-17,168,167,3.106370275542178,4008
2015-06-18,169,167,3.0462009417098908,4032
2015-06-19,170,167,3.096224217596073,4056
2015-06-20,171,167,2.941134839723582,4080
2015-06-21,172,167,2.990109911485755,4104
2015-06-22,173,167,3.1652234052270667,4128
2015-06-23,174,167,2.9718799001815217,4152
2015-06-24,175,167,3.016402031889541,4176
2015-06-25,176,167,3.157627853254215,4200
2015-06-26,177,167,3.2886651874178585,4224
2015-06-27,178,167,3.3580352485277585,4248
2015-06-28,179,167,3.3725195860029316,4272
2015-06-29,180,167,3.4127427544622804,4296
2015-06-30,181,167,3.5767930314288496,4320
2015-07-01,182,167,3.756390407155,4344
2015-07-02,183,167,3.9373876423714345,4368
2015-07-03,184,167,4.010939304516157,4392
2015-07-04,185,167,4.0628969334611496,4416
2015-07-05,186,167,4.099822092322793,4440
2015-07-06,187,167,3.849812496499612,4464
2015-07-07,188,167,4.07949473919594,4488
2015-07-08,189,167,3.423726211783959,4512
2015-07-09,190,167,3.291691762084328,4536
2015-07-10,191,167,3.306370149853887,4560
2015-07-11,192,167,3.6253823699646808,4584
2015-07-12,193,167,3.602586099519708,4608
2015-07-13,194,167,3.571105947037671,4632
2015-07-14,195,167,3.6478070527574737,4656
2015-07-15,196,167,3.681558367608254,4680
2015-07-16,197,167,3.8549346628940087,4704
2015-07-17,198,167,3.842337310498456,4728
2015-07-18,199,167,3.5928521365398547,4752
2015-07-19,200,167,3.7368158946233887,4776
2015-07-20,201,167,3.77274167580094,4800
2015-07-21,202,167,3.9298537737765615,4824
2015-07-22,203,167,3.7583092884127054,4848
2015-07-23,204,167,3.516843896118764,4872
2015-07-24,205,167,3.5689976995797874,4896
2015-07-25,206,167,3.2940126030451857,4920
2015-07-26,207,167,3.106498325039423,4944
2015-07-27,208,167,3.311467474688951,4968
2015-07-28,209,167,3.2588355003743037,4992
2015-07-29,210,167,3.0597844808994448,5016
2015-07-30,211,167,3.0853048171322035,5040
2015-07-31,212,167,3.161489605914005,5064
2015-08-01,213,167,3.0887833819991792,5088
2015-08-02,214,167,3.3086355891267742,5112
2015-08-03,215,167,3.5417141450759817,5136
2015-08-04,216,167,3.435694614487073,5160
2015-08-05,217,167,3.580069756629011,5184
2015-08-06,218,167,3.8790914019917597,5208
2015-08-07,219,167,3.997693514151333,5232
2015-08-08,220,167,3.8890606126802574,5256
2015-08-09,221,167,3.49947498902418,5280
2015-08-10,222,167,3.465787258130234,5304
2015-08-11,223,167,3.6026993196435075,5328
2015-08-12,224,167,3.7254121222066607,5352
2015-08-13,225,167,3.649221379072608,5376
2015-08-14,226,167,3.246160524349618,5400
2015-08-15,227,167,3.055065404600761,5424
2015-08-16,228,167,2.9990507514790163,5448
2015-08-17,229,167,3.0790063382567983,5472
2015-08-18,230,167,3.05680121442456,5496
2015-08-19,231,167,2.9732597608684297,5520
2015-08-20,232,167,3.068732691908437,5544
2015-08-21,233,167,3.1782305347387747,5568
2015-08-22,234,167,3.2186602576265724,5592
2015-08-23,235,167,3.132989962780208,5616
2015-08-24,236,167,3.069341547068322,5640
2015-08-25,237,167,3.0603572876475043,5664
2015-08-26,238,167,3.1798034805964366,5688
2015-08-27,239,167,3.4483387241224133,5712
2015-08-28,240,167,3.6059458594076363,5736
2015-08-29,241,167,3.6169837378399934,5760
2015-08-30,242,167,3.7106118315195764,5784
2015-08-31,243,167,3.6420928100150833,5808
2015-09-01,244,167,3.250944506126197,5832
2015-09-02,245,167,3.1183088572415865,5856
2015-09-03,246,167,3.019716811843399,5880
2015-09-04,247,167,3.0236235415215087,5904
2015-09-05,248,167,2.8745555304015418,5928
2015-09-06,249,167,2.8249195737558415,5952
2015-09-07,250,167,2.816101796026357,5976
2015-09-08,251,167,2.8740298456627773,6000
2015-09-09,252,167,2.925943720624668,6024
2015-09-10,253,167,2.840235940846663,6048
2015-09-11,254,167,2.9276908132508592,6072
2015-09-12,255,167,3.1322520881845626,6096
2015-09-13,256,167,3.103344770330187,6120
2015-09-14,257,167,2.9824427599297114,6144
2015-09-15,258,167,2.9453040774858414,6168
2015-09-16,259,167,3.1080092820056944,6192
2015-09-17,260,167,2.916046117583217,6216
2015-09-18,261,167,2.8304740925187835,6240
2015-09-19,262,167,2.83610552911542,6264
2015-09-20,263,167,2.8769982564998537,6288
2015-09-21,264,167,2.8057728390338608,6312
2015-09-22,265,167,2.840957429885438,6336
2015-09-23,266,167,2.6754915084344035,6360
2015-09-24,267,167,2.75869794933787,6384
2015-09-25,268,167,2.772552563760578,6408
2015-09-26,269,167,2.8207099750869014,6432
2015-09-27,270,167,2.8468445109942917,6456
2015-09-28,271,167,2.7464173731179446,6480
2015-09-29,272,167,2.7112966234166764,6504
2015-09-30,273,167,2.6585213480900243,6528
2015-10-01,274,167,2.6442230035585594,6552
2015-10-02,275,167,2.7268941373153455,6576
2015-10-03,276,167,2.8687012457451035,6600
2015-10-04,277,167,2.8048725604904527,6624
2015-10-05,278,167,2.896198817169501,6648
2015-10-06,279,167,2.9216704428472138,6672
2015-10-07,280,167,2.8549652620813206,6696
2015-10-08,281,167,2.77202420810395,6720
2015-10-09,282,167,2.7536107985835034,6744
2015-10-10,283,167,2.711915520708465,6768
2015-10-11,284,167,2.7460433362596115,6792
2015-10-12,285,167,2.707166813648624,6816
2015-10-13,286,167,2.63872710706776,6840
2015-10-14,287,167,2.5255501983260467,6864
2015-10-15,288,167,2.4484044369047915,6888
2015-10-16,289,167,2.455687516369016,6912
2015-10-17,290,167,2.4625999165528465,6936
2015-10-18,291,167,2.5264556453413576,6960
2015-10-19,292,167,2.5284297592999447,6984
2015-10-20,293,167,2.486556690214922,7008
2015-10-21,294,167,2.485308008692604,7032
2015-10-22,295,167,2.5414293017410703,7056
2015-10-23,296,167,2.659148145667288,7080
2015-10-24,297,167,2.6960417275700967,7104
2015-10-25,298,167,2.713502973139646,7128
2015-10-26,299,167,2.64144271402977,7152
2015-10-27,300,167,2.614087090487626,7176
2015-10-28,301,167,2.6851966746706277,7200
2015-10-29,302,167,2.666831510726829,7224
2015-10-30,303,167,2.6607351144338183,7248
2015-10-31,304,167,2.627791023369708,7272
2015-11-01,305,167,2.5730702916413137,7296
2015-11-02,306,167,2.521928896313813,7320
2015-11-03,307,167,2.5280588631007705,7344
2015-11-04,308,167,2.60383073913012,7368
2015-11-05,309,167,2.617435312819941,7392
2015-11-06,310,167,2.720483538139441,7416
2015-11-07,311,167,2.7846508449099976,7440
2015-11-08,312,167,2.7423329181448017,7464
2015-11-09,313,167,2.7925174390365504,7488
2015-11-10,314,167,2.6938381920110257,7512
2015-11-11,315,167,2.5454717068053974,7536
2015-11-12,316,167,2.503678877245358,7560
2015-11-13,317,167,2.563678511952149,7584
2015-11-14,318,167,2.6225420456455475,7608
2015-11-15,319,167,2.7040469578945805,7632
2015-11-16,320,167,2.6292433414695005,7656
2015-11-17,321,167,2.683968601477398,7680
2015-11-18,322,167,2.782191169308632,7704
2015-11-19,323,167,2.771950656464259,7728
2015-11-20,324,167,2.7406439582202577,7752
2015-11-21,325,167,2.386214508094173,7776
2015-11-22,326,167,2.297574111292368,7800
2015-11-23,327,167,2.240945345202142,7824
2015-11-24,328,167,2.2084978978935084,7848
2015-11-25,329,167,2.3002294603337563,7872
2015-11-26,330,167,2.3311534337542223,7896
2015-11-27,331,167,2.2823122133956497,7920
2015-11-28,332,167,2.2635992255883406,7944
2015-11-29,333,167,2.3898604229106946,7968
2015-11-30,334,167,2.5669481586433167,7992
2015-12-01,335,167,2.534663975592174,8016
2015-12-02,336,167,2.3477718847260647,8040
2015-12-03,337,167,2.280420649930201,8064
2015-12-04,338,167,2.341366372782068,8088
2015-12-05,339,167,2.3842373966878267,8112
2015-12-06,340,167,2.3957336215092675,8136
2015-12-07,341,167,2.3732804379325945,8160
2015-12-08,342,167,2.3407316854320395,8184
2015-12-09,343,167,2.427666834125933,8208
2015-12-10,344,167,2.2907460066784897,8232
2015-12-11,345,167,2.30830471062628,8256
2015-12-12,346,167,2.3349734315644883,8280
2015-12-13,347,167,2.271881442941901,8304
2015-12-14,348,167,2.244831766494092,8328
2015-12-15,349,167,2.2941246320190563,8352
2015-12-16,350,167,2.4788594455347046,8376
2015-12-17,351,167,2.4767856343322583,8400
2015-12-18,352,167,2.4569924029061503,8424
2015-12-19,353,167,2.4244474822494944,8448
2015-12-20,354,167,2.3981521642393875,8472
2015-12-21,355,167,2.514744003320561,8496
2015-12-22,356,167,2.4738969018738057,8520
2015-12-23,357,167,2.491324253121113,8544
2015-12-24,358,167,2.4518779949269103,8568
2015-12-25,359,167,2.4375996696841487,8592
2015-12-26,360,167,2.3472830820648056,8616
2015-12-27,361,167,2.3076152233279963,8640
2015-12-28,362,167,2.2547612331424784,8664
2015-12-29,363,167,2.292078838693926,8688
2015-12-30,364,167,2.3093449753817263,8712
2015-12-31,365,167,2.37762401490934,8736
2015-01-01,1,168,2.113148572530076,0
2015-01-02,2,168,2.2096281577321126,24
2015-01-03,3,168,2.378779863325528,48
2015-01-04,4,168,2.427408915482809,72
2015-01-05,5,168,2.221665110043073,96
2015-01-06,6,168,2.2006045815422683,120
2015-01-07,7,168,2.246921204019396,144
2015-01-08,8,168,2.3694502237922497,168
2015-01-09,9,168,2.4949824617219467,192
2015-01-10,10,168,2.753148913470845,216
2015-01-11,11,168,2.4419176555922872,240
2015-01-12,12,168,2.3337014023151315,264
2015-01-13,13,168,2.4347597063839865,288
2015-01-14,14,168,2.46762466307208,312
2015-01-15,15,168,2.4251277091883225,336
2015-01-16,16,168,2.430326662058316,360
2015-01-17,17,168,2.2978532718522504,384
2015-01-18,18,168,2.2200224092636143,408
2015-01-19,19,168,2.2463751201555127,432
2015-01-20,20,168,2.2639556208280824,456
2015-01-21,21,168,2.2517336334160567,480
2015-01-22,22,168,2.2567582668579043,504
2015-01-23,23,168,2.2627288857440955,528
2015-01-24,24,168,2.267920790960517,552
2015-01-25,25,168,2.2503562052487536,576
2015-01-26,26,168,2.1957397789746267,600
2015-01-27,27,168,2.2732101977413732,624
2015-01-28,28,168,2.251301805515085,648
2015-01-29,29,168,2.3060657371144617,672
2015-01-30,30,168,2.2616679815122382,696
2015-01-31,31,168,2.2376197758616385,720
2015-02-01,32,168,2.2306379226337385,744
2015-02-02,33,168,2.226135816604569,768
2015-02-03,34,168,2.1590953246671547,792
2015-02-04,35,168,2.1521776715440595,816
2015-02-05,36,168,2.149206494979549,840
2015-02-06,37,168,2.1635235920683136,864
2015-02-07,38,168,2.13262321990841,888
2015-02-08,39,168,2.1626215041377983,912
2015-02-09,40,168,2.187096953197029,936
2015-02-10,41,168,2.2026461718547563,960
2015-02-11,42,168,2.2040306526832083,984
2015-02-12,43,168,2.2013619200223267,1008
2015-02-13,44,168,2.2492944139490203,1032
2015-02-14,45,168,2.3364214688829734,1056
2015-02-15,46,168,2.2933166221321435,1080
2015-02-16,47,168,2.254538276393375,1104
2015-02-17,48,168,2.257911322973755,1128
2015-02-18,49,168,2.2445736521751116,1152
2015-02-19,50,168,2.268389926164257,1176
2015-02-20,51,168,2.3611055539554937,1200
2015-02-21,52,168,2.316414116413138,1224
2015-02-22,53,168,2.2849206340496764,1248
2015-02-23,54,168,2.2838574152422293,1272
2015-02-24,55,168,2.3595800505408304,1296
2015-02-25,56,168,2.357051699041908,1320
2015-02-26,57,168,2.309988690540183,1344
2015-02-27,58,168,2.3356650339035,1368
2015-02-28,59,168,2.336521060251835,1392
2015-03-01,60,168,2.4232680567136,1416
2015-03-02,61,168,2.531989488854823,1440
2015-03-03,62,168,2.4766383352269616,1464
2015-03-04,63,168,2.3734516883030192,1488
2015-03-05,64,168,2.3523354821500235,1512
2015-03-06,65,168,2.346763639020269,1536
2015-03-07,66,168,2.371755113010363,1560
2015-03-08,67,168,2.4548328820210097,1584
2015-03-09,68,168,2.5203224130245925,1608
2015-03-10,69,168,2.54256498014631,1632
2015-03-11,70,168,2.580562516426895,1656
2015-03-12,71,168,2.4342550801836973,1680
2015-03-13,72,168,2.401430584533716,1704
2015-03-14,73,168,2.4025005715622254,1728
2015-03-15,74,168,2.4017063176459588,1752
2015-03-16,75,168,2.5191770935126767,1776
2015-03-17,76,168,2.604682505016619,1800
2015-03-18,77,168,2.6610607683416356,1824
2015-03-19,78,168,2.6558978417291916,1848
2015-03-20,79,168,2.5929259010066343,1872
2015-03-21,80,168,2.533654942318873,1896
2015-03-22,81,168,2.441705397134149,1920
2015-03-23,82,168,2.520759669050848,1944
2015-03-24,83,168,2.599943820038812,1968
2015-03-25,84,168,2.541153234123965,1992
2015-03-26,85,168,2.472482060726016,2016
2015-03-27,86,168,2.5400059980057903,2040
2015-03-28,87,168,2.5264841242304086,2064
2015-03-29,88,168,2.6347986060301842,2088
2015-03-30,89,168,2.6712450040232403,2112
2015-03-31,90,168,2.744382279422953,2136
2015-04-01,91,168,2.4757743973641135,2160
2015-04-02,92,168,2.4663092013303483,2184
2015-04-03,93,168,2.4808048991661207,2208
2015-04-04,94,168,2.4654436509467543,2232
2015-04-05,95,168,2.3990674716053606,2256
2015-04-06,96,168,2.39920176739986,2280
2015-04-07,97,168,2.4546326179064657,2304
2015-04-08,98,168,2.5469125157882595,2328
2015-04-09,99,168,2.7011161459139976,2352
2015-04-10,100,168,2.8450028997283825,2376
2015-04-11,101,168,2.796731749529671,2400
2015-04-12,102,168,2.8260000978257502,2424
2015-04-13,103,168,2.897965646119092,2448
2015-04-14,104,168,2.8941713613131625,2472
2015-04-15,105,168,2.943174042347487,2496
2015-04-16,106,168,2.8892260906731813,2520
2015-04-17,107,168,2.773769638195451,2544
2015-04-18,108,168,2.6410619193534264,2568
2015-04-19,109,168,2.6335237265143654,2592
2015-04-20,110,168,2.741139114440668,2616
2015-04-21,111,168,2.847941590103397,2640
2015-04-22,112,168,2.9120252742671746,2664
2015-04-23,113,168,2.8057196157353688,2688
2015-04-24,114,168,2.8627458117086184,2712
2015-04-25,115,168,2.8524303340086097,2736
2015-04-26,116,168,2.8888247137200174,2760
2015-04-27,117,168,2.9109809111117237,2784
2015-04-28,118,168,2.591185062625484,2808
2015-04-29,119,168,2.6302636045914247,2832
2015-04-30,120,168,2.7688541503092874,2856
2015-05-01,121,168,2.7297918608653857,2880
2015-05-02,122,168,2.860481914320926,2904
2015-05-03,123,168,2.9305054513935933,2928
2015-05-04,124,168,3.0451904808468835,2952
2015-05-05,125,168,3.0716489521498263,2976
2015-05-06,126,168,2.9051876374945182,3000
2015-05-07,127,168,2.8647789366849685,3024
2015-05-08,128,168,2.903376184234177,3048
2015-05-09,129,168,2.9815523678633267,3072
2015-05-10,130,168,2.995022855685655,3096
2015-05-11,131,168,3.1117990629530823,3120
2015-05-12,132,168,3.342552946728424,3144
2015-05-13,133,168,3.4227221106210868,3168
2015-05-14,134,168,3.182706849632511,3192
2015-05-15,135,168,2.5918314100782243,3216
2015-05-16,136,168,2.860404337091601,3240
2015-05-17,137,168,2.997005137811531,3264
2015-05-18,138,168,3.0727547616879685,3288
2015-05-19,139,168,2.8559417898780195,3312
2015-05-20,140,168,2.6384654205244518,3336
2015-05-21,141,168,2.6262174598578625,3360
2015-05-22,142,168,2.7686611115695503,3384
2015-05-23,143,168,2.844912542855885,3408
2015-05-24,144,168,2.9471619528960384,3432
2015-05-25,145,168,2.9247980167085124,3456
2015-05-26,146,168,2.8077366649491258,3480
2015-05-27,147,168,2.8174989391380523,3504
2015-05-28,148,168,2.92231392679003,3528
2015-05-29,149,168,3.119916367009778,3552
2015-05-30,150,168,3.065207528149473,3576
2015-05-31,151,168,3.101390012612027,3600
2015-06-01,152,168,3.1698484229660027,3624
2015-06-02,153,168,3.2889570100258734,3648
2015-06-03,154,168,3.4238021062162565,3672
2015-06-04,155,168,3.493236845850773,3696
2015-06-05,156,168,3.6458023138109015,3720
2015-06-06,157,168,3.606183867757321,3744
2015-06-07,158,168,3.4796526344614667,3768
2015-06-08,159,168,3.2047808701732685,3792
2015-06-09,160,168,2.9936355940867343,3816
2015-06-10,161,168,3.0791640940552187,3840
2015-06-11,162,168,3.3002460053640603,3864
2015-06-12,163,168,3.3568293447333013,3888
2015-06-13,164,168,3.3527680086467404,3912
2015-06-14,165,168,3.1888027492097644,3936
2015-06-15,166,168,3.088711844196158,3960
2015-06-16,167,168,3.091041323099513,3984
2015-06-17,168,168,3.120705709518168,4008
2015-06-18,169,168,3.0610254503910364,4032
2015-06-19,170,168,3.1042630532879816,4056
2015-06-20,171,168,2.948441269307648,4080
2015-06-21,172,168,3.004504787091492,4104
2015-06-22,173,168,3.1854129466712497,4128
2015-06-23,174,168,2.9871295042360453,4152
2015-06-24,175,168,3.027537189876082,4176
2015-06-25,176,168,3.165661126155259,4200
2015-06-26,177,168,3.2977624807857766,4224
2015-06-27,178,168,3.3717701536973284,4248
2015-06-28,179,168,3.3817854238143767,4272
2015-06-29,180,168,3.4304831223281425,4296
2015-06-30,181,168,3.5929310089190407,4320
2015-07-01,182,168,3.775731115724504,4344
2015-07-02,183,168,3.955915312428049,4368
2015-07-03,184,168,4.0289216981966165,4392
2015-07-04,185,168,4.098370757887844,4416
2015-07-05,186,168,4.116522124932814,4440
2015-07-06,187,168,3.871992877794373,4464
2015-07-07,188,168,4.091710199513033,4488
2015-07-08,189,168,3.438195419315153,4512
2015-07-09,190,168,3.3015515868679066,4536
2015-07-10,191,168,3.3206123197472848,4560
2015-07-11,192,168,3.653395739227694,4584
2015-07-12,193,168,3.614676403906365,4608
2015-07-13,194,168,3.585307848346444,4632
2015-07-14,195,168,3.658428670781264,4656
2015-07-15,196,168,3.6907061904387786,4680
2015-07-16,197,168,3.867309793180685,4704
2015-07-17,198,168,3.8714413815032938,4728
2015-07-18,199,168,3.6129772408243035,4752
2015-07-19,200,168,3.752634722458208,4776
2015-07-20,201,168,3.7832811372868367,4800
2015-07-21,202,168,3.946155746321536,4824
2015-07-22,203,168,3.7575177031614815,4848
2015-07-23,204,168,3.524969906188232,4872
2015-07-24,205,168,3.5802737247645955,4896
2015-07-25,206,168,3.303453050655845,4920
2015-07-26,207,168,3.1052053828059925,4944
2015-07-27,208,168,3.3171359121431325,4968
2015-07-28,209,168,3.2673085917353664,4992
2015-07-29,210,168,3.0730599255529136,5016
2015-07-30,211,168,3.0924226842684743,5040
2015-07-31,212,168,3.16532044400692,5064
2015-08-01,213,168,3.092577687769792,5088
2015-08-02,214,168,3.3145984596459823,5112
2015-08-03,215,168,3.5496704149122214,5136
2015-08-04,216,168,3.445974097329424,5160
2015-08-05,217,168,3.584916281673047,5184
2015-08-06,218,168,3.89276690822153,5208
2015-08-07,219,168,4.0103660893913045,5232
2015-08-08,220,168,3.8720026107196133,5256
2015-08-09,221,168,3.4853327564733303,5280
2015-08-10,222,168,3.46344173531592,5304
2015-08-11,223,168,3.6040275334920784,5328
2015-08-12,224,168,3.729273078146424,5352
2015-08-13,225,168,3.6396822896759664,5376
2015-08-14,226,168,3.247155211925804,5400
2015-08-15,227,168,3.063473257112036,5424
2015-08-16,228,168,3.001798415372108,5448
2015-08-17,229,168,3.0909203792456883,5472
2015-08-18,230,168,3.0631179502346493,5496
2015-08-19,231,168,2.9884219073472433,5520
2015-08-20,232,168,3.0747759852062635,5544
2015-08-21,233,168,3.192322117846476,5568
2015-08-22,234,168,3.2289232810897373,5592
2015-08-23,235,168,3.144626025931634,5616
2015-08-24,236,168,3.0780156843949347,5640
2015-08-25,237,168,3.062664660472433,5664
2015-08-26,238,168,3.1816860972311116,5688
2015-08-27,239,168,3.464492115515036,5712
2015-08-28,240,168,3.6143857844136087,5736
2015-08-29,241,168,3.6167791906208997,5760
2015-08-30,242,168,3.711399826359068,5784
2015-08-31,243,168,3.65232037829278,5808
2015-09-01,244,168,3.2634504667697084,5832
2015-09-02,245,168,3.128972512558424,5856
2015-09-03,246,168,3.0357983148847927,5880
2015-09-04,247,168,3.0305726085662164,5904
2015-09-05,248,168,2.883079319993671,5928
2015-09-06,249,168,2.829905135880008,5952
2015-09-07,250,168,2.8246178537175606,5976
2015-09-08,251,168,2.882437558111416,6000
2015-09-09,252,168,2.9390997055077057,6024
2015-09-10,253,168,2.86073354379964,6048
2015-09-11,254,168,2.946738687732022,6072
2015-09-12,255,168,3.1402403482368606,6096
2015-09-13,256,168,3.117079228110851,6120
2015-09-14,257,168,2.9812175544572366,6144
2015-09-15,258,168,2.949863917840224,6168
2015-09-16,259,168,3.1319129768513463,6192
2015-09-17,260,168,2.9279078520870265,6216
2015-09-18,261,168,2.839449039674669,6240
2015-09-19,262,168,2.8419214138914275,6264
2015-09-20,263,168,2.88057553150401,6288
2015-09-21,264,168,2.8081542008368507,6312
2015-09-22,265,168,2.8475845435279767,6336
2015-09-23,266,168,2.6814334897252565,6360
2015-09-24,267,168,2.762805890098148,6384
2015-09-25,268,168,2.7848746180459734,6408
2015-09-26,269,168,2.827241411663254,6432
2015-09-27,270,168,2.8531582056242724,6456
2015-09-28,271,168,2.755588149101594,6480
2015-09-29,272,168,2.7159747612134835,6504
2015-09-30,273,168,2.6717796249168773,6528
2015-10-01,274,168,2.6572669864949803,6552
2015-10-02,275,168,2.7359251918965097,6576
2015-10-03,276,168,2.8718541068360417,6600
2015-10-04,277,168,2.8128926947534407,6624
2015-10-05,278,168,2.9039265918078545,6648
2015-10-06,279,168,2.9327609432321684,6672
2015-10-07,280,168,2.854636415609608,6696
2015-10-08,281,168,2.772956297577213,6720
2015-10-09,282,168,2.7650298313259363,6744
2015-10-10,283,168,2.71927201321205,6768
2015-10-11,284,168,2.7544513424143084,6792
2015-10-12,285,168,2.706939098871584,6816
2015-10-13,286,168,2.650054264400719,6840
2015-10-14,287,168,2.5248433680294458,6864
2015-10-15,288,168,2.452406661367042,6888
2015-10-16,289,168,2.4630660784944,6912
2015-10-17,290,168,2.4723502490360767,6936
2015-10-18,291,168,2.5370818520788934,6960
2015-10-19,292,168,2.540812050748529,6984
2015-10-20,293,168,2.497427205168842,7008
2015-10-21,294,168,2.4988873637108133,7032
2015-10-22,295,168,2.5488587151718525,7056
2015-10-23,296,168,2.6590227440522454,7080
2015-10-24,297,168,2.6911504574090284,7104
2015-10-25,298,168,2.723170595594344,7128
2015-10-26,299,168,2.64449999111161,7152
2015-10-27,300,168,2.6182513768829843,7176
2015-10-28,301,168,2.6883901662092,7200
2015-10-29,302,168,2.6722061429864468,7224
2015-10-30,303,168,2.6583949132052167,7248
2015-10-31,304,168,2.625409022412281,7272
2015-11-01,305,168,2.571199498858773,7296
2015-11-02,306,168,2.5315819924446825,7320
2015-11-03,307,168,2.539141595396256,7344
2015-11-04,308,168,2.6071314740710685,7368
2015-11-05,309,168,2.621829341180837,7392
2015-11-06,310,168,2.7221457085959884,7416
2015-11-07,311,168,2.784892983796969,7440
2015-11-08,312,168,2.7446401579329627,7464
2015-11-09,313,168,2.78550816054739,7488
2015-11-10,314,168,2.6925861474093584,7512
2015-11-11,315,168,2.5467763734286826,7536
2015-11-12,316,168,2.5086251329274534,7560
2015-11-13,317,168,2.5629333905644893,7584
2015-11-14,318,168,2.6236188149877324,7608
2015-11-15,319,168,2.6950791050091047,7632
2015-11-16,320,168,2.6314028462385117,7656
2015-11-17,321,168,2.694164535966318,7680
2015-11-18,322,168,2.777095949358656,7704
2015-11-19,323,168,2.77315878542104,7728
2015-11-20,324,168,2.744409959226033,7752
2015-11-21,325,168,2.387740559562064,7776
2015-11-22,326,168,2.2958781181930115,7800
2015-11-23,327,168,2.2441204022040315,7824
2015-11-24,328,168,2.216448680438868,7848
2015-11-25,329,168,2.300951132449073,7872
2015-11-26,330,168,2.3338058744104178,7896
2015-11-27,331,168,2.279598302241182,7920
2015-11-28,332,168,2.265676913966688,7944
2015-11-29,333,168,2.3868024841033693,7968
2015-11-30,334,168,2.556131559256227,7992
2015-12-01,335,168,2.5247513052825616,8016
2015-12-02,336,168,2.3532838599015444,8040
2015-12-03,337,168,2.2865157880969864,8064
2015-12-04,338,168,2.343980755929393,8088
2015-12-05,339,168,2.3926770782701503,8112
2015-12-06,340,168,2.4033366671039804,8136
2015-12-07,341,168,2.3887106679025827,8160
2015-12-08,342,168,2.3523127552423704,8184
2015-12-09,343,168,2.4354425810565408,8208
2015-12-10,344,168,2.2956944493830127,8232
2015-12-11,345,168,2.3139334907856357,8256
2015-12-12,346,168,2.334874354268824,8280
2015-12-13,347,168,2.277044240267432,8304
2015-12-14,348,168,2.255958608440896,8328
2015-12-15,349,168,2.303872068913822,8352
2015-12-16,350,168,2.479628648884688,8376
2015-12-17,351,168,2.4754836968952043,8400
2015-12-18,352,168,2.4584874139440003,8424
2015-12-19,353,168,2.427471070030523,8448
2015-12-20,354,168,2.4091060155857664,8472
2015-12-21,355,168,2.519187749962241,8496
2015-12-22,356,168,2.475157492179719,8520
2015-12-23,357,168,2.4896037629019294,8544
2015-12-24,358,168,2.461397474248808,8568
2015-12-25,359,168,2.4446015763407614,8592
2015-12-26,360,168,2.3534791389918164,8616
2015-12-27,361,168,2.3105539242370843,8640
2015-12-28,362,168,2.2689139705083963,8664
2015-12-29,363,168,2.2968977653653417,8688
2015-12-30,364,168,2.3193993215293087,8712
2015-12-31,365,168,2.3833698284198617,8736
2015-01-01,1,169,2.03049053621638,0
2015-01-02,2,169,2.1754935567501392,24
2015-01-03,3,169,2.2760204925231524,48
2015-01-04,4,169,2.181773156893985,72
2015-01-05,5,169,2.030153629801428,96
2015-01-06,6,169,2.082641598859829,120
2015-01-07,7,169,2.0879552715146423,144
2015-01-08,8,169,2.1562484242209945,168
2015-01-09,9,169,2.3036021622686853,192
2015-01-10,10,169,2.458413117134916,216
2015-01-11,11,169,2.1996176124338627,240
2015-01-12,12,169,2.160423820267974,264
2015-01-13,13,169,2.2279919770767505,288
2015-01-14,14,169,2.1900273492250024,312
2015-01-15,15,169,2.2182809251532265,336
2015-01-16,16,169,2.292913427590552,360
2015-01-17,17,169,2.142631855098001,384
2015-01-18,18,169,1.9921674069972224,408
2015-01-19,19,169,1.9830115543488085,432
2015-01-20,20,169,2.0190309658205297,456
2015-01-21,21,169,2.0290333848467395,480
2015-01-22,22,169,2.088048387717522,504
2015-01-23,23,169,2.0225649373992067,528
2015-01-24,24,169,1.989623377681944,552
2015-01-25,25,169,1.9705121016613336,576
2015-01-26,26,169,1.9345652013850323,600
2015-01-27,27,169,2.0553126179206203,624
2015-01-28,28,169,2.0170346389440774,648
2015-01-29,29,169,2.094445212079396,672
2015-01-30,30,169,2.0035640852415653,696
2015-01-31,31,169,1.9517815579431896,720
2015-02-01,32,169,1.9462239218910105,744
2015-02-02,33,169,1.963324466183889,768
2015-02-03,34,169,1.89840525619676,792
2015-02-04,35,169,1.92762455646094,816
2015-02-05,36,169,1.9410852628964883,840
2015-02-06,37,169,1.9691064234175248,864
2015-02-07,38,169,1.96650246758248,888
2015-02-08,39,169,1.96244546310258,912
2015-02-09,40,169,1.974215092781708,936
2015-02-10,41,169,2.0570896796192994,960
2015-02-11,42,169,2.110224095493592,984
2015-02-12,43,169,2.0907055569667565,1008
2015-02-13,44,169,2.117153577933609,1032
2015-02-14,45,169,2.166110953983916,1056
2015-02-15,46,169,2.1591590479164497,1080
2015-02-16,47,169,2.092091924948847,1104
2015-02-17,48,169,2.11646686078855,1128
2015-02-18,49,169,2.061816427578412,1152
2015-02-19,50,169,2.065198544780182,1176
2015-02-20,51,169,2.110903207662788,1200
2015-02-21,52,169,2.138758413715065,1224
2015-02-22,53,169,2.075283483880361,1248
2015-02-23,54,169,2.085143658685304,1272
2015-02-24,55,169,2.0994704262729726,1296
2015-02-25,56,169,2.044362914662848,1320
2015-02-26,57,169,1.9948935643590824,1344
2015-02-27,58,169,2.07151982019476,1368
2015-02-28,59,169,2.09256829035058,1392
2015-03-01,60,169,2.1908490562491973,1416
2015-03-02,61,169,2.2390408836188724,1440
2015-03-03,62,169,2.1567354606560105,1464
2015-03-04,63,169,2.0915664560081284,1488
2015-03-05,64,169,2.059969457150148,1512
2015-03-06,65,169,2.064603216530927,1536
2015-03-07,66,169,2.1887458522373016,1560
2015-03-08,67,169,2.2514172029857527,1584
2015-03-09,68,169,2.2725054977128942,1608
2015-03-10,69,169,2.2552150349512754,1632
2015-03-11,70,169,2.2676509280446497,1656
2015-03-12,71,169,2.1489134284992217,1680
2015-03-13,72,169,2.13745942019027,1704
2015-03-14,73,169,2.1534232842290124,1728
2015-03-15,74,169,2.1897178483767448,1752
2015-03-16,75,169,2.288686490631873,1776
2015-03-17,76,169,2.327959204501537,1800
2015-03-18,77,169,2.3477785294098754,1824
2015-03-19,78,169,2.354396294999649,1848
2015-03-20,79,169,2.3073589679732014,1872
2015-03-21,80,169,2.2758781191358577,1896
2015-03-22,81,169,2.220747158397013,1920
2015-03-23,82,169,2.2843736543257718,1944
2015-03-24,83,169,2.3168383083782134,1968
2015-03-25,84,169,2.2930291623900767,1992
2015-03-26,85,169,2.251720180269886,2016
2015-03-27,86,169,2.2341346511046263,2040
2015-03-28,87,169,2.2761700645639857,2064
2015-03-29,88,169,2.3633673736441803,2088
2015-03-30,89,169,2.3302590777727104,2112
2015-03-31,90,169,2.3844390833492235,2136
2015-04-01,91,169,2.165215973371113,2160
2015-04-02,92,169,2.2008577309299437,2184
2015-04-03,93,169,2.191645695580524,2208
2015-04-04,94,169,2.2383082420244858,2232
2015-04-05,95,169,2.1275852682605274,2256
2015-04-06,96,169,2.0895346887590667,2280
2015-04-07,97,169,2.1646990320522264,2304
2015-04-08,98,169,2.2880035946352417,2328
2015-04-09,99,169,2.44545049917432,2352
2015-04-10,100,169,2.5034389215960235,2376
2015-04-11,101,169,2.432819904413285,2400
2015-04-12,102,169,2.4627664251457486,2424
2015-04-13,103,169,2.497231228400878,2448
2015-04-14,104,169,2.4938954688406656,2472
2015-04-15,105,169,2.557729044995346,2496
2015-04-16,106,169,2.5615509139961823,2520
2015-04-17,107,169,2.468439371872369,2544
2015-04-18,108,169,2.3564474299571034,2568
2015-04-19,109,169,2.3483012872684426,2592
2015-04-20,110,169,2.4387462137200733,2616
2015-04-21,111,169,2.522175477352268,2640
2015-04-22,112,169,2.574394048081648,2664
2015-04-23,113,169,2.5068785502935635,2688
2015-04-24,114,169,2.527039534256541,2712
2015-04-25,115,169,2.5062845724938394,2736
2015-04-26,116,169,2.5639101941381948,2760
2015-04-27,117,169,2.5563668857633384,2784
2015-04-28,118,169,2.3208411013437606,2808
2015-04-29,119,169,2.3731786123171164,2832
2015-04-30,120,169,2.4315173746293093,2856
2015-05-01,121,169,2.477259200622811,2880
2015-05-02,122,169,2.58097836203094,2904
2015-05-03,123,169,2.6667590544984394,2928
2015-05-04,124,169,2.7173549365440004,2952
2015-05-05,125,169,2.7780728189554496,2976
2015-05-06,126,169,2.538677158614512,3000
2015-05-07,127,169,2.537031094126608,3024
2015-05-08,128,169,2.619013285660564,3048
2015-05-09,129,169,2.593444687323714,3072
2015-05-10,130,169,2.6094443487539785,3096
2015-05-11,131,169,2.75784046960817,3120
2015-05-12,132,169,2.8630095487430065,3144
2015-05-13,133,169,2.9480900304347872,3168
2015-05-14,134,169,2.770701304815315,3192
2015-05-15,135,169,2.3835158859597976,3216
2015-05-16,136,169,2.580652861226365,3240
2015-05-17,137,169,2.617738053348365,3264
2015-05-18,138,169,2.6941613041242274,3288
2015-05-19,139,169,2.533459154699856,3312
2015-05-20,140,169,2.299835915814786,3336
2015-05-21,141,169,2.3246822424148657,3360
2015-05-22,142,169,2.3928447028481377,3384
2015-05-23,143,169,2.4387724662634005,3408
2015-05-24,144,169,2.5359229764014812,3432
2015-05-25,145,169,2.558445680575803,3456
2015-05-26,146,169,2.4657007441144034,3480
2015-05-27,147,169,2.4295166221091717,3504
2015-05-28,148,169,2.563356214927321,3528
2015-05-29,149,169,2.7007870509860346,3552
2015-05-30,150,169,2.6550791006140613,3576
2015-05-31,151,169,2.648300351911676,3600
2015-06-01,152,169,2.75343090850504,3624
2015-06-02,153,169,2.8416037031761414,3648
2015-06-03,154,169,2.940062561745328,3672
2015-06-04,155,169,3.0220417431874784,3696
2015-06-05,156,169,3.1246092186840766,3720
2015-06-06,157,169,3.0251743176038732,3744
2015-06-07,158,169,2.9908804398590214,3768
2015-06-08,159,169,2.8394869508184173,3792
2015-06-09,160,169,2.68964625741191,3816
2015-06-10,161,169,2.791767089472997,3840
2015-06-11,162,169,2.893700430364727,3864
2015-06-12,163,169,2.901877117276169,3888
2015-06-13,164,169,2.892250657444605,3912
2015-06-14,165,169,2.8125944324497727,3936
2015-06-15,166,169,2.729299380156444,3960
2015-06-16,167,169,2.7060640060657044,3984
2015-06-17,168,169,2.6873162430222486,4008
2015-06-18,169,169,2.681368561980434,4032
2015-06-19,170,169,2.662897863694345,4056
2015-06-20,171,169,2.5380518550294617,4080
2015-06-21,172,169,2.603828474221085,4104
2015-06-22,173,169,2.7661596134904287,4128
2015-06-23,174,169,2.583626216711127,4152
2015-06-24,175,169,2.6384907834140248,4176
2015-06-25,176,169,2.7521235106348514,4200
2015-06-26,177,169,2.846707593273903,4224
2015-06-27,178,169,2.86675987418996,4248
2015-06-28,179,169,2.8832411688458914,4272
2015-06-29,180,169,2.946248402065125,4296
2015-06-30,181,169,3.081342458704912,4320
2015-07-01,182,169,3.248588248676102,4344
2015-07-02,183,169,3.3840903944008285,4368
2015-07-03,184,169,3.3853390599430915,4392
2015-07-04,185,169,3.3570322578439176,4416
2015-07-05,186,169,3.389926238631782,4440
2015-07-06,187,169,3.278093125276535,4464
2015-07-07,188,169,3.4220765234658423,4488
2015-07-08,189,169,2.8970113492687832,4512
2015-07-09,190,169,2.758234493342034,4536
2015-07-10,191,169,2.8638182417301428,4560
2015-07-11,192,169,3.0917509804373866,4584
2015-07-12,193,169,3.063447093766047,4608
2015-07-13,194,169,3.0116037153031785,4632
2015-07-14,195,169,3.0856942959041267,4656
2015-07-15,196,169,3.1578929739814847,4680
2015-07-16,197,169,3.2870258629341285,4704
2015-07-17,198,169,3.139315836493084,4728
2015-07-18,199,169,3.136739584263212,4752
2015-07-19,200,169,3.2043860741062185,4776
2015-07-20,201,169,3.163052835246713,4800
2015-07-21,202,169,3.2983586690498035,4824
2015-07-22,203,169,3.2237237421894034,4848
2015-07-23,204,169,3.0424617898470108,4872
2015-07-24,205,169,3.1058470185043343,4896
2015-07-25,206,169,2.851410620109572,4920
2015-07-26,207,169,2.758395939907902,4944
2015-07-27,208,169,2.8696614881256366,4968
2015-07-28,209,169,2.8135222605733268,4992
2015-07-29,210,169,2.7563829239730664,5016
2015-07-30,211,169,2.6884257619126783,5040
2015-07-31,212,169,2.7954681773372543,5064
2015-08-01,213,169,2.7622213229977453,5088
2015-08-02,214,169,2.8900942743197224,5112
2015-08-03,215,169,3.0892234930539764,5136
2015-08-04,216,169,3.0018197403541653,5160
2015-08-05,217,169,3.1036556362852954,5184
2015-08-06,218,169,3.3078486409566588,5208
2015-08-07,219,169,3.3931222649329422,5232
2015-08-08,220,169,3.2189089869574286,5256
2015-08-09,221,169,3.0253667040396484,5280
2015-08-10,222,169,2.9870353752629666,5304
2015-08-11,223,169,3.1066700236723137,5328
2015-08-12,224,169,3.1930916568261027,5352
2015-08-13,225,169,3.156100769888712,5376
2015-08-14,226,169,2.8712388849910098,5400
2015-08-15,227,169,2.6865955390795726,5424
2015-08-16,228,169,2.67775256196199,5448
2015-08-17,229,169,2.6979814817647143,5472
2015-08-18,230,169,2.6854004884171805,5496
2015-08-19,231,169,2.630441161028092,5520
2015-08-20,232,169,2.6959456750326725,5544
2015-08-21,233,169,2.708021124874453,5568
2015-08-22,234,169,2.7997882089161394,5592
2015-08-23,235,169,2.791040543265174,5616
2015-08-24,236,169,2.7869344500010125,5640
2015-08-25,237,169,2.7039520850079395,5664
2015-08-26,238,169,2.857965729151496,5688
2015-08-27,239,169,2.997754641731948,5712
2015-08-28,240,169,3.0811581534648647,5736
2015-08-29,241,169,3.165546349929794,5760
2015-08-30,242,169,3.145057353487602,5784
2015-08-31,243,169,3.057225981441646,5808
2015-09-01,244,169,2.8571870479406587,5832
2015-09-02,245,169,2.7080434618483853,5856
2015-09-03,246,169,2.6348809076161364,5880
2015-09-04,247,169,2.612449874029989,5904
2015-09-05,248,169,2.4719820620788964,5928
2015-09-06,249,169,2.4629140056561405,5952
2015-09-07,250,169,2.4637784436408863,5976
2015-09-08,251,169,2.5480475493294783,6000
2015-09-09,252,169,2.599281840428868,6024
2015-09-10,253,169,2.5417826624863107,6048
2015-09-11,254,169,2.5838654327807227,6072
2015-09-12,255,169,2.7029196553772064,6096
2015-09-13,256,169,2.7464452419032392,6120
2015-09-14,257,169,2.6502190517862205,6144
2015-09-15,258,169,2.6703524962683867,6168
2015-09-16,259,169,2.8924434801926284,6192
2015-09-17,260,169,2.745425303740764,6216
2015-09-18,261,169,2.5767323242594142,6240
2015-09-19,262,169,2.5454504610336834,6264
2015-09-20,263,169,2.527860708929119,6288
2015-09-21,264,169,2.5481467062623566,6312
2015-09-22,265,169,2.558460296869156,6336
2015-09-23,266,169,2.356352106424178,6360
2015-09-24,267,169,2.422629047191544,6384
2015-09-25,268,169,2.489624735509869,6408
2015-09-26,269,169,2.5494772777796566,6432
2015-09-27,270,169,2.523201958620417,6456
2015-09-28,271,169,2.4566866039824085,6480
2015-09-29,272,169,2.4307219062823737,6504
2015-09-30,273,169,2.4322933571810297,6528
2015-10-01,274,169,2.4233222838671096,6552
2015-10-02,275,169,2.5553843104024114,6576
2015-10-03,276,169,2.5985489896064173,6600
2015-10-04,277,169,2.481871841352332,6624
2015-10-05,278,169,2.6477903463752552,6648
2015-10-06,279,169,2.6701896460138053,6672
2015-10-07,280,169,2.548442531970292,6696
2015-10-08,281,169,2.4843032782208323,6720
2015-10-09,282,169,2.5070847798863567,6744
2015-10-10,283,169,2.4982866742934657,6768
2015-10-11,284,169,2.4647658994512884,6792
2015-10-12,285,169,2.480812470177188,6816
2015-10-13,286,169,2.4480466414189954,6840
2015-10-14,287,169,2.256357160194978,6864
2015-10-15,288,169,2.2202937423435807,6888
2015-10-16,289,169,2.2064944357054714,6912
2015-10-17,290,169,2.25511980569118,6936
2015-10-18,291,169,2.3225386145985563,6960
2015-10-19,292,169,2.2651394909571496,6984
2015-10-20,293,169,2.2470525432071256,7008
2015-10-21,294,169,2.238997904328727,7032
2015-10-22,295,169,2.311679414708486,7056
2015-10-23,296,169,2.428535387987316,7080
2015-10-24,297,169,2.488561211650822,7104
2015-10-25,298,169,2.478935478614098,7128
2015-10-26,299,169,2.458444182672645,7152
2015-10-27,300,169,2.4532137265859495,7176
2015-10-28,301,169,2.4849687829291605,7200
2015-10-29,302,169,2.403991638545592,7224
2015-10-30,303,169,2.4662959544277165,7248
2015-10-31,304,169,2.456206983270394,7272
2015-11-01,305,169,2.425421332640914,7296
2015-11-02,306,169,2.3873856790845136,7320
2015-11-03,307,169,2.4554884235364707,7344
2015-11-04,308,169,2.489321796779378,7368
2015-11-05,309,169,2.41592114548324,7392
2015-11-06,310,169,2.496480572349673,7416
2015-11-07,311,169,2.552789827928576,7440
2015-11-08,312,169,2.58568652522165,7464
2015-11-09,313,169,2.5669332024859344,7488
2015-11-10,314,169,2.5036271341088807,7512
2015-11-11,315,169,2.419736205390985,7536
2015-11-12,316,169,2.416263507037513,7560
2015-11-13,317,169,2.4286382692081108,7584
2015-11-14,318,169,2.3630880716545763,7608
2015-11-15,319,169,2.5120009077617547,7632
2015-11-16,320,169,2.4232501806729574,7656
2015-11-17,321,169,2.443181102709415,7680
2015-11-18,322,169,2.4365864659418053,7704
2015-11-19,323,169,2.4072565450563363,7728
2015-11-20,324,169,2.446085493330215,7752
2015-11-21,325,169,2.151162393287906,7776
2015-11-22,326,169,2.0446815939790075,7800
2015-11-23,327,169,1.9566874395658869,7824
2015-11-24,328,169,1.9745586708313807,7848
2015-11-25,329,169,2.132130678783386,7872
2015-11-26,330,169,2.081589030364258,7896
2015-11-27,331,169,1.997808348840412,7920
2015-11-28,332,169,2.04926767101419,7944
2015-11-29,333,169,2.1618433339611167,7968
2015-11-30,334,169,2.2785358861766496,7992
2015-12-01,335,169,2.2947854700192405,8016
2015-12-02,336,169,2.2415382494127534,8040
2015-12-03,337,169,2.227932778432671,8064
2015-12-04,338,169,2.2750826227992462,8088
2015-12-05,339,169,2.252887517569642,8112
2015-12-06,340,169,2.2487175455479567,8136
2015-12-07,341,169,2.221219799878845,8160
2015-12-08,342,169,2.2349202928175544,8184
2015-12-09,343,169,2.2032954671931506,8208
2015-12-10,344,169,2.108318976590988,8232
2015-12-11,345,169,2.1756325411190414,8256
2015-12-12,346,169,2.1669179365318927,8280
2015-12-13,347,169,2.1543152718288323,8304
2015-12-14,348,169,2.1572958543181016,8328
2015-12-15,349,169,2.212043238810753,8352
2015-12-16,350,169,2.3340988521106443,8376
2015-12-17,351,169,2.32535064139424,8400
2015-12-18,352,169,2.3152000383229776,8424
2015-12-19,353,169,2.3239614787975524,8448
2015-12-20,354,169,2.3583941868388583,8472
2015-12-21,355,169,2.2877030657070616,8496
2015-12-22,356,169,2.284440917812324,8520
2015-12-23,357,169,2.254771676172942,8544
2015-12-24,358,169,2.2404020555353856,8568
2015-12-25,359,169,2.238850526242632,8592
2015-12-26,360,169,2.233975785280246,8616
2015-12-27,361,169,2.226714007932169,8640
2015-12-28,362,169,2.2664136362324774,8664
2015-12-29,363,169,2.214079106614093,8688
2015-12-30,364,169,2.1743409520480936,8712
2015-12-31,365,169,2.2177906981882543,8736
2015-01-01,1,170,2.150375183123596,0
2015-01-02,2,170,2.2170583821636556,24
2015-01-03,3,170,2.401933610738494,48
2015-01-04,4,170,2.4512228277000268,72
2015-01-05,5,170,2.227468834229741,96
2015-01-06,6,170,2.1886806697228365,120
2015-01-07,7,170,2.255053390230413,144
2015-01-08,8,170,2.3886236375862158,168
2015-01-09,9,170,2.5211102087002963,192
2015-01-10,10,170,2.7990222483700777,216
2015-01-11,11,170,2.461561262820706,240
2015-01-12,12,170,2.3276745234401863,264
2015-01-13,13,170,2.4828632270223494,288
2015-01-14,14,170,2.51950613057621,312
2015-01-15,15,170,2.474596712032039,336
2015-01-16,16,170,2.4344185745998583,360
2015-01-17,17,170,2.3078997120258404,384
2015-01-18,18,170,2.216372138364087,408
2015-01-19,19,170,2.2563566534155486,432
2015-01-20,20,170,2.262847229251917,456
2015-01-21,21,170,2.2803371074399217,480
2015-01-22,22,170,2.2841206442302915,504
2015-01-23,23,170,2.2706349815870843,528
2015-01-24,24,170,2.2662141155812336,552
2015-01-25,25,170,2.2607184944402032,576
2015-01-26,26,170,2.2231068402545584,600
2015-01-27,27,170,2.2824273410987708,624
2015-01-28,28,170,2.274573818761956,648
2015-01-29,29,170,2.349653233512418,672
2015-01-30,30,170,2.2834739679869114,696
2015-01-31,31,170,2.2579801082162168,720
2015-02-01,32,170,2.2540623885097446,744
2015-02-02,33,170,2.238965886343048,768
2015-02-03,34,170,2.1930163555461784,792
2015-02-04,35,170,2.1688970330928874,816
2015-02-05,36,170,2.159177763269012,840
2015-02-06,37,170,2.178529281849341,864
2015-02-07,38,170,2.133681638213293,888
2015-02-08,39,170,2.173247020046455,912
2015-02-09,40,170,2.216092031709584,936
2015-02-10,41,170,2.214054707257764,960
2015-02-11,42,170,2.2202582056868856,984
2015-02-12,43,170,2.2119225524443964,1008
2015-02-13,44,170,2.2730184598103893,1032
2015-02-14,45,170,2.384584279654553,1056
2015-02-15,46,170,2.345483537647362,1080
2015-02-16,47,170,2.2871084615886,1104
2015-02-17,48,170,2.271654849350794,1128
2015-02-18,49,170,2.2528181721167755,1152
2015-02-19,50,170,2.28568504820669,1176
2015-02-20,51,170,2.4002392205175,1200
2015-02-21,52,170,2.3342179233498337,1224
2015-02-22,53,170,2.297714998654754,1248
2015-02-23,54,170,2.3023021501521588,1272
2015-02-24,55,170,2.382872366311286,1296
2015-02-25,56,170,2.3751776155808866,1320
2015-02-26,57,170,2.3269573843067293,1344
2015-02-27,58,170,2.353012602802549,1368
2015-02-28,59,170,2.33914597065616,1392
2015-03-01,60,170,2.44888129712177,1416
2015-03-02,61,170,2.5802276233911003,1440
2015-03-03,62,170,2.507064084808193,1464
2015-03-04,63,170,2.392852719935544,1488
2015-03-05,64,170,2.371121702116836,1512
2015-03-06,65,170,2.3835435809041536,1536
2015-03-07,66,170,2.3926295064350223,1560
2015-03-08,67,170,2.4659860824104225,1584
2015-03-09,68,170,2.5342938451673533,1608
2015-03-10,69,170,2.5473884362199475,1632
2015-03-11,70,170,2.59973544978064,1656
2015-03-12,71,170,2.4607524454515093,1680
2015-03-13,72,170,2.4158618654567463,1704
2015-03-14,73,170,2.4274467532241304,1728
2015-03-15,74,170,2.397881170173141,1752
2015-03-16,75,170,2.5172514598859568,1776
2015-03-17,76,170,2.6016449378300504,1800
2015-03-18,77,170,2.6662650233333336,1824
2015-03-19,78,170,2.6785787129596543,1848
2015-03-20,79,170,2.5999740709098504,1872
2015-03-21,80,170,2.5594019258183103,1896
2015-03-22,81,170,2.453379682827947,1920
2015-03-23,82,170,2.542327795532382,1944
2015-03-24,83,170,2.6243049448532894,1968
2015-03-25,84,170,2.5380914521643043,1992
2015-03-26,85,170,2.4740977435087803,2016
2015-03-27,86,170,2.546044654340821,2040
2015-03-28,87,170,2.504590358528905,2064
2015-03-29,88,170,2.6495106079017403,2088
2015-03-30,89,170,2.712325351700528,2112
2015-03-31,90,170,2.766519230378296,2136
2015-04-01,91,170,2.4846601708352156,2160
2015-04-02,92,170,2.4824237971131127,2184
2015-04-03,93,170,2.488427478312156,2208
2015-04-04,94,170,2.4824137928163084,2232
2015-04-05,95,170,2.420675752033148,2256
2015-04-06,96,170,2.4317798408856395,2280
2015-04-07,97,170,2.4835197140141485,2304
2015-04-08,98,170,2.55669576027335,2328
2015-04-09,99,170,2.7146272140242687,2352
2015-04-10,100,170,2.871363517379166,2376
2015-04-11,101,170,2.828458900945232,2400
2015-04-12,102,170,2.837228459550725,2424
2015-04-13,103,170,2.915404372970693,2448
2015-04-14,104,170,2.9027911418193826,2472
2015-04-15,105,170,2.9745027410012086,2496
2015-04-16,106,170,2.8937408586294486,2520
2015-04-17,107,170,2.7934474176862127,2544
2015-04-18,108,170,2.661648695411181,2568
2015-04-19,109,170,2.644409664677436,2592
2015-04-20,110,170,2.77091122203178,2616
2015-04-21,111,170,2.860809964447648,2640
2015-04-22,112,170,2.9153522631391184,2664
2015-04-23,113,170,2.864532684768424,2688
2015-04-24,114,170,2.9145041283043542,2712
2015-04-25,115,170,2.889694405257204,2736
2015-04-26,116,170,2.8992047350011805,2760
2015-04-27,117,170,2.919946251373172,2784
2015-04-28,118,170,2.580803994705548,2808
2015-04-29,119,170,2.634950684616511,2832
2015-04-30,120,170,2.7864253617813586,2856
2015-05-01,121,170,2.7760900812484475,2880
2015-05-02,122,170,2.8787149626267734,2904
2015-05-03,123,170,2.9625713050356586,2928
2015-05-04,124,170,3.0626744465754814,2952
2015-05-05,125,170,3.0486167782119287,2976
2015-05-06,126,170,2.922926862387738,3000
2015-05-07,127,170,2.8594918157371327,3024
2015-05-08,128,170,2.8985590648720714,3048
2015-05-09,129,170,2.992678508759624,3072
2015-05-10,130,170,3.001840634454428,3096
2015-05-11,131,170,3.128953763194371,3120
2015-05-12,132,170,3.401776805449096,3144
2015-05-13,133,170,3.5113696575323146,3168
2015-05-14,134,170,3.1796906031356413,3192
2015-05-15,135,170,2.5976372058921333,3216
2015-05-16,136,170,2.879821182504932,3240
2015-05-17,137,170,3.000100098103194,3264
2015-05-18,138,170,3.0888306011982234,3288
2015-05-19,139,170,2.879807150327118,3312
2015-05-20,140,170,2.659358295889956,3336
2015-05-21,141,170,2.664679420528882,3360
2015-05-22,142,170,2.8076411183399737,3384
2015-05-23,143,170,2.8967333041571166,3408
2015-05-24,144,170,2.9915921553204416,3432
2015-05-25,145,170,2.9617040296199013,3456
2015-05-26,146,170,2.833354382382081,3480
2015-05-27,147,170,2.827244762566018,3504
2015-05-28,148,170,2.9502762682875425,3528
2015-05-29,149,170,3.1730190742061986,3552
2015-05-30,150,170,3.1065243461816774,3576
2015-05-31,151,170,3.1539219376862926,3600
2015-06-01,152,170,3.1995021748748567,3624
2015-06-02,153,170,3.3397613152790018,3648
2015-06-03,154,170,3.465127606965844,3672
2015-06-04,155,170,3.5214791398759084,3696
2015-06-05,156,170,3.6644530328989364,3720
2015-06-06,157,170,3.6166277020009314,3744
2015-06-07,158,170,3.4736681373208325,3768
2015-06-08,159,170,3.2198123508976537,3792
2015-06-09,160,170,3.0148473454713622,3816
2015-06-10,161,170,3.1087815188664494,3840
2015-06-11,162,170,3.3437040486459124,3864
2015-06-12,163,170,3.349658670733382,3888
2015-06-13,164,170,3.3553866959438454,3912
2015-06-14,165,170,3.2346413330105097,3936
2015-06-15,166,170,3.1289077423336726,3960
2015-06-16,167,170,3.13043874768965,3984
2015-06-17,168,170,3.1528722547190218,4008
2015-06-18,169,170,3.0918727362170206,4032
2015-06-19,170,170,3.124628069941747,4056
2015-06-20,171,170,2.959895309150453,4080
2015-06-21,172,170,3.055447420844565,4104
2015-06-22,173,170,3.2565046031807907,4128
2015-06-23,174,170,3.0242470986065046,4152
2015-06-24,175,170,3.044234049407008,4176
2015-06-25,176,170,3.2182313616367137,4200
2015-06-26,177,170,3.3502737721853455,4224
2015-06-27,178,170,3.4496765892166903,4248
2015-06-28,179,170,3.43363083598634,4272
2015-06-29,180,170,3.5033643718740555,4296
2015-06-30,181,170,3.661642179030797,4320
2015-07-01,182,170,3.877588642728168,4344
2015-07-02,183,170,4.08198138196291,4368
2015-07-03,184,170,4.1230560869144615,4392
2015-07-04,185,170,4.216402628574161,4416
2015-07-05,186,170,4.244315053710092,4440
2015-07-06,187,170,3.991984992922073,4464
2015-07-07,188,170,4.210094512217552,4488
2015-07-08,189,170,3.462192010269392,4512
2015-07-09,190,170,3.3088784945320886,4536
2015-07-10,191,170,3.3750106397958333,4560
2015-07-11,192,170,3.7507831447994815,4584
2015-07-12,193,170,3.659023978775509,4608
2015-07-13,194,170,3.6337369761553218,4632
2015-07-14,195,170,3.7098052876543486,4656
2015-07-15,196,170,3.7396081345597034,4680
2015-07-16,197,170,3.971459660966639,4704
2015-07-17,198,170,4.071072728435024,4728
2015-07-18,199,170,3.6789337561827034,4752
2015-07-19,200,170,3.872733425291361,4776
2015-07-20,201,170,3.87345346231613,4800
2015-07-21,202,170,4.039055818837516,4824
2015-07-22,203,170,3.777460363446667,4848
2015-07-23,204,170,3.5545102610910257,4872
2015-07-24,205,170,3.6657900998797133,4896
2015-07-25,206,170,3.3213430181092596,4920
2015-07-26,207,170,3.0844068002792264,4944
2015-07-27,208,170,3.3416549013576464,4968
2015-07-28,209,170,3.3071406827967373,4992
2015-07-29,210,170,3.097208462760955,5016
2015-07-30,211,170,3.1006727595956494,5040
2015-07-31,212,170,3.1662317334270287,5064
2015-08-01,213,170,3.110613104921332,5088
2015-08-02,214,170,3.3410207805082512,5112
2015-08-03,215,170,3.614677161811097,5136
2015-08-04,216,170,3.485202335516013,5160
2015-08-05,217,170,3.6289982101045086,5184
2015-08-06,218,170,3.9471657969172407,5208
2015-08-07,219,170,4.095000820701524,5232
2015-08-08,220,170,3.8517275195216976,5256
2015-08-09,221,170,3.443774869865669,5280
2015-08-10,222,170,3.481216777668105,5304
2015-08-11,223,170,3.643643998145926,5328
2015-08-12,224,170,3.793290237272705,5352
2015-08-13,225,170,3.607013268918248,5376
2015-08-14,226,170,3.280863297379777,5400
2015-08-15,227,170,3.1096335871415173,5424
2015-08-16,228,170,3.0034127526679253,5448
2015-08-17,229,170,3.1274201963312995,5472
2015-08-18,230,170,3.086691436321761,5496
2015-08-19,231,170,3.0169111159788162,5520
2015-08-20,232,170,3.1105303364320296,5544
2015-08-21,233,170,3.2375110207666657,5568
2015-08-22,234,170,3.2760223793014407,5592
2015-08-23,235,170,3.167575014040392,5616
2015-08-24,236,170,3.0865110234760333,5640
2015-08-25,237,170,3.0835349407289594,5664
2015-08-26,238,170,3.2148301677854985,5688
2015-08-27,239,170,3.5408291515692345,5712
2015-08-28,240,170,3.698915636308587,5736
2015-08-29,241,170,3.660909598417582,5760
2015-08-30,242,170,3.7607368049385896,5784
2015-08-31,243,170,3.7211997640112533,5808
2015-09-01,244,170,3.2960409595838605,5832
2015-09-02,245,170,3.1430556677849446,5856
2015-09-03,246,170,3.0690743289984828,5880
2015-09-04,247,170,3.039690041931052,5904
2015-09-05,248,170,2.893443071516792,5928
2015-09-06,249,170,2.852943104556502,5952
2015-09-07,250,170,2.8656680428419388,5976
2015-09-08,251,170,2.9199737936157213,6000
2015-09-09,252,170,2.986160529166496,6024
2015-09-10,253,170,2.9205861245147866,6048
2015-09-11,254,170,3.035308271219547,6072
2015-09-12,255,170,3.1713743723277656,6096
2015-09-13,256,170,3.1599391500745995,6120
2015-09-14,257,170,3.0009981080175083,6144
2015-09-15,258,170,2.974686248022018,6168
2015-09-16,259,170,3.1540360464789057,6192
2015-09-17,260,170,2.9353883566937964,6216
2015-09-18,261,170,2.878380430576709,6240
2015-09-19,262,170,2.85142802946934,6264
2015-09-20,263,170,2.894646373550956,6288
2015-09-21,264,170,2.82836741575012,6312
2015-09-22,265,170,2.866848399033356,6336
2015-09-23,266,170,2.705505733143708,6360
2015-09-24,267,170,2.789374592755831,6384
2015-09-25,268,170,2.8131080232741894,6408
2015-09-26,269,170,2.8320113402870186,6432
2015-09-27,270,170,2.861176454007145,6456
2015-09-28,271,170,2.7778933601571016,6480
2015-09-29,272,170,2.7393810277945123,6504
2015-09-30,273,170,2.6931779470148967,6528
2015-10-01,274,170,2.67470058074823,6552
2015-10-02,275,170,2.7368120271785217,6576
2015-10-03,276,170,2.8664561796470247,6600
2015-10-04,277,170,2.83821496528727,6624
2015-10-05,278,170,2.928966791216473,6648
2015-10-06,279,170,2.9441972351271164,6672
2015-10-07,280,170,2.8513149656780463,6696
2015-10-08,281,170,2.7567531531468648,6720
2015-10-09,282,170,2.7739011349792406,6744
2015-10-10,283,170,2.7337469397277414,6768
2015-10-11,284,170,2.767990895909111,6792
2015-10-12,285,170,2.7121343843280328,6816
2015-10-13,286,170,2.6612967221498938,6840
2015-10-14,287,170,2.503348042701308,6864
2015-10-15,288,170,2.4521697755619973,6888
2015-10-16,289,170,2.4668431695412902,6912
2015-10-17,290,170,2.484681466960647,6936
2015-10-18,291,170,2.572505334881714,6960
2015-10-19,292,170,2.5668040590356096,6984
2015-10-20,293,170,2.520337262136989,7008
2015-10-21,294,170,2.5361478383980067,7032
2015-10-22,295,170,2.562800854359004,7056
2015-10-23,296,170,2.6963255910259862,7080
2015-10-24,297,170,2.7135614159198016,7104
2015-10-25,298,170,2.7536292380967766,7128
2015-10-26,299,170,2.6652974144317416,7152
2015-10-27,300,170,2.6453708112944336,7176
2015-10-28,301,170,2.6755873481220056,7200
2015-10-29,302,170,2.6893366297396364,7224
2015-10-30,303,170,2.6706790265638767,7248
2015-10-31,304,170,2.643600968258891,7272
2015-11-01,305,170,2.5866769197927653,7296
2015-11-02,306,170,2.5509568178089865,7320
2015-11-03,307,170,2.5346184955431945,7344
2015-11-04,308,170,2.6157633432277025,7368
2015-11-05,309,170,2.64342005776269,7392
2015-11-06,310,170,2.7385759879160525,7416
2015-11-07,311,170,2.8006647285010566,7440
2015-11-08,312,170,2.756676479619412,7464
2015-11-09,313,170,2.7936836802494818,7488
2015-11-10,314,170,2.6976237862008143,7512
2015-11-11,315,170,2.54484533981001,7536
2015-11-12,316,170,2.5347139719495453,7560
2015-11-13,317,170,2.5951923654022537,7584
2015-11-14,318,170,2.6403772652583704,7608
2015-11-15,319,170,2.6840488759603485,7632
2015-11-16,320,170,2.6197375753110306,7656
2015-11-17,321,170,2.759452577760449,7680
2015-11-18,322,170,2.818314069295225,7704
2015-11-19,323,170,2.845598792384904,7728
2015-11-20,324,170,2.807321673228016,7752
2015-11-21,325,170,2.38608623755402,7776
2015-11-22,326,170,2.295386106398786,7800
2015-11-23,327,170,2.258907227751552,7824
2015-11-24,328,170,2.2396358081763474,7848
2015-11-25,329,170,2.320256456978039,7872
2015-11-26,330,170,2.352706366966112,7896
2015-11-27,331,170,2.3023795463396084,7920
2015-11-28,332,170,2.2927130193458543,7944
2015-11-29,333,170,2.4185357891964485,7968
2015-11-30,334,170,2.6159020159715425,7992
2015-12-01,335,170,2.5634586892695816,8016
2015-12-02,336,170,2.3674447885680716,8040
2015-12-03,337,170,2.3003268202994267,8064
2015-12-04,338,170,2.352695837964997,8088
2015-12-05,339,170,2.4067634768386608,8112
2015-12-06,340,170,2.437956272425755,8136
2015-12-07,341,170,2.4199317251826766,8160
2015-12-08,342,170,2.3798499171986527,8184
2015-12-09,343,170,2.4532307018661044,8208
2015-12-10,344,170,2.3133251268875497,8232
2015-12-11,345,170,2.3534096509106126,8256
2015-12-12,346,170,2.361086493768309,8280
2015-12-13,347,170,2.302607645538892,8304
2015-12-14,348,170,2.292639864713229,8328
2015-12-15,349,170,2.3203979062526296,8352
2015-12-16,350,170,2.494028753020636,8376
2015-12-17,351,170,2.486447062828201,8400
2015-12-18,352,170,2.463181699193315,8424
2015-12-19,353,170,2.432470896330814,8448
2015-12-20,354,170,2.4316747199380906,8472
2015-12-21,355,170,2.5788752413183693,8496
2015-12-22,356,170,2.5043519160186802,8520
2015-12-23,357,170,2.5340953965526665,8544
2015-12-24,358,170,2.5174073834662463,8568
2015-12-25,359,170,2.487312848358215,8592
2015-12-26,360,170,2.3870750286795297,8616
2015-12-27,361,170,2.3191398668253025,8640
2015-12-28,362,170,2.2842915542953777,8664
2015-12-29,363,170,2.3105018570257334,8688
2015-12-30,364,170,2.3560218693475923,8712
2015-12-31,365,170,2.4254648692642977,8736
2015-01-01,1,171,2.138809648552694,0
2015-01-02,2,171,2.2254788025423213,24
2015-01-03,3,171,2.399784056631172,48
2015-01-04,4,171,2.4383150896108163,72
2015-01-05,5,171,2.2323320620588247,96
2015-01-06,6,171,2.1962726702272226,120
2015-01-07,7,171,2.262254977539882,144
2015-01-08,8,171,2.386426666348197,168
2015-01-09,9,171,2.5200658738010744,192
2015-01-10,10,171,2.7994434395661685,216
2015-01-11,11,171,2.4543565534804546,240
2015-01-12,12,171,2.33917543516526,264
2015-01-13,13,171,2.4565434807722584,288
2015-01-14,14,171,2.4914547980321866,312
2015-01-15,15,171,2.435470331380616,336
2015-01-16,16,171,2.4233915404548134,360
2015-01-17,17,171,2.297356186594358,384
2015-01-18,18,171,2.2296874969246376,408
2015-01-19,19,171,2.251565688343578,432
2015-01-20,20,171,2.2665151261969583,456
2015-01-21,21,171,2.263953141820367,480
2015-01-22,22,171,2.2649886114614133,504
2015-01-23,23,171,2.267247373419542,528
2015-01-24,24,171,2.2699184866202207,552
2015-01-25,25,171,2.2508932803939934,576
2015-01-26,26,171,2.206699332813351,600
2015-01-27,27,171,2.282546164666857,624
2015-01-28,28,171,2.266420811473022,648
2015-01-29,29,171,2.3214454713897354,672
2015-01-30,30,171,2.2718691433613483,696
2015-01-31,31,171,2.2554362488513062,720
2015-02-01,32,171,2.24663856073656,744
2015-02-02,33,171,2.2384031138571783,768
2015-02-03,34,171,2.178123109864936,792
2015-02-04,35,171,2.1629974747541323,816
2015-02-05,36,171,2.1550734594874834,840
2015-02-06,37,171,2.17103670203686,864
2015-02-07,38,171,2.127059536723919,888
2015-02-08,39,171,2.160199662517172,912
2015-02-09,40,171,2.1961047713481823,936
2015-02-10,41,171,2.2114591606423466,960
2015-02-11,42,171,2.209222272330256,984
2015-02-12,43,171,2.201953512880169,1008
2015-02-13,44,171,2.2490013291988493,1032
2015-02-14,45,171,2.3294945314355946,1056
2015-02-15,46,171,2.2914802330346937,1080
2015-02-16,47,171,2.2577907053780524,1104
2015-02-17,48,171,2.259900631125916,1128
2015-02-18,49,171,2.2445924310599423,1152
2015-02-19,50,171,2.27865436801518,1176
2015-02-20,51,171,2.37087594191208,1200
2015-02-21,52,171,2.3106965996015463,1224
2015-02-22,53,171,2.283982647878597,1248
2015-02-23,54,171,2.289794390797016,1272
2015-02-24,55,171,2.370521941461838,1296
2015-02-25,56,171,2.370702609286744,1320
2015-02-26,57,171,2.312751637753291,1344
2015-02-27,58,171,2.338267625613536,1368
2015-02-28,59,171,2.3391130134507065,1392
2015-03-01,60,171,2.43023357130934,1416
2015-03-02,61,171,2.5472995582849154,1440
2015-03-03,62,171,2.4912274942130224,1464
2015-03-04,63,171,2.3812098702242364,1488
2015-03-05,64,171,2.354596929875614,1512
2015-03-06,65,171,2.35868106541173,1536
2015-03-07,66,171,2.3742735010472598,1560
2015-03-08,67,171,2.453635693225332,1584
2015-03-09,68,171,2.5223351418354505,1608
2015-03-10,69,171,2.5466164068139907,1632
2015-03-11,70,171,2.5943812426797455,1656
2015-03-12,71,171,2.4462598733207597,1680
2015-03-13,72,171,2.4040707562804458,1704
2015-03-14,73,171,2.4063975418360366,1728
2015-03-15,74,171,2.395150219668375,1752
2015-03-16,75,171,2.5148971089711614,1776
2015-03-17,76,171,2.6049270769106383,1800
2015-03-18,77,171,2.6685448760704333,1824
2015-03-19,78,171,2.6715735841568087,1848
2015-03-20,79,171,2.5912919271050763,1872
2015-03-21,80,171,2.535381530216274,1896
2015-03-22,81,171,2.435513481849086,1920
2015-03-23,82,171,2.5288990025062046,1944
2015-03-24,83,171,2.6018618792591264,1968
2015-03-25,84,171,2.5378916776214755,1992
2015-03-26,85,171,2.4691847268345795,2016
2015-03-27,86,171,2.5447006779491685,2040
2015-03-28,87,171,2.527017626906072,2064
2015-03-29,88,171,2.643013650278314,2088
2015-03-30,89,171,2.6917433683097127,2112
2015-03-31,90,171,2.754935377698509,2136
2015-04-01,91,171,2.4791367697636724,2160
2015-04-02,92,171,2.4757978833623544,2184
2015-04-03,93,171,2.4794919998582547,2208
2015-04-04,94,171,2.46432824268228,2232
2015-04-05,95,171,2.4032342232447017,2256
2015-04-06,96,171,2.4054909746776616,2280
2015-04-07,97,171,2.4586449367427137,2304
2015-04-08,98,171,2.548183657007474,2328
2015-04-09,99,171,2.7047466478017554,2352
2015-04-10,100,171,2.8499275077683257,2376
2015-04-11,101,171,2.818173685262204,2400
2015-04-12,102,171,2.8312112357651698,2424
2015-04-13,103,171,2.907404019341119,2448
2015-04-14,104,171,2.9107683666506032,2472
2015-04-15,105,171,2.947677141046517,2496
2015-04-16,106,171,2.9047021436310967,2520
2015-04-17,107,171,2.7822427362367947,2544
2015-04-18,108,171,2.638622079971221,2568
2015-04-19,109,171,2.628011266451784,2592
2015-04-20,110,171,2.7475685593647095,2616
2015-04-21,111,171,2.852989765850753,2640
2015-04-22,112,171,2.9179899354804535,2664
2015-04-23,113,171,2.8236149942350366,2688
2015-04-24,114,171,2.876705835794016,2712
2015-04-25,115,171,2.8638257275286585,2736
2015-04-26,116,171,2.8907889950291317,2760
2015-04-27,117,171,2.9075557915998576,2784
2015-04-28,118,171,2.5870960821828084,2808
2015-04-29,119,171,2.628793321897996,2832
2015-04-30,120,171,2.771934765487824,2856
2015-05-01,121,171,2.7499000203558905,2880
2015-05-02,122,171,2.870622642968857,2904
2015-05-03,123,171,2.937611489151301,2928
2015-05-04,124,171,3.0384412095036115,2952
2015-05-05,125,171,3.049697066463045,2976
2015-05-06,126,171,2.9063601860358466,3000
2015-05-07,127,171,2.8673358054320723,3024
2015-05-08,128,171,2.90452563179789,3048
2015-05-09,129,171,2.9905144498613963,3072
2015-05-10,130,171,3.006771554444514,3096
2015-05-11,131,171,3.1166414240354885,3120
2015-05-12,132,171,3.3649219559082586,3144
2015-05-13,133,171,3.4588042879504246,3168
2015-05-14,134,171,3.1861848777309283,3192
2015-05-15,135,171,2.601159255439942,3216
2015-05-16,136,171,2.869834426335892,3240
2015-05-17,137,171,3.00321727422256,3264
2015-05-18,138,171,3.088181952852993,3288
2015-05-19,139,171,2.8569432624183024,3312
2015-05-20,140,171,2.6391980998788727,3336
2015-05-21,141,171,2.6360876992266022,3360
2015-05-22,142,171,2.792783508369001,3384
2015-05-23,143,171,2.863092163345873,3408
2015-05-24,144,171,2.9729967226575917,3432
2015-05-25,145,171,2.9381102457284127,3456
2015-05-26,146,171,2.816879060885537,3480
2015-05-27,147,171,2.8217400444662406,3504
2015-05-28,148,171,2.928449383253424,3528
2015-05-29,149,171,3.1428501853903854,3552
2015-05-30,150,171,3.0794057929528247,3576
2015-05-31,151,171,3.119375934726971,3600
2015-06-01,152,171,3.1876716214993777,3624
2015-06-02,153,171,3.307151663105924,3648
2015-06-03,154,171,3.439074878954248,3672
2015-06-04,155,171,3.5094730361653435,3696
2015-06-05,156,171,3.6517092783787177,3720
2015-06-06,157,171,3.6087034858880562,3744
2015-06-07,158,171,3.4860880718635374,3768
2015-06-08,159,171,3.2219544395947763,3792
2015-06-09,160,171,2.992681932850413,3816
2015-06-10,161,171,3.0791725403414416,3840
2015-06-11,162,171,3.311760547933145,3864
2015-06-12,163,171,3.351270310836087,3888
2015-06-13,164,171,3.344622517679786,3912
2015-06-14,165,171,3.2003433893041646,3936
2015-06-15,166,171,3.0979119670094364,3960
2015-06-16,167,171,3.1014030568807542,3984
2015-06-17,168,171,3.1336073636171644,4008
2015-06-18,169,171,3.0708046728134573,4032
2015-06-19,170,171,3.116241303844664,4056
2015-06-20,171,171,2.9604372632488727,4080
2015-06-21,172,171,3.0158813835340164,4104
2015-06-22,173,171,3.1988946848721134,4128
2015-06-23,174,171,2.9967334743155587,4152
2015-06-24,175,171,3.0280076333558323,4176
2015-06-25,176,171,3.1846103436848976,4200
2015-06-26,177,171,3.3192545767521584,4224
2015-06-27,178,171,3.4020802757164645,4248
2015-06-28,179,171,3.4067444737520964,4272
2015-06-29,180,171,3.4567412649379805,4296
2015-06-30,181,171,3.6122338895099166,4320
2015-07-01,182,171,3.7960918349878847,4344
2015-07-02,183,171,3.9857790288793375,4368
2015-07-03,184,171,4.057219427829321,4392
2015-07-04,185,171,4.118982951245743,4416
2015-07-05,186,171,4.166497181508879,4440
2015-07-06,187,171,3.9298510158377926,4464
2015-07-07,188,171,4.1384930574656345,4488
2015-07-08,189,171,3.4482134550247614,4512
2015-07-09,190,171,3.3194707407860293,4536
2015-07-10,191,171,3.3428758218347503,4560
2015-07-11,192,171,3.675735487252034,4584
2015-07-12,193,171,3.6376408489873167,4608
2015-07-13,194,171,3.6007342432414062,4632
2015-07-14,195,171,3.6880685392005352,4656
2015-07-15,196,171,3.714260247489478,4680
2015-07-16,197,171,3.9084126720448236,4704
2015-07-17,198,171,3.9434572555818814,4728
2015-07-18,199,171,3.6496278433210914,4752
2015-07-19,200,171,3.807798835967338,4776
2015-07-20,201,171,3.829313840778744,4800
2015-07-21,202,171,3.9927542388817097,4824
2015-07-22,203,171,3.7693833931621636,4848
2015-07-23,204,171,3.5402141333787984,4872
2015-07-24,205,171,3.6092108481960254,4896
2015-07-25,206,171,3.3100664838304645,4920
2015-07-26,207,171,3.1120841746599512,4944
2015-07-27,208,171,3.3377025942333844,4968
2015-07-28,209,171,3.2891666645602644,4992
2015-07-29,210,171,3.0731569604423767,5016
2015-07-30,211,171,3.1033126813995864,5040
2015-07-31,212,171,3.1769315142652914,5064
2015-08-01,213,171,3.110716057042715,5088
2015-08-02,214,171,3.3287209107715694,5112
2015-08-03,215,171,3.5677990614215305,5136
2015-08-04,216,171,3.4701361546121627,5160
2015-08-05,217,171,3.607578744790691,5184
2015-08-06,218,171,3.907437719645504,5208
2015-08-07,219,171,4.033061394250868,5232
2015-08-08,220,171,3.914761721622904,5256
2015-08-09,221,171,3.5090470062622936,5280
2015-08-10,222,171,3.495294526310363,5304
2015-08-11,223,171,3.629039344331136,5328
2015-08-12,224,171,3.7657108369490553,5352
2015-08-13,225,171,3.644479556016928,5376
2015-08-14,226,171,3.2663874961029413,5400
2015-08-15,227,171,3.0854129168707587,5424
2015-08-16,228,171,3.0033264015181835,5448
2015-08-17,229,171,3.100066010463752,5472
2015-08-18,230,171,3.076542723081768,5496
2015-08-19,231,171,2.9968049884511077,5520
2015-08-20,232,171,3.094546081484679,5544
2015-08-21,233,171,3.2064060773590697,5568
2015-08-22,234,171,3.241186499816122,5592
2015-08-23,235,171,3.1479903878238926,5616
2015-08-24,236,171,3.0785112491547206,5640
2015-08-25,237,171,3.0814452887440287,5664
2015-08-26,238,171,3.1947822394754835,5688
2015-08-27,239,171,3.493490472576962,5712
2015-08-28,240,171,3.6599814194058498,5736
2015-08-29,241,171,3.6389362138415953,5760
2015-08-30,242,171,3.738076644806292,5784
2015-08-31,243,171,3.6784025561686695,5808
2015-09-01,244,171,3.277083321798779,5832
2015-09-02,245,171,3.131897364385742,5856
2015-09-03,246,171,3.0413083071088414,5880
2015-09-04,247,171,3.0383904763729035,5904
2015-09-05,248,171,2.8897695376398755,5928
2015-09-06,249,171,2.8491194068125467,5952
2015-09-07,250,171,2.846931653597081,5976
2015-09-08,251,171,2.9006740268293485,6000
2015-09-09,252,171,2.956427086801601,6024
2015-09-10,253,171,2.8679941506095727,6048
2015-09-11,254,171,2.966337893395635,6072
2015-09-12,255,171,3.1565825253719937,6096
2015-09-13,256,171,3.1192360612632406,6120
2015-09-14,257,171,3.0067821205108296,6144
2015-09-15,258,171,2.97730666040806,6168
2015-09-16,259,171,3.1099642524970044,6192
2015-09-17,260,171,2.924706186146799,6216
2015-09-18,261,171,2.86075363747014,6240
2015-09-19,262,171,2.849815851906206,6264
2015-09-20,263,171,2.8996011960774606,6288
2015-09-21,264,171,2.8207897325377926,6312
2015-09-22,265,171,2.86665024504394,6336
2015-09-23,266,171,2.6963845295229687,6360
2015-09-24,267,171,2.782846997115978,6384
2015-09-25,268,171,2.7972098292565017,6408
2015-09-26,269,171,2.8372066126467472,6432
2015-09-27,270,171,2.862438745056968,6456
2015-09-28,271,171,2.7618093289374763,6480
2015-09-29,272,171,2.730983364729684,6504
2015-09-30,273,171,2.680850739370724,6528
2015-10-01,274,171,2.660207244601069,6552
2015-10-02,275,171,2.7334779452731426,6576
2015-10-03,276,171,2.871690962612791,6600
2015-10-04,277,171,2.8203239777031457,6624
2015-10-05,278,171,2.907800676081814,6648
2015-10-06,279,171,2.9341805877827656,6672
2015-10-07,280,171,2.8634382994392933,6696
2015-10-08,281,171,2.7793497013041173,6720
2015-10-09,282,171,2.7744148584853283,6744
2015-10-10,283,171,2.733584854270217,6768
2015-10-11,284,171,2.7577781241052968,6792
2015-10-12,285,171,2.714450958191626,6816
2015-10-13,286,171,2.648609006871009,6840
2015-10-14,287,171,2.529511618603586,6864
2015-10-15,288,171,2.4586978973016165,6888
2015-10-16,289,171,2.4624142258662425,6912
2015-10-17,290,171,2.4780171155543447,6936
2015-10-18,291,171,2.551693970077656,6960
2015-10-19,292,171,2.5486881874609617,6984
2015-10-20,293,171,2.503703342935748,7008
2015-10-21,294,171,2.506599826972622,7032
2015-10-22,295,171,2.5540359039506497,7056
2015-10-23,296,171,2.6855622982594443,7080
2015-10-24,297,171,2.71747208223782,7104
2015-10-25,298,171,2.743462825350703,7128
2015-10-26,299,171,2.662702396787071,7152
2015-10-27,300,171,2.6307684720346307,7176
2015-10-28,301,171,2.6781886675720115,7200
2015-10-29,302,171,2.683427740846595,7224
2015-10-30,303,171,2.6718915293481182,7248
2015-10-31,304,171,2.6415627669259387,7272
2015-11-01,305,171,2.5892370849720456,7296
2015-11-02,306,171,2.5369205643257526,7320
2015-11-03,307,171,2.5283218085564516,7344
2015-11-04,308,171,2.603800005247378,7368
2015-11-05,309,171,2.629744036203,7392
2015-11-06,310,171,2.7348854224528716,7416
2015-11-07,311,171,2.8041570076025946,7440
2015-11-08,312,171,2.7563579921104417,7464
2015-11-09,313,171,2.8149310904594462,7488
2015-11-10,314,171,2.712210244756636,7512
2015-11-11,315,171,2.55543082972376,7536
2015-11-12,316,171,2.5242216280709333,7560
2015-11-13,317,171,2.5975076919070315,7584
2015-11-14,318,171,2.6374085557096336,7608
2015-11-15,319,171,2.7169424997324882,7632
2015-11-16,320,171,2.645819775460378,7656
2015-11-17,321,171,2.7308145883569948,7680
2015-11-18,322,171,2.8152032017024102,7704
2015-11-19,323,171,2.8199190395944362,7728
2015-11-20,324,171,2.778956327147476,7752
2015-11-21,325,171,2.393649186035475,7776
2015-11-22,326,171,2.3035090033541707,7800
2015-11-23,327,171,2.2583099276563057,7824
2015-11-24,328,171,2.2280684940088515,7848
2015-11-25,329,171,2.3161795949633883,7872
2015-11-26,330,171,2.3415597190584303,7896
2015-11-27,331,171,2.3021915269853026,7920
2015-11-28,332,171,2.2885104642653844,7944
2015-11-29,333,171,2.4078066128394835,7968
2015-11-30,334,171,2.6014454063416994,7992
2015-12-01,335,171,2.558921756388981,8016
2015-12-02,336,171,2.3655275610365294,8040
2015-12-03,337,171,2.2982419354291004,8064
2015-12-04,338,171,2.360985457714945,8088
2015-12-05,339,171,2.3995193537191346,8112
2015-12-06,340,171,2.4253132731027964,8136
2015-12-07,341,171,2.3908690795939345,8160
2015-12-08,342,171,2.3594717023457314,8184
2015-12-09,343,171,2.443109901207732,8208
2015-12-10,344,171,2.310499884968512,8232
2015-12-11,345,171,2.345478562587908,8256
2015-12-12,346,171,2.3662951883850365,8280
2015-12-13,347,171,2.3044254338602217,8304
2015-12-14,348,171,2.2682124449512067,8328
2015-12-15,349,171,2.3091517415425367,8352
2015-12-16,350,171,2.496108104190089,8376
2015-12-17,351,171,2.4917428844676937,8400
2015-12-18,352,171,2.470387531504138,8424
2015-12-19,353,171,2.426083119467334,8448
2015-12-20,354,171,2.407919672192366,8472
2015-12-21,355,171,2.555388896819538,8496
2015-12-22,356,171,2.4968923699476995,8520
2015-12-23,357,171,2.5345331120803385,8544
2015-12-24,358,171,2.4862595531410143,8568
2015-12-25,359,171,2.47465146373362,8592
2015-12-26,360,171,2.3812666200603982,8616
2015-12-27,361,171,2.3192020039965957,8640
2015-12-28,362,171,2.259015001238215,8664
2015-12-29,363,171,2.309195742287192,8688
2015-12-30,364,171,2.329711532397428,8712
2015-12-31,365,171,2.401355484166181,8736
2015-01-01,1,172,2.080445862570683,0
2015-01-02,2,172,2.1954113063613008,24
2015-01-03,3,172,2.3862039448233494,48
2015-01-04,4,172,2.357999549318784,72
2015-01-05,5,172,2.1765803152072656,96
2015-01-06,6,172,2.1634881873006884,120
2015-01-07,7,172,2.2430374751536024,144
2015-01-08,8,172,2.3876249252636708,168
2015-01-09,9,172,2.54697029836391,192
2015-01-10,10,172,2.846319876703612,216
2015-01-11,11,172,2.415821781029465,240
2015-01-12,12,172,2.31627317266265,264
2015-01-13,13,172,2.4064450198003846,288
2015-01-14,14,172,2.45494820593682,312
2015-01-15,15,172,2.371219824702919,336
2015-01-16,16,172,2.393001842065956,360
2015-01-17,17,172,2.251670995926026,384
2015-01-18,18,172,2.2036255792248927,408
2015-01-19,19,172,2.2182127020503177,432
2015-01-20,20,172,2.243313837020127,456
2015-01-21,21,172,2.234721772609313,480
2015-01-22,22,172,2.2265886105439865,504
2015-01-23,23,172,2.221509871515281,528
2015-01-24,24,172,2.231628255156924,552
2015-01-25,25,172,2.1905384038576883,576
2015-01-26,26,172,2.158636148618269,600
2015-01-27,27,172,2.2533839332521404,624
2015-01-28,28,172,2.2306837866669325,648
2015-01-29,29,172,2.2844981536896807,672
2015-01-30,30,172,2.244685216679453,696
2015-01-31,31,172,2.240778818204852,720
2015-02-01,32,172,2.218637906304913,744
2015-02-02,33,172,2.2199531696869585,768
2015-02-03,34,172,2.13803916353051,792
2015-02-04,35,172,2.1231720522446222,816
2015-02-05,36,172,2.121730643771044,840
2015-02-06,37,172,2.13471997085834,864
2015-02-07,38,172,2.0790941952852733,888
2015-02-08,39,172,2.0885291328634144,912
2015-02-09,40,172,2.1111577438648097,936
2015-02-10,41,172,2.148217527698175,960
2015-02-11,42,172,2.144797832672188,984
2015-02-12,43,172,2.1482832303025656,1008
2015-02-13,44,172,2.1883029966278618,1032
2015-02-14,45,172,2.268931741744857,1056
2015-02-15,46,172,2.224561513057308,1080
2015-02-16,47,172,2.19396520863157,1104
2015-02-17,48,172,2.20389806674186,1128
2015-02-18,49,172,2.1932241367395666,1152
2015-02-19,50,172,2.240333478615442,1176
2015-02-20,51,172,2.3189105010509,1200
2015-02-21,52,172,2.2820674069390945,1224
2015-02-22,53,172,2.246094065614793,1248
2015-02-23,54,172,2.2527614965948426,1272
2015-02-24,55,172,2.326209265118159,1296
2015-02-25,56,172,2.312912460735568,1320
2015-02-26,57,172,2.2759886458821303,1344
2015-02-27,58,172,2.295647527330603,1368
2015-02-28,59,172,2.2951208280109907,1392
2015-03-01,60,172,2.397562166805223,1416
2015-03-02,61,172,2.504954778169508,1440
2015-03-03,62,172,2.4469424743138464,1464
2015-03-04,63,172,2.333428931406861,1488
2015-03-05,64,172,2.289989073249139,1512
2015-03-06,65,172,2.2845103858710383,1536
2015-03-07,66,172,2.330290579293857,1560
2015-03-08,67,172,2.4248647083099892,1584
2015-03-09,68,172,2.505531849384292,1608
2015-03-10,69,172,2.5322203475044365,1632
2015-03-11,70,172,2.5330524947239517,1656
2015-03-12,71,172,2.386769206516284,1680
2015-03-13,72,172,2.362718859530747,1704
2015-03-14,73,172,2.344337660817656,1728
2015-03-15,74,172,2.358089100744023,1752
2015-03-16,75,172,2.5071782152882003,1776
2015-03-17,76,172,2.6092042656491548,1800
2015-03-18,77,172,2.6771868570821966,1824
2015-03-19,78,172,2.6376797570804578,1848
2015-03-20,79,172,2.554935742384832,1872
2015-03-21,80,172,2.49263585978114,1896
2015-03-22,81,172,2.3917103030808016,1920
2015-03-23,82,172,2.508935225841787,1944
2015-03-24,83,172,2.584717799995916,1968
2015-03-25,84,172,2.512137686227277,1992
2015-03-26,85,172,2.426013700173656,2016
2015-03-27,86,172,2.4907525986231653,2040
2015-03-28,87,172,2.5000735217059344,2064
2015-03-29,88,172,2.6304776795045517,2088
2015-03-30,89,172,2.6482350286430174,2112
2015-03-31,90,172,2.722971409425562,2136
2015-04-01,91,172,2.418039667271416,2160
2015-04-02,92,172,2.426390305387132,2184
2015-04-03,93,172,2.4067458331785088,2208
2015-04-04,94,172,2.413853371183349,2232
2015-04-05,95,172,2.3406035854539438,2256
2015-04-06,96,172,2.3310287110344388,2280
2015-04-07,97,172,2.380831934066464,2304
2015-04-08,98,172,2.505691555168493,2328
2015-04-09,99,172,2.671628609040514,2352
2015-04-10,100,172,2.8408956342451464,2376
2015-04-11,101,172,2.795360420501232,2400
2015-04-12,102,172,2.812738219780345,2424
2015-04-13,103,172,2.8565271545087385,2448
2015-04-14,104,172,2.8355551564366217,2472
2015-04-15,105,172,2.905806651471872,2496
2015-04-16,106,172,2.894397920265497,2520
2015-04-17,107,172,2.7560796528923093,2544
2015-04-18,108,172,2.5580396230366005,2568
2015-04-19,109,172,2.5985640243447348,2592
2015-04-20,110,172,2.690778600532,2616
2015-04-21,111,172,2.799087212583041,2640
2015-04-22,112,172,2.8828367650511546,2664
2015-04-23,113,172,2.7290459363072896,2688
2015-04-24,114,172,2.809558081414864,2712
2015-04-25,115,172,2.837895826463435,2736
2015-04-26,116,172,2.9039189304891115,2760
2015-04-27,117,172,2.9219068847575524,2784
2015-04-28,118,172,2.5266824505747314,2808
2015-04-29,119,172,2.585635960129703,2832
2015-04-30,120,172,2.7432904304612737,2856
2015-05-01,121,172,2.718568659468305,2880
2015-05-02,122,172,2.843806831572814,2904
2015-05-03,123,172,2.9290863773736824,2928
2015-05-04,124,172,3.0424152519816428,2952
2015-05-05,125,172,3.0556314384397485,2976
2015-05-06,126,172,2.8603260202932215,3000
2015-05-07,127,172,2.8304942603848167,3024
2015-05-08,128,172,2.901373078047384,3048
2015-05-09,129,172,2.9472400908555536,3072
2015-05-10,130,172,2.9619154311340536,3096
2015-05-11,131,172,3.09486298020084,3120
2015-05-12,132,172,3.3498743148083148,3144
2015-05-13,133,172,3.4249956708059046,3168
2015-05-14,134,172,3.1630816701651936,3192
2015-05-15,135,172,2.5560654319760867,3216
2015-05-16,136,172,2.812497882044096,3240
2015-05-17,137,172,2.953929859170225,3264
2015-05-18,138,172,3.042219279384948,3288
2015-05-19,139,172,2.7913468048550247,3312
2015-05-20,140,172,2.5771450720644395,3336
2015-05-21,141,172,2.5519996873321817,3360
2015-05-22,142,172,2.704361559987943,3384
2015-05-23,143,172,2.7756974657290647,3408
2015-05-24,144,172,2.9181498721274464,3432
2015-05-25,145,172,2.8755586678645337,3456
2015-05-26,146,172,2.711452586236239,3480
2015-05-27,147,172,2.714515575615545,3504
2015-05-28,148,172,2.8825473402367567,3528
2015-05-29,149,172,3.1025310982936545,3552
2015-05-30,150,172,3.00801830078507,3576
2015-05-31,151,172,3.083048133127316,3600
2015-06-01,152,172,3.158000340628793,3624
2015-06-02,153,172,3.263254841094384,3648
2015-06-03,154,172,3.3917937108463176,3672
2015-06-04,155,172,3.4446794652576496,3696
2015-06-05,156,172,3.648236424254266,3720
2015-06-06,157,172,3.5854860114761142,3744
2015-06-07,158,172,3.4651376161128504,3768
2015-06-08,159,172,3.1415795004579103,3792
2015-06-09,160,172,2.874265675980852,3816
2015-06-10,161,172,2.9828019473043286,3840
2015-06-11,162,172,3.2465072022247656,3864
2015-06-12,163,172,3.3560008507758075,3888
2015-06-13,164,172,3.3595486269014017,3912
2015-06-14,165,172,3.1855460317974686,3936
2015-06-15,166,172,3.0237236628696778,3960
2015-06-16,167,172,3.0433884782329286,3984
2015-06-17,168,172,3.0504796848485984,4008
2015-06-18,169,172,2.978102446235173,4032
2015-06-19,170,172,3.0145588383486492,4056
2015-06-20,171,172,2.8601352753010976,4080
2015-06-21,172,172,2.9104210625499536,4104
2015-06-22,173,172,3.1094812304602377,4128
2015-06-23,174,172,2.8799267394883663,4152
2015-06-24,175,172,2.950682575037704,4176
2015-06-25,176,172,3.110900157781377,4200
2015-06-26,177,172,3.2545803396257265,4224
2015-06-27,178,172,3.310497918211932,4248
2015-06-28,179,172,3.3203628163181373,4272
2015-06-29,180,172,3.355128314143673,4296
2015-06-30,181,172,3.535061448243765,4320
2015-07-01,182,172,3.7029599202417054,4344
2015-07-02,183,172,3.9146881810761602,4368
2015-07-03,184,172,4.024163305386648,4392
2015-07-04,185,172,4.053857633955551,4416
2015-07-05,186,172,4.119356026684497,4440
2015-07-06,187,172,3.79831675119959,4464
2015-07-07,188,172,4.08256575135922,4488
2015-07-08,189,172,3.32582804930093,4512
2015-07-09,190,172,3.2115238099854646,4536
2015-07-10,191,172,3.2385437465065503,4560
2015-07-11,192,172,3.5666724077590053,4584
2015-07-12,193,172,3.550559227429157,4608
2015-07-13,194,172,3.4626991838320174,4632
2015-07-14,195,172,3.5871568490059285,4656
2015-07-15,196,172,3.6094173364962137,4680
2015-07-16,197,172,3.797936914873069,4704
2015-07-17,198,172,3.7822688827916777,4728
2015-07-18,199,172,3.5446571085467595,4752
2015-07-19,200,172,3.6874862112163855,4776
2015-07-20,201,172,3.7214208005886817,4800
2015-07-21,202,172,3.8822782912090807,4824
2015-07-22,203,172,3.7072558267549938,4848
2015-07-23,204,172,3.4062805063498725,4872
2015-07-24,205,172,3.512217176972183,4896
2015-07-25,206,172,3.2208484038743705,4920
2015-07-26,207,172,3.0387721895162563,4944
2015-07-27,208,172,3.261369776272324,4968
2015-07-28,209,172,3.187403642435347,4992
2015-07-29,210,172,2.958506230429594,5016
2015-07-30,211,172,3.0083218595764816,5040
2015-07-31,212,172,3.1107092559362,5064
2015-08-01,213,172,3.0849959565189216,5088
2015-08-02,214,172,3.2883638562261086,5112
2015-08-03,215,172,3.511695698479529,5136
2015-08-04,216,172,3.3956818726124176,5160
2015-08-05,217,172,3.5471981052044517,5184
2015-08-06,218,172,3.8597888729866896,5208
2015-08-07,219,172,3.9796657382339435,5232
2015-08-08,220,172,3.9729934056360254,5256
2015-08-09,221,172,3.539421084956891,5280
2015-08-10,222,172,3.4777410643975384,5304
2015-08-11,223,172,3.5841476370372294,5328
2015-08-12,224,172,3.7111051167666353,5352
2015-08-13,225,172,3.6534940542188568,5376
2015-08-14,226,172,3.2390730510739187,5400
2015-08-15,227,172,3.029656563745569,5424
2015-08-16,228,172,2.95455038656844,5448
2015-08-17,229,172,3.0269529178689023,5472
2015-08-18,230,172,3.0226771912652377,5496
2015-08-19,231,172,2.905020417160622,5520
2015-08-20,232,172,3.01733843771629,5544
2015-08-21,233,172,3.108803723377537,5568
2015-08-22,234,172,3.1615800985238915,5592
2015-08-23,235,172,3.108755999182073,5616
2015-08-24,236,172,3.0470384569940294,5640
2015-08-25,237,172,3.0138159275188197,5664
2015-08-26,238,172,3.1480043350869145,5688
2015-08-27,239,172,3.4500148428607584,5712
2015-08-28,240,172,3.622567503906588,5736
2015-08-29,241,172,3.618793425654055,5760
2015-08-30,242,172,3.7420326884495987,5784
2015-08-31,243,172,3.6614404399646814,5808
2015-09-01,244,172,3.2080750423732245,5832
2015-09-02,245,172,3.065300983260556,5856
2015-09-03,246,172,2.978715297285726,5880
2015-09-04,247,172,2.9884703220478888,5904
2015-09-05,248,172,2.820933165060565,5928
2015-09-06,249,172,2.776177760028536,5952
2015-09-07,250,172,2.7573626361500043,5976
2015-09-08,251,172,2.8324409444750067,6000
2015-09-09,252,172,2.8660707267516994,6024
2015-09-10,253,172,2.766425941197835,6048
2015-09-11,254,172,2.8836007775007815,6072
2015-09-12,255,172,3.1564808721127715,6096
2015-09-13,256,172,3.1048978121299533,6120
2015-09-14,257,172,2.9677169927954368,6144
2015-09-15,258,172,2.914955710228237,6168
2015-09-16,259,172,3.0511757667873667,6192
2015-09-17,260,172,2.829020141774804,6216
2015-09-18,261,172,2.7809731533050206,6240
2015-09-19,262,172,2.8020807894053243,6264
2015-09-20,263,172,2.8282414085527185,6288
2015-09-21,264,172,2.7675165904653882,6312
2015-09-22,265,172,2.8262794726018967,6336
2015-09-23,266,172,2.6447158764735486,6360
2015-09-24,267,172,2.7060833986855686,6384
2015-09-25,268,172,2.712191807710353,6408
2015-09-26,269,172,2.7714499708682774,6432
2015-09-27,270,172,2.79793802343821,6456
2015-09-28,271,172,2.680240732600516,6480
2015-09-29,272,172,2.6807058827685992,6504
2015-09-30,273,172,2.6078032272338816,6528
2015-10-01,274,172,2.5844287402659063,6552
2015-10-02,275,172,2.6974090880660935,6576
2015-10-03,276,172,2.887084277163053,6600
2015-10-04,277,172,2.790861157982133,6624
2015-10-05,278,172,2.8805822786342987,6648
2015-10-06,279,172,2.9025223884669624,6672
2015-10-07,280,172,2.8442995939604905,6696
2015-10-08,281,172,2.7475004916774872,6720
2015-10-09,282,172,2.711288325677089,6744
2015-10-10,283,172,2.6674604164731868,6768
2015-10-11,284,172,2.6976998765121167,6792
2015-10-12,285,172,2.6624079018016014,6816
2015-10-13,286,172,2.58077596341667,6840
2015-10-14,287,172,2.4900620295454425,6864
2015-10-15,288,172,2.416477553621021,6888
2015-10-16,289,172,2.4006082007326843,6912
2015-10-17,290,172,2.4102230450299484,6936
2015-10-18,291,172,2.4784527460859667,6960
2015-10-19,292,172,2.482350204238468,6984
2015-10-20,293,172,2.43323440158244,7008
2015-10-21,294,172,2.427293507839261,7032
2015-10-22,295,172,2.5093573586615663,7056
2015-10-23,296,172,2.654874466576108,7080
2015-10-24,297,172,2.7108762926350893,7104
2015-10-25,298,172,2.7013947282365764,7128
2015-10-26,299,172,2.6231979404364103,7152
2015-10-27,300,172,2.5851922931166555,7176
2015-10-28,301,172,2.667116883356058,7200
2015-10-29,302,172,2.6479963081097915,7224
2015-10-30,303,172,2.654933263481132,7248
2015-10-31,304,172,2.6151121674198796,7272
2015-11-01,305,172,2.5499893364983257,7296
2015-11-02,306,172,2.4838257040793583,7320
2015-11-03,307,172,2.4765668412256283,7344
2015-11-04,308,172,2.56461473195632,7368
2015-11-05,309,172,2.60559792732209,7392
2015-11-06,310,172,2.7250354502475544,7416
2015-11-07,311,172,2.8173711029917614,7440
2015-11-08,312,172,2.7538832066556735,7464
2015-11-09,313,172,2.8215110574262248,7488
2015-11-10,314,172,2.6945744015578774,7512
2015-11-11,315,172,2.5309260417032395,7536
2015-11-12,316,172,2.466328430745577,7560
2015-11-13,317,172,2.560448537432936,7584
2015-11-14,318,172,2.623046079535132,7608
2015-11-15,319,172,2.7477150205343723,7632
2015-11-16,320,172,2.643890949917734,7656
2015-11-17,321,172,2.7047263520126656,7680
2015-11-18,322,172,2.838623432799809,7704
2015-11-19,323,172,2.832518706241679,7728
2015-11-20,324,172,2.769876331331755,7752
2015-11-21,325,172,2.340072564190407,7776
2015-11-22,326,172,2.2674531269567453,7800
2015-11-23,327,172,2.222472713725916,7824
2015-11-24,328,172,2.1853075909665423,7848
2015-11-25,329,172,2.295657612738498,7872
2015-11-26,330,172,2.292969017549108,7896
2015-11-27,331,172,2.2638646340524846,7920
2015-11-28,332,172,2.2598072975008185,7944
2015-11-29,333,172,2.3968096298801926,7968
2015-11-30,334,172,2.6224442643117265,7992
2015-12-01,335,172,2.5600991203269454,8016
2015-12-02,336,172,2.3366237557941343,8040
2015-12-03,337,172,2.2452014174750343,8064
2015-12-04,338,172,2.3367171391178103,8088
2015-12-05,339,172,2.366197124020873,8112
2015-12-06,340,172,2.3864010936338924,8136
2015-12-07,341,172,2.3370896833917016,8160
2015-12-08,342,172,2.3055005800052784,8184
2015-12-09,343,172,2.398290651338569,8208
2015-12-10,344,172,2.260306819035826,8232
2015-12-11,345,172,2.3020296519544883,8256
2015-12-12,346,172,2.363184859950651,8280
2015-12-13,347,172,2.2652229086032643,8304
2015-12-14,348,172,2.2011467522506654,8328
2015-12-15,349,172,2.270267230671185,8352
2015-12-16,350,172,2.493836417059497,8376
2015-12-17,351,172,2.512639215337231,8400
2015-12-18,352,172,2.47571638656828,8424
2015-12-19,353,172,2.4141939323499018,8448
2015-12-20,354,172,2.362495692943726,8472
2015-12-21,355,172,2.5114391870362147,8496
2015-12-22,356,172,2.4809159647928847,8520
2015-12-23,357,172,2.5009341799227496,8544
2015-12-24,358,172,2.441622788194535,8568
2015-12-25,359,172,2.4500610021648788,8592
2015-12-26,360,172,2.354783705433668,8616
2015-12-27,361,172,2.3070489465557493,8640
2015-12-28,362,172,2.2050579167518323,8664
2015-12-29,363,172,2.2780241261495453,8688
2015-12-30,364,172,2.2760541522331645,8712
2015-12-31,365,172,2.360462912736776,8736
2015-01-01,1,173,2.137753797801334,0
2015-01-02,2,173,2.223360887851692,24
2015-01-03,3,173,2.3999328617594213,48
2015-01-04,4,173,2.440898778968497,72
2015-01-05,5,173,2.2421224247070795,96
2015-01-06,6,173,2.2044973755070414,120
2015-01-07,7,173,2.2631551878644376,144
2015-01-08,8,173,2.383345280184375,168
2015-01-09,9,173,2.5189478312111144,192
2015-01-10,10,173,2.805677332928509,216
2015-01-11,11,173,2.457655605518616,240
2015-01-12,12,173,2.3470860996897063,264
2015-01-13,13,173,2.4364303119449167,288
2015-01-14,14,173,2.47676539287125,312
2015-01-15,15,173,2.4156125600897496,336
2015-01-16,16,173,2.4130570267594145,360
2015-01-17,17,173,2.3055230717542328,384
2015-01-18,18,173,2.2364601929924164,408
2015-01-19,19,173,2.2551798260374083,432
2015-01-20,20,173,2.2718701166714474,456
2015-01-21,21,173,2.2593064750686205,480
2015-01-22,22,173,2.2611997882595785,504
2015-01-23,23,173,2.2752957971613177,528
2015-01-24,24,173,2.282484780328821,552
2015-01-25,25,173,2.266323426860858,576
2015-01-26,26,173,2.2104330384049424,600
2015-01-27,27,173,2.2876886774707907,624
2015-01-28,28,173,2.273422779876419,648
2015-01-29,29,173,2.314082582463265,672
2015-01-30,30,173,2.2743167041032053,696
2015-01-31,31,173,2.2567807092167955,720
2015-02-01,32,173,2.2474180187986974,744
2015-02-02,33,173,2.2476752005793017,768
2015-02-03,34,173,2.1811287188950925,792
2015-02-04,35,173,2.1745041550326967,816
2015-02-05,36,173,2.1662821364148783,840
2015-02-06,37,173,2.1817931973622686,864
2015-02-07,38,173,2.140486826457771,888
2015-02-08,39,173,2.173036526521122,912
2015-02-09,40,173,2.2079238250395288,936
2015-02-10,41,173,2.22533755321562,960
2015-02-11,42,173,2.2160886697797766,984
2015-02-12,43,173,2.209042671253328,1008
2015-02-13,44,173,2.246554735048913,1032
2015-02-14,45,173,2.315738140871464,1056
2015-02-15,46,173,2.2712849469011496,1080
2015-02-16,47,173,2.2578536012645523,1104
2015-02-17,48,173,2.266758258362316,1128
2015-02-18,49,173,2.254378211663705,1152
2015-02-19,50,173,2.280134210611645,1176
2015-02-20,51,173,2.3627989361043813,1200
2015-02-21,52,173,2.3087913788943446,1224
2015-02-22,53,173,2.2827688747534216,1248
2015-02-23,54,173,2.2911954398457866,1272
2015-02-24,55,173,2.3765801497800294,1296
2015-02-25,56,173,2.382996179103171,1320
2015-02-26,57,173,2.3187547776334747,1344
2015-02-27,58,173,2.3446977380506886,1368
2015-02-28,59,173,2.3512876461350145,1392
2015-03-01,60,173,2.4342189758340402,1416
2015-03-02,61,173,2.5439217796804687,1440
2015-03-03,62,173,2.495897040511549,1464
2015-03-04,63,173,2.389053225118916,1488
2015-03-05,64,173,2.366272984235249,1512
2015-03-06,65,173,2.359046852671511,1536
2015-03-07,66,173,2.372253565705724,1560
2015-03-08,67,173,2.4520214341142874,1584
2015-03-09,68,173,2.514165187021326,1608
2015-03-10,69,173,2.5458011138678214,1632
2015-03-11,70,173,2.5916445804075785,1656
2015-03-12,71,173,2.4489187496314355,1680
2015-03-13,72,173,2.411658351469152,1704
2015-03-14,73,173,2.406467465086457,1728
2015-03-15,74,173,2.4025294733483484,1752
2015-03-16,75,173,2.5068185556353835,1776
2015-03-17,76,173,2.5995560458646256,1800
2015-03-18,77,173,2.6632703889739218,1824
2015-03-19,78,173,2.658326044471365,1848
2015-03-20,79,173,2.5896511403968323,1872
2015-03-21,80,173,2.534820598363144,1896
2015-03-22,81,173,2.437680814938344,1920
2015-03-23,82,173,2.539003833733644,1944
2015-03-24,83,173,2.5971547840737417,1968
2015-03-25,84,173,2.5365494006462157,1992
2015-03-26,85,173,2.4804118226715186,2016
2015-03-27,86,173,2.5633682176524304,2040
2015-03-28,87,173,2.5514779892905923,2064
2015-03-29,88,173,2.655798023103197,2088
2015-03-30,89,173,2.6990218765194105,2112
2015-03-31,90,173,2.7718113457206863,2136
2015-04-01,91,173,2.4968895351634943,2160
2015-04-02,92,173,2.4959397652470887,2184
2015-04-03,93,173,2.4938551591948657,2208
2015-04-04,94,173,2.470359957368152,2232
2015-04-05,95,173,2.409019823117092,2256
2015-04-06,96,173,2.4092227668473845,2280
2015-04-07,97,173,2.464802526217623,2304
2015-04-08,98,173,2.5570700171716667,2328
2015-04-09,99,173,2.706020061354804,2352
2015-04-10,100,173,2.8476281721714103,2376
2015-04-11,101,173,2.815680336589096,2400
2015-04-12,102,173,2.8328404402164256,2424
2015-04-13,103,173,2.910233388298121,2448
2015-04-14,104,173,2.929200886766549,2472
2015-04-15,105,173,2.946637352051221,2496
2015-04-16,106,173,2.9222946115578865,2520
2015-04-17,107,173,2.783448791560489,2544
2015-04-18,108,173,2.6415112670801624,2568
2015-04-19,109,173,2.6347492289839227,2592
2015-04-20,110,173,2.7404727929198045,2616
2015-04-21,111,173,2.8489337373961083,2640
2015-04-22,112,173,2.9231588676765576,2664
2015-04-23,113,173,2.8133416992193188,2688
2015-04-24,114,173,2.8694240341228734,2712
2015-04-25,115,173,2.8538017643815934,2736
2015-04-26,116,173,2.889424929208248,2760
2015-04-27,117,173,2.8981439187950535,2784
2015-04-28,118,173,2.609954974849636,2808
2015-04-29,119,173,2.642923961222997,2832
2015-04-30,120,173,2.7713180408835454,2856
2015-05-01,121,173,2.7468397564365854,2880
2015-05-02,122,173,2.8774556731256062,2904
2015-05-03,123,173,2.9389998635013512,2928
2015-05-04,124,173,3.0377472797831566,2952
2015-05-05,125,173,3.0626692248680185,2976
2015-05-06,126,173,2.9176546782047983,3000
2015-05-07,127,173,2.8807541289812875,3024
2015-05-08,128,173,2.914572868185895,3048
2015-05-09,129,173,3.00072226911436,3072
2015-05-10,130,173,3.0216583489029034,3096
2015-05-11,131,173,3.1191911862059216,3120
2015-05-12,132,173,3.3576778093231545,3144
2015-05-13,133,173,3.4330964081825264,3168
2015-05-14,134,173,3.196128943074215,3192
2015-05-15,135,173,2.615793519117757,3216
2015-05-16,136,173,2.883442448834204,3240
2015-05-17,137,173,3.0127050681396983,3264
2015-05-18,138,173,3.098485817545402,3288
2015-05-19,139,173,2.862794023046261,3312
2015-05-20,140,173,2.6475558973272366,3336
2015-05-21,141,173,2.6441426157862407,3360
2015-05-22,142,173,2.8021851775887483,3384
2015-05-23,143,173,2.8575847700220054,3408
2015-05-24,144,173,2.9612358496047877,3432
2015-05-25,145,173,2.939274702574379,3456
2015-05-26,146,173,2.8307193685862786,3480
2015-05-27,147,173,2.8419656987053825,3504
2015-05-28,148,173,2.9335034584260824,3528
2015-05-29,149,173,3.136150010246871,3552
2015-05-30,150,173,3.0771251695123394,3576
2015-05-31,151,173,3.1054879503798403,3600
2015-06-01,152,173,3.1866937806276323,3624
2015-06-02,153,173,3.3059122247003936,3648
2015-06-03,154,173,3.431933886000511,3672
2015-06-04,155,173,3.5031799983105065,3696
2015-06-05,156,173,3.663042296845344,3720
2015-06-06,157,173,3.6270811133258816,3744
2015-06-07,158,173,3.4980356307082063,3768
2015-06-08,159,173,3.221086030237859,3792
2015-06-09,160,173,3.004861964381244,3816
2015-06-10,161,173,3.0851576000755268,3840
2015-06-11,162,173,3.3101914895227567,3864
2015-06-12,163,173,3.3478954456815653,3888
2015-06-13,164,173,3.3444599757528444,3912
2015-06-14,165,173,3.1934260508699985,3936
2015-06-15,166,173,3.0890985963107984,3960
2015-06-16,167,173,3.0893223289447937,3984
2015-06-17,168,173,3.123681126456511,4008
2015-06-18,169,173,3.0757230219494773,4032
2015-06-19,170,173,3.1330837714742428,4056
2015-06-20,171,173,2.974578623942333,4080
2015-06-21,172,173,3.0244077586358515,4104
2015-06-22,173,173,3.187684880226388,4128
2015-06-23,174,173,3.0136542328429097,4152
2015-06-24,175,173,3.033177317663994,4176
2015-06-25,176,173,3.1840680632720506,4200
2015-06-26,177,173,3.3133680643084262,4224
2015-06-27,178,173,3.3941662454887767,4248
2015-06-28,179,173,3.4049626934635766,4272
2015-06-29,180,173,3.4442610785635264,4296
2015-06-30,181,173,3.5967153167353216,4320
2015-07-01,182,173,3.787865426036343,4344
2015-07-02,183,173,3.968717011268996,4368
2015-07-03,184,173,4.042861162497246,4392
2015-07-04,185,173,4.0854880145448575,4416
2015-07-05,186,173,4.1433333363661085,4440
2015-07-06,187,173,3.8976446143444288,4464
2015-07-07,188,173,4.121449365184004,4488
2015-07-08,189,173,3.460061060788766,4512
2015-07-09,190,173,3.3499676177115907,4536
2015-07-10,191,173,3.3393916428300727,4560
2015-07-11,192,173,3.6535096202189785,4584
2015-07-12,193,173,3.638316785107704,4608
2015-07-13,194,173,3.6074906837697855,4632
2015-07-14,195,173,3.6903674148773375,4656
2015-07-15,196,173,3.715652384928042,4680
2015-07-16,197,173,3.900589689007527,4704
2015-07-17,198,173,3.9214804176923437,4728
2015-07-18,199,173,3.6567619637155415,4752
2015-07-19,200,173,3.7956807001706814,4776
2015-07-20,201,173,3.823583938503055,4800
2015-07-21,202,173,3.9838858815965112,4824
2015-07-22,203,173,3.789722656378487,4848
2015-07-23,204,173,3.563816851092838,4872
2015-07-24,205,173,3.607305432751109,4896
2015-07-25,206,173,3.3376107457524267,4920
2015-07-26,207,173,3.1556327101510133,4944
2015-07-27,208,173,3.3572889434401385,4968
2015-07-28,209,173,3.3041174060914664,4992
2015-07-29,210,173,3.0835159284955806,5016
2015-07-30,211,173,3.119565510322702,5040
2015-07-31,212,173,3.1839948954763986,5064
2015-08-01,213,173,3.110506021533813,5088
2015-08-02,214,173,3.3317745213245527,5112
2015-08-03,215,173,3.5660094275434417,5136
2015-08-04,216,173,3.4745959226233447,5160
2015-08-05,217,173,3.610405399848351,5184
2015-08-06,218,173,3.903888602440518,5208
2015-08-07,219,173,4.022820497840929,5232
2015-08-08,220,173,3.921413680642482,5256
2015-08-09,221,173,3.5439934510251763,5280
2015-08-10,222,173,3.4960301027911265,5304
2015-08-11,223,173,3.633848455312356,5328
2015-08-12,224,173,3.7612835698584526,5352
2015-08-13,225,173,3.6760764217078084,5376
2015-08-14,226,173,3.277069372340404,5400
2015-08-15,227,173,3.086297354230395,5424
2015-08-16,228,173,3.0231661237872176,5448
2015-08-17,229,173,3.1028874728082325,5472
2015-08-18,230,173,3.07889203178321,5496
2015-08-19,231,173,2.991831816116717,5520
2015-08-20,232,173,3.0995714877549654,5544
2015-08-21,233,173,3.2064138209584403,5568
2015-08-22,234,173,3.242915353217076,5592
2015-08-23,235,173,3.1376129624414952,5616
2015-08-24,236,173,3.079833370868704,5640
2015-08-25,237,173,3.0975875159332187,5664
2015-08-26,238,173,3.210943279778192,5688
2015-08-27,239,173,3.4876873819803174,5712
2015-08-28,240,173,3.63956531265557,5736
2015-08-29,241,173,3.6409372712377013,5760
2015-08-30,242,173,3.7331192036936964,5784
2015-08-31,243,173,3.669801136066608,5808
2015-09-01,244,173,3.2846453941997025,5832
2015-09-02,245,173,3.1376029276497577,5856
2015-09-03,246,173,3.0376190187767573,5880
2015-09-04,247,173,3.041024426268532,5904
2015-09-05,248,173,2.898996590019399,5928
2015-09-06,249,173,2.8562503824599235,5952
2015-09-07,250,173,2.8497549523964096,5976
2015-09-08,251,173,2.902544786009216,6000
2015-09-09,252,173,2.9505057523665568,6024
2015-09-10,253,173,2.8666103092229887,6048
2015-09-11,254,173,2.955123381048544,6072
2015-09-12,255,173,3.1532178619226507,6096
2015-09-13,256,173,3.1114014128159284,6120
2015-09-14,257,173,3.020950620927384,6144
2015-09-15,258,173,2.9869660694294304,6168
2015-09-16,259,173,3.0951045325079747,6192
2015-09-17,260,173,2.948697406650456,6216
2015-09-18,261,173,2.88062539815726,6240
2015-09-19,262,173,2.858391609277959,6264
2015-09-20,263,173,2.9098721090005766,6288
2015-09-21,264,173,2.830010669465709,6312
2015-09-22,265,173,2.8700224561707195,6336
2015-09-23,266,173,2.706322337083153,6360
2015-09-24,267,173,2.79550154315579,6384
2015-09-25,268,173,2.8030522925471284,6408
2015-09-26,269,173,2.8422847988018165,6432
2015-09-27,270,173,2.8720696364630562,6456
2015-09-28,271,173,2.770383679624945,6480
2015-09-29,272,173,2.7368371883460143,6504
2015-09-30,273,173,2.6846824858286347,6528
2015-10-01,274,173,2.659929512683576,6552
2015-10-02,275,173,2.7316985854717277,6576
2015-10-03,276,173,2.8748561310256893,6600
2015-10-04,277,173,2.8220549844384792,6624
2015-10-05,278,173,2.9078583662810567,6648
2015-10-06,279,173,2.9364554087228387,6672
2015-10-07,280,173,2.8748110495021364,6696
2015-10-08,281,173,2.7936747282080083,6720
2015-10-09,282,173,2.7754962903502807,6744
2015-10-10,283,173,2.7435189282874,6768
2015-10-11,284,173,2.7618028188577104,6792
2015-10-12,285,173,2.721657776275517,6816
2015-10-13,286,173,2.655063519564609,6840
2015-10-14,287,173,2.5457486573966084,6864
2015-10-15,288,173,2.467290774521047,6888
2015-10-16,289,173,2.471176194748856,6912
2015-10-17,290,173,2.482354463881509,6936
2015-10-18,291,173,2.5504559713528554,6960
2015-10-19,292,173,2.5480945844879885,6984
2015-10-20,293,173,2.5064335987135147,7008
2015-10-21,294,173,2.5038543926616623,7032
2015-10-22,295,173,2.5535593886231207,7056
2015-10-23,296,173,2.6844774488938032,7080
2015-10-24,297,173,2.717066423149714,7104
2015-10-25,298,173,2.7372793594118816,7128
2015-10-26,299,173,2.6659339886162137,7152
2015-10-27,300,173,2.6301867030435755,7176
2015-10-28,301,173,2.6812007336790296,7200
2015-10-29,302,173,2.6833230164163973,7224
2015-10-30,303,173,2.6814886869426813,7248
2015-10-31,304,173,2.6509652522381533,7272
2015-11-01,305,173,2.5900602641753654,7296
2015-11-02,306,173,2.538510435616256,7320
2015-11-03,307,173,2.5306578455438373,7344
2015-11-04,308,173,2.612308085251184,7368
2015-11-05,309,173,2.639636278478489,7392
2015-11-06,310,173,2.738242038931808,7416
2015-11-07,311,173,2.8075769027606383,7440
2015-11-08,312,173,2.760478420996521,7464
2015-11-09,313,173,2.8083526826699163,7488
2015-11-10,314,173,2.7136617875885425,7512
2015-11-11,315,173,2.5667777838534844,7536
2015-11-12,316,173,2.5336702478289608,7560
2015-11-13,317,173,2.600754344270769,7584
2015-11-14,318,173,2.6316100390685744,7608
2015-11-15,319,173,2.7120447203204603,7632
2015-11-16,320,173,2.6398914314663484,7656
2015-11-17,321,173,2.7126452416781266,7680
2015-11-18,322,173,2.8047195640993463,7704
2015-11-19,323,173,2.8056935172206194,7728
2015-11-20,324,173,2.7673462071888735,7752
2015-11-21,325,173,2.4139747887594143,7776
2015-11-22,326,173,2.3229953591367862,7800
2015-11-23,327,173,2.2645356576071065,7824
2015-11-24,328,173,2.2295533838175405,7848
2015-11-25,329,173,2.3135889627833186,7872
2015-11-26,330,173,2.347053090953512,7896
2015-11-27,331,173,2.3068907144219586,7920
2015-11-28,332,173,2.2862779302277896,7944
2015-11-29,333,173,2.4075023032019693,7968
2015-11-30,334,173,2.5924309370353784,7992
2015-12-01,335,173,2.5569192465864834,8016
2015-12-02,336,173,2.372568067956524,8040
2015-12-03,337,173,2.3008144572008566,8064
2015-12-04,338,173,2.359411579151775,8088
2015-12-05,339,173,2.403156162738327,8112
2015-12-06,340,173,2.4144583151333747,8136
2015-12-07,341,173,2.385947488080068,8160
2015-12-08,342,173,2.3544033806279625,8184
2015-12-09,343,173,2.443720330678874,8208
2015-12-10,344,173,2.3111053462999034,8232
2015-12-11,345,173,2.3359661367570177,8256
2015-12-12,346,173,2.365858142783499,8280
2015-12-13,347,173,2.312927298856129,8304
2015-12-14,348,173,2.272446308792961,8328
2015-12-15,349,173,2.3070369491274505,8352
2015-12-16,350,173,2.492199204587592,8376
2015-12-17,351,173,2.4983528504455346,8400
2015-12-18,352,173,2.4701879723571656,8424
2015-12-19,353,173,2.428105628137049,8448
2015-12-20,354,173,2.4052251613131994,8472
2015-12-21,355,173,2.537582377509106,8496
2015-12-22,356,173,2.4920663533531795,8520
2015-12-23,357,173,2.5241090138519096,8544
2015-12-24,358,173,2.4784687473707656,8568
2015-12-25,359,173,2.4628416689824406,8592
2015-12-26,360,173,2.374747051463644,8616
2015-12-27,361,173,2.3252777322272813,8640
2015-12-28,362,173,2.26318253437995,8664
2015-12-29,363,173,2.304468717388729,8688
2015-12-30,364,173,2.3252858161686887,8712
2015-12-31,365,173,2.392154948710249,8736
