DateTime,doy,pp_id,value,hy
2015-01-01,1,174,3.1591101851739625,0
2015-01-02,2,174,3.4620392072130644,24
2015-01-03,3,174,3.9428450741874617,48
2015-01-04,4,174,3.9407444891738095,72
2015-01-05,5,174,3.4350137439142836,96
2015-01-06,6,174,3.4294388061221635,120
2015-01-07,7,174,3.5647950013350402,144
2015-01-08,8,174,3.9557800116210062,168
2015-01-09,9,174,4.356850008606295,192
2015-01-10,10,174,5.314359795817038,216
2015-01-11,11,174,4.0417387138734435,240
2015-01-12,12,174,3.8115085414445016,264
2015-01-13,13,174,4.150046516508676,288
2015-01-14,14,174,4.175922516217866,312
2015-01-15,15,174,4.051429095460445,336
2015-01-16,16,174,4.091902189978172,360
2015-01-17,17,174,3.6342713872013954,384
2015-01-18,18,174,3.431409056747065,408
2015-01-19,19,174,3.499005473585436,432
2015-01-20,20,174,3.56686193358346,456
2015-01-21,21,174,3.5408247240178485,480
2015-01-22,22,174,3.531334264284584,504
2015-01-23,23,174,3.5322942936870536,528
2015-01-24,24,174,3.5486269580487417,552
2015-01-25,25,174,3.46598206783714,576
2015-01-26,26,174,3.373746119518448,600
2015-01-27,27,174,3.5898727624475217,624
2015-01-28,28,174,3.532859619975536,648
2015-01-29,29,174,3.688846282723801,672
2015-01-30,30,174,3.552832866314908,696
2015-01-31,31,174,3.508488666525035,720
2015-02-01,32,174,3.4784163522927654,744
2015-02-02,33,174,3.4729319536647263,768
2015-02-03,34,174,3.2678443270412103,792
2015-02-04,35,174,3.253977959607516,816
2015-02-05,36,174,3.253428604095732,840
2015-02-06,37,174,3.2803261366761376,864
2015-02-07,38,174,3.182240165251537,888
2015-02-08,39,174,3.2325147156559217,912
2015-02-09,40,174,3.3017777200999063,936
2015-02-10,41,174,3.3746797039758216,960
2015-02-11,42,174,3.3834586031810088,984
2015-02-12,43,174,3.385959904290384,1008
2015-02-13,44,174,3.512177958267897,1032
2015-02-14,45,174,3.750094646420062,1056
2015-02-15,46,174,3.612869816207264,1080
2015-02-16,47,174,3.484571050213481,1104
2015-02-17,48,174,3.5105322821807445,1128
2015-02-18,49,174,3.475362378614741,1152
2015-02-19,50,174,3.5738446594485027,1176
2015-02-20,51,174,3.8416273148011735,1200
2015-02-21,52,174,3.729721058457873,1224
2015-02-22,53,174,3.6024955639996485,1248
2015-02-23,54,174,3.6395571131281748,1272
2015-02-24,55,174,3.8002296990773683,1296
2015-02-25,56,174,3.7582665319077253,1320
2015-02-26,57,174,3.671072491948247,1344
2015-02-27,58,174,3.743355253067758,1368
2015-02-28,59,174,3.7251568532953927,1392
2015-03-01,60,174,4.043374309461013,1416
2015-03-02,61,174,4.336565260734767,1440
2015-03-03,62,174,4.123616335052288,1464
2015-03-04,63,174,3.829186889021308,1488
2015-03-05,64,174,3.7323954268653474,1512
2015-03-06,65,174,3.7491462148131536,1536
2015-03-07,66,174,3.8676778779189487,1560
2015-03-08,67,174,4.170525946229192,1584
2015-03-09,68,174,4.381820214036642,1608
2015-03-10,69,174,4.447310848323307,1632
2015-03-11,70,174,4.452706589442529,1656
2015-03-12,71,174,4.019170098482222,1680
2015-03-13,72,174,3.929579333279917,1704
2015-03-14,73,174,3.907871885208362,1728
2015-03-15,74,174,3.9339761965066753,1752
2015-03-16,75,174,4.40591059564784,1776
2015-03-17,76,174,4.700855524255199,1800
2015-03-18,77,174,4.907197210047197,1824
2015-03-19,78,174,4.780876926994328,1848
2015-03-20,79,174,4.554372395297938,1872
2015-03-21,80,174,4.34497086771044,1896
2015-03-22,81,174,4.037676714542629,1920
2015-03-23,82,174,4.329805818162632,1944
2015-03-24,83,174,4.637293194578267,1968
2015-03-25,84,174,4.389416590203807,1992
2015-03-26,85,174,4.126536155374728,2016
2015-03-27,86,174,4.310466854128658,2040
2015-03-28,87,174,4.329075839226501,2064
2015-03-29,88,174,4.707871596771475,2088
2015-03-30,89,174,4.788712673795568,2112
2015-03-31,90,174,5.042423150223366,2136
2015-04-01,91,174,4.0959367481938544,2160
2015-04-02,92,174,4.081940637986214,2184
2015-04-03,93,174,4.1009412697747365,2208
2015-04-04,94,174,4.104455496288819,2232
2015-04-05,95,174,3.8901967083552886,2256
2015-04-06,96,174,3.885228801658332,2280
2015-04-07,97,174,4.03456037514296,2304
2015-04-08,98,174,4.40402365716898,2328
2015-04-09,99,174,4.954931219876639,2352
2015-04-10,100,174,5.57667709075416,2376
2015-04-11,101,174,5.280657358040359,2400
2015-04-12,102,174,5.446129761330142,2424
2015-04-13,103,174,5.65940224209248,2448
2015-04-14,104,174,5.60046103388347,2472
2015-04-15,105,174,5.912840001736003,2496
2015-04-16,106,174,5.768459791380518,2520
2015-04-17,107,174,5.222149477192394,2544
2015-04-18,108,174,4.605134634193632,2568
2015-04-19,109,174,4.6908358620670025,2592
2015-04-20,110,174,5.048979695788227,2616
2015-04-21,111,174,5.452977594612339,2640
2015-04-22,112,174,5.7734405281116645,2664
2015-04-23,113,174,5.179092661443936,2688
2015-04-24,114,174,5.49166227324566,2712
2015-04-25,115,174,5.539398829544783,2736
2015-04-26,116,174,5.782318713199506,2760
2015-04-27,117,174,5.859184387927147,2784
2015-04-28,118,174,4.477167838591191,2808
2015-04-29,119,174,4.643049099952413,2832
2015-04-30,120,174,5.162486987403919,2856
2015-05-01,121,174,5.0945431833331165,2880
2015-05-02,122,174,5.5702246264809085,2904
2015-05-03,123,174,5.958626010505991,2928
2015-05-04,124,174,6.491728876487381,2952
2015-05-05,125,174,6.6455055831501175,2976
2015-05-06,126,174,5.682960474234037,3000
2015-05-07,127,174,5.5233443983406625,3024
2015-05-08,128,174,5.770412084181758,3048
2015-05-09,129,174,6.005170663967903,3072
2015-05-10,130,174,6.065032503879937,3096
2015-05-11,131,174,6.758731033969044,3120
2015-05-12,132,174,8.117403522677751,3144
2015-05-13,133,174,8.413453864219035,3168
2015-05-14,134,174,7.01218776377566,3192
2015-05-15,135,174,4.5348568225021655,3216
2015-05-16,136,174,5.5125851757529984,3240
2015-05-17,137,174,6.0381850826375425,3264
2015-05-18,138,174,6.424433240100901,3288
2015-05-19,139,174,5.4455263505979,3312
2015-05-20,140,174,4.652908308775396,3336
2015-05-21,141,174,4.562759847540084,3360
2015-05-22,142,174,5.067652326228108,3384
2015-05-23,143,174,5.406747441881342,3408
2015-05-24,144,174,5.9040964022775535,3432
2015-05-25,145,174,5.756525635860188,3456
2015-05-26,146,174,5.15720745945717,3480
2015-05-27,147,174,5.2132447212795165,3504
2015-05-28,148,174,5.769958655924842,3528
2015-05-29,149,174,6.70350199208895,3552
2015-05-30,150,174,6.318698034266981,3576
2015-05-31,151,174,6.620238495263154,3600
2015-06-01,152,174,6.974102043399872,3624
2015-06-02,153,174,7.6457294687404325,3648
2015-06-03,154,174,8.50059158848736,3672
2015-06-04,155,174,8.865026972717668,3696
2015-06-05,156,174,10.329579705128008,3720
2015-06-06,157,174,10.038764416490594,3744
2015-06-07,158,174,8.887710274377612,3768
2015-06-08,159,174,7.018760018840817,3792
2015-06-09,160,174,5.885800794196321,3816
2015-06-10,161,174,6.325150231616801,3840
2015-06-11,162,174,7.622008086748853,3864
2015-06-12,163,174,8.310151949255719,3888
2015-06-13,164,174,8.171239598565684,3912
2015-06-14,165,174,7.140719408681963,3936
2015-06-15,166,174,6.463506115162369,3960
2015-06-16,167,174,6.501596846216638,3984
2015-06-17,168,174,6.593766040222558,4008
2015-06-18,169,174,6.276536023577437,4032
2015-06-19,170,174,6.424841529705832,4056
2015-06-20,171,174,5.73188036916563,4080
2015-06-21,172,174,6.038805977421186,4104
2015-06-22,173,174,6.877990637308428,4128
2015-06-23,174,174,5.830891544520714,4152
2015-06-24,175,174,6.147900755387818,4176
2015-06-25,176,174,6.876191772871818,4200
2015-06-26,177,174,7.630266516335545,4224
2015-06-27,178,174,7.946615143011135,4248
2015-06-28,179,174,7.998635500403073,4272
2015-06-29,180,174,8.38350543031333,4296
2015-06-30,181,174,9.6891672519202,4320
2015-07-01,182,174,11.270576174308973,4344
2015-07-02,183,174,13.351062381102581,4368
2015-07-03,184,174,14.542408309375098,4392
2015-07-04,185,174,15.33657009310372,4416
2015-07-05,186,174,15.832309607137086,4440
2015-07-06,187,174,11.821907569245218,4464
2015-07-07,188,174,15.128336866174505,4488
2015-07-08,189,174,8.277951456198624,4512
2015-07-09,190,174,7.4045751377380995,4536
2015-07-10,191,174,7.5743040871049025,4560
2015-07-11,192,174,9.950968963569157,4584
2015-07-12,193,174,9.61190919247698,4608
2015-07-13,194,174,9.237780807239083,4632
2015-07-14,195,174,9.90438513022426,4656
2015-07-15,196,174,10.22282481598109,4680
2015-07-16,197,174,12.185613310206401,4704
2015-07-17,198,174,12.207355838233154,4728
2015-07-18,199,174,9.614391088834301,4752
2015-07-19,200,174,10.829671018161047,4776
2015-07-20,201,174,11.073177535752347,4800
2015-07-21,202,174,12.812463490702012,4824
2015-07-22,203,174,11.155680234060616,4848
2015-07-23,204,174,8.740875399851294,4872
2015-07-24,205,174,9.453962280955286,4896
2015-07-25,206,174,7.531458440291016,4920
2015-07-26,207,174,6.486514459056405,4944
2015-07-27,208,174,7.569886555621662,4968
2015-07-28,209,174,7.264735791945559,4992
2015-07-29,210,174,6.23696932277435,5016
2015-07-30,211,174,6.353695597763183,5040
2015-07-31,212,174,6.861023470492983,5064
2015-08-01,213,174,6.571561109692402,5088
2015-08-02,214,174,7.766115010711749,5112
2015-08-03,215,174,9.445558180850707,5136
2015-08-04,216,174,8.445278941679424,5160
2015-08-05,217,174,9.50483791863093,5184
2015-08-06,218,174,12.772435236675324,5208
2015-08-07,219,174,14.219013138435473,5232
2015-08-08,220,174,12.724242229598243,5256
2015-08-09,221,174,9.101600875596683,5280
2015-08-10,222,174,8.833960148834777,5304
2015-08-11,223,174,9.789438400457566,5328
2015-08-12,224,174,10.967225152841714,5352
2015-08-13,225,174,10.260149618900488,5376
2015-08-14,226,174,7.447444970222569,5400
2015-08-15,227,174,6.4177853455909775,5424
2015-08-16,228,174,6.1345046350908135,5448
2015-08-17,229,174,6.462351312657447,5472
2015-08-18,230,174,6.395576066181137,5496
2015-08-19,231,174,5.979649010016472,5520
2015-08-20,232,174,6.403104765583946,5544
2015-08-21,233,174,6.9187977292309215,5568
2015-08-22,234,174,7.1728420166695726,5592
2015-08-23,235,174,6.871960681292263,5616
2015-08-24,236,174,6.523673108016982,5640
2015-08-25,237,174,6.321350038629088,5664
2015-08-26,238,174,7.031875655679142,5688
2015-08-27,239,174,8.890014591634039,5712
2015-08-28,240,174,10.026976597525056,5736
2015-08-29,241,174,10.063174895019847,5760
2015-08-30,242,174,11.21640854809895,5784
2015-08-31,243,174,10.554372192090742,5808
2015-09-01,244,174,7.4287692729966865,5832
2015-09-02,245,174,6.6661346711848095,5856
2015-09-03,246,174,6.219827561985878,5880
2015-09-04,247,174,6.2149014032017735,5904
2015-09-05,248,174,5.546798899406424,5928
2015-09-06,249,174,5.307024836810396,5952
2015-09-07,250,174,5.286533673397148,5976
2015-09-08,251,174,5.552538008456656,6000
2015-09-09,252,174,5.751180756743637,6024
2015-09-10,253,174,5.410176787121982,6048
2015-09-11,254,174,5.78778880538306,6072
2015-09-12,255,174,6.919787732479312,6096
2015-09-13,256,174,6.808265176069328,6120
2015-09-14,257,174,6.036534322247821,6144
2015-09-15,258,174,5.822182735944835,6168
2015-09-16,259,174,7.003141510624906,6192
2015-09-17,260,174,5.694999105806968,6216
2015-09-18,261,174,5.339328298042611,6240
2015-09-19,262,174,5.42528554762929,6264
2015-09-20,263,174,5.5369149413786936,6288
2015-09-21,264,174,5.29218008538206,6312
2015-09-22,265,174,5.456853375138143,6336
2015-09-23,266,174,4.812465191547793,6360
2015-09-24,267,174,5.102451851705887,6384
2015-09-25,268,174,5.169458713204807,6408
2015-09-26,269,174,5.373577557715678,6432
2015-09-27,270,174,5.444501805880371,6456
2015-09-28,271,174,5.0529660271687975,6480
2015-09-29,272,174,4.98391400897437,6504
2015-09-30,273,174,4.757193832301048,6528
2015-10-01,274,174,4.678499009337241,6552
2015-10-02,275,174,5.067586127444297,6576
2015-10-03,276,174,5.678650023448562,6600
2015-10-04,277,174,5.337842483937456,6624
2015-10-05,278,174,5.728626419387831,6648
2015-10-06,279,174,5.9030528627069225,6672
2015-10-07,280,174,5.528919919863542,6696
2015-10-08,281,174,5.165240031873061,6720
2015-10-09,282,174,5.126850475736138,6744
2015-10-10,283,174,4.930191197725716,6768
2015-10-11,284,174,5.068356234394437,6792
2015-10-12,285,174,4.903726541900896,6816
2015-10-13,286,174,4.680489284131792,6840
2015-10-14,287,174,4.278926575363531,6864
2015-10-15,288,174,4.0689545732548105,6888
2015-10-16,289,174,4.079790280040782,6912
2015-10-17,290,174,4.113367094070724,6936
2015-10-18,291,174,4.318018552613206,6960
2015-10-19,292,174,4.316073132744728,6984
2015-10-20,293,174,4.202301749707525,7008
2015-10-21,294,174,4.207121775717621,7032
2015-10-22,295,174,4.397799041040266,7056
2015-10-23,296,174,4.810372798695481,7080
2015-10-24,297,174,4.992567145941999,7104
2015-10-25,298,174,5.051319258130843,7128
2015-10-26,299,174,4.73783980063564,7152
2015-10-27,300,174,4.643861747972213,7176
2015-10-28,301,174,4.944758093860261,7200
2015-10-29,302,174,4.830961020792746,7224
2015-10-30,303,174,4.821639777598143,7248
2015-10-31,304,174,4.67871019513092,7272
2015-11-01,305,174,4.518432665895244,7296
2015-11-02,306,174,4.331476717534073,7320
2015-11-03,307,174,4.399643480928374,7344
2015-11-04,308,174,4.6866588561411815,7368
2015-11-05,309,174,4.726561305875895,7392
2015-11-06,310,174,5.139868872827331,7416
2015-11-07,311,174,5.426461768143797,7440
2015-11-08,312,174,5.244048409437389,7464
2015-11-09,313,174,5.4773213582766624,7488
2015-11-10,314,174,4.9816014774548485,7512
2015-11-11,315,174,4.441640061899371,7536
2015-11-12,316,174,4.2787622761339446,7560
2015-11-13,317,174,4.498566544268033,7584
2015-11-14,318,174,4.747314863526596,7608
2015-11-15,319,174,5.1574664384181865,7632
2015-11-16,320,174,4.858718996645168,7656
2015-11-17,321,174,4.997117233655485,7680
2015-11-18,322,174,5.35271502225836,7704
2015-11-19,323,174,5.324691414530483,7728
2015-11-20,324,174,5.152171898611497,7752
2015-11-21,325,174,3.8535609562858935,7776
2015-11-22,326,174,3.626871680175765,7800
2015-11-23,327,174,3.491844725825811,7824
2015-11-24,328,174,3.4226553400190087,7848
2015-11-25,329,174,3.7056109846221705,7872
2015-11-26,330,174,3.736597613581918,7896
2015-11-27,331,174,3.5952581522824216,7920
2015-11-28,332,174,3.5887841950124475,7944
2015-11-29,333,174,3.9510190998527137,7968
2015-11-30,334,174,4.539610012043212,7992
2015-12-01,335,174,4.401057361774856,8016
2015-12-02,336,174,3.8371302384240913,8040
2015-12-03,337,174,3.6344194876945815,8064
2015-12-04,338,174,3.8539322914156826,8088
2015-12-05,339,174,3.962557722172934,8112
2015-12-06,340,174,4.035512393034994,8136
2015-12-07,341,174,3.9530716063962297,8160
2015-12-08,342,174,3.8534316519168894,8184
2015-12-09,343,174,4.075085388765198,8208
2015-12-10,344,174,3.6370214490720247,8232
2015-12-11,345,174,3.7422007176021768,8256
2015-12-12,346,174,3.8272240877230685,8280
2015-12-13,347,174,3.6249433056002975,8304
2015-12-14,348,174,3.5610716782642444,8328
2015-12-15,349,174,3.739416265575037,8352
2015-12-16,350,174,4.312190061384365,8376
2015-12-17,351,174,4.322263053488512,8400
2015-12-18,352,174,4.2640770224759486,8424
2015-12-19,353,174,4.1516662422222135,8448
2015-12-20,354,174,4.064264343079459,8472
2015-12-21,355,174,4.3760685800093215,8496
2015-12-22,356,174,4.264158958177763,8520
2015-12-23,357,174,4.285986738479068,8544
2015-12-24,358,174,4.188078046954547,8568
2015-12-25,359,174,4.172321951158375,8592
2015-12-26,360,174,3.86846770301816,8616
2015-12-27,361,174,3.789563661381163,8640
2015-12-28,362,174,3.629648316547739,8664
2015-12-29,363,174,3.7263769781388416,8688
2015-12-30,364,174,3.734742663558176,8712
2015-12-31,365,174,3.9353246404140227,8736
2015-01-01,1,175,3.07204284961902,0
2015-01-02,2,175,3.481238445197931,24
2015-01-03,3,175,3.9107644684974936,48
2015-01-04,4,175,3.8041505780694345,72
2015-01-05,5,175,3.3947909659280717,96
2015-01-06,6,175,3.474845837289257,120
2015-01-07,7,175,3.579918835002437,144
2015-01-08,8,175,3.8929098680175684,168
2015-01-09,9,175,4.2615348488827225,192
2015-01-10,10,175,5.147244814383965,216
2015-01-11,11,175,3.9054503252442303,240
2015-01-12,12,175,3.7208524229746063,264
2015-01-13,13,175,4.131793571792422,288
2015-01-14,14,175,4.027968149287274,312
2015-01-15,15,175,3.9465046317528976,336
2015-01-16,16,175,4.031317642555852,360
2015-01-17,17,175,3.5439124146342325,384
2015-01-18,18,175,3.3135225859476365,408
2015-01-19,19,175,3.3793612381130127,432
2015-01-20,20,175,3.4769968452920144,456
2015-01-21,21,175,3.4152150287201133,480
2015-01-22,22,175,3.401952740871946,504
2015-01-23,23,175,3.390354427166137,528
2015-01-24,24,175,3.4139744823252944,552
2015-01-25,25,175,3.3289172076103943,576
2015-01-26,26,175,3.2531810447582163,600
2015-01-27,27,175,3.4811243838601773,624
2015-01-28,28,175,3.407012191812917,648
2015-01-29,29,175,3.5905471618660227,672
2015-01-30,30,175,3.43422715634435,696
2015-01-31,31,175,3.3950180547421245,720
2015-02-01,32,175,3.3665107994059413,744
2015-02-02,33,175,3.358039259148463,768
2015-02-03,34,175,3.1319965054374195,792
2015-02-04,35,175,3.1334818829966635,816
2015-02-05,36,175,3.1332225338042434,840
2015-02-06,37,175,3.158980878655902,864
2015-02-07,38,175,3.0825392076488924,888
2015-02-08,39,175,3.1240971240870214,912
2015-02-09,40,175,3.190279392966177,936
2015-02-10,41,175,3.2544216260167764,960
2015-02-11,42,175,3.3374899630449133,984
2015-02-12,43,175,3.4128594304946485,1008
2015-02-13,44,175,3.5350834597141816,1032
2015-02-14,45,175,3.6915971235135765,1056
2015-02-15,46,175,3.520547789663901,1080
2015-02-16,47,175,3.3971815026588885,1104
2015-02-17,48,175,3.425463851415948,1128
2015-02-18,49,175,3.3644936503291185,1152
2015-02-19,50,175,3.472572304487179,1176
2015-02-20,51,175,3.7754622099291413,1200
2015-02-21,52,175,3.6195812377076897,1224
2015-02-22,53,175,3.478605449662044,1248
2015-02-23,54,175,3.5206436760809314,1272
2015-02-24,55,175,3.6530671767211578,1296
2015-02-25,56,175,3.609195286405799,1320
2015-02-26,57,175,3.5371186276928377,1344
2015-02-27,58,175,3.6277458017028974,1368
2015-02-28,59,175,3.591696056726456,1392
2015-03-01,60,175,3.905051372002502,1416
2015-03-02,61,175,4.1654417065482106,1440
2015-03-03,62,175,3.977434815279672,1464
2015-03-04,63,175,3.6658667279793264,1488
2015-03-05,64,175,3.55541327710474,1512
2015-03-06,65,175,3.5871107781983484,1536
2015-03-07,66,175,3.779790760056399,1560
2015-03-08,67,175,4.0876837718377015,1584
2015-03-09,68,175,4.270571593120218,1608
2015-03-10,69,175,4.339892142973169,1632
2015-03-11,70,175,4.245637743850153,1656
2015-03-12,71,175,3.879785642863837,1680
2015-03-13,72,175,3.7981748084732456,1704
2015-03-14,73,175,3.773108179150889,1728
2015-03-15,74,175,3.784592364955299,1752
2015-03-16,75,175,4.321853872275759,1776
2015-03-17,76,175,4.620240775780534,1800
2015-03-18,77,175,4.759191939247698,1824
2015-03-19,78,175,4.603708654779767,1848
2015-03-20,79,175,4.417142341239389,1872
2015-03-21,80,175,4.200409351301136,1896
2015-03-22,81,175,3.850474616911967,1920
2015-03-23,82,175,4.213407022011714,1944
2015-03-24,83,175,4.5817875210200345,1968
2015-03-25,84,175,4.259170225096327,1992
2015-03-26,85,175,3.9371753336074193,2016
2015-03-27,86,175,4.12278390052646,2040
2015-03-28,87,175,4.181146009456502,2064
2015-03-29,88,175,4.535504195702108,2088
2015-03-30,89,175,4.546939397615401,2112
2015-03-31,90,175,4.819772216759199,2136
2015-04-01,91,175,3.9058905261598937,2160
2015-04-02,92,175,3.940410256210505,2184
2015-04-03,93,175,3.9651871702044574,2208
2015-04-04,94,175,3.943494593620117,2232
2015-04-05,95,175,3.71662950767419,2256
2015-04-06,96,175,3.734695879705221,2280
2015-04-07,97,175,3.8744054463468016,2304
2015-04-08,98,175,4.2698370222746735,2328
2015-04-09,99,175,4.822342620222637,2352
2015-04-10,100,175,5.487835492352994,2376
2015-04-11,101,175,5.01799935222624,2400
2015-04-12,102,175,5.249239010067909,2424
2015-04-13,103,175,5.436654525116428,2448
2015-04-14,104,175,5.391221991728233,2472
2015-04-15,105,175,5.815075559915142,2496
2015-04-16,106,175,5.618635748542634,2520
2015-04-17,107,175,5.027770377326763,2544
2015-04-18,108,175,4.3537607579812665,2568
2015-04-19,109,175,4.458403557079258,2592
2015-04-20,110,175,4.826368662318198,2616
2015-04-21,111,175,5.185329100706281,2640
2015-04-22,112,175,5.606449448659741,2664
2015-04-23,113,175,4.929839743928123,2688
2015-04-24,114,175,5.342698978232226,2712
2015-04-25,115,175,5.353329426295024,2736
2015-04-26,116,175,5.5191535755680645,2760
2015-04-27,117,175,5.5582818223162755,2784
2015-04-28,118,175,4.233454122071481,2808
2015-04-29,119,175,4.4485078517642815,2832
2015-04-30,120,175,4.9386442950423435,2856
2015-05-01,121,175,4.944421778470366,2880
2015-05-02,122,175,5.360057852345151,2904
2015-05-03,123,175,5.772836052081088,2928
2015-05-04,124,175,6.289422550416727,2952
2015-05-05,125,175,6.47542811583593,2976
2015-05-06,126,175,5.415148015403906,3000
2015-05-07,127,175,5.302755709082203,3024
2015-05-08,128,175,5.577516870275342,3048
2015-05-09,129,175,5.7124901285658485,3072
2015-05-10,130,175,5.778392761776848,3096
2015-05-11,131,175,6.624740820554969,3120
2015-05-12,132,175,7.867235439519737,3144
2015-05-13,133,175,7.924174518690407,3168
2015-05-14,134,175,6.640501210850327,3192
2015-05-15,135,175,4.312305385938736,3216
2015-05-16,136,175,5.24298175027827,3240
2015-05-17,137,175,5.70714885489609,3264
2015-05-18,138,175,6.1709136890410266,3288
2015-05-19,139,175,5.1752756956156825,3312
2015-05-20,140,175,4.37887212661529,3336
2015-05-21,141,175,4.305574062177292,3360
2015-05-22,142,175,4.78142192601049,3384
2015-05-23,143,175,5.076044366029729,3408
2015-05-24,144,175,5.5853566977793285,3432
2015-05-25,145,175,5.457688034796284,3456
2015-05-26,146,175,4.837097518523968,3480
2015-05-27,147,175,4.952095189311544,3504
2015-05-28,148,175,5.551171122744624,3528
2015-05-29,149,175,6.432603478457338,3552
2015-05-30,150,175,5.96212937049146,3576
2015-05-31,151,175,6.3116990737846255,3600
2015-06-01,152,175,6.690766310659503,3624
2015-06-02,153,175,7.212794653970055,3648
2015-06-03,154,175,8.109928452552246,3672
2015-06-04,155,175,8.380332473434501,3696
2015-06-05,156,175,9.813590329853637,3720
2015-06-06,157,175,9.332463603051664,3744
2015-06-07,158,175,8.251864742499079,3768
2015-06-08,159,175,6.663809619437791,3792
2015-06-09,160,175,5.570864408173526,3816
2015-06-10,161,175,5.965287346693152,3840
2015-06-11,162,175,7.1779092667039155,3864
2015-06-12,163,175,7.8901089892668175,3888
2015-06-13,164,175,7.672942056635112,3912
2015-06-14,165,175,6.695541971378213,3936
2015-06-15,166,175,6.11413796581764,3960
2015-06-16,167,175,6.106295199727695,3984
2015-06-17,168,175,6.186025963953904,4008
2015-06-18,169,175,5.9675733249124026,4032
2015-06-19,170,175,6.040398637105096,4056
2015-06-20,171,175,5.436460725835318,4080
2015-06-21,172,175,5.73157903879632,4104
2015-06-22,173,175,6.494531416706775,4128
2015-06-23,174,175,5.462650498547788,4152
2015-06-24,175,175,5.839066678397032,4176
2015-06-25,176,175,6.5820201389440856,4200
2015-06-26,177,175,7.252039606474184,4224
2015-06-27,178,175,7.566815600667673,4248
2015-06-28,179,175,7.517576614065461,4272
2015-06-29,180,175,7.966804691547178,4296
2015-06-30,181,175,9.183616479865377,4320
2015-07-01,182,175,10.63348302114872,4344
2015-07-02,183,175,12.589208421627188,4368
2015-07-03,184,175,13.403217709308464,4392
2015-07-04,185,175,13.766752919649893,4416
2015-07-05,186,175,14.264312700408867,4440
2015-07-06,187,175,10.675041248228961,4464
2015-07-07,188,175,13.841397447884884,4488
2015-07-08,189,175,7.586969609346662,4512
2015-07-09,190,175,6.795159938091698,4536
2015-07-10,191,175,7.120858985902044,4560
2015-07-11,192,175,9.368128153551355,4584
2015-07-12,193,175,8.895334935699587,4608
2015-07-13,194,175,8.44086305231378,4632
2015-07-14,195,175,9.115181172272187,4656
2015-07-15,196,175,9.428555281554967,4680
2015-07-16,197,175,11.42392565241225,4704
2015-07-17,198,175,11.16424254248125,4728
2015-07-18,199,175,8.974848423919216,4752
2015-07-19,200,175,9.870287608305306,4776
2015-07-20,201,175,9.998736831883807,4800
2015-07-21,202,175,11.624583025905222,4824
2015-07-22,203,175,10.088388327145314,4848
2015-07-23,204,175,7.986114236005439,4872
2015-07-24,205,175,8.698710646996021,4896
2015-07-25,206,175,6.944304576639492,4920
2015-07-26,207,175,6.068674127825937,4944
2015-07-27,208,175,7.091484972016955,4968
2015-07-28,209,175,6.712626590176548,4992
2015-07-29,210,175,5.925238543513111,5016
2015-07-30,211,175,5.948910785204173,5040
2015-07-31,212,175,6.462084094080487,5064
2015-08-01,213,175,6.306085722858965,5088
2015-08-02,214,175,7.290822176140081,5112
2015-08-03,215,175,9.06281530114052,5136
2015-08-04,216,175,8.05766268668558,5160
2015-08-05,217,175,8.918265816436461,5184
2015-08-06,218,175,12.255381320752127,5208
2015-08-07,219,175,13.323051238256493,5232
2015-08-08,220,175,11.603253521120974,5256
2015-08-09,221,175,8.363844575077183,5280
2015-08-10,222,175,8.177926187105177,5304
2015-08-11,223,175,9.050282244811617,5328
2015-08-12,224,175,10.188654730901957,5352
2015-08-13,225,175,9.513197645226187,5376
2015-08-14,226,175,6.990509074014428,5400
2015-08-15,227,175,6.03738832491228,5424
2015-08-16,228,175,5.770347206840575,5448
2015-08-17,229,175,6.0560955661366,5472
2015-08-18,230,175,6.0083700145297945,5496
2015-08-19,231,175,5.598906099145714,5520
2015-08-20,232,175,6.060059676264187,5544
2015-08-21,233,175,6.5472174769840406,5568
2015-08-22,234,175,6.7991024951697225,5592
2015-08-23,235,175,6.5919661596856205,5616
2015-08-24,236,175,6.212771708604348,5640
2015-08-25,237,175,5.993991786250794,5664
2015-08-26,238,175,6.866120382139168,5688
2015-08-27,239,175,8.450949889211717,5712
2015-08-28,240,175,9.498688621184023,5736
2015-08-29,241,175,9.518954886961096,5760
2015-08-30,242,175,10.812605500608802,5784
2015-08-31,243,175,9.986519431076502,5808
2015-09-01,244,175,7.058951473922132,5832
2015-09-02,245,175,6.180425398681952,5856
2015-09-03,246,175,5.8450349227003775,5880
2015-09-04,247,175,5.856070425564727,5904
2015-09-05,248,175,5.1881775640106715,5928
2015-09-06,249,175,5.048063544039619,5952
2015-09-07,250,175,5.047588881634512,5976
2015-09-08,251,175,5.258396883878576,6000
2015-09-09,252,175,5.432591898305513,6024
2015-09-10,253,175,5.121693422626252,6048
2015-09-11,254,175,5.585559061397331,6072
2015-09-12,255,175,6.576723449749862,6096
2015-09-13,256,175,6.468080167434428,6120
2015-09-14,257,175,5.742471393541567,6144
2015-09-15,258,175,5.516383286152606,6168
2015-09-16,259,175,6.9465699020241125,6192
2015-09-17,260,175,5.429404448955412,6216
2015-09-18,261,175,5.110325729386108,6240
2015-09-19,262,175,5.20709273878194,6264
2015-09-20,263,175,5.258435138077268,6288
2015-09-21,264,175,5.097222449524049,6312
2015-09-22,265,175,5.257223939971727,6336
2015-09-23,266,175,4.574805328934956,6360
2015-09-24,267,175,4.860254454483369,6384
2015-09-25,268,175,4.946949015184444,6408
2015-09-26,269,175,5.09687250607992,6432
2015-09-27,270,175,5.079541200883597,6456
2015-09-28,271,175,4.781937229689693,6480
2015-09-29,272,175,4.680504345416108,6504
2015-09-30,273,175,4.507645757039937,6528
2015-10-01,274,175,4.468856481664222,6552
2015-10-02,275,175,4.902392462035752,6576
2015-10-03,276,175,5.465010856855295,6600
2015-10-04,277,175,5.116132568834951,6624
2015-10-05,278,175,5.575583718585546,6648
2015-10-06,279,175,5.717262269553609,6672
2015-10-07,280,175,5.248762884595343,6696
2015-10-08,281,175,4.9291359908730845,6720
2015-10-09,282,175,4.882432275134414,6744
2015-10-10,283,175,4.7089974691692635,6768
2015-10-11,284,175,4.7858717571231,6792
2015-10-12,285,175,4.74707325801068,6816
2015-10-13,286,175,4.547481510473569,6840
2015-10-14,287,175,4.108610125744844,6864
2015-10-15,288,175,3.9097451225631663,6888
2015-10-16,289,175,3.9182645519456982,6912
2015-10-17,290,175,3.994690960496949,6936
2015-10-18,291,175,4.19804731806082,6960
2015-10-19,292,175,4.1604843794629485,6984
2015-10-20,293,175,4.041641793757654,7008
2015-10-21,294,175,4.023252774083472,7032
2015-10-22,295,175,4.246945533211743,7056
2015-10-23,296,175,4.633542288497409,7080
2015-10-24,297,175,4.898480423162742,7104
2015-10-25,298,175,4.911202707064966,7128
2015-10-26,299,175,4.572971332801957,7152
2015-10-27,300,175,4.5005854699200505,7176
2015-10-28,301,175,4.8533353621618245,7200
2015-10-29,302,175,4.6261480506575134,7224
2015-10-30,303,175,4.6741993628248,7248
2015-10-31,304,175,4.518601445451808,7272
2015-11-01,305,175,4.432865616385348,7296
2015-11-02,306,175,4.212741848560249,7320
2015-11-03,307,175,4.429500198620785,7344
2015-11-04,308,175,4.780638389760251,7368
2015-11-05,309,175,4.705711404970083,7392
2015-11-06,310,175,5.127772551994525,7416
2015-11-07,311,175,5.3357250579865125,7440
2015-11-08,312,175,5.249816095358437,7464
2015-11-09,313,175,5.504831025599582,7488
2015-11-10,314,175,4.900413575248766,7512
2015-11-11,315,175,4.462801159729828,7536
2015-11-12,316,175,4.264145276313575,7560
2015-11-13,317,175,4.461133816081478,7584
2015-11-14,318,175,4.606317903534858,7608
2015-11-15,319,175,5.121164024271828,7632
2015-11-16,320,175,4.890240849411309,7656
2015-11-17,321,175,4.865450276000419,7680
2015-11-18,322,175,5.161108362115231,7704
2015-11-19,323,175,5.098164307595613,7728
2015-11-20,324,175,5.0004298152409765,7752
2015-11-21,325,175,3.6979505998218167,7776
2015-11-22,326,175,3.4916153465863866,7800
2015-11-23,327,175,3.3426527433729665,7824
2015-11-24,328,175,3.2897349596837477,7848
2015-11-25,329,175,3.609253088215372,7872
2015-11-26,330,175,3.5925607952134184,7896
2015-11-27,331,175,3.4533622736479046,7920
2015-11-28,332,175,3.4819197906887056,7944
2015-11-29,333,175,3.830004513598696,7968
2015-11-30,334,175,4.3893645427211245,7992
2015-12-01,335,175,4.224640703522339,8016
2015-12-02,336,175,3.8122160644668703,8040
2015-12-03,337,175,3.641396036990565,8064
2015-12-04,338,175,3.87951463446054,8088
2015-12-05,339,175,3.9246333864820953,8112
2015-12-06,340,175,4.0216105773550295,8136
2015-12-07,341,175,4.030932602670759,8160
2015-12-08,342,175,3.8868259984002598,8184
2015-12-09,343,175,3.9878396214721663,8208
2015-12-10,344,175,3.5272400117840186,8232
2015-12-11,345,175,3.748610265057743,8256
2015-12-12,346,175,3.7736136819982864,8280
2015-12-13,347,175,3.604950472944109,8304
2015-12-14,348,175,3.6052257370263487,8328
2015-12-15,349,175,3.8109129239404615,8352
2015-12-16,350,175,4.3079473517794105,8376
2015-12-17,351,175,4.291641207565974,8400
2015-12-18,352,175,4.301092691140277,8424
2015-12-19,353,175,4.264846598044113,8448
2015-12-20,354,175,4.148544502968558,8472
2015-12-21,355,175,4.326413043466653,8496
2015-12-22,356,175,4.200780736989273,8520
2015-12-23,357,175,4.208198475208705,8544
2015-12-24,358,175,4.166907265549057,8568
2015-12-25,359,175,4.185919134640616,8592
2015-12-26,360,175,3.8996789712010975,8616
2015-12-27,361,175,3.9364242078060014,8640
2015-12-28,362,175,3.757155699739608,8664
2015-12-29,363,175,3.8691172993076015,8688
2015-12-30,364,175,3.6901366119584162,8712
2015-12-31,365,175,3.88838422499648,8736
2015-01-01,1,176,3.1386279172340914,0
2015-01-02,2,176,3.487657001111136,24
2015-01-03,3,176,3.9268591130563317,48
2015-01-04,4,176,3.888112223614675,72
2015-01-05,5,176,3.4326512652854086,96
2015-01-06,6,176,3.4718370605400484,120
2015-01-07,7,176,3.5661255232765363,144
2015-01-08,8,176,3.9061347014514287,168
2015-01-09,9,176,4.2860962106571145,192
2015-01-10,10,176,5.182517482449046,216
2015-01-11,11,176,3.9738146565274506,240
2015-01-12,12,176,3.777691818582222,264
2015-01-13,13,176,4.144804038085215,288
2015-01-14,14,176,4.091238193679607,312
2015-01-15,15,176,4.014867670188632,336
2015-01-16,16,176,4.073794225792709,360
2015-01-17,17,176,3.590076694888949,384
2015-01-18,18,176,3.37802446638018,408
2015-01-19,19,176,3.4449502022833527,432
2015-01-20,20,176,3.5208191952327037,456
2015-01-21,21,176,3.4763540717839407,480
2015-01-22,22,176,3.470390793685844,504
2015-01-23,23,176,3.4634961091331475,528
2015-01-24,24,176,3.4835500976155966,552
2015-01-25,25,176,3.4059798084926056,576
2015-01-26,26,176,3.3136659047179022,600
2015-01-27,27,176,3.5344317414119555,624
2015-01-28,28,176,3.4673283583647536,648
2015-01-29,29,176,3.6368592513737146,672
2015-01-30,30,176,3.4863812866717283,696
2015-01-31,31,176,3.4409383552234782,720
2015-02-01,32,176,3.4136224531607247,744
2015-02-02,33,176,3.4064780343522565,768
2015-02-03,34,176,3.199395120077313,792
2015-02-04,35,176,3.1968377037252966,816
2015-02-05,36,176,3.1920607562021845,840
2015-02-06,37,176,3.2199387301840536,864
2015-02-07,38,176,3.1421635758900184,888
2015-02-08,39,176,3.200634387612117,912
2015-02-09,40,176,3.2675342143568344,936
2015-02-10,41,176,3.3370231521517337,960
2015-02-11,42,176,3.393902805358548,984
2015-02-12,43,176,3.4269468535489853,1008
2015-02-13,44,176,3.5394232300592186,1032
2015-02-14,45,176,3.7231792004272046,1056
2015-02-15,46,176,3.5725368385849,1080
2015-02-16,47,176,3.4697133041666395,1104
2015-02-17,48,176,3.4952148819215285,1128
2015-02-18,49,176,3.4297518177457054,1152
2015-02-19,50,176,3.5376924354092805,1176
2015-02-20,51,176,3.810603419106352,1200
2015-02-21,52,176,3.676688798836667,1224
2015-02-22,53,176,3.5394938699897254,1248
2015-02-23,54,176,3.5779066269940034,1272
2015-02-24,55,176,3.7257266485695886,1296
2015-02-25,56,176,3.6866385283646,1320
2015-02-26,57,176,3.602437503391412,1344
2015-02-27,58,176,3.685084055826705,1368
2015-02-28,59,176,3.6626313508056008,1392
2015-03-01,60,176,3.974278565492708,1416
2015-03-02,61,176,4.238880947634592,1440
2015-03-03,62,176,4.053044753183866,1464
2015-03-04,63,176,3.749363066438984,1488
2015-03-05,64,176,3.652206808320765,1512
2015-03-06,65,176,3.673455166239452,1536
2015-03-07,66,176,3.8375110904413856,1560
2015-03-08,67,176,4.133810353533807,1584
2015-03-09,68,176,4.319716824400452,1608
2015-03-10,69,176,4.382834962591754,1632
2015-03-11,70,176,4.356687685140667,1656
2015-03-12,71,176,3.9540752978435565,1680
2015-03-13,72,176,3.8662540588229417,1704
2015-03-14,73,176,3.8473472777641153,1728
2015-03-15,74,176,3.8742925739965215,1752
2015-03-16,75,176,4.360165807878438,1776
2015-03-17,76,176,4.640566033189246,1800
2015-03-18,77,176,4.806823613304964,1824
2015-03-19,78,176,4.68358789532531,1848
2015-03-20,79,176,4.49129860597107,1872
2015-03-21,80,176,4.273695511791861,1896
2015-03-22,81,176,3.9486488711585976,1920
2015-03-23,82,176,4.263897194268661,1944
2015-03-24,83,176,4.596012670937379,1968
2015-03-25,84,176,4.329283809522603,1992
2015-03-26,85,176,4.038734509315189,2016
2015-03-27,86,176,4.223540599250158,2040
2015-03-28,87,176,4.2703010062561075,2064
2015-03-29,88,176,4.611984967022534,2088
2015-03-30,89,176,4.660529166100833,2112
2015-03-31,90,176,4.922683636157207,2136
2015-04-01,91,176,4.0054633885412585,2160
2015-04-02,92,176,4.015654801434287,2184
2015-04-03,93,176,4.056675509218309,2208
2015-04-04,94,176,4.0303762584781575,2232
2015-04-05,95,176,3.8086887851332345,2256
2015-04-06,96,176,3.811671860789717,2280
2015-04-07,97,176,3.965830482856519,2304
2015-04-08,98,176,4.343505765236471,2328
2015-04-09,99,176,4.8995404774852656,2352
2015-04-10,100,176,5.514326307315762,2376
2015-04-11,101,176,5.140683902943456,2400
2015-04-12,102,176,5.3354413574713435,2424
2015-04-13,103,176,5.552475161321625,2448
2015-04-14,104,176,5.504792922461082,2472
2015-04-15,105,176,5.858172150887069,2496
2015-04-16,106,176,5.6875109075600925,2520
2015-04-17,107,176,5.116951490736736,2544
2015-04-18,108,176,4.505448323068881,2568
2015-04-19,109,176,4.574539234484155,2592
2015-04-20,110,176,4.943477703851356,2616
2015-04-21,111,176,5.332011284732762,2640
2015-04-22,112,176,5.697355133951473,2664
2015-04-23,113,176,5.089172434545297,2688
2015-04-24,114,176,5.4309322110512674,2712
2015-04-25,115,176,5.436754019177876,2736
2015-04-26,116,176,5.6238899724245215,2760
2015-04-27,117,176,5.6894270324093,2784
2015-04-28,118,176,4.373746336756822,2808
2015-04-29,119,176,4.552578565932612,2832
2015-04-30,120,176,5.044006709839307,2856
2015-05-01,121,176,4.996773128484853,2880
2015-05-02,122,176,5.451273214981217,2904
2015-05-03,123,176,5.8408345059016,2928
2015-05-04,124,176,6.359978862487828,2952
2015-05-05,125,176,6.5424990605480735,2976
2015-05-06,126,176,5.5378373633670055,3000
2015-05-07,127,176,5.41510725297297,3024
2015-05-08,128,176,5.664659282021304,3048
2015-05-09,129,176,5.853553976828451,3072
2015-05-10,130,176,5.929569259214072,3096
2015-05-11,131,176,6.685898936342691,3120
2015-05-12,132,176,7.951357043125862,3144
2015-05-13,133,176,8.15327658931166,3168
2015-05-14,134,176,6.822670471092873,3192
2015-05-15,135,176,4.424331709048516,3216
2015-05-16,136,176,5.375521599414487,3240
2015-05-17,137,176,5.8794111402926506,3264
2015-05-18,138,176,6.3065059606715055,3288
2015-05-19,139,176,5.317887432454081,3312
2015-05-20,140,176,4.5156735626301865,3336
2015-05-21,141,176,4.44801018441314,3360
2015-05-22,142,176,4.93967043749763,3384
2015-05-23,143,176,5.244420188867807,3408
2015-05-24,144,176,5.716533780419142,3432
2015-05-25,145,176,5.603118855069405,3456
2015-05-26,146,176,5.025300141091615,3480
2015-05-27,147,176,5.107125872531448,3504
2015-05-28,148,176,5.662711230453922,3528
2015-05-29,149,176,6.554825943600749,3552
2015-05-30,150,176,6.15117968540453,3576
2015-05-31,151,176,6.436005232649659,3600
2015-06-01,152,176,6.817966042462079,3624
2015-06-02,153,176,7.408152615161392,3648
2015-06-03,154,176,8.283654677185455,3672
2015-06-04,155,176,8.622733486769851,3696
2015-06-05,156,176,10.01766656229149,3720
2015-06-06,157,176,9.618883500275302,3744
2015-06-07,158,176,8.552038827879363,3768
2015-06-08,159,176,6.849226139301767,3792
2015-06-09,160,176,5.773408870103504,3816
2015-06-10,161,176,6.186299755841843,3840
2015-06-11,162,176,7.399800436722969,3864
2015-06-12,163,176,8.061173966091989,3888
2015-06-13,164,176,7.87177446289448,3912
2015-06-14,165,176,6.874356534969937,3936
2015-06-15,166,176,6.291528637916723,3960
2015-06-16,167,176,6.3040411082247925,3984
2015-06-17,168,176,6.399536120643014,4008
2015-06-18,169,176,6.1468114991815614,4032
2015-06-19,170,176,6.2515886136346825,4056
2015-06-20,171,176,5.5940655785474025,4080
2015-06-21,172,176,5.892207795219353,4104
2015-06-22,173,176,6.706572410076707,4128
2015-06-23,174,176,5.6871695885529885,4152
2015-06-24,175,176,6.008098468650912,4176
2015-06-25,176,176,6.732391991452763,4200
2015-06-26,177,176,7.431122958854928,4224
2015-06-27,178,176,7.752814041839353,4248
2015-06-28,179,176,7.773517051020592,4272
2015-06-29,180,176,8.189869339747599,4296
2015-06-30,181,176,9.425160711751463,4320
2015-07-01,182,176,10.955321356789687,4344
2015-07-02,183,176,12.921891092410087,4368
2015-07-03,184,176,13.885659444091425,4392
2015-07-04,185,176,14.483824352917015,4416
2015-07-05,186,176,14.929961067613375,4440
2015-07-06,187,176,11.27019203958771,4464
2015-07-07,188,176,14.388810624173832,4488
2015-07-08,189,176,7.958357453442361,4512
2015-07-09,190,176,7.134539263692628,4536
2015-07-10,191,176,7.370466662872291,4560
2015-07-11,192,176,9.676624607452773,4584
2015-07-12,193,176,9.287625162682314,4608
2015-07-13,194,176,8.89084715997387,4632
2015-07-14,195,176,9.56149371866011,4656
2015-07-15,196,176,9.8638883733957,4680
2015-07-16,197,176,11.786242059809155,4704
2015-07-17,198,176,11.616333800787158,4728
2015-07-18,199,176,9.332926276273977,4752
2015-07-19,200,176,10.341791035115424,4776
2015-07-20,201,176,10.54355863954064,4800
2015-07-21,202,176,12.210387634525098,4824
2015-07-22,203,176,10.620015069276135,4848
2015-07-23,204,176,8.44502562551892,4872
2015-07-24,205,176,9.049536300878456,4896
2015-07-25,206,176,7.25382281215834,4920
2015-07-26,207,176,6.31856433068527,4944
2015-07-27,208,176,7.342738137175747,4968
2015-07-28,209,176,7.023065816922983,4992
2015-07-29,210,176,6.140200597650487,5016
2015-07-30,211,176,6.191999904414607,5040
2015-07-31,212,176,6.67095322479964,5064
2015-08-01,213,176,6.4285627875095726,5088
2015-08-02,214,176,7.505778141635893,5112
2015-08-03,215,176,9.19826744631022,5136
2015-08-04,216,176,8.281829596344995,5160
2015-08-05,217,176,9.205267795723524,5184
2015-08-06,218,176,12.398726539316506,5208
2015-08-07,219,176,13.720226809340206,5232
2015-08-08,220,176,12.084061814060936,5256
2015-08-09,221,176,8.69408400063268,5280
2015-08-10,222,176,8.48180007223702,5304
2015-08-11,223,176,9.375859677588087,5328
2015-08-12,224,176,10.515474834745758,5352
2015-08-13,225,176,9.886221353170416,5376
2015-08-14,226,176,7.201228391516961,5400
2015-08-15,227,176,6.205022034144519,5424
2015-08-16,228,176,5.956565992952486,5448
2015-08-17,229,176,6.2616803659716895,5472
2015-08-18,230,176,6.184115658689151,5496
2015-08-19,231,176,5.791917520736575,5520
2015-08-20,232,176,6.236124248369932,5544
2015-08-21,233,176,6.739192065799989,5568
2015-08-22,234,176,6.9989113932472256,5592
2015-08-23,235,176,6.745255258859388,5616
2015-08-24,236,176,6.3739069877780885,5640
2015-08-25,237,176,6.170479910647496,5664
2015-08-26,238,176,6.946972537284977,5688
2015-08-27,239,176,8.646237862382302,5712
2015-08-28,240,176,9.698175786045427,5736
2015-08-29,241,176,9.762358108156883,5760
2015-08-30,242,176,10.869434355673725,5784
2015-08-31,243,176,10.16503727667751,5808
2015-09-01,244,176,7.247833386151233,5832
2015-09-02,245,176,6.422793565900759,5856
2015-09-03,246,176,6.018812141122114,5880
2015-09-04,247,176,6.029224276536554,5904
2015-09-05,248,176,5.358029507123967,5928
2015-09-06,249,176,5.177079516772227,5952
2015-09-07,250,176,5.176774418559723,5976
2015-09-08,251,176,5.411730417102232,6000
2015-09-09,252,176,5.610279180907167,6024
2015-09-10,253,176,5.284014142998836,6048
2015-09-11,254,176,5.696020672096503,6072
2015-09-12,255,176,6.718268737495412,6096
2015-09-13,256,176,6.600206634232506,6120
2015-09-14,257,176,5.87884366420663,6144
2015-09-15,258,176,5.686116590068152,6168
2015-09-16,259,176,6.989063035171753,6192
2015-09-17,260,176,5.621693741666294,6216
2015-09-18,261,176,5.240777873518847,6240
2015-09-19,262,176,5.3155766905006425,6264
2015-09-20,263,176,5.399522526232707,6288
2015-09-21,264,176,5.202308354683936,6312
2015-09-22,265,176,5.3590894118590215,6336
2015-09-23,266,176,4.691148450919743,6360
2015-09-24,267,176,4.98106604739287,6384
2015-09-25,268,176,5.073851657404741,6408
2015-09-26,269,176,5.243035423018762,6432
2015-09-27,270,176,5.276837974561602,6456
2015-09-28,271,176,4.928055567779588,6480
2015-09-29,272,176,4.824188232797448,6504
2015-09-30,273,176,4.6484972897261265,6528
2015-10-01,274,176,4.598604407280682,6552
2015-10-02,275,176,4.995333130038842,6576
2015-10-03,276,176,5.553759640412737,6600
2015-10-04,277,176,5.215277509436191,6624
2015-10-05,278,176,5.648248475143973,6648
2015-10-06,279,176,5.7961755700753566,6672
2015-10-07,280,176,5.375939279415424,6696
2015-10-08,281,176,5.04824443862879,6720
2015-10-09,282,176,5.013159537936927,6744
2015-10-10,283,176,4.826410215462954,6768
2015-10-11,284,176,4.934758936071057,6792
2015-10-12,285,176,4.829901273257474,6816
2015-10-13,286,176,4.6312421257599485,6840
2015-10-14,287,176,4.198435840275106,6864
2015-10-15,288,176,3.991008697459357,6888
2015-10-16,289,176,4.007819596047787,6912
2015-10-17,290,176,4.068831164196689,6936
2015-10-18,291,176,4.269068859069504,6960
2015-10-19,292,176,4.247795769760135,6984
2015-10-20,293,176,4.131753524710795,7008
2015-10-21,294,176,4.124223440041916,7032
2015-10-22,295,176,4.320164383021469,7056
2015-10-23,296,176,4.709204008035916,7080
2015-10-24,297,176,4.942222210003588,7104
2015-10-25,298,176,4.984456014233171,7128
2015-10-26,299,176,4.68473606729972,7152
2015-10-27,300,176,4.604506678931574,7176
2015-10-28,301,176,4.8959841257981065,7200
2015-10-29,302,176,4.717461421675698,7224
2015-10-30,303,176,4.740210288725528,7248
2015-10-31,304,176,4.627621255403884,7272
2015-11-01,305,176,4.51347741507354,7296
2015-11-02,306,176,4.3376684537698615,7320
2015-11-03,307,176,4.485261898071738,7344
2015-11-04,308,176,4.720598128981303,7368
2015-11-05,309,176,4.709486108569274,7392
2015-11-06,310,176,5.113588438761275,7416
2015-11-07,311,176,5.36245095089663,7440
2015-11-08,312,176,5.253992097307976,7464
2015-11-09,313,176,5.469315401832316,7488
2015-11-10,314,176,4.952736903967799,7512
2015-11-11,315,176,4.46925152706079,7536
2015-11-12,316,176,4.308301253394522,7560
2015-11-13,317,176,4.487046243573095,7584
2015-11-14,318,176,4.6603802080320875,7608
2015-11-15,319,176,5.1068302338360185,7632
2015-11-16,320,176,4.868991413914299,7656
2015-11-17,321,176,4.913538118397971,7680
2015-11-18,322,176,5.2171677636879386,7704
2015-11-19,323,176,5.166648816113692,7728
2015-11-20,324,176,5.0405965491356275,7752
2015-11-21,325,176,3.7843430716698037,7776
2015-11-22,326,176,3.5570008399011908,7800
2015-11-23,327,176,3.4106816911618636,7824
2015-11-24,328,176,3.3570563110188845,7848
2015-11-25,329,176,3.6481006007615138,7872
2015-11-26,330,176,3.6650666221537973,7896
2015-11-27,331,176,3.515275016047068,7920
2015-11-28,332,176,3.5275441664935463,7944
2015-11-29,333,176,3.874592191627257,7968
2015-11-30,334,176,4.418180764411584,7992
2015-12-01,335,176,4.290545711186575,8016
2015-12-02,336,176,3.84378037564317,8040
2015-12-03,337,176,3.6764229416788763,8064
2015-12-04,338,176,3.8726756542936336,8088
2015-12-05,339,176,3.950024186498293,8112
2015-12-06,340,176,4.016670033530977,8136
2015-12-07,341,176,3.989626736059361,8160
2015-12-08,342,176,3.870632351801449,8184
2015-12-09,343,176,4.025440001549815,8208
2015-12-10,344,176,3.6018861269026274,8232
2015-12-11,345,176,3.74425219422273,8256
2015-12-12,346,176,3.7928962379739617,8280
2015-12-13,347,176,3.625966990279148,8304
2015-12-14,348,176,3.592913483161003,8328
2015-12-15,349,176,3.777470266196345,8352
2015-12-16,350,176,4.293877857854032,8376
2015-12-17,351,176,4.2963755903594985,8400
2015-12-18,352,176,4.27840769107517,8424
2015-12-19,353,176,4.211025453640144,8448
2015-12-20,354,176,4.118776508956096,8472
2015-12-21,355,176,4.333176292865401,8496
2015-12-22,356,176,4.227271725067523,8520
2015-12-23,357,176,4.238153193130255,8544
2015-12-24,358,176,4.169825417567266,8568
2015-12-25,359,176,4.172659612496968,8592
2015-12-26,360,176,3.89746718571003,8616
2015-12-27,361,176,3.869400755677464,8640
2015-12-28,362,176,3.736294833168505,8664
2015-12-29,363,176,3.790758208776967,8688
2015-12-30,364,176,3.717860153933232,8712
2015-12-31,365,176,3.910070082148264,8736
2015-01-01,1,177,3.113020027671813,0
2015-01-02,2,177,3.5843450381908752,24
2015-01-03,3,177,3.8155441955393417,48
2015-01-04,4,177,3.6184811415320515,72
2015-01-05,5,177,3.317160095964493,96
2015-01-06,6,177,3.5226469698776013,120
2015-01-07,7,177,3.453644885625686,144
2015-01-08,8,177,3.6262853831801336,168
2015-01-09,9,177,3.9546730047387975,192
2015-01-10,10,177,4.568143378191782,216
2015-01-11,11,177,3.6238704258697294,240
2015-01-12,12,177,3.613717874798712,264
2015-01-13,13,177,4.021845009349871,288
2015-01-14,14,177,3.7021737040556015,312
2015-01-15,15,177,3.820194818887312,336
2015-01-16,16,177,3.895431673027242,360
2015-01-17,17,177,3.3712021103743166,384
2015-01-18,18,177,3.0972012298417986,408
2015-01-19,19,177,3.189654127204757,432
2015-01-20,20,177,3.267514198194516,456
2015-01-21,21,177,3.2240839431030666,480
2015-01-22,22,177,3.2512203370048187,504
2015-01-23,23,177,3.1465646695966947,528
2015-01-24,24,177,3.1495591155753835,552
2015-01-25,25,177,3.09680866986455,576
2015-01-26,26,177,3.0344123530052896,600
2015-01-27,27,177,3.2693660609112616,624
2015-01-28,28,177,3.1715517497018366,648
2015-01-29,29,177,3.4022162626617454,672
2015-01-30,30,177,3.1653983566292347,696
2015-01-31,31,177,3.117893153969956,720
2015-02-01,32,177,3.097966955197013,744
2015-02-02,33,177,3.09182552929609,768
2015-02-03,34,177,2.914704307744325,792
2015-02-04,35,177,2.939736440720264,816
2015-02-05,36,177,2.9181964789518307,840
2015-02-06,37,177,2.9576963146167468,864
2015-02-07,38,177,2.926649942398463,888
2015-02-08,39,177,2.9989383036489965,912
2015-02-09,40,177,3.063471824379085,936
2015-02-10,41,177,3.2103962567263693,960
2015-02-11,42,177,3.5071493757275425,984
2015-02-12,43,177,3.5608243858820194,1008
2015-02-13,44,177,3.5809732227229683,1032
2015-02-14,45,177,3.606287744422183,1056
2015-02-15,46,177,3.4707399218520014,1080
2015-02-16,47,177,3.4919740786621563,1104
2015-02-17,48,177,3.474435482117037,1128
2015-02-18,49,177,3.210422736673133,1152
2015-02-19,50,177,3.4122497060911656,1176
2015-02-20,51,177,3.580349016467284,1200
2015-02-21,52,177,3.4446323303094366,1224
2015-02-22,53,177,3.2619016838732966,1248
2015-02-23,54,177,3.356920833208867,1272
2015-02-24,55,177,3.37326368941671,1296
2015-02-25,56,177,3.317397204482545,1320
2015-02-26,57,177,3.2632110528324745,1344
2015-02-27,58,177,3.3969543356601752,1368
2015-02-28,59,177,3.337576173637173,1392
2015-03-01,60,177,3.681907975197803,1416
2015-03-02,61,177,3.7956152671760286,1440
2015-03-03,62,177,3.6390909129734315,1464
2015-03-04,63,177,3.375864931107368,1488
2015-03-05,64,177,3.2709968881833817,1512
2015-03-06,65,177,3.328124207191077,1536
2015-03-07,66,177,3.6993718651205407,1560
2015-03-08,67,177,3.977403925624826,1584
2015-03-09,68,177,4.04989788289345,1608
2015-03-10,69,177,4.0340839089580784,1632
2015-03-11,70,177,3.9278082327503054,1656
2015-03-12,71,177,3.618217891572007,1680
2015-03-13,72,177,3.5741706258771995,1704
2015-03-14,73,177,3.578217127439287,1728
2015-03-15,74,177,3.655799900124818,1752
2015-03-16,75,177,4.0872019692905655,1776
2015-03-17,76,177,4.282829296545438,1800
2015-03-18,77,177,4.345661467398476,1824
2015-03-19,78,177,4.254487643537201,1848
2015-03-20,79,177,4.181130983798102,1872
2015-03-21,80,177,3.9334554044037455,1896
2015-03-22,81,177,3.6095614349736898,1920
2015-03-23,82,177,3.9392356443494574,1944
2015-03-24,83,177,4.248475977480744,1968
2015-03-25,84,177,3.967896120596076,1992
2015-03-26,85,177,3.650494131618194,2016
2015-03-27,86,177,3.7601720924997246,2040
2015-03-28,87,177,3.8919381863522657,2064
2015-03-29,88,177,4.1301294672868725,2088
2015-03-30,89,177,4.0765817212876865,2112
2015-03-31,90,177,4.3115750731222295,2136
2015-04-01,91,177,3.552439360430008,2160
2015-04-02,92,177,3.6320372574775184,2184
2015-04-03,93,177,3.7240398801181054,2208
2015-04-04,94,177,3.68801759171056,2232
2015-04-05,95,177,3.4279858178467664,2256
2015-04-06,96,177,3.4304182968745427,2280
2015-04-07,97,177,3.607296954692458,2304
2015-04-08,98,177,4.0193512527298605,2328
2015-04-09,99,177,4.621919921405542,2352
2015-04-10,100,177,4.995094058058209,2376
2015-04-11,101,177,4.502239878008695,2400
2015-04-12,102,177,4.727127204164906,2424
2015-04-13,103,177,4.940929473952967,2448
2015-04-14,104,177,4.8756043376697855,2472
2015-04-15,105,177,5.308424240450419,2496
2015-04-16,106,177,5.0998425790756245,2520
2015-04-17,107,177,4.588061451390133,2544
2015-04-18,108,177,4.078297271250544,2568
2015-04-19,109,177,4.1520228255994915,2592
2015-04-20,110,177,4.508990400557168,2616
2015-04-21,111,177,4.8169870548185125,2640
2015-04-22,112,177,5.194626876041139,2664
2015-04-23,113,177,4.772424763328795,2688
2015-04-24,114,177,5.0268427506866695,2712
2015-04-25,115,177,4.889358481430009,2736
2015-04-26,116,177,4.9533923144138265,2760
2015-04-27,117,177,4.9704686657295545,2784
2015-04-28,118,177,3.9282469643289857,2808
2015-04-29,119,177,4.156181192733647,2832
2015-04-30,120,177,4.491786453835342,2856
2015-05-01,121,177,4.511443682557207,2880
2015-05-02,122,177,4.852944394868062,2904
2015-05-03,123,177,5.2800696672302285,2928
2015-05-04,124,177,5.659889953475382,2952
2015-05-05,125,177,5.890581789947027,2976
2015-05-06,126,177,4.832586908426253,3000
2015-05-07,127,177,4.8419112378283,3024
2015-05-08,128,177,5.120594132834187,3048
2015-05-09,129,177,5.089235838052847,3072
2015-05-10,130,177,5.236230343917517,3096
2015-05-11,131,177,6.151791420919548,3120
2015-05-12,132,177,6.881369408462423,3144
2015-05-13,133,177,7.1009928336376475,3168
2015-05-14,134,177,5.874809280624597,3192
2015-05-15,135,177,3.955921510257877,3216
2015-05-16,136,177,4.7303354861929865,3240
2015-05-17,137,177,5.096470729295783,3264
2015-05-18,138,177,5.6289262168842145,3288
2015-05-19,139,177,4.693032032323371,3312
2015-05-20,140,177,3.9484957477239244,3336
2015-05-21,141,177,3.9385011189725603,3360
2015-05-22,142,177,4.309147350984379,3384
2015-05-23,143,177,4.5102720997574135,3408
2015-05-24,144,177,4.887959935520872,3432
2015-05-25,145,177,4.902215589676264,3456
2015-05-26,146,177,4.42533909098478,3480
2015-05-27,147,177,4.5099636965547365,3504
2015-05-28,148,177,5.080709902349207,3528
2015-05-29,149,177,5.720804547004557,3552
2015-05-30,150,177,5.298159680408649,3576
2015-05-31,151,177,5.5423977816989565,3600
2015-06-01,152,177,5.934940692149778,3624
2015-06-02,153,177,6.2873688612728085,3648
2015-06-03,154,177,7.036122918957411,3672
2015-06-04,155,177,7.416467770319389,3696
2015-06-05,156,177,8.259445805539821,3720
2015-06-06,157,177,7.756500859461059,3744
2015-06-07,158,177,7.032483824537129,3768
2015-06-08,159,177,5.974572048180328,3792
2015-06-09,160,177,5.230864000008972,3816
2015-06-10,161,177,5.572967723914744,3840
2015-06-11,162,177,6.427544125421318,3864
2015-06-12,163,177,6.807784481052523,3888
2015-06-13,164,177,6.570764838226137,3912
2015-06-14,165,177,5.820010193563558,3936
2015-06-15,166,177,5.5037477071180145,3960
2015-06-16,167,177,5.432742361507829,3984
2015-06-17,168,177,5.488772357253263,4008
2015-06-18,169,177,5.420886025416646,4032
2015-06-19,170,177,5.347095612807832,4056
2015-06-20,171,177,4.854232276690935,4080
2015-06-21,172,177,5.133634950876523,4104
2015-06-22,173,177,5.868924645656638,4128
2015-06-23,174,177,4.930372470348806,4152
2015-06-24,175,177,5.278581611596474,4176
2015-06-25,176,177,5.940839292399187,4200
2015-06-26,177,177,6.445111271996981,4224
2015-06-27,178,177,6.614776789762124,4248
2015-06-28,179,177,6.622611083396489,4272
2015-06-29,180,177,7.105056859638156,4296
2015-06-30,181,177,7.989064768335433,4320
2015-07-01,182,177,9.33675479397834,4344
2015-07-02,183,177,10.6435370326828,4368
2015-07-03,184,177,11.025099064404523,4392
2015-07-04,185,177,11.033651723361793,4416
2015-07-05,186,177,11.182706977905106,4440
2015-07-06,187,177,9.025138506627464,4464
2015-07-07,188,177,11.001189754667454,4488
2015-07-08,189,177,6.4863340051004075,4512
2015-07-09,190,177,5.850809000006107,4536
2015-07-10,191,177,6.418364308013738,4560
2015-07-11,192,177,8.238654117644561,4584
2015-07-12,193,177,7.662996043510763,4608
2015-07-13,194,177,7.189821105890875,4632
2015-07-14,195,177,7.760484012968824,4656
2015-07-15,196,177,8.180701816311197,4680
2015-07-16,197,177,9.744839878572394,4704
2015-07-17,198,177,8.896180145641251,4728
2015-07-18,199,177,7.816086450794277,4752
2015-07-19,200,177,8.122401147216523,4776
2015-07-20,201,177,8.166529487683981,4800
2015-07-21,202,177,9.481615871768438,4824
2015-07-22,203,177,8.393417695994442,4848
2015-07-23,204,177,6.9789622018097255,4872
2015-07-24,205,177,7.455215849461428,4896
2015-07-25,206,177,5.9725032834067004,4920
2015-07-26,207,177,5.488801062288284,4944
2015-07-27,208,177,6.1738400439346695,4968
2015-07-28,209,177,5.84621827481164,4992
2015-07-29,210,177,5.4921329055410455,5016
2015-07-30,211,177,5.327201504474567,5040
2015-07-31,212,177,5.807391752649544,5064
2015-08-01,213,177,5.711051032938232,5088
2015-08-02,214,177,6.357580147160253,5112
2015-08-03,215,177,7.743369402567098,5136
2015-08-04,216,177,7.119484291054968,5160
2015-08-05,217,177,7.77098391492882,5184
2015-08-06,218,177,9.914524046921123,5208
2015-08-07,219,177,11.133700637928236,5232
2015-08-08,220,177,9.107254302977248,5256
2015-08-09,221,177,6.977554181852202,5280
2015-08-10,222,177,6.836512808992525,5304
2015-08-11,223,177,7.544218161056462,5328
2015-08-12,224,177,8.389770691933078,5352
2015-08-13,225,177,8.175077238778925,5376
2015-08-14,226,177,6.102486615231348,5400
2015-08-15,227,177,5.275486993049512,5424
2015-08-16,228,177,5.17188357836416,5448
2015-08-17,229,177,5.339577880654892,5472
2015-08-18,230,177,5.2601910444519415,5496
2015-08-19,231,177,5.00898855085156,5520
2015-08-20,232,177,5.433004291896192,5544
2015-08-21,233,177,5.823134568082247,5568
2015-08-22,234,177,6.13107038436574,5592
2015-08-23,235,177,6.024082251558544,5616
2015-08-24,236,177,5.673449614184568,5640
2015-08-25,237,177,5.367399682857413,5664
2015-08-26,238,177,6.241628256721377,5688
2015-08-27,239,177,7.404265212595034,5712
2015-08-28,240,177,8.049015495427518,5736
2015-08-29,241,177,8.408517909226374,5760
2015-08-30,242,177,8.728439626414781,5784
2015-08-31,243,177,8.08453888530218,5808
2015-09-01,244,177,6.275022343825388,5832
2015-09-02,245,177,5.431553167700738,5856
2015-09-03,246,177,5.163435466873463,5880
2015-09-04,247,177,5.148255861870677,5904
2015-09-05,248,177,4.5528231199490365,5928
2015-09-06,249,177,4.5443613813978025,5952
2015-09-07,250,177,4.603610708866839,5976
2015-09-08,251,177,4.806252411870223,6000
2015-09-09,252,177,5.022991168046196,6024
2015-09-10,253,177,4.790685881514157,6048
2015-09-11,254,177,5.151095817903701,6072
2015-09-12,255,177,5.7643965627599965,6096
2015-09-13,256,177,5.761606976904077,6120
2015-09-14,257,177,5.141022934952455,6144
2015-09-15,258,177,5.0662699932721305,6168
2015-09-16,259,177,6.655005669372053,6192
2015-09-17,260,177,5.204924796323055,6216
2015-09-18,261,177,4.742161267303558,6240
2015-09-19,262,177,4.764266783914867,6264
2015-09-20,263,177,4.7461427545109185,6288
2015-09-21,264,177,4.738853462568273,6312
2015-09-22,265,177,4.835479203331964,6336
2015-09-23,266,177,4.1464644227208645,6360
2015-09-24,267,177,4.3965274548069,6384
2015-09-25,268,177,4.603857503024302,6408
2015-09-26,269,177,4.697314080533428,6432
2015-09-27,270,177,4.652150548096863,6456
2015-09-28,271,177,4.408242803406097,6480
2015-09-29,272,177,4.272110056816694,6504
2015-09-30,273,177,4.259934144875093,6528
2015-10-01,274,177,4.289189362007104,6552
2015-10-02,275,177,4.747113579915276,6576
2015-10-03,276,177,4.996342648746054,6600
2015-10-04,277,177,4.646138984638856,6624
2015-10-05,278,177,5.2343491797115735,6648
2015-10-06,279,177,5.277844656951207,6672
2015-10-07,280,177,4.681465442871325,6696
2015-10-08,281,177,4.4981859512179065,6720
2015-10-09,282,177,4.552122804078238,6744
2015-10-10,283,177,4.4137137670435145,6768
2015-10-11,284,177,4.429635609875707,6792
2015-10-12,285,177,4.503132628124621,6816
2015-10-13,286,177,4.325710085106082,6840
2015-10-14,287,177,3.7683183685761072,6864
2015-10-15,288,177,3.6200219300293512,6888
2015-10-16,289,177,3.625023917579077,6912
2015-10-17,290,177,3.7740905517595382,6936
2015-10-18,291,177,3.985574615533837,6960
2015-10-19,292,177,3.905657616757397,6984
2015-10-20,293,177,3.816666723014032,7008
2015-10-21,294,177,3.8014087888486623,7032
2015-10-22,295,177,3.973773272714212,7056
2015-10-23,296,177,4.301322550901341,7080
2015-10-24,297,177,4.7432412306186755,7104
2015-10-25,298,177,4.660937341960637,7128
2015-10-26,299,177,4.602723587023778,7152
2015-10-27,300,177,4.576614450009632,7176
2015-10-28,301,177,4.660729883492945,7200
2015-10-29,302,177,4.217008313732891,7224
2015-10-30,303,177,4.407070594077104,7248
2015-10-31,304,177,4.594515064299858,7272
2015-11-01,305,177,4.6182444196679215,7296
2015-11-02,306,177,4.575624465889796,7320
2015-11-03,307,177,4.872956050276385,7344
2015-11-04,308,177,4.63206831802789,7368
2015-11-05,309,177,4.510414845409506,7392
2015-11-06,310,177,4.830907358140483,7416
2015-11-07,311,177,5.051268086064068,7440
2015-11-08,312,177,5.214702318562186,7464
2015-11-09,313,177,5.14969058308021,7488
2015-11-10,314,177,4.735529868551153,7512
2015-11-11,315,177,4.45373596645319,7536
2015-11-12,316,177,4.431601103337743,7560
2015-11-13,317,177,4.431045181840489,7584
2015-11-14,318,177,4.260091724434794,7608
2015-11-15,319,177,4.797609688710819,7632
2015-11-16,320,177,4.6683692176385385,7656
2015-11-17,321,177,4.555891709944394,7680
2015-11-18,322,177,4.600936416603561,7704
2015-11-19,323,177,4.5307492712531525,7728
2015-11-20,324,177,4.516468126564842,7752
2015-11-21,325,177,3.4382309530964363,7776
2015-11-22,326,177,3.2213092086752195,7800
2015-11-23,327,177,3.0308651056986378,7824
2015-11-24,328,177,3.0532840344512087,7848
2015-11-25,329,177,3.404231130209072,7872
2015-11-26,330,177,3.3212532079587445,7896
2015-11-27,331,177,3.114537695248205,7920
2015-11-28,332,177,3.2356767761258136,7944
2015-11-29,333,177,3.5329917274521714,7968
2015-11-30,334,177,3.869914360792567,7992
2015-12-01,335,177,3.807839653744385,8016
2015-12-02,336,177,3.857746588433797,8040
2015-12-03,337,177,3.8978973310112566,8064
2015-12-04,338,177,3.9358265664539775,8088
2015-12-05,339,177,3.860222926742368,8112
2015-12-06,340,177,3.9032662100096673,8136
2015-12-07,341,177,3.940625533992703,8160
2015-12-08,342,177,3.8954784735258685,8184
2015-12-09,343,177,3.734166889047468,8208
2015-12-10,344,177,3.468580686951193,8232
2015-12-11,345,177,3.682489854617762,8256
2015-12-12,346,177,3.5921555956378106,8280
2015-12-13,347,177,3.5802910638998697,8304
2015-12-14,348,177,3.6219015863307393,8328
2015-12-15,349,177,3.7995359215253344,8352
2015-12-16,350,177,4.1215854384821276,8376
2015-12-17,351,177,4.127564761915118,8400
2015-12-18,352,177,4.243311627304683,8424
2015-12-19,353,177,4.286154960633452,8448
2015-12-20,354,177,4.3006784647222265,8472
2015-12-21,355,177,4.034454662313323,8496
2015-12-22,356,177,4.035414123634456,8520
2015-12-23,357,177,3.959286476436473,8544
2015-12-24,358,177,3.979202360486042,8568
2015-12-25,359,177,4.01355263164165,8592
2015-12-26,360,177,3.9553585305368144,8616
2015-12-27,361,177,4.04180792197959,8640
2015-12-28,362,177,4.1221809043848125,8664
2015-12-29,363,177,3.878435444592149,8688
2015-12-30,364,177,3.64219484226944,8712
2015-12-31,365,177,3.7991075316713294,8736
2015-01-01,1,178,3.1469357989396136,0
2015-01-02,2,178,3.451926627887957,24
2015-01-03,3,178,3.948733635883919,48
2015-01-04,4,178,3.940907871971792,72
2015-01-05,5,178,3.4173390589623565,96
2015-01-06,6,178,3.397871104794288,120
2015-01-07,7,178,3.5699819003748687,144
2015-01-08,8,178,3.9640701320690286,168
2015-01-09,9,178,4.398036540477261,192
2015-01-10,10,178,5.422956729307794,216
2015-01-11,11,178,4.066231453418896,240
2015-01-12,12,178,3.8014949338113686,264
2015-01-13,13,178,4.093634819251833,288
2015-01-14,14,178,4.197926718908764,312
2015-01-15,15,178,3.9819453623578687,336
2015-01-16,16,178,4.050668172995791,360
2015-01-17,17,178,3.633128272930109,384
2015-01-18,18,178,3.4446659918528275,408
2015-01-19,19,178,3.510663997837,432
2015-01-20,20,178,3.5811674930086723,456
2015-01-21,21,178,3.557539651963724,480
2015-01-22,22,178,3.543909284962764,504
2015-01-23,23,178,3.5401571427098864,528
2015-01-24,24,178,3.558942751053468,552
2015-01-25,25,178,3.471878004913441,576
2015-01-26,26,178,3.3752584447021494,600
2015-01-27,27,178,3.6045548280747934,624
2015-01-28,28,178,3.5394789044240738,648
2015-01-29,29,178,3.6988883487762063,672
2015-01-30,30,178,3.5738414900500852,696
2015-01-31,31,178,3.537375158489188,720
2015-02-01,32,178,3.4986230166606407,744
2015-02-02,33,178,3.4911181867363448,768
2015-02-03,34,178,3.287925933981884,792
2015-02-04,35,178,3.2644424599667032,816
2015-02-05,36,178,3.2648686971248875,840
2015-02-06,37,178,3.293105275642678,864
2015-02-07,38,178,3.177183732163833,888
2015-02-08,39,178,3.205914795965226,912
2015-02-09,40,178,3.2760470085876965,936
2015-02-10,41,178,3.350111656765676,960
2015-02-11,42,178,3.3577473399787907,984
2015-02-12,43,178,3.3571687915735384,1008
2015-02-13,44,178,3.4765401974150696,1032
2015-02-14,45,178,3.709433794837687,1056
2015-02-15,46,178,3.5983284057210008,1080
2015-02-16,47,178,3.4866782262545226,1104
2015-02-17,48,178,3.5131051280191463,1128
2015-02-18,49,178,3.4769563473943577,1152
2015-02-19,50,178,3.583161536737069,1176
2015-02-20,51,178,3.8106145330307037,1200
2015-02-21,52,178,3.7124296107844033,1224
2015-02-22,53,178,3.6095969129635774,1248
2015-02-23,54,178,3.632898253052109,1272
2015-02-24,55,178,3.8187072641039617,1296
2015-02-25,56,178,3.776395927970962,1320
2015-02-26,57,178,3.6686004930188614,1344
2015-02-27,58,178,3.747709307788038,1368
2015-02-28,59,178,3.735513206757726,1392
2015-03-01,60,178,4.04054099072934,1416
2015-03-02,61,178,4.364336503896126,1440
2015-03-03,62,178,4.151382434628346,1464
2015-03-04,63,178,3.8439874526298214,1488
2015-03-05,64,178,3.7403183607452863,1512
2015-03-06,65,178,3.7385239778567128,1536
2015-03-07,66,178,3.8559998557685686,1560
2015-03-08,67,178,4.1503252098783765,1584
2015-03-09,68,178,4.370378504399137,1608
2015-03-10,69,178,4.445802874505493,1632
2015-03-11,70,178,4.4742186550499525,1656
2015-03-12,71,178,4.016341013015286,1680
2015-03-13,72,178,3.935649452922476,1704
2015-03-14,73,178,3.9090731626393587,1728
2015-03-15,74,178,3.9343110781970845,1752
2015-03-16,75,178,4.381372666570054,1776
2015-03-17,76,178,4.697761343355261,1800
2015-03-18,77,178,4.926592881350904,1824
2015-03-19,78,178,4.796404165110264,1848
2015-03-20,79,178,4.549078234391856,1872
2015-03-21,80,178,4.3454358867643466,1896
2015-03-22,81,178,4.043298357414466,1920
2015-03-23,82,178,4.357223283532553,1944
2015-03-24,83,178,4.6304636138530935,1968
2015-03-25,84,178,4.390251657380297,1992
2015-03-26,85,178,4.131992298860698,2016
2015-03-27,86,178,4.334418496282342,2040
2015-03-28,87,178,4.33168318567254,2064
2015-03-29,88,178,4.7520984166697975,2088
2015-03-30,89,178,4.82387819749349,2112
2015-03-31,90,178,5.101632418631177,2136
2015-04-01,91,178,4.112120734286728,2160
2015-04-02,92,178,4.109684321852441,2184
2015-04-03,93,178,4.0976282277808265,2208
2015-04-04,94,178,4.106634889103979,2232
2015-04-05,95,178,3.892582412383406,2256
2015-04-06,96,178,3.882241786300357,2280
2015-04-07,97,178,4.024230463852273,2304
2015-04-08,98,178,4.384940345199362,2328
2015-04-09,99,178,4.945857264788947,2352
2015-04-10,100,178,5.582183414618622,2376
2015-04-11,101,178,5.346392050247045,2400
2015-04-12,102,178,5.4683081437112175,2424
2015-04-13,103,178,5.67478006217898,2448
2015-04-14,104,178,5.608777909217608,2472
2015-04-15,105,178,5.898189554396112,2496
2015-04-16,106,178,5.781173640849085,2520
2015-04-17,107,178,5.247389016223432,2544
2015-04-18,108,178,4.613373917366537,2568
2015-04-19,109,178,4.71332374634645,2592
2015-04-20,110,178,5.050704912352742,2616
2015-04-21,111,178,5.456297761906869,2640
2015-04-22,112,178,5.779918356382999,2664
2015-04-23,113,178,5.200026987563786,2688
2015-04-24,114,178,5.5036756431660185,2712
2015-04-25,115,178,5.572230400497637,2736
2015-04-26,116,178,5.8174692706055176,2760
2015-04-27,117,178,5.921583394678012,2784
2015-04-28,118,178,4.483621815054359,2808
2015-04-29,119,178,4.65937950424306,2832
2015-04-30,120,178,5.201609937736107,2856
2015-05-01,121,178,5.11761144907062,2880
2015-05-02,122,178,5.608258530069627,2904
2015-05-03,123,178,5.982502883895619,2928
2015-05-04,124,178,6.534555457615372,2952
2015-05-05,125,178,6.639698400593074,2976
2015-05-06,126,178,5.738006894476283,3000
2015-05-07,127,178,5.556301242104973,3024
2015-05-08,128,178,5.829619810316987,3048
2015-05-09,129,178,6.0741193706572165,3072
2015-05-10,130,178,6.119378330836081,3096
2015-05-11,131,178,6.799504900703906,3120
2015-05-12,132,178,8.186917827555549,3144
2015-05-13,133,178,8.589359113559427,3168
2015-05-14,134,178,7.111314525426053,3192
2015-05-15,135,178,4.548995315301856,3216
2015-05-16,136,178,5.5278421242574645,3240
2015-05-17,137,178,6.090164818936143,3264
2015-05-18,138,178,6.487841574403903,3288
2015-05-19,139,178,5.455192031770017,3312
2015-05-20,140,178,4.6675162066132385,3336
2015-05-21,141,178,4.573562788035012,3360
2015-05-22,142,178,5.090611825096072,3384
2015-05-23,143,178,5.406586588574497,3408
2015-05-24,144,178,5.950887118996309,3432
2015-05-25,145,178,5.786818648001318,3456
2015-05-26,146,178,5.179438252473016,3480
2015-05-27,147,178,5.212982972806216,3504
2015-05-28,148,178,5.80509675921133,3528
2015-05-29,149,178,6.783573937088448,3552
2015-05-30,150,178,6.382041660793103,3576
2015-05-31,151,178,6.700016476211804,3600
2015-06-01,152,178,7.069416242206249,3624
2015-06-02,153,178,7.736118501886238,3648
2015-06-03,154,178,8.567958743412865,3672
2015-06-04,155,178,8.958340337094873,3696
2015-06-05,156,178,10.485132406167132,3720
2015-06-06,157,178,10.185985514919793,3744
2015-06-07,158,178,9.049653329115133,3768
2015-06-08,159,178,7.051099997724293,3792
2015-06-09,160,178,5.8967397516607205,3816
2015-06-10,161,178,6.345597996109961,3840
2015-06-11,162,178,7.695473102517933,3864
2015-06-12,163,178,8.333368794764748,3888
2015-06-13,164,178,8.27959590434494,3912
2015-06-14,165,178,7.264200113577986,3936
2015-06-15,166,178,6.507948948709379,3960
2015-06-16,167,178,6.556106466118237,3984
2015-06-17,168,178,6.636401616058882,4008
2015-06-18,169,178,6.293454466212685,4032
2015-06-19,170,178,6.486405561981107,4056
2015-06-20,171,178,5.782759455175532,4080
2015-06-21,172,178,6.033911968498438,4104
2015-06-22,173,178,6.931259986794653,4128
2015-06-23,174,178,5.877258218864838,4152
2015-06-24,175,178,6.159851335380348,4176
2015-06-25,176,178,6.922007096476475,4200
2015-06-26,177,178,7.707573275550883,4224
2015-06-27,178,178,8.0698103763134,4248
2015-06-28,179,178,8.08764473590052,4272
2015-06-29,180,178,8.424896093748506,4296
2015-06-30,181,178,9.736146246798322,4320
2015-07-01,182,178,11.327559813449742,4344
2015-07-02,183,178,13.512096527199965,4368
2015-07-03,184,178,14.828837957267568,4392
2015-07-04,185,178,15.523184389372618,4416
2015-07-05,186,178,16.363390037170756,4440
2015-07-06,187,178,12.08564881962262,4464
2015-07-07,188,178,15.592339034582016,4488
2015-07-08,189,178,8.390848201553055,4512
2015-07-09,190,178,7.476534639349756,4536
2015-07-10,191,178,7.635522610429588,4560
2015-07-11,192,178,10.039269872020883,4584
2015-07-12,193,178,9.740373334861427,4608
2015-07-13,194,178,9.30933282098717,4632
2015-07-14,195,178,10.060454413364022,4656
2015-07-15,196,178,10.323790781308947,4680
2015-07-16,197,178,12.295912812364294,4704
2015-07-17,198,178,12.270897895387108,4728
2015-07-18,199,178,9.657366971909537,4752
2015-07-19,200,178,11.005857764492676,4776
2015-07-20,201,178,11.307624610832873,4800
2015-07-21,202,178,13.099669244783465,4824
2015-07-22,203,178,11.294932426761925,4848
2015-07-23,204,178,8.853759225237239,4872
2015-07-24,205,178,9.600040676344461,4896
2015-07-25,206,178,7.594754666052331,4920
2015-07-26,207,178,6.530831680785619,4944
2015-07-27,208,178,7.696432666445881,4968
2015-07-28,209,178,7.340890072535057,4992
2015-07-29,210,178,6.248662925112144,5016
2015-07-30,211,178,6.396564000711372,5040
2015-07-31,212,178,6.913724948576387,5064
2015-08-01,213,178,6.649637424587923,5088
2015-08-02,214,178,7.885829543197154,5112
2015-08-03,215,178,9.523882879428708,5136
2015-08-04,216,178,8.553922969749257,5160
2015-08-05,217,178,9.700637012031024,5184
2015-08-06,218,178,12.820276352893908,5208
2015-08-07,219,178,14.419441102124116,5232
2015-08-08,220,178,13.375929682544287,5256
2015-08-09,221,178,9.39170365798267,5280
2015-08-10,222,178,9.033945013248116,5304
2015-08-11,223,178,9.959965050555898,5328
2015-08-12,224,178,11.107777476081278,5352
2015-08-13,225,178,10.4527160584043,5376
2015-08-14,226,178,7.550961722914177,5400
2015-08-15,227,178,6.491848199849503,5424
2015-08-16,228,178,6.1659295428735055,5448
2015-08-17,229,178,6.494225824107063,5472
2015-08-18,230,178,6.461598325492532,5496
2015-08-19,231,178,5.9983401698430585,5520
2015-08-20,232,178,6.450307088263401,5544
2015-08-21,233,178,6.971264110466975,5568
2015-08-22,234,178,7.221360452644642,5592
2015-08-23,235,178,6.893799626615282,5616
2015-08-24,236,178,6.560968341003775,5640
2015-08-25,237,178,6.378686432117692,5664
2015-08-26,238,178,7.089023128793977,5688
2015-08-27,239,178,8.907993194158177,5712
2015-08-28,240,178,10.189127536753725,5736
2015-08-29,241,178,10.25946634367803,5760
2015-08-30,242,178,11.39282626187958,5784
2015-08-31,243,178,10.637922112860563,5808
2015-09-01,244,178,7.468762431554151,5832
2015-09-02,245,178,6.718704834796964,5856
2015-09-03,246,178,6.2835765249503766,5880
2015-09-04,247,178,6.2800414307445,5904
2015-09-05,248,178,5.595118469585849,5928
2015-09-06,249,178,5.358387449402514,5952
2015-09-07,250,178,5.303509024099436,5976
2015-09-08,251,178,5.582332180928306,6000
2015-09-09,252,178,5.7715733198001065,6024
2015-09-10,253,178,5.403391182402557,6048
2015-09-11,254,178,5.833447134248433,6072
2015-09-12,255,178,6.998315475985315,6096
2015-09-13,256,178,6.85313219704453,6120
2015-09-14,257,178,6.109533194788418,6144
2015-09-15,258,178,5.865269136408267,6168
2015-09-16,259,178,6.808042068270145,6192
2015-09-17,260,178,5.661316480538441,6216
2015-09-18,261,178,5.370014505440642,6240
2015-09-19,262,178,5.459729967483307,6264
2015-09-20,263,178,5.570042360344031,6288
2015-09-21,264,178,5.323768056970149,6312
2015-09-22,265,178,5.497977356357208,6336
2015-09-23,266,178,4.848100094754717,6360
2015-09-24,267,178,5.10798918405948,6384
2015-09-25,268,178,5.145838343321434,6408
2015-09-26,269,178,5.374996740251569,6432
2015-09-27,270,178,5.480880729551479,6456
2015-09-28,271,178,5.068301117728163,6480
2015-09-29,272,178,5.02300885793805,6504
2015-09-30,273,178,4.7693651112161755,6528
2015-10-01,274,178,4.682986945625738,6552
2015-10-02,275,178,5.0604114499900925,6576
2015-10-03,276,178,5.73924933801626,6600
2015-10-04,277,178,5.389299742149571,6624
2015-10-05,278,178,5.761151303267362,6648
2015-10-06,279,178,5.90294058795785,6672
2015-10-07,280,178,5.580875995626717,6696
2015-10-08,281,178,5.202701220077015,6720
2015-10-09,282,178,5.1295935581231245,6744
2015-10-10,283,178,4.956217636437466,6768
2015-10-11,284,178,5.090724089715286,6792
2015-10-12,285,178,4.926555704375742,6816
2015-10-13,286,178,4.672814554316116,6840
2015-10-14,287,178,4.311611296454645,6864
2015-10-15,288,178,4.088386821637569,6888
2015-10-16,289,178,4.075951546533093,6912
2015-10-17,290,178,4.1038741843780615,6936
2015-10-18,291,178,4.318109842584619,6960
2015-10-19,292,178,4.322980354127297,6984
2015-10-20,293,178,4.198389807426363,7008
2015-10-21,294,178,4.197416995998614,7032
2015-10-22,295,178,4.408848776862212,7056
2015-10-23,296,178,4.8560515146319565,7080
2015-10-24,297,178,5.035099163924339,7104
2015-10-25,298,178,5.050976710670292,7128
2015-10-26,299,178,4.7612291953256305,7152
2015-10-27,300,178,4.651930743437384,7176
2015-10-28,301,178,4.948090936102182,7200
2015-10-29,302,178,4.855261059845186,7224
2015-10-30,303,178,4.859179729626196,7248
2015-10-31,304,178,4.715449753935246,7272
2015-11-01,305,178,4.527375315711133,7296
2015-11-02,306,178,4.315868452312544,7320
2015-11-03,307,178,4.343115441589286,7344
2015-11-04,308,178,4.635725818967017,7368
2015-11-05,309,178,4.711087335577483,7392
2015-11-06,310,178,5.130437605134146,7416
2015-11-07,311,178,5.4374203625293545,7440
2015-11-08,312,178,5.224177882265156,7464
2015-11-09,313,178,5.463124433075402,7488
2015-11-10,314,178,4.9692007082307805,7512
2015-11-11,315,178,4.424710193003727,7536
2015-11-12,316,178,4.262603196341224,7560
2015-11-13,317,178,4.516744019040695,7584
2015-11-14,318,178,4.743920250275059,7608
2015-11-15,319,178,5.1816772399879785,7632
2015-11-16,320,178,4.814664192646483,7656
2015-11-17,321,178,5.014928328024896,7680
2015-11-18,322,178,5.444000870018844,7704
2015-11-19,323,178,5.425212841364133,7728
2015-11-20,324,178,5.218999287211972,7752
2015-11-21,325,178,3.868187160847112,7776
2015-11-22,326,178,3.6418754455087723,7800
2015-11-23,327,178,3.5090781301374863,7824
2015-11-24,328,178,3.4301591442622947,7848
2015-11-25,329,178,3.72073506826212,7872
2015-11-26,330,178,3.742846572175432,7896
2015-11-27,331,178,3.6225542488062312,7920
2015-11-28,332,178,3.6005056489359406,7944
2015-11-29,333,178,3.987339788655483,7968
2015-11-30,334,178,4.627214939614683,7992
2015-12-01,335,178,4.4585607963882445,8016
2015-12-02,336,178,3.8208627777585296,8040
2015-12-03,337,178,3.614672394490437,8064
2015-12-04,338,178,3.8356072746388636,8088
2015-12-05,339,178,3.939949339882221,8112
2015-12-06,340,178,4.016600851650675,8136
2015-12-07,341,178,3.913347073786965,8160
2015-12-08,342,178,3.8065544055841865,8184
2015-12-09,343,178,4.054987071952607,8208
2015-12-10,344,178,3.641000929583962,8232
2015-12-11,345,178,3.7361797776084082,8256
2015-12-12,346,178,3.8539480167966897,8280
2015-12-13,347,178,3.619261995717183,8304
2015-12-14,348,178,3.5193832822069218,8328
2015-12-15,349,178,3.689807674231543,8352
2015-12-16,350,178,4.294834689482174,8376
2015-12-17,351,178,4.3282160366113125,8400
2015-12-18,352,178,4.243674932899167,8424
2015-12-19,353,178,4.108191718977052,8448
2015-12-20,354,178,3.9979878845303234,8472
2015-12-21,355,178,4.383940667111064,8496
2015-12-22,356,178,4.2871005815508125,8520
2015-12-23,357,178,4.319318095225428,8544
2015-12-24,358,178,4.176912819344109,8568
2015-12-25,359,178,4.1640099782500775,8592
2015-12-26,360,178,3.8569081926834254,8616
2015-12-27,361,178,3.7575736124343218,8640
2015-12-28,362,178,3.556259716453432,8664
2015-12-29,363,178,3.689758522342794,8688
2015-12-30,364,178,3.7111720533186654,8712
2015-12-31,365,178,3.928912047524266,8736
2015-01-01,1,179,3.2368146497087764,0
2015-01-02,2,179,3.4910015286190488,24
2015-01-03,3,179,3.979675558336477,48
2015-01-04,4,179,4.127229046074517,72
2015-01-05,5,179,3.538564517719851,96
2015-01-06,6,179,3.4804347146191272,120
2015-01-07,7,179,3.5951931087610927,144
2015-01-08,8,179,3.955872940902725,168
2015-01-09,9,179,4.327776904116155,192
2015-01-10,10,179,5.301525142327099,216
2015-01-11,11,179,4.149619377903052,240
2015-01-12,12,179,3.8437254800392857,264
2015-01-13,13,179,4.193014413059507,288
2015-01-14,14,179,4.253018176453918,312
2015-01-15,15,179,4.127412107313572,336
2015-01-16,16,179,4.116925700933924,360
2015-01-17,17,179,3.735656184672397,384
2015-01-18,18,179,3.4936746033641413,408
2015-01-19,19,179,3.5759840574084785,432
2015-01-20,20,179,3.619633586319985,456
2015-01-21,21,179,3.5952966774412563,480
2015-01-22,22,179,3.605539252526052,504
2015-01-23,23,179,3.6246832645857503,528
2015-01-24,24,179,3.648162946162663,552
2015-01-25,25,179,3.611364801046504,576
2015-01-26,26,179,3.4611672238659974,600
2015-01-27,27,179,3.654337079806064,624
2015-01-28,28,179,3.609032675485101,648
2015-01-29,29,179,3.76661598833402,672
2015-01-30,30,179,3.6231705518772994,696
2015-01-31,31,179,3.553863529047391,720
2015-02-01,32,179,3.5388976892310646,744
2015-02-02,33,179,3.5269336260629176,768
2015-02-03,34,179,3.354254131584824,792
2015-02-04,35,179,3.343163038927128,816
2015-02-05,36,179,3.3273988417239195,840
2015-02-06,37,179,3.3656756390860347,864
2015-02-07,38,179,3.2825036700383765,888
2015-02-08,39,179,3.376459263977372,912
2015-02-09,40,179,3.4699311468650484,936
2015-02-10,41,179,3.4933948716719065,960
2015-02-11,42,179,3.4927881784882815,984
2015-02-12,43,179,3.4886233762255503,1008
2015-02-13,44,179,3.623450343926931,1032
2015-02-14,45,179,3.860906837810888,1056
2015-02-15,46,179,3.727296842734342,1080
2015-02-16,47,179,3.6117598871477234,1104
2015-02-17,48,179,3.6211600634883734,1128
2015-02-18,49,179,3.5773992366478167,1152
2015-02-19,50,179,3.6508408839653503,1176
2015-02-20,51,179,3.943098203521669,1200
2015-02-21,52,179,3.779832032465386,1224
2015-02-22,53,179,3.6890592751549196,1248
2015-02-23,54,179,3.7044673928011056,1272
2015-02-24,55,179,3.9154515438438966,1296
2015-02-25,56,179,3.9193158019907854,1320
2015-02-26,57,179,3.7758849074494254,1344
2015-02-27,58,179,3.8467334448731374,1368
2015-02-28,59,179,3.8393666475113855,1392
2015-03-01,60,179,4.129232157729193,1416
2015-03-02,61,179,4.4608403189736325,1440
2015-03-03,62,179,4.2757054200185225,1464
2015-03-04,63,179,3.956127403162481,1488
2015-03-05,64,179,3.8995649597187563,1512
2015-03-06,65,179,3.893302033975069,1536
2015-03-07,66,179,3.9543619054586014,1560
2015-03-08,67,179,4.219733963060034,1584
2015-03-09,68,179,4.4132143294639565,1608
2015-03-10,69,179,4.48547427219015,1632
2015-03-11,70,179,4.619579692779002,1656
2015-03-12,71,179,4.157823435011665,1680
2015-03-13,72,179,4.03913765031368,1704
2015-03-14,73,179,4.04491344480776,1728
2015-03-15,74,179,4.02622090486884,1752
2015-03-16,75,179,4.387986203618505,1776
2015-03-17,76,179,4.690323555221425,1800
2015-03-18,77,179,4.892990743356716,1824
2015-03-19,78,179,4.8720718286141125,1848
2015-03-20,79,179,4.653894230382778,1872
2015-03-21,80,179,4.4671054883341865,1896
2015-03-22,81,179,4.143130542513523,1920
2015-03-23,82,179,4.4390145077159415,1944
2015-03-24,83,179,4.694995794534978,1968
2015-03-25,84,179,4.457848781824207,1992
2015-03-26,85,179,4.26330899793921,2016
2015-03-27,86,179,4.4959776998798615,2040
2015-03-28,87,179,4.4517487469202015,2064
2015-03-29,88,179,4.8176105243820615,2088
2015-03-30,89,179,4.947387851406833,2112
2015-03-31,90,179,5.227836624191304,2136
2015-04-01,91,179,4.277967854258604,2160
2015-04-02,92,179,4.259609954049812,2184
2015-04-03,93,179,4.304211097051952,2208
2015-04-04,94,179,4.242276859698956,2232
2015-04-05,95,179,4.029800835162416,2256
2015-04-06,96,179,4.051667200077488,2280
2015-04-07,97,179,4.226793474928549,2304
2015-04-08,98,179,4.521308849548081,2328
2015-04-09,99,179,5.0687791847750665,2352
2015-04-10,100,179,5.646861269601705,2376
2015-04-11,101,179,5.412880233611852,2400
2015-04-12,102,179,5.555082879222192,2424
2015-04-13,103,179,5.875926384756792,2448
2015-04-14,104,179,5.896331466603698,2472
2015-04-15,105,179,6.10171531450476,2496
2015-04-16,106,179,5.860903421030367,2520
2015-04-17,107,179,5.328767882905084,2544
2015-04-18,108,179,4.843957956571471,2568
2015-04-19,109,179,4.790109013312397,2592
2015-04-20,110,179,5.201197742998144,2616
2015-04-21,111,179,5.645121764385133,2640
2015-04-22,112,179,5.939347191266223,2664
2015-04-23,113,179,5.482208314701551,2688
2015-04-24,114,179,5.737087165330911,2712
2015-04-25,115,179,5.6452800608144935,2736
2015-04-26,116,179,5.787336760129982,2760
2015-04-27,117,179,5.861663877654284,2784
2015-04-28,118,179,4.679879512103633,2808
2015-04-29,119,179,4.801043541763872,2832
2015-04-30,120,179,5.282970254538255,2856
2015-05-01,121,179,5.191175998291957,2880
2015-05-02,122,179,5.703827371220406,2904
2015-05-03,123,179,6.0347458655807005,2928
2015-05-04,124,179,6.555406777480906,2952
2015-05-05,125,179,6.668418747503678,2976
2015-05-06,126,179,5.906855870509635,3000
2015-05-07,127,179,5.708881819130252,3024
2015-05-08,128,179,5.860696166018357,3048
2015-05-09,129,179,6.232419606767567,3072
2015-05-10,130,179,6.309119371296062,3096
2015-05-11,131,179,6.927976985501583,3120
2015-05-12,132,179,8.304689011645403,3144
2015-05-13,133,179,8.778940741846545,3168
2015-05-14,134,179,7.214478311644317,3192
2015-05-15,135,179,4.665698075540832,3216
2015-05-16,136,179,5.735365023761196,3240
2015-05-17,137,179,6.297296641504854,3264
2015-05-18,138,179,6.677381875558587,3288
2015-05-19,139,179,5.6846253469281685,3312
2015-05-20,140,179,4.838021119353831,3336
2015-05-21,141,179,4.7979026647682605,3360
2015-05-22,142,179,5.3523559168394135,3384
2015-05-23,143,179,5.666540425301746,3408
2015-05-24,144,179,6.092632487094263,3432
2015-05-25,145,179,5.9901046625601415,3456
2015-05-26,146,179,5.514408108542594,3480
2015-05-27,147,179,5.5646507224845925,3504
2015-05-28,148,179,5.9728269337037565,3528
2015-05-29,149,179,6.930044740167142,3552
2015-05-30,150,179,6.635694705479058,3576
2015-05-31,151,179,6.8096413187229645,3600
2015-06-01,152,179,7.1821776679566804,3624
2015-06-02,153,179,7.921011391840095,3648
2015-06-03,154,179,8.811915993706432,3672
2015-06-04,155,179,9.28906378348064,3696
2015-06-05,156,179,10.589753229858117,3720
2015-06-06,157,179,10.293486894558614,3744
2015-06-07,158,179,9.163813730167133,3768
2015-06-08,159,179,7.386808530210012,3792
2015-06-09,160,179,6.3452145109737765,3816
2015-06-10,161,179,6.718555049039866,3840
2015-06-11,162,179,7.980184378238615,3864
2015-06-12,163,179,8.27758187190604,3888
2015-06-13,164,179,8.207616131316344,3912
2015-06-14,165,179,7.26808636928344,3936
2015-06-15,166,179,6.762201911964112,3960
2015-06-16,167,179,6.737693766736367,3984
2015-06-17,168,179,6.9028019366670135,4008
2015-06-18,169,179,6.6554717334307885,4032
2015-06-19,170,179,6.921691886258584,4056
2015-06-20,171,179,6.131961215476262,4080
2015-06-21,172,179,6.418737952844063,4104
2015-06-22,173,179,7.320303055894258,4128
2015-06-23,174,179,6.350221273004426,4152
2015-06-24,175,179,6.4585210545416185,4176
2015-06-25,176,179,7.211383789172904,4200
2015-06-26,177,179,7.980105970919758,4224
2015-06-27,178,179,8.526592443454684,4248
2015-06-28,179,179,8.530230346858202,4272
2015-06-29,180,179,8.930305958881206,4296
2015-06-30,181,179,10.189130477224593,4320
2015-07-01,182,179,12.152034679098096,4344
2015-07-02,183,179,14.379908339395824,4368
2015-07-03,184,179,15.410629827024634,4392
2015-07-04,185,179,16.53872939464199,4416
2015-07-05,186,179,16.944660218836223,4440
2015-07-06,187,179,13.122631282118304,4464
2015-07-07,188,179,16.36974139786684,4488
2015-07-08,189,179,9.024908977780024,4512
2015-07-09,190,179,8.103776930490152,4536
2015-07-10,191,179,8.144747324084289,4560
2015-07-11,192,179,10.773547074353015,4584
2015-07-12,193,179,10.331819790098198,4608
2015-07-13,194,179,10.223553958927194,4632
2015-07-14,195,179,10.742547557693449,4656
2015-07-15,196,179,11.09992890784852,4680
2015-07-16,197,179,13.187105433655145,4704
2015-07-17,198,179,13.783538331526973,4728
2015-07-18,199,179,10.480979176538105,4752
2015-07-19,200,179,11.918019930127482,4776
2015-07-20,201,179,12.164634205107555,4800
2015-07-21,202,179,14.183824210570991,4824
2015-07-22,203,179,11.844446219384189,4848
2015-07-23,204,179,9.784012637025667,4872
2015-07-24,205,179,10.120661093066165,4896
2015-07-25,206,179,8.065987394933577,4920
2015-07-26,207,179,6.930704169668792,4944
2015-07-27,208,179,8.129840768247307,4968
2015-07-28,209,179,7.835740118497636,4992
2015-07-29,210,179,6.765829450239433,5016
2015-07-30,211,179,6.8393787460513735,5040
2015-07-31,212,179,7.169536574577974,5064
2015-08-01,213,179,6.730678332897838,5088
2015-08-02,214,179,8.04141423389691,5112
2015-08-03,215,179,9.869976098462187,5136
2015-08-04,216,179,8.997201535742965,5160
2015-08-05,217,179,10.086105612109877,5184
2015-08-06,218,179,13.399942721465466,5208
2015-08-07,219,179,15.234875671896008,5232
2015-08-08,220,179,12.782626907271645,5256
2015-08-09,221,179,9.150864781981053,5280
2015-08-10,222,179,8.99544452113865,5304
2015-08-11,223,179,10.199670770116095,5328
2015-08-12,224,179,11.469218741458993,5352
2015-08-13,225,179,10.486132806375645,5376
2015-08-14,226,179,7.648796849470439,5400
2015-08-15,227,179,6.651090784748025,5424
2015-08-16,228,179,6.344670819892921,5448
2015-08-17,229,179,6.791611919145216,5472
2015-08-18,230,179,6.6353752625171625,5496
2015-08-19,231,179,6.284795421755443,5520
2015-08-20,232,179,6.72379452445889,5544
2015-08-21,233,179,7.381085128299168,5568
2015-08-22,234,179,7.582023153060062,5592
2015-08-23,235,179,7.024961010734423,5616
2015-08-24,236,179,6.669105193438143,5640
2015-08-25,237,179,6.667970074007063,5664
2015-08-26,238,179,7.33847130663658,5688
2015-08-27,239,179,9.251413914141057,5712
2015-08-28,240,179,10.339520198931847,5736
2015-08-29,241,179,10.395434640281717,5760
2015-08-30,242,179,11.354661207056385,5784
2015-08-31,243,179,10.80258025674683,5808
2015-09-01,244,179,7.781472968455465,5832
2015-09-02,245,179,6.974444179166776,5856
2015-09-03,246,179,6.491301809516431,5880
2015-09-04,247,179,6.438256164737477,5904
2015-09-05,248,179,5.7936519814327365,5928
2015-09-06,249,179,5.5720046989819325,5952
2015-09-07,250,179,5.577198451068723,5976
2015-09-08,251,179,5.794420891731559,6000
2015-09-09,252,179,6.051711661808215,6024
2015-09-10,253,179,5.728986356042872,6048
2015-09-11,254,179,6.115551326127942,6072
2015-09-12,255,179,7.00079605546212,6096
2015-09-13,256,179,6.908260176063558,6120
2015-09-14,257,179,6.236605341569822,6144
2015-09-15,258,179,6.073425991687621,6168
2015-09-16,259,179,7.03299854133244,6192
2015-09-17,260,179,6.063514917156026,6216
2015-09-18,261,179,5.664874538994527,6240
2015-09-19,262,179,5.620224915736631,6264
2015-09-20,263,179,5.799652555694967,6288
2015-09-21,264,179,5.4898184627400495,6312
2015-09-22,265,179,5.634623100149075,6336
2015-09-23,266,179,4.98549865766785,6360
2015-09-24,267,179,5.334634448384511,6384
2015-09-25,268,179,5.409472092943485,6408
2015-09-26,269,179,5.543830670882028,6432
2015-09-27,270,179,5.643839523494426,6456
2015-09-28,271,179,5.272223500721831,6480
2015-09-29,272,179,5.1166313092235765,6504
2015-09-30,273,179,4.9557995744025645,6528
2015-10-01,274,179,4.8744023178196985,6552
2015-10-02,275,179,5.155874916300832,6576
2015-10-03,276,179,5.7057513242782,6600
2015-10-04,277,179,5.486662288750671,6624
2015-10-05,278,179,5.876431772768324,6648
2015-10-06,279,179,6.007342651183673,6672
2015-10-07,280,179,5.653649082366424,6696
2015-10-08,281,179,5.322345405506439,6720
2015-10-09,282,179,5.279295975267893,6744
2015-10-10,283,179,5.1270191234728095,6768
2015-10-11,284,179,5.2344225157047255,6792
2015-10-12,285,179,5.066226228951745,6816
2015-10-13,286,179,4.867341872333292,6840
2015-10-14,287,179,4.4164717986861435,6864
2015-10-15,288,179,4.179530914211811,6888
2015-10-16,289,179,4.225214831543463,6912
2015-10-17,290,179,4.257031266052799,6936
2015-10-18,291,179,4.4802799278751735,6960
2015-10-19,292,179,4.477132217748028,6984
2015-10-20,293,179,4.343278165265627,7008
2015-10-21,294,179,4.3559651900187895,7032
2015-10-22,295,179,4.499009596567532,7056
2015-10-23,296,179,4.901546105358429,7080
2015-10-24,297,179,5.028059257907897,7104
2015-10-25,298,179,5.156533227181968,7128
2015-10-26,299,179,4.840370470958278,7152
2015-10-27,300,179,4.749711238957897,7176
2015-10-28,301,179,4.974394007047391,7200
2015-10-29,302,179,4.940695364398385,7224
2015-10-30,303,179,4.900153904173709,7248
2015-10-31,304,179,4.763432033986532,7272
2015-11-01,305,179,4.5760463261522215,7296
2015-11-02,306,179,4.443072982987234,7320
2015-11-03,307,179,4.4783696934184505,7344
2015-11-04,308,179,4.755928979640774,7368
2015-11-05,309,179,4.817668399012693,7392
2015-11-06,310,179,5.173378923942744,7416
2015-11-07,311,179,5.4337863452729165,7440
2015-11-08,312,179,5.286901894023032,7464
2015-11-09,313,179,5.405710540232562,7488
2015-11-10,314,179,5.029092419331677,7512
2015-11-11,315,179,4.530331194781277,7536
2015-11-12,316,179,4.413950629639299,7560
2015-11-13,317,179,4.586277202673462,7584
2015-11-14,318,179,4.762874250307054,7608
2015-11-15,319,179,5.051704555241199,7632
2015-11-16,320,179,4.813130167418191,7656
2015-11-17,321,179,5.063964130876943,7680
2015-11-18,322,179,5.3462288208208095,7704
2015-11-19,323,179,5.360740780446148,7728
2015-11-20,324,179,5.217271599710209,7752
2015-11-21,325,179,4.005734330747617,7776
2015-11-22,326,179,3.7285724724439633,7800
2015-11-23,327,179,3.575683020827978,7824
2015-11-24,328,179,3.5045730068042413,7848
2015-11-25,329,179,3.7344687286424887,7872
2015-11-26,330,179,3.8321165924407437,7896
2015-11-27,331,179,3.6741386526796296,7920
2015-11-28,332,179,3.641112518890168,7944
2015-11-29,333,179,4.0067161116147885,7968
2015-11-30,334,179,4.54740428584052,7992
2015-12-01,335,179,4.4400865797268425,8016
2015-12-02,336,179,3.905508816539746,8040
2015-12-03,337,179,3.699262920354789,8064
2015-12-04,338,179,3.86221206407978,8088
2015-12-05,339,179,4.016379343912676,8112
2015-12-06,340,179,4.060351924475058,8136
2015-12-07,341,179,4.032733356872096,8160
2015-12-08,342,179,3.908516902924039,8184
2015-12-09,343,179,4.151078530932479,8208
2015-12-10,344,179,3.7183562938844337,8232
2015-12-11,345,179,3.797623204142298,8256
2015-12-12,346,179,3.8599305939948994,8280
2015-12-13,347,179,3.7034485803661306,8304
2015-12-14,348,179,3.655985271402842,8328
2015-12-15,349,179,3.7695081398172574,8352
2015-12-16,350,179,4.293355284712707,8376
2015-12-17,351,179,4.293816307658271,8400
2015-12-18,352,179,4.233253163482116,8424
2015-12-19,353,179,4.140230350993136,8448
2015-12-20,354,179,4.10299132305693,8472
2015-12-21,355,179,4.436790465157748,8496
2015-12-22,356,179,4.282732960087887,8520
2015-12-23,357,179,4.341108234831299,8544
2015-12-24,358,179,4.285666788648177,8568
2015-12-25,359,179,4.215306352738298,8592
2015-12-26,360,179,3.927905148274653,8616
2015-12-27,361,179,3.806527840124144,8640
2015-12-28,362,179,3.693501949035492,8664
2015-12-29,363,179,3.7447250633377753,8688
2015-12-30,364,179,3.808360475179576,8712
2015-12-31,365,179,3.994913761128797,8736
2015-01-01,1,180,3.099727606189925,0
2015-01-02,2,180,3.457684894253509,24
2015-01-03,3,180,3.911895845348732,48
2015-01-04,4,180,3.8257334632710136,72
2015-01-05,5,180,3.3602813838321777,96
2015-01-06,6,180,3.3965524647422893,120
2015-01-07,7,180,3.536271825130328,144
2015-01-08,8,180,3.8854067156688568,168
2015-01-09,9,180,4.296246916252526,192
2015-01-10,10,180,5.235712513461126,216
2015-01-11,11,180,3.9368854852566004,240
2015-01-12,12,180,3.715907385062753,264
2015-01-13,13,180,4.0337500388659215,288
2015-01-14,14,180,4.056222197398864,312
2015-01-15,15,180,3.905756077094461,336
2015-01-16,16,180,3.9905011500639187,360
2015-01-17,17,180,3.550624940331084,384
2015-01-18,18,180,3.3343718059317964,408
2015-01-19,19,180,3.4029087563495857,432
2015-01-20,20,180,3.4855291241423267,456
2015-01-21,21,180,3.447539382247561,480
2015-01-22,22,180,3.4424628975612497,504
2015-01-23,23,180,3.4159679247661816,528
2015-01-24,24,180,3.431310263469742,552
2015-01-25,25,180,3.3434279163023533,576
2015-01-26,26,180,3.26266159832831,600
2015-01-27,27,180,3.506143392642292,624
2015-01-28,28,180,3.4298248605901933,648
2015-01-29,29,180,3.607597523622617,672
2015-01-30,30,180,3.454797546610654,696
2015-01-31,31,180,3.4217079604180243,720
2015-02-01,32,180,3.385055714593695,744
2015-02-02,33,180,3.3790100183115976,768
2015-02-03,34,180,3.1676722113487927,792
2015-02-04,35,180,3.1603773429730664,816
2015-02-05,36,180,3.1583444800346694,840
2015-02-06,37,180,3.1900615191745443,864
2015-02-07,38,180,3.0930434416606456,888
2015-02-08,39,180,3.1225895239654,912
2015-02-09,40,180,3.1819153353644207,936
2015-02-10,41,180,3.269070420068727,960
2015-02-11,42,180,3.3286268286362666,984
2015-02-12,43,180,3.359193573484578,1008
2015-02-13,44,180,3.473796010275728,1032
2015-02-14,45,180,3.6543053968333954,1056
2015-02-15,46,180,3.53512665023656,1080
2015-02-16,47,180,3.42316294998584,1104
2015-02-17,48,180,3.4510650726833405,1128
2015-02-18,49,180,3.381051985849439,1152
2015-02-19,50,180,3.5014282611624266,1176
2015-02-20,51,180,3.7278394945264317,1200
2015-02-21,52,180,3.615878992092149,1224
2015-02-22,53,180,3.4980282782015206,1248
2015-02-23,54,180,3.5357184733527487,1272
2015-02-24,55,180,3.685325701429206,1296
2015-02-25,56,180,3.632241585684052,1320
2015-02-26,57,180,3.5392805607057345,1344
2015-02-27,58,180,3.6351737404708793,1368
2015-02-28,59,180,3.6125088071893954,1392
2015-03-01,60,180,3.922226931502849,1416
2015-03-02,61,180,4.2051065804686365,1440
2015-03-03,62,180,4.006061121925768,1464
2015-03-04,63,180,3.7013326696249123,1488
2015-03-05,64,180,3.591295928957221,1512
2015-03-06,65,180,3.599148601473536,1536
2015-03-07,66,180,3.7731823922835903,1560
2015-03-08,67,180,4.0649278117182845,1584
2015-03-09,68,180,4.256904154344541,1608
2015-03-10,69,180,4.314363749122773,1632
2015-03-11,70,180,4.302063700933264,1656
2015-03-12,71,180,3.8847524471933363,1680
2015-03-13,72,180,3.809113491619853,1704
2015-03-14,73,180,3.786735392572101,1728
2015-03-15,74,180,3.8148634849450667,1752
2015-03-16,75,180,4.284208733717873,1776
2015-03-17,76,180,4.57533873649724,1800
2015-03-18,77,180,4.762019399406218,1824
2015-03-19,78,180,4.632926760996549,1848
2015-03-20,79,180,4.4163115016536905,1872
2015-03-21,80,180,4.2074009857220265,1896
2015-03-22,81,180,3.8982100804480337,1920
2015-03-23,82,180,4.2280747679610595,1944
2015-03-24,83,180,4.517536391730908,1968
2015-03-25,84,180,4.253031696371052,1992
2015-03-26,85,180,3.977869917259167,2016
2015-03-27,86,180,4.157972714511357,2040
2015-03-28,87,180,4.193090920535491,2064
2015-03-29,88,180,4.579799169467743,2088
2015-03-30,89,180,4.611525816486399,2112
2015-03-31,90,180,4.876500871026977,2136
2015-04-01,91,180,3.942569178499135,2160
2015-04-02,92,180,3.969197920140749,2184
2015-04-03,93,180,3.962808577563672,2208
2015-04-04,94,180,3.9771255525470735,2232
2015-04-05,95,180,3.7457239865955874,2256
2015-04-06,96,180,3.741114564150649,2280
2015-04-07,97,180,3.8860001250269103,2304
2015-04-08,98,180,4.263924715343241,2328
2015-04-09,99,180,4.821922392613842,2352
2015-04-10,100,180,5.419445708942644,2376
2015-04-11,101,180,5.105253530731882,2400
2015-04-12,102,180,5.25531994806718,2424
2015-04-13,103,180,5.44045377908594,2448
2015-04-14,104,180,5.377341725689523,2472
2015-04-15,105,180,5.7167431490186695,2496
2015-04-16,106,180,5.583237618516747,2520
2015-04-17,107,180,5.057303995419671,2544
2015-04-18,108,180,4.4257521336649415,2568
2015-04-19,109,180,4.533506440102948,2592
2015-04-20,110,180,4.8644390148374175,2616
2015-04-21,111,180,5.250482702433969,2640
2015-04-22,112,180,5.6086457787573245,2664
2015-04-23,113,180,5.012237493652068,2688
2015-04-24,114,180,5.3353026341498815,2712
2015-04-25,115,180,5.3710517960895015,2736
2015-04-26,116,180,5.583506691755283,2760
2015-04-27,117,180,5.6486622709800125,2784
2015-04-28,118,180,4.292738977550717,2808
2015-04-29,119,180,4.4905710641938095,2832
2015-04-30,120,180,4.985695219963972,2856
2015-05-01,121,180,4.960699067067352,2880
2015-05-02,122,180,5.396047625511809,2904
2015-05-03,123,180,5.797496263315831,2928
2015-05-04,124,180,6.296575281040552,2952
2015-05-05,125,180,6.407207467596176,2976
2015-05-06,126,180,5.469146419601596,3000
2015-05-07,127,180,5.327152202552557,3024
2015-05-08,128,180,5.6249095630347945,3048
2015-05-09,129,180,5.787218367354143,3072
2015-05-10,130,180,5.8458999385187065,3096
2015-05-11,131,180,6.604537883139487,3120
2015-05-12,132,180,7.827699089706794,3144
2015-05-13,133,180,8.141608851855898,3168
2015-05-14,134,180,6.737079521996325,3192
2015-05-15,135,180,4.372434932117674,3216
2015-05-16,136,180,5.290456246815146,3240
2015-05-17,137,180,5.788967914743277,3264
2015-05-18,138,180,6.2054563114790975,3288
2015-05-19,139,180,5.210657291761863,3312
2015-05-20,140,180,4.445326510664728,3336
2015-05-21,141,180,4.376306444864025,3360
2015-05-22,142,180,4.850761588879734,3384
2015-05-23,143,180,5.139650948247105,3408
2015-05-24,144,180,5.6605769097488245,3432
2015-05-25,145,180,5.522409611609752,3456
2015-05-26,146,180,4.915927901871727,3480
2015-05-27,147,180,4.969210482042271,3504
2015-05-28,148,180,5.577029406101227,3528
2015-05-29,149,180,6.480202438956091,3552
2015-05-30,150,180,6.039891751449537,3576
2015-05-31,151,180,6.366981512425151,3600
2015-06-01,152,180,6.7356473276732185,3624
2015-06-02,153,180,7.3139973971134875,3648
2015-06-03,154,180,8.108049810450169,3672
2015-06-04,155,180,8.467898598219445,3696
2015-06-05,156,180,9.908464988860056,3720
2015-06-06,157,180,9.496461467443648,3744
2015-06-07,158,180,8.477537642655372,3768
2015-06-08,159,180,6.738396373091363,3792
2015-06-09,160,180,5.630601872265693,3816
2015-06-10,161,180,6.065463156918103,3840
2015-06-11,162,180,7.300372557456143,3864
2015-06-12,163,180,7.90271562909162,3888
2015-06-13,164,180,7.7971176113987015,3912
2015-06-14,165,180,6.868904402221488,3936
2015-06-15,166,180,6.20069709765923,3960
2015-06-16,167,180,6.2158022689427685,3984
2015-06-17,168,180,6.280086354705117,4008
2015-06-18,169,180,6.00464026224464,4032
2015-06-19,170,180,6.124023084484388,4056
2015-06-20,171,180,5.503036203285731,4080
2015-06-21,172,180,5.7546324256371735,4104
2015-06-22,173,180,6.5796628203342165,4128
2015-06-23,174,180,5.543728809279793,4152
2015-06-24,175,180,5.8703020540767,4176
2015-06-25,176,180,6.6144245006935884,4200
2015-06-26,177,180,7.32053375877842,4224
2015-06-27,178,180,7.634990088722677,4248
2015-06-28,179,180,7.6230936840387775,4272
2015-06-29,180,180,8.001175688995563,4296
2015-06-30,181,180,9.211586075103952,4320
2015-07-01,182,180,10.670145740701546,4344
2015-07-02,183,180,12.667691661840687,4368
2015-07-03,184,180,13.725930632479244,4392
2015-07-04,185,180,14.085781243772075,4416
2015-07-05,186,180,14.857731261675635,4440
2015-07-06,187,180,11.104480539175633,4464
2015-07-07,188,180,14.2944669884939,4488
2015-07-08,189,180,7.763736407560549,4512
2015-07-09,190,180,6.940812759495016,4536
2015-07-10,191,180,7.230293114881888,4560
2015-07-11,192,180,9.427065042396377,4584
2015-07-12,193,180,9.054347301998543,4608
2015-07-13,194,180,8.601933306016539,4632
2015-07-14,195,180,9.30676129315952,4656
2015-07-15,196,180,9.613290012526623,4680
2015-07-16,197,180,11.477664664066618,4704
2015-07-17,198,180,11.189967323063804,4728
2015-07-18,199,180,9.070953081054707,4752
2015-07-19,200,180,10.117744586940002,4776
2015-07-20,201,180,10.346309130919245,4800
2015-07-21,202,180,11.978982427738545,4824
2015-07-22,203,180,10.413216698551961,4848
2015-07-23,204,180,8.219230844286226,4872
2015-07-24,205,180,8.949468042062376,4896
2015-07-25,206,180,7.07955321908893,4920
2015-07-26,207,180,6.174979669127637,4944
2015-07-27,208,180,7.222507547643435,4968
2015-07-28,209,180,6.863126914880662,4992
2015-07-29,210,180,5.964937395219057,5016
2015-07-30,211,180,6.044426268398138,5040
2015-07-31,212,180,6.572851064316122,5064
2015-08-01,213,180,6.383955761915393,5088
2015-08-02,214,180,7.445409974407108,5112
2015-08-03,215,180,9.051853215257974,5136
2015-08-04,216,180,8.114438528283918,5160
2015-08-05,217,180,9.12301948850248,5184
2015-08-06,218,180,12.070753701907822,5208
2015-08-07,219,180,13.425738442844374,5232
2015-08-08,220,180,12.285044496611585,5256
2015-08-09,221,180,8.740179556938166,5280
2015-08-10,222,180,8.419482215214902,5304
2015-08-11,223,180,9.286549360982367,5328
2015-08-12,224,180,10.376005813265827,5352
2015-08-13,225,180,9.768559840197467,5376
2015-08-14,226,180,7.126978823250322,5400
2015-08-15,227,180,6.132810474707598,5424
2015-08-16,228,180,5.859207808564031,5448
2015-08-17,229,180,6.147854007494912,5472
2015-08-18,230,180,6.1213077941553085,5496
2015-08-19,231,180,5.692015409334654,5520
2015-08-20,232,180,6.139867199452953,5544
2015-08-21,233,180,6.598946761856414,5568
2015-08-22,234,180,6.864226702166756,5592
2015-08-23,235,180,6.615323710139022,5616
2015-08-24,236,180,6.284346134886067,5640
2015-08-25,237,180,6.075259036468678,5664
2015-08-26,238,180,6.853935656591537,5688
2015-08-27,239,180,8.475828981243401,5712
2015-08-28,240,180,9.588446456036744,5736
2015-08-29,241,180,9.713421603145829,5760
2015-08-30,242,180,10.741866054391279,5784
2015-08-31,243,180,9.976306437550477,5808
2015-09-01,244,180,7.091259747798523,5832
2015-09-02,245,180,6.3238396203713565,5856
2015-09-03,246,180,5.943081847468557,5880
2015-09-04,247,180,5.9423027417277074,5904
2015-09-05,248,180,5.283703813183905,5928
2015-09-06,249,180,5.112559309424778,5952
2015-09-07,250,180,5.0791943716625445,5976
2015-09-08,251,180,5.340636315799924,6000
2015-09-09,252,180,5.5158142693323216,6024
2015-09-10,253,180,5.173692533427659,6048
2015-09-11,254,180,5.608211162373303,6072
2015-09-12,255,180,6.655898580487553,6096
2015-09-13,256,180,6.529188584684513,6120
2015-09-14,257,180,5.835279844261048,6144
2015-09-15,258,180,5.624260124652023,6168
2015-09-16,259,180,6.7179083582626875,6192
2015-09-17,260,180,5.456844756756119,6216
2015-09-18,261,180,5.167599453259864,6240
2015-09-19,262,180,5.253392145034881,6264
2015-09-20,263,180,5.315860340048649,6288
2015-09-21,264,180,5.141699358698273,6312
2015-09-22,265,180,5.3004078231592056,6336
2015-09-23,266,180,4.639945725372471,6360
2015-09-24,267,180,4.890330504444067,6384
2015-09-25,268,180,4.953910071749064,6408
2015-09-26,269,180,5.158589870508097,6432
2015-09-27,270,180,5.208870920190791,6456
2015-09-28,271,180,4.8490984544394315,6480
2015-09-29,272,180,4.798963635456183,6504
2015-09-30,273,180,4.589272372611216,6528
2015-10-01,274,180,4.526214285717527,6552
2015-10-02,275,180,4.940978715064613,6576
2015-10-03,276,180,5.530629434731601,6600
2015-10-04,277,180,5.179930024646184,6624
2015-10-05,278,180,5.614857185594138,6648
2015-10-06,279,180,5.707933749862407,6672
2015-10-07,280,180,5.328520844521224,6696
2015-10-08,281,180,4.9885825024702015,6720
2015-10-09,282,180,4.936410129297392,6744
2015-10-10,283,180,4.773293191269557,6768
2015-10-11,284,180,4.8755156328168505,6792
2015-10-12,285,180,4.78398704513616,6816
2015-10-13,286,180,4.543651951510392,6840
2015-10-14,287,180,4.150651512650295,6864
2015-10-15,288,180,3.9443862850803058,6888
2015-10-16,289,180,3.926480834610865,6912
2015-10-17,290,180,3.9884197842167763,6936
2015-10-18,291,180,4.2047374927201,6960
2015-10-19,292,180,4.1829151439652605,6984
2015-10-20,293,180,4.063357160714462,7008
2015-10-21,294,180,4.052334444863645,7032
2015-10-22,295,180,4.2672967146467995,7056
2015-10-23,296,180,4.690477941420403,7080
2015-10-24,297,180,4.940939326031038,7104
2015-10-25,298,180,4.9176823171288415,7128
2015-10-26,299,180,4.652527843221928,7152
2015-10-27,300,180,4.571432756201654,7176
2015-10-28,301,180,4.855541421809688,7200
2015-10-29,302,180,4.675012109999426,7224
2015-10-30,303,180,4.7217499345694085,7248
2015-10-31,304,180,4.6117377124417365,7272
2015-11-01,305,180,4.4807771858856755,7296
2015-11-02,306,180,4.2912546887029785,7320
2015-11-03,307,180,4.385036515777877,7344
2015-11-04,308,180,4.638972817664044,7368
2015-11-05,309,180,4.6331145249458405,7392
2015-11-06,310,180,5.040765978184443,7416
2015-11-07,311,180,5.31995901879964,7440
2015-11-08,312,180,5.185362231677757,7464
2015-11-09,313,180,5.413353853017348,7488
2015-11-10,314,180,4.880474745570553,7512
2015-11-11,315,180,4.396619414058339,7536
2015-11-12,316,180,4.241932585569611,7560
2015-11-13,317,180,4.4673994861099295,7584
2015-11-14,318,180,4.6099861045755866,7608
2015-11-15,319,180,5.111975243126906,7632
2015-11-16,320,180,4.767760166272288,7656
2015-11-17,321,180,4.883704424628868,7680
2015-11-18,322,180,5.234720438525497,7704
2015-11-19,323,180,5.206694055658592,7728
2015-11-20,324,180,5.045165670627082,7752
2015-11-21,325,180,3.730075194216615,7776
2015-11-22,326,180,3.5180985901414217,7800
2015-11-23,327,180,3.373995535602248,7824
2015-11-24,328,180,3.311100789955163,7848
2015-11-25,329,180,3.6379967498485097,7872
2015-11-26,330,180,3.616039897443087,7896
2015-11-27,331,180,3.483554411338188,7920
2015-11-28,332,180,3.501313521034078,7944
2015-11-29,333,180,3.8733162102508567,7968
2015-11-30,334,180,4.462487269365881,7992
2015-12-01,335,180,4.303386962575773,8016
2015-12-02,336,180,3.7887819556391946,8040
2015-12-03,337,180,3.62592512104761,8064
2015-12-04,338,180,3.84444262400834,8088
2015-12-05,339,180,3.8923823307818655,8112
2015-12-06,340,180,3.977503987595549,8136
2015-12-07,341,180,3.901999405124159,8160
2015-12-08,342,180,3.8049020195010685,8184
2015-12-09,343,180,3.9552291542652815,8208
2015-12-10,344,180,3.5582671541425905,8232
2015-12-11,345,180,3.707604153693449,8256
2015-12-12,346,180,3.78835568316296,8280
2015-12-13,347,180,3.579354637535149,8304
2015-12-14,348,180,3.517776612337364,8328
2015-12-15,349,180,3.7042469187331264,8352
2015-12-16,350,180,4.266171299617039,8376
2015-12-17,351,180,4.2705971707385375,8400
2015-12-18,352,180,4.2267908415339335,8424
2015-12-19,353,180,4.133502214715172,8448
2015-12-20,354,180,4.044523314530906,8472
2015-12-21,355,180,4.2989480486604235,8496
2015-12-22,356,180,4.207043715282578,8520
2015-12-23,357,180,4.22854346162588,8544
2015-12-24,358,180,4.112050713369263,8568
2015-12-25,359,180,4.118369409394114,8592
2015-12-26,360,180,3.8447474532962946,8616
2015-12-27,361,180,3.7996408538063,8640
2015-12-28,362,180,3.6467254660425112,8664
2015-12-29,363,180,3.735928438663029,8688
2015-12-30,364,180,3.6645451023302003,8712
2015-12-31,365,180,3.887049093721288,8736
2015-01-01,1,181,3.1991888590599924,0
2015-01-02,2,181,3.4856836342416715,24
2015-01-03,3,181,3.9746693515379454,48
2015-01-04,4,181,4.063528569104105,72
2015-01-05,5,181,3.501457888488204,96
2015-01-06,6,181,3.4593865182078334,120
2015-01-07,7,181,3.5874603518054125,144
2015-01-08,8,181,3.9453690304939735,168
2015-01-09,9,181,4.3479313708023986,192
2015-01-10,10,181,5.342711475959661,216
2015-01-11,11,181,4.122775360473852,240
2015-01-12,12,181,3.8357748585170968,264
2015-01-13,13,181,4.121646151408083,288
2015-01-14,14,181,4.202899311064803,312
2015-01-15,15,181,4.030799957041066,336
2015-01-16,16,181,4.073310337954377,360
2015-01-17,17,181,3.692525989267199,384
2015-01-18,18,181,3.485547905133304,408
2015-01-19,19,181,3.5481247033717183,432
2015-01-20,20,181,3.61037334359505,456
2015-01-21,21,181,3.5671909997458213,480
2015-01-22,22,181,3.569053912079541,504
2015-01-23,23,181,3.600283543787598,528
2015-01-24,24,181,3.6321911830788483,552
2015-01-25,25,181,3.569315665965912,576
2015-01-26,26,181,3.421967743804432,600
2015-01-27,27,181,3.6394278457607774,624
2015-01-28,28,181,3.5772911615942062,648
2015-01-29,29,181,3.721818366111097,672
2015-01-30,30,181,3.60008630256304,696
2015-01-31,31,181,3.5477853111822815,720
2015-02-01,32,181,3.5214335745151804,744
2015-02-02,33,181,3.516431816755405,768
2015-02-03,34,181,3.321385832852593,792
2015-02-04,35,181,3.315882633743938,816
2015-02-05,36,181,3.3087097365161644,840
2015-02-06,37,181,3.3407510830115035,864
2015-02-07,38,181,3.250515990086024,888
2015-02-08,39,181,3.3223601979087083,912
2015-02-09,40,181,3.4021147148677926,936
2015-02-10,41,181,3.4504424392079622,960
2015-02-11,42,181,3.4433639480140146,984
2015-02-12,43,181,3.4441129655144014,1008
2015-02-13,44,181,3.5567226571478616,1032
2015-02-14,45,181,3.760398526037527,1056
2015-02-15,46,181,3.63615145114184,1080
2015-02-16,47,181,3.551605882501028,1104
2015-02-17,48,181,3.5829304041110177,1128
2015-02-18,49,181,3.5405503763401303,1152
2015-02-19,50,181,3.622371713008424,1176
2015-02-20,51,181,3.86526545329917,1200
2015-02-21,52,181,3.7357391547551138,1224
2015-02-22,53,181,3.6520094923491184,1248
2015-02-23,54,181,3.6619343694256283,1272
2015-02-24,55,181,3.8764014986564166,1296
2015-02-25,56,181,3.872457457122328,1320
2015-02-26,57,181,3.720974201507517,1344
2015-02-27,58,181,3.8008190394047774,1368
2015-02-28,59,181,3.8127594227953567,1392
2015-03-01,60,181,4.08045761341264,1416
2015-03-02,61,181,4.399241179634932,1440
2015-03-03,62,181,4.2341762722434435,1464
2015-03-04,63,181,3.914490426964651,1488
2015-03-05,64,181,3.8428611974947104,1512
2015-03-06,65,181,3.8220114683331694,1536
2015-03-07,66,181,3.900243602042565,1560
2015-03-08,67,181,4.172449509720416,1584
2015-03-09,68,181,4.372963453108704,1608
2015-03-10,69,181,4.461971631250248,1632
2015-03-11,70,181,4.56159070493864,1656
2015-03-12,71,181,4.1026189885344575,1680
2015-03-13,72,181,3.997851129610327,1704
2015-03-14,73,181,3.9846469738924055,1728
2015-03-15,74,181,3.9900355837831154,1752
2015-03-16,75,181,4.37362815916368,1776
2015-03-17,76,181,4.6807858194595,1800
2015-03-18,77,181,4.889972280711368,1824
2015-03-19,78,181,4.8240899760041716,1848
2015-03-20,79,181,4.605946679438554,1872
2015-03-21,80,181,4.4016429560569765,1896
2015-03-22,81,181,4.092671471089435,1920
2015-03-23,82,181,4.403089297375998,1944
2015-03-24,83,181,4.647391574238711,1968
2015-03-25,84,181,4.436059176432932,1992
2015-03-26,85,181,4.222619727222137,2016
2015-03-27,86,181,4.456157532725689,2040
2015-03-28,87,181,4.450265992648472,2064
2015-03-29,88,181,4.8081100716829335,2088
2015-03-30,89,181,4.888937729984813,2112
2015-03-31,90,181,5.1901230101212565,2136
2015-04-01,91,181,4.229515935726991,2160
2015-04-02,92,181,4.2237252777577945,2184
2015-04-03,93,181,4.25018178001238,2208
2015-04-04,94,181,4.190972524440291,2232
2015-04-05,95,181,3.9753693879602734,2256
2015-04-06,96,181,3.97964205261945,2280
2015-04-07,97,181,4.146295099585937,2304
2015-04-08,98,181,4.466522150795819,2328
2015-04-09,99,181,5.016577870395241,2352
2015-04-10,100,181,5.5993240056862215,2376
2015-04-11,101,181,5.386241196805997,2400
2015-04-12,102,181,5.5225662002353335,2424
2015-04-13,103,181,5.8031573007304695,2448
2015-04-14,104,181,5.813888904086312,2472
2015-04-15,105,181,6.000680108488997,2496
2015-04-16,106,181,5.843358936812887,2520
2015-04-17,107,181,5.292503756879769,2544
2015-04-18,108,181,4.757966814211701,2568
2015-04-19,109,181,4.7483490245541695,2592
2015-04-20,110,181,5.1197388425952575,2616
2015-04-21,111,181,5.572620230657433,2640
2015-04-22,112,181,5.9011456661197945,2664
2015-04-23,113,181,5.353410610632274,2688
2015-04-24,114,181,5.6289147344897685,2712
2015-04-25,115,181,5.584968964721918,2736
2015-04-26,116,181,5.772102606325159,2760
2015-04-27,117,181,5.85449604865397,2784
2015-04-28,118,181,4.634040347336986,2808
2015-04-29,119,181,4.751383878068904,2832
2015-04-30,120,181,5.2421917560847024,2856
2015-05-01,121,181,5.135932679927021,2880
2015-05-02,122,181,5.673386233102237,2904
2015-05-03,123,181,5.985862483435099,2928
2015-05-04,124,181,6.511104604734795,2952
2015-05-05,125,181,6.6533527080043084,2976
2015-05-06,126,181,5.844863709383776,3000
2015-05-07,127,181,5.685135622574188,3024
2015-05-08,128,181,5.864379259438742,3048
2015-05-09,129,181,6.1917550270258594,3072
2015-05-10,130,181,6.263838342832662,3096
2015-05-11,131,181,6.865778613096593,3120
2015-05-12,132,181,8.187085024495882,3144
2015-05-13,133,181,8.605091017826826,3168
2015-05-14,134,181,7.2134966398975635,3192
2015-05-15,135,181,4.632630249789305,3216
2015-05-16,136,181,5.665665042068584,3240
2015-05-17,137,181,6.244173211524823,3264
2015-05-18,138,181,6.624620534370292,3288
2015-05-19,139,181,5.596055043524183,3312
2015-05-20,140,181,4.7648955098763,3336
2015-05-21,141,181,4.711728137469701,3360
2015-05-22,142,181,5.262780933574913,3384
2015-05-23,143,181,5.539202497961067,3408
2015-05-24,144,181,6.004714758876287,3432
2015-05-25,145,181,5.898504811829716,3456
2015-05-26,146,181,5.412305583829186,3480
2015-05-27,147,181,5.4644457165971305,3504
2015-05-28,148,181,5.903812770937407,3528
2015-05-29,149,181,6.844935475793817,3552
2015-05-30,150,181,6.532951884158977,3576
2015-05-31,151,181,6.719139363717999,3600
2015-06-01,152,181,7.138360775084143,3624
2015-06-02,153,181,7.823967401376151,3648
2015-06-03,154,181,8.69398953039243,3672
2015-06-04,155,181,9.155281405167305,3696
2015-06-05,156,181,10.535509733761913,3720
2015-06-06,157,181,10.260426113482069,3744
2015-06-07,158,181,9.186886823821279,3768
2015-06-08,159,181,7.29228073340999,3792
2015-06-09,160,181,6.203540186252372,3816
2015-06-10,161,181,6.5763569840733895,3840
2015-06-11,162,181,7.831158607683609,3864
2015-06-12,163,181,8.27464450415964,3888
2015-06-13,164,181,8.207240594795724,3912
2015-06-14,165,181,7.21060582991606,3936
2015-06-15,166,181,6.648415485098941,3960
2015-06-16,167,181,6.64338857065504,3984
2015-06-17,168,181,6.785105298932657,4008
2015-06-18,169,181,6.519212584279772,4032
2015-06-19,170,181,6.8049074242393175,4056
2015-06-20,171,181,6.038320544789442,4080
2015-06-21,172,181,6.263758232529197,4104
2015-06-22,173,181,7.1215285718122665,4128
2015-06-23,174,181,6.195157647035242,4152
2015-06-24,175,181,6.352120416972787,4176
2015-06-25,176,181,7.083020020300142,4200
2015-06-26,177,181,7.841948148978879,4224
2015-06-27,178,181,8.310692331052389,4248
2015-06-28,179,181,8.3544124592272,4272
2015-06-29,180,181,8.674336180788627,4296
2015-06-30,181,181,9.926187865542657,4320
2015-07-01,182,181,11.645036574517903,4344
2015-07-02,183,181,13.733799540355387,4368
2015-07-03,184,181,14.828172452373718,4392
2015-07-04,185,181,15.594288489724848,4416
2015-07-05,186,181,16.28020706965367,4440
2015-07-06,187,181,12.55001168922328,4464
2015-07-07,188,181,15.787948239295044,4488
2015-07-08,189,181,8.835096248772203,4512
2015-07-09,190,181,7.942802665783275,4536
2015-07-10,191,181,7.928398103933373,4560
2015-07-11,192,181,10.32431474266285,4584
2015-07-12,193,181,10.107016469137557,4608
2015-07-13,194,181,9.937157430385852,4632
2015-07-14,195,181,10.517930602420476,4656
2015-07-15,196,181,10.83332767098667,4680
2015-07-16,197,181,12.710777845438573,4704
2015-07-17,198,181,12.799684740034357,4728
2015-07-18,199,181,10.134805298180966,4752
2015-07-19,200,181,11.459266108926165,4776
2015-07-20,201,181,11.809560992098506,4800
2015-07-21,202,181,13.669939830630295,4824
2015-07-22,203,181,11.686772740873794,4848
2015-07-23,204,181,9.574373254896884,4872
2015-07-24,205,181,9.832267826440509,4896
2015-07-25,206,181,7.928116482117847,4920
2015-07-26,207,181,6.881962720852817,4944
2015-07-27,208,181,8.015093151589681,4968
2015-07-28,209,181,7.696882101754509,4992
2015-07-29,210,181,6.625468101043004,5016
2015-07-30,211,181,6.741246018569933,5040
2015-07-31,212,181,7.108132809793937,5064
2015-08-01,213,181,6.704878814619668,5088
2015-08-02,214,181,7.9691731210300985,5112
2015-08-03,215,181,9.665168531150897,5136
2015-08-04,216,181,8.85045559402256,5160
2015-08-05,217,181,9.937967297532877,5184
2015-08-06,218,181,13.057682730929447,5208
2015-08-07,219,181,14.663246485209847,5232
2015-08-08,220,181,13.154927300969335,5256
2015-08-09,221,181,9.371655677624876,5280
2015-08-10,222,181,9.048997235087775,5304
2015-08-11,223,181,10.109430719953362,5328
2015-08-12,224,181,11.272306934016573,5352
2015-08-13,225,181,10.557678369989864,5376
2015-08-14,226,181,7.618649510266921,5400
2015-08-15,227,181,6.5652698035849415,5424
2015-08-16,228,181,6.3046345393025325,5448
2015-08-17,229,181,6.670253475393897,5472
2015-08-18,230,181,6.562202273567944,5496
2015-08-19,231,181,6.160097390662062,5520
2015-08-20,232,181,6.626489530114957,5544
2015-08-21,233,181,7.204111196742282,5568
2015-08-22,234,181,7.425152739485473,5592
2015-08-23,235,181,6.9423762653913,5616
2015-08-24,236,181,6.617369898962253,5640
2015-08-25,237,181,6.59978072314166,5664
2015-08-26,238,181,7.252462254483067,5688
2015-08-27,239,181,8.993415986304203,5712
2015-08-28,240,181,10.186195856027997,5736
2015-08-29,241,181,10.287972177237512,5760
2015-08-30,242,181,11.281915372258158,5784
2015-08-31,243,181,10.608369498951287,5808
2015-09-01,244,181,7.643508722402323,5832
2015-09-02,245,181,6.8790482719002055,5856
2015-09-03,246,181,6.379663817541318,5880
2015-09-04,247,181,6.388347556593251,5904
2015-09-05,248,181,5.725447372296134,5928
2015-09-06,249,181,5.504053500631323,5952
2015-09-07,250,181,5.4753864946115005,5976
2015-09-08,251,181,5.707860028101367,6000
2015-09-09,252,181,5.925275532522463,6024
2015-09-10,253,181,5.560364251665473,6048
2015-09-11,254,181,5.94212262240855,6072
2015-09-12,255,181,6.959798900016429,6096
2015-09-13,256,181,6.812116953124924,6120
2015-09-14,257,181,6.206987125474536,6144
2015-09-15,258,181,6.018331977641388,6168
2015-09-16,259,181,6.886937343639238,6192
2015-09-17,260,181,5.9373377827906335,6216
2015-09-18,261,181,5.559084228040702,6240
2015-09-19,262,181,5.5653052616761745,6264
2015-09-20,263,181,5.729952839403312,6288
2015-09-21,264,181,5.43639802905305,6312
2015-09-22,265,181,5.589159268053372,6336
2015-09-23,266,181,4.9322370328557215,6360
2015-09-24,267,181,5.254793928008363,6384
2015-09-25,268,181,5.301293851826597,6408
2015-09-26,269,181,5.486278025445284,6432
2015-09-27,270,181,5.591571415140059,6456
2015-09-28,271,181,5.200088752928449,6480
2015-09-29,272,181,5.071523074387104,6504
2015-09-30,273,181,4.877429355443081,6528
2015-10-01,274,181,4.800444122702106,6552
2015-10-02,275,181,5.108415937651028,6576
2015-10-03,276,181,5.705798250292758,6600
2015-10-04,277,181,5.432335153694388,6624
2015-10-05,278,181,5.809629380299798,6648
2015-10-06,279,181,5.943188002990947,6672
2015-10-07,280,181,5.647425725732059,6696
2015-10-08,281,181,5.305930441220086,6720
2015-10-09,282,181,5.215179592114566,6744
2015-10-10,283,181,5.063624355757963,6768
2015-10-11,284,181,5.1737637744593465,6792
2015-10-12,285,181,5.022780075026675,6816
2015-10-13,286,181,4.799148978746214,6840
2015-10-14,287,181,4.412162035596348,6864
2015-10-15,288,181,4.157485034921781,6888
2015-10-16,289,181,4.1819160077354125,6912
2015-10-17,290,181,4.2058143427215615,6936
2015-10-18,291,181,4.411182670824824,6960
2015-10-19,292,181,4.408923409171257,6984
2015-10-20,293,181,4.281391795757767,7008
2015-10-21,294,181,4.27698832518365,7032
2015-10-22,295,181,4.460268542884002,7056
2015-10-23,296,181,4.867025403462186,7080
2015-10-24,297,181,5.023209187064662,7104
2015-10-25,298,181,5.097691433472782,7128
2015-10-26,299,181,4.803930632400242,7152
2015-10-27,300,181,4.701915401363423,7176
2015-10-28,301,181,4.958615359876598,7200
2015-10-29,302,181,4.898341705032597,7224
2015-10-30,303,181,4.884888360266887,7248
2015-10-31,304,181,4.7468544277701055,7272
2015-11-01,305,181,4.566195468023928,7296
2015-11-02,306,181,4.384825667261446,7320
2015-11-03,307,181,4.423074884473376,7344
2015-11-04,308,181,4.709087002867603,7368
2015-11-05,309,181,4.758364195294299,7392
2015-11-06,310,181,5.147221168171669,7416
2015-11-07,311,181,5.4129309157559184,7440
2015-11-08,312,181,5.244719980360591,7464
2015-11-09,313,181,5.447957806034412,7488
2015-11-10,314,181,5.026645882705133,7512
2015-11-11,315,181,4.503128211018926,7536
2015-11-12,316,181,4.358564742712495,7560
2015-11-13,317,181,4.56635330697586,7584
2015-11-14,318,181,4.74799295768147,7608
2015-11-15,319,181,5.113989975309072,7632
2015-11-16,320,181,4.826123992579139,7656
2015-11-17,321,181,4.999678629493122,7680
2015-11-18,322,181,5.3622744682631405,7704
2015-11-19,323,181,5.335736946281653,7728
2015-11-20,324,181,5.18003309273297,7752
2015-11-21,325,181,3.9756118115879118,7776
2015-11-22,326,181,3.712585696239307,7800
2015-11-23,327,181,3.548241342966551,7824
2015-11-24,328,181,3.4681621558317848,7848
2015-11-25,329,181,3.7240979759722976,7872
2015-11-26,330,181,3.8021938434635763,7896
2015-11-27,331,181,3.6601965297606553,7920
2015-11-28,332,181,3.620955944993433,7944
2015-11-29,333,181,3.992256013915128,7968
2015-11-30,334,181,4.558794408472448,7992
2015-12-01,335,181,4.447126731861106,8016
2015-12-02,336,181,3.867459819389965,8040
2015-12-03,337,181,3.669856168963858,8064
2015-12-04,338,181,3.85274946856224,8088
2015-12-05,339,181,3.977462209346257,8112
2015-12-06,340,181,4.020097756267968,8136
2015-12-07,341,181,3.9606489390403214,8160
2015-12-08,342,181,3.850803351151213,8184
2015-12-09,343,181,4.103281607242406,8208
2015-12-10,344,181,3.6853697573198136,8232
2015-12-11,345,181,3.7613052506896767,8256
2015-12-12,346,181,3.8502230534320456,8280
2015-12-13,347,181,3.667391970064103,8304
2015-12-14,348,181,3.592225818538408,8328
2015-12-15,349,181,3.7275586311055418,8352
2015-12-16,350,181,4.284992061857589,8376
2015-12-17,351,181,4.298793281104127,8400
2015-12-18,352,181,4.229028806283452,8424
2015-12-19,353,181,4.119525336266995,8448
2015-12-20,354,181,4.037471243492042,8472
2015-12-21,355,181,4.392869156667338,8496
2015-12-22,356,181,4.2721705846000715,8520
2015-12-23,357,181,4.329936318586398,8544
2015-12-24,358,181,4.210645914526644,8568
2015-12-25,359,181,4.172556141774002,8592
2015-12-26,360,181,3.883151879422317,8616
2015-12-27,361,181,3.7841376584897963,8640
2015-12-28,362,181,3.628411335927207,8664
2015-12-29,363,181,3.7214861975712,8688
2015-12-30,364,181,3.749355135531264,8712
2015-12-31,365,181,3.948982104839704,8736
2015-01-01,1,182,3.129103722739872,0
2015-01-02,2,182,3.507686936011147,24
2015-01-03,3,182,3.988705515775,48
2015-01-04,4,182,3.8496269511228727,72
2015-01-05,5,182,3.424180911696133,96
2015-01-06,6,182,3.4594115182602176,120
2015-01-07,7,182,3.62112625551092,144
2015-01-08,8,182,4.0137668968665245,168
2015-01-09,9,182,4.446673738678268,192
2015-01-10,10,182,5.546373750675377,216
2015-01-11,11,182,3.999206351867462,240
2015-01-12,12,182,3.7912375400242655,264
2015-01-13,13,182,4.161221770007575,288
2015-01-14,14,182,4.1306714496084025,312
2015-01-15,15,182,3.97221452430949,336
2015-01-16,16,182,4.036539576823293,360
2015-01-17,17,182,3.5804219924284,384
2015-01-18,18,182,3.4144051895760468,408
2015-01-19,19,182,3.446148397447674,432
2015-01-20,20,182,3.5370829177209218,456
2015-01-21,21,182,3.486237007476193,480
2015-01-22,22,182,3.465616047333532,504
2015-01-23,23,182,3.454258138169549,528
2015-01-24,24,182,3.4907087208103813,552
2015-01-25,25,182,3.3832670402305536,576
2015-01-26,26,182,3.3191510986511896,600
2015-01-27,27,182,3.5567132815654245,624
2015-01-28,28,182,3.5004440517962583,648
2015-01-29,29,182,3.6563602784489055,672
2015-01-30,30,182,3.523569086709879,696
2015-01-31,31,182,3.5137776054025878,720
2015-02-01,32,182,3.452939718382224,744
2015-02-02,33,182,3.4567367790303285,768
2015-02-03,34,182,3.233407211884304,792
2015-02-04,35,182,3.2075940637714218,816
2015-02-05,36,182,3.197452550325234,840
2015-02-06,37,182,3.2310680145888377,864
2015-02-07,38,182,3.120309596506803,888
2015-02-08,39,182,3.1617355917118486,912
2015-02-09,40,182,3.2316805266400475,936
2015-02-10,41,182,3.308508364223389,960
2015-02-11,42,182,3.316546042203342,984
2015-02-12,43,182,3.3699532233152367,1008
2015-02-13,44,182,3.5089354263878643,1032
2015-02-14,45,182,3.6664823632066192,1056
2015-02-15,46,182,3.4775408878339933,1080
2015-02-16,47,182,3.3988540742934283,1104
2015-02-17,48,182,3.4280167323986346,1128
2015-02-18,49,182,3.3948662814071744,1152
2015-02-19,50,182,3.5267587775039178,1176
2015-02-20,51,182,3.8367607535207657,1200
2015-02-21,52,182,3.6501108298580403,1224
2015-02-22,53,182,3.534660045268917,1248
2015-02-23,54,182,3.5739623383207166,1272
2015-02-24,55,182,3.7562216412371736,1296
2015-02-25,56,182,3.7085772760953213,1320
2015-02-26,57,182,3.6216971915048712,1344
2015-02-27,58,182,3.6766758447282286,1368
2015-02-28,59,182,3.665397247322293,1392
2015-03-01,60,182,3.977682593435636,1416
2015-03-02,61,182,4.266949062221299,1440
2015-03-03,62,182,4.095177221573518,1464
2015-03-04,63,182,3.7514672724517513,1488
2015-03-05,64,182,3.6308264492624778,1512
2015-03-06,65,182,3.646674654412496,1536
2015-03-07,66,182,3.8146955640365534,1560
2015-03-08,67,182,4.108647765092671,1584
2015-03-09,68,182,4.355553465051398,1608
2015-03-10,69,182,4.43878980977068,1632
2015-03-11,70,182,4.340004710868579,1656
2015-03-12,71,182,3.918808398065699,1680
2015-03-13,72,182,3.8534476744832062,1704
2015-03-14,73,182,3.7990369436103686,1728
2015-03-15,74,182,3.8489970133207874,1752
2015-03-16,75,182,4.384252843708651,1776
2015-03-17,76,182,4.788350046907891,1800
2015-03-18,77,182,4.930528277243552,1824
2015-03-19,78,182,4.736961053253891,1848
2015-03-20,79,182,4.4902947293380455,1872
2015-03-21,80,182,4.282619779540755,1896
2015-03-22,81,182,3.914259206429748,1920
2015-03-23,82,182,4.300064488122767,1944
2015-03-24,83,182,4.647441421392978,1968
2015-03-25,84,182,4.3988012880859255,1992
2015-03-26,85,182,4.038451503691807,2016
2015-03-27,86,182,4.246438175816334,2040
2015-03-28,87,182,4.313710827480632,2064
2015-03-29,88,182,4.7048475006362525,2088
2015-03-30,89,182,4.732085152462363,2112
2015-03-31,90,182,5.0159334044481385,2136
2015-04-01,91,182,3.9892015231972415,2160
2015-04-02,92,182,4.045526035347385,2184
2015-04-03,93,182,4.01897618132065,2208
2015-04-04,94,182,3.989061288765518,2232
2015-04-05,95,182,3.7824717626723015,2256
2015-04-06,96,182,3.7710211797694337,2280
2015-04-07,97,182,3.924962517915996,2304
2015-04-08,98,182,4.339705275691629,2328
2015-04-09,99,182,4.915531273749116,2352
2015-04-10,100,182,5.644139202844984,2376
2015-04-11,101,182,5.281537949842421,2400
2015-04-12,102,182,5.427328141199187,2424
2015-04-13,103,182,5.631410148793237,2448
2015-04-14,104,182,5.552887608520439,2472
2015-04-15,105,182,5.955931281869472,2496
2015-04-16,106,182,5.917212427136597,2520
2015-04-17,107,182,5.172645567125977,2544
2015-04-18,108,182,4.4256809152055325,2568
2015-04-19,109,182,4.563781402425589,2592
2015-04-20,110,182,4.927354822495741,2616
2015-04-21,111,182,5.344898343668985,2640
2015-04-22,112,182,5.729371507298176,2664
2015-04-23,113,182,4.995967310982057,2688
2015-04-24,114,182,5.4139095009253895,2712
2015-04-25,115,182,5.547090240649743,2736
2015-04-26,116,182,5.756545665770342,2760
2015-04-27,117,182,5.8224389476007685,2784
2015-04-28,118,182,4.338794563249599,2808
2015-04-29,119,182,4.565542788491683,2832
2015-04-30,120,182,5.089374590051863,2856
2015-05-01,121,182,5.060212748194514,2880
2015-05-02,122,182,5.5077698813251965,2904
2015-05-03,123,182,5.921944847183885,2928
2015-05-04,124,182,6.482550699196812,2952
2015-05-05,125,182,6.649005434950376,2976
2015-05-06,126,182,5.551300141202365,3000
2015-05-07,127,182,5.462499185198877,3024
2015-05-08,128,182,5.777037720131262,3048
2015-05-09,129,182,5.940317439056988,3072
2015-05-10,130,182,6.018302891786907,3096
2015-05-11,131,182,6.772632221480392,3120
2015-05-12,132,182,8.355439095371018,3144
2015-05-13,133,182,8.432149305805028,3168
2015-05-14,134,182,6.9548914334652014,3192
2015-05-15,135,182,4.4644646604247376,3216
2015-05-16,136,182,5.398174554766718,3240
2015-05-17,137,182,5.958202312154911,3264
2015-05-18,138,182,6.406750316155647,3288
2015-05-19,139,182,5.319873123655055,3312
2015-05-20,140,182,4.482272473977808,3336
2015-05-21,141,182,4.406042352684168,3360
2015-05-22,142,182,4.9372693164898696,3384
2015-05-23,143,182,5.21298347919838,3408
2015-05-24,144,182,5.769360468740469,3432
2015-05-25,145,182,5.630120963037824,3456
2015-05-26,146,182,4.961597007438425,3480
2015-05-27,147,182,5.019182962181335,3504
2015-05-28,148,182,5.701647312772003,3528
2015-05-29,149,182,6.716479274226433,3552
2015-05-30,150,182,6.202002217387798,3576
2015-05-31,151,182,6.5692021717844025,3600
2015-06-01,152,182,6.995739593340338,3624
2015-06-02,153,182,7.555135716614071,3648
2015-06-03,154,182,8.494437926739684,3672
2015-06-04,155,182,8.718665246421134,3696
2015-06-05,156,182,10.456109523546102,3720
2015-06-06,157,182,9.811650404290958,3744
2015-06-07,158,182,8.826753370755863,3768
2015-06-08,159,182,6.856710842016889,3792
2015-06-09,160,182,5.6305847910259565,3816
2015-06-10,161,182,6.093438387186903,3840
2015-06-11,162,182,7.451229516481472,3864
2015-06-12,163,182,8.301053725825753,3888
2015-06-13,164,182,8.122243022212773,3912
2015-06-14,165,182,7.055900619542168,3936
2015-06-15,166,182,6.269161360683893,3960
2015-06-16,167,182,6.352334135037527,3984
2015-06-17,168,182,6.382187230151898,4008
2015-06-18,169,182,6.134805841560772,4032
2015-06-19,170,182,6.1958703062967455,4056
2015-06-20,171,182,5.547431106794021,4080
2015-06-21,172,182,5.8061876606749205,4104
2015-06-22,173,182,6.745777191141298,4128
2015-06-23,174,182,5.621392952773123,4152
2015-06-24,175,182,5.9832067523727135,4176
2015-06-25,176,182,6.771381417600155,4200
2015-06-26,177,182,7.535168712744221,4224
2015-06-27,178,182,7.919937202275068,4248
2015-06-28,179,182,7.862171928314406,4272
2015-06-29,180,182,8.227863116719401,4296
2015-06-30,181,182,9.491851478715589,4320
2015-07-01,182,182,10.974115064341284,4344
2015-07-02,183,182,13.259697542073033,4368
2015-07-03,184,182,14.592856078509095,4392
2015-07-04,185,182,15.200107738982705,4416
2015-07-05,186,182,15.987294627911774,4440
2015-07-06,187,182,11.47618594799135,4464
2015-07-07,188,182,15.229469379532347,4488
2015-07-08,189,182,7.818142798771179,4512
2015-07-09,190,182,7.1434729253744935,4536
2015-07-10,191,182,7.352096317416185,4560
2015-07-11,192,182,9.807459260679456,4584
2015-07-12,193,182,9.49641400000218,4608
2015-07-13,194,182,8.75707815079863,4632
2015-07-14,195,182,9.785194624964651,4656
2015-07-15,196,182,9.90593475502484,4680
2015-07-16,197,182,11.843613313658311,4704
2015-07-17,198,182,11.886222149692696,4728
2015-07-18,199,182,9.560604799334476,4752
2015-07-19,200,182,10.546458165240047,4776
2015-07-20,201,182,10.734277898749893,4800
2015-07-21,202,182,12.523501276016516,4824
2015-07-22,203,182,10.788924758862017,4848
2015-07-23,204,182,8.36419181005318,4872
2015-07-24,205,182,9.085110868879088,4896
2015-07-25,206,182,7.2706327893995635,4920
2015-07-26,207,182,6.349125419942236,4944
2015-07-27,208,182,7.505526571562222,4968
2015-07-28,209,182,7.0408723100712525,4992
2015-07-29,210,182,6.033169617180962,5016
2015-07-30,211,182,6.180660888305157,5040
2015-07-31,212,182,6.704159346526692,5064
2015-08-01,213,182,6.629756191285419,5088
2015-08-02,214,182,7.6505545844526015,5112
2015-08-03,215,182,9.318432516483977,5136
2015-08-04,216,182,8.518181610220765,5160
2015-08-05,217,182,9.405754658213207,5184
2015-08-06,218,182,12.901304378209412,5208
2015-08-07,219,182,14.132205172714546,5232
2015-08-08,220,182,13.53239456643398,5256
2015-08-09,221,182,9.280116279040849,5280
2015-08-10,222,182,8.844080911615253,5304
2015-08-11,223,182,9.59061349127358,5328
2015-08-12,224,182,10.814973127066493,5352
2015-08-13,225,182,10.304531008796106,5376
2015-08-14,226,182,7.445262373087094,5400
2015-08-15,227,182,6.2996997387453,5424
2015-08-16,228,182,5.959720488804739,5448
2015-08-17,229,182,6.282991255640511,5472
2015-08-18,230,182,6.252719720896951,5496
2015-08-19,231,182,5.734916604269857,5520
2015-08-20,232,182,6.2807746197224565,5544
2015-08-21,233,182,6.712829344511746,5568
2015-08-22,234,182,6.99221408422469,5592
2015-08-23,235,182,6.7984356891306685,5616
2015-08-24,236,182,6.438892490422412,5640
2015-08-25,237,182,6.236761860119826,5664
2015-08-26,238,182,7.069843409584077,5688
2015-08-27,239,182,8.912234951883166,5712
2015-08-28,240,182,10.085162077038984,5736
2015-08-29,241,182,10.059979571968773,5760
2015-08-30,242,182,11.508987001281044,5784
2015-08-31,243,182,10.68044996368011,5808
2015-09-01,244,182,7.348165226363245,5832
2015-09-02,245,182,6.408198747397922,5856
2015-09-03,246,182,6.045763008973589,5880
2015-09-04,247,182,6.099570135094408,5904
2015-09-05,248,182,5.3555736969294925,5928
2015-09-06,249,182,5.198076973492352,5952
2015-09-07,250,182,5.175864220458943,5976
2015-09-08,251,182,5.44185397661779,6000
2015-09-09,252,182,5.581028547308589,6024
2015-09-10,253,182,5.181342553601637,6048
2015-09-11,254,182,5.717326335082837,6072
2015-09-12,255,182,7.005743998373284,6096
2015-09-13,256,182,6.695351966179091,6120
2015-09-14,257,182,5.993947869590204,6144
2015-09-15,258,182,5.775898671146607,6168
2015-09-16,259,182,6.803485459283099,6192
2015-09-17,260,182,5.535116581324452,6216
2015-09-18,261,182,5.2810792723025415,6240
2015-09-19,262,182,5.3809827022011145,6264
2015-09-20,263,182,5.4340981979348255,6288
2015-09-21,264,182,5.22228140132101,6312
2015-09-22,265,182,5.476177577074789,6336
2015-09-23,266,182,4.7353486157627405,6360
2015-09-24,267,182,4.985817453976415,6384
2015-09-25,268,182,5.049987973623184,6408
2015-09-26,269,182,5.232012353889637,6432
2015-09-27,270,182,5.251590272177644,6456
2015-09-28,271,182,4.851214589975854,6480
2015-09-29,272,182,4.8270388194206175,6504
2015-09-30,273,182,4.607330217793903,6528
2015-10-01,274,182,4.5414793523249655,6552
2015-10-02,275,182,4.975197012560847,6576
2015-10-03,276,182,5.722243346571733,6600
2015-10-04,277,182,5.281630917005282,6624
2015-10-05,278,182,5.693333073010187,6648
2015-10-06,279,182,5.8691651731380245,6672
2015-10-07,280,182,5.4770134940869974,6696
2015-10-08,281,182,5.10568573429251,6720
2015-10-09,282,182,5.005222136105228,6744
2015-10-10,283,182,4.828090845186044,6768
2015-10-11,284,182,4.902420044187341,6792
2015-10-12,285,182,4.79824489889341,6816
2015-10-13,286,182,4.5822869916953115,6840
2015-10-14,287,182,4.233999015285219,6864
2015-10-15,288,182,4.0038303324338775,6888
2015-10-16,289,182,3.978173538320655,6912
2015-10-17,290,182,4.043558536426424,6936
2015-10-18,291,182,4.234305145832842,6960
2015-10-19,292,182,4.217515538321218,6984
2015-10-20,293,182,4.069813485372779,7008
2015-10-21,294,182,4.060912509589999,7032
2015-10-22,295,182,4.331733529752062,7056
2015-10-23,296,182,4.795493441245687,7080
2015-10-24,297,182,5.0496655107335915,7104
2015-10-25,298,182,5.0386827921413175,7128
2015-10-26,299,182,4.644775428203687,7152
2015-10-27,300,182,4.535949719561343,7176
2015-10-28,301,182,4.854393082943342,7200
2015-10-29,302,182,4.755029530806515,7224
2015-10-30,303,182,4.783588907898071,7248
2015-10-31,304,182,4.623175476211017,7272
2015-11-01,305,182,4.444089841472599,7296
2015-11-02,306,182,4.2247551634801725,7320
2015-11-03,307,182,4.3162580863354645,7344
2015-11-04,308,182,4.717866322716391,7368
2015-11-05,309,182,4.776948449642563,7392
2015-11-06,310,182,5.2195877006537374,7416
2015-11-07,311,182,5.557335598618406,7440
2015-11-08,312,182,5.3964478800007685,7464
2015-11-09,313,182,5.675533168760468,7488
2015-11-10,314,182,5.073798640237281,7512
2015-11-11,315,182,4.530743921323865,7536
2015-11-12,316,182,4.258298126141953,7560
2015-11-13,317,182,4.568800564795357,7584
2015-11-14,318,182,4.709898726739274,7608
2015-11-15,319,182,5.272792370000803,7632
2015-11-16,320,182,5.030022194760575,7656
2015-11-17,321,182,5.03977998403782,7680
2015-11-18,322,182,5.496180439532104,7704
2015-11-19,323,182,5.452842311513503,7728
2015-11-20,324,182,5.220736980191311,7752
2015-11-21,325,182,3.787151490663432,7776
2015-11-22,326,182,3.577316421490865,7800
2015-11-23,327,182,3.4616853118293127,7824
2015-11-24,328,182,3.380209520508997,7848
2015-11-25,329,182,3.6822973263699614,7872
2015-11-26,330,182,3.6559544851582797,7896
2015-11-27,331,182,3.5705358756814336,7920
2015-11-28,332,182,3.5790506599934355,7944
2015-11-29,333,182,3.9728251389770115,7968
2015-11-30,334,182,4.662739599762912,7992
2015-12-01,335,182,4.4707722559238015,8016
2015-12-02,336,182,3.878987387394752,8040
2015-12-03,337,182,3.603081849652744,8064
2015-12-04,338,182,3.929568115315957,8088
2015-12-05,339,182,3.9601608113283264,8112
2015-12-06,340,182,4.0561888989535895,8136
2015-12-07,341,182,3.9886832292323096,8160
2015-12-08,342,182,3.860078078308156,8184
2015-12-09,343,182,4.038412884247195,8208
2015-12-10,344,182,3.5770678717457267,8232
2015-12-11,345,182,3.8206161382473582,8256
2015-12-12,346,182,3.930871888230067,8280
2015-12-13,347,182,3.680749010599056,8304
2015-12-14,348,182,3.576131540524665,8328
2015-12-15,349,182,3.800078797029799,8352
2015-12-16,350,182,4.3688796090532325,8376
2015-12-17,351,182,4.4442316341864645,8400
2015-12-18,352,182,4.375497777793533,8424
2015-12-19,353,182,4.217549804972895,8448
2015-12-20,354,182,4.08495050664685,8472
2015-12-21,355,182,4.4254964552824365,8496
2015-12-22,356,182,4.333012165407446,8520
2015-12-23,357,182,4.385297543390747,8544
2015-12-24,358,182,4.223492820729812,8568
2015-12-25,359,182,4.3107152044429045,8592
2015-12-26,360,182,4.0055417834379465,8616
2015-12-27,361,182,3.9408741822345017,8640
2015-12-28,362,182,3.642047761705547,8664
2015-12-29,363,182,3.8281553002060704,8688
2015-12-30,364,182,3.6610308856546765,8712
2015-12-31,365,182,3.9172138431616297,8736
2015-01-01,1,183,3.276661389499971,0
2015-01-02,2,183,3.4720394337136806,24
2015-01-03,3,183,4.0891105650792845,48
2015-01-04,4,183,4.0885287142880165,72
2015-01-05,5,183,3.56269023026428,96
2015-01-06,6,183,3.520178194370109,120
2015-01-07,7,183,3.7261737406299176,144
2015-01-08,8,183,4.152539727193382,168
2015-01-09,9,183,4.566607194045,192
2015-01-10,10,183,5.6926910743140855,216
2015-01-11,11,183,4.190281760580911,240
2015-01-12,12,183,3.9169069805449497,264
2015-01-13,13,183,4.288367908481543,288
2015-01-14,14,183,4.354859954738215,312
2015-01-15,15,183,4.134728935949537,336
2015-01-16,16,183,4.086863492698872,360
2015-01-17,17,183,3.8064410041280095,384
2015-01-18,18,183,3.521094629010316,408
2015-01-19,19,183,3.628153990822851,432
2015-01-20,20,183,3.621733359427384,456
2015-01-21,21,183,3.6575726235068573,480
2015-01-22,22,183,3.653588978369919,504
2015-01-23,23,183,3.6346055856412596,528
2015-01-24,24,183,3.648004345857252,552
2015-01-25,25,183,3.6422918063429153,576
2015-01-26,26,183,3.5186868360523684,600
2015-01-27,27,183,3.708272681818978,624
2015-01-28,28,183,3.74411957513084,648
2015-01-29,29,183,3.872338229521033,672
2015-01-30,30,183,3.7088360713448174,696
2015-01-31,31,183,3.6492989658675934,720
2015-02-01,32,183,3.616859679841767,744
2015-02-02,33,183,3.617165034909428,768
2015-02-03,34,183,3.4765343755482685,792
2015-02-04,35,183,3.378561706309294,816
2015-02-05,36,183,3.3755533421246917,840
2015-02-06,37,183,3.4439556680172574,864
2015-02-07,38,183,3.307440105543312,888
2015-02-08,39,183,3.3717925979875907,912
2015-02-09,40,183,3.4915083792575805,936
2015-02-10,41,183,3.5353787373069747,960
2015-02-11,42,183,3.573394475884815,984
2015-02-12,43,183,3.5477373264839147,1008
2015-02-13,44,183,3.6405185132057287,1032
2015-02-14,45,183,3.94648663371215,1056
2015-02-15,46,183,3.7780146342740704,1080
2015-02-16,47,183,3.674387545664754,1104
2015-02-17,48,183,3.6356447960964817,1128
2015-02-18,49,183,3.610974306493898,1152
2015-02-19,50,183,3.663801497887404,1176
2015-02-20,51,183,4.02472370869344,1200
2015-02-21,52,183,3.8565209048386038,1224
2015-02-22,53,183,3.743426356170239,1248
2015-02-23,54,183,3.7664834239826095,1272
2015-02-24,55,183,4.009853060033813,1296
2015-02-25,56,183,4.002565107282775,1320
2015-02-26,57,183,3.907089114928564,1344
2015-02-27,58,183,3.90461185021578,1368
2015-02-28,59,183,3.870202567575977,1392
2015-03-01,60,183,4.242751092008241,1416
2015-03-02,61,183,4.573233115192171,1440
2015-03-03,62,183,4.337374306431879,1464
2015-03-04,63,183,3.9998302766079448,1488
2015-03-05,64,183,3.968076158691913,1512
2015-03-06,65,183,3.9499060250150495,1536
2015-03-07,66,183,4.0668587889879815,1560
2015-03-08,67,183,4.315478903229969,1584
2015-03-09,68,183,4.493416404797661,1608
2015-03-10,69,183,4.564021986669653,1632
2015-03-11,70,183,4.614150198863771,1656
2015-03-12,71,183,4.19091532156486,1680
2015-03-13,72,183,4.1325589404281855,1704
2015-03-14,73,183,4.093114182405008,1728
2015-03-15,74,183,4.043461750407085,1752
2015-03-16,75,183,4.346236202818917,1776
2015-03-17,76,183,4.720333175884481,1800
2015-03-18,77,183,4.9738081466701285,1824
2015-03-19,78,183,4.896590983572113,1848
2015-03-20,79,183,4.639484951307471,1872
2015-03-21,80,183,4.554520770459222,1896
2015-03-22,81,183,4.241464066775754,1920
2015-03-23,82,183,4.580243155219929,1944
2015-03-24,83,183,4.734669886943075,1968
2015-03-25,84,183,4.387910622125968,1992
2015-03-26,85,183,4.255185529567477,2016
2015-03-27,86,183,4.5149733277323865,2040
2015-03-28,87,183,4.453659655950185,2064
2015-03-29,88,183,4.981848113465034,2088
2015-03-30,89,183,5.063950779803953,2112
2015-03-31,90,183,5.353962727765938,2136
2015-04-01,91,183,4.325429183865357,2160
2015-04-02,92,183,4.321314180337812,2184
2015-04-03,93,183,4.278623871034691,2208
2015-04-04,94,183,4.237010036682334,2232
2015-04-05,95,183,4.084623048814343,2256
2015-04-06,96,183,4.080891384686132,2280
2015-04-07,97,183,4.2684379397949614,2304
2015-04-08,98,183,4.596197481317822,2328
2015-04-09,99,183,5.1998824578832785,2352
2015-04-10,100,183,5.875995838553795,2376
2015-04-11,101,183,5.569757881210508,2400
2015-04-12,102,183,5.70953639037396,2424
2015-04-13,103,183,5.963329165430263,2448
2015-04-14,104,183,6.049183615975712,2472
2015-04-15,105,183,6.419585674483246,2496
2015-04-16,106,183,6.064952467964991,2520
2015-04-17,107,183,5.378469804340323,2544
2015-04-18,108,183,4.858321910743281,2568
2015-04-19,109,183,4.952931531477482,2592
2015-04-20,110,183,5.288194487090367,2616
2015-04-21,111,183,5.694415574892122,2640
2015-04-22,112,183,5.916695211136558,2664
2015-04-23,113,183,5.523937537513127,2688
2015-04-24,114,183,5.877336086548658,2712
2015-04-25,115,183,5.704126537744804,2736
2015-04-26,116,183,5.962558644094125,2760
2015-04-27,117,183,5.946978124281798,2784
2015-04-28,118,183,4.687596582634517,2808
2015-04-29,119,183,4.9136775165630215,2832
2015-04-30,120,183,5.331055978490063,2856
2015-05-01,121,183,5.235148041961512,2880
2015-05-02,122,183,5.687056493327741,2904
2015-05-03,123,183,6.150979382137313,2928
2015-05-04,124,183,6.844593959411888,2952
2015-05-05,125,183,6.787844321704638,2976
2015-05-06,126,183,6.0460647635304365,3000
2015-05-07,127,183,5.759631228799392,3024
2015-05-08,128,183,6.0415905415222415,3048
2015-05-09,129,183,6.323986501994369,3072
2015-05-10,130,183,6.480271546823144,3096
2015-05-11,131,183,7.217964289531263,3120
2015-05-12,132,183,8.935595945034901,3144
2015-05-13,133,183,9.074150328330477,3168
2015-05-14,134,183,7.25633750269645,3192
2015-05-15,135,183,4.743595034073374,3216
2015-05-16,136,183,5.852226848829077,3240
2015-05-17,137,183,6.385030983609332,3264
2015-05-18,138,183,6.695275383944505,3288
2015-05-19,139,183,5.740663013449698,3312
2015-05-20,140,183,4.9343449916275,3336
2015-05-21,141,183,4.964781877922639,3360
2015-05-22,142,183,5.391565648619305,3384
2015-05-23,143,183,5.7685929121419965,3408
2015-05-24,144,183,6.2179641309140825,3432
2015-05-25,145,183,6.123356108300607,3456
2015-05-26,146,183,5.568058743844558,3480
2015-05-27,147,183,5.541080050379317,3504
2015-05-28,148,183,6.065147226542878,3528
2015-05-29,149,183,7.124426601178048,3552
2015-05-30,150,183,6.645092160597205,3576
2015-05-31,151,183,6.9485780735404,3600
2015-06-01,152,183,7.274348818046707,3624
2015-06-02,153,183,8.131298301394652,3648
2015-06-03,154,183,9.030500220594533,3672
2015-06-04,155,183,9.339544173746734,3696
2015-06-05,156,183,11.158492110247225,3720
2015-06-06,157,183,10.951964672678457,3744
2015-06-07,158,183,9.279762996309714,3768
2015-06-08,159,183,7.111368999052495,3792
2015-06-09,160,183,6.3082791244328105,3816
2015-06-10,161,183,6.815733536927838,3840
2015-06-11,162,183,8.28759261888357,3864
2015-06-12,163,183,8.228026250715425,3888
2015-06-13,164,183,8.351550444091655,3912
2015-06-14,165,183,7.6320086208373406,3936
2015-06-15,166,183,6.8527533249338894,3960
2015-06-16,167,183,6.755690466884105,3984
2015-06-17,168,183,6.8560527175332,4008
2015-06-18,169,183,6.633182459383362,4032
2015-06-19,170,183,6.860252876849903,4056
2015-06-20,171,183,6.039745097048166,4080
2015-06-21,172,183,6.447262890200168,4104
2015-06-22,173,183,7.347514078673487,4128
2015-06-23,174,183,6.267310945533223,4152
2015-06-24,175,183,6.494025461479382,4176
2015-06-25,176,183,7.344978543460216,4200
2015-06-26,177,183,8.216478716008679,4224
2015-06-27,178,183,8.749796668366042,4248
2015-06-28,179,183,8.613520307330598,4272
2015-06-29,180,183,9.157551293652931,4296
2015-06-30,181,183,10.559809444911787,4320
2015-07-01,182,183,12.918564267375565,4344
2015-07-02,183,183,16.126928401293547,4368
2015-07-03,184,183,18.20814662143156,4392
2015-07-04,185,183,18.76418779438288,4416
2015-07-05,186,183,19.312245960049182,4440
2015-07-06,187,183,13.372241434749096,4464
2015-07-07,188,183,17.06072832637274,4488
2015-07-08,189,183,8.983542634051258,4512
2015-07-09,190,183,8.14521059383826,4536
2015-07-10,191,183,8.125182634142751,4560
2015-07-11,192,183,11.294430717880688,4584
2015-07-12,193,183,10.507704508052061,4608
2015-07-13,194,183,10.1838347179782,4632
2015-07-14,195,183,10.847176092785618,4656
2015-07-15,196,183,11.237262251212618,4680
2015-07-16,197,183,13.583325225284458,4704
2015-07-17,198,183,15.561351159315233,4728
2015-07-18,199,183,11.056713075956946,4752
2015-07-19,200,183,12.348512826061821,4776
2015-07-20,201,183,12.67145607513001,4800
2015-07-21,202,183,14.795153489536776,4824
2015-07-22,203,183,12.3724608959029,4848
2015-07-23,204,183,9.78695213810176,4872
2015-07-24,205,183,10.683057310837764,4896
2015-07-25,206,183,8.297548927209785,4920
2015-07-26,207,183,6.919352454621407,4944
2015-07-27,208,183,8.253117380234134,4968
2015-07-28,209,183,7.8875261994345225,4992
2015-07-29,210,183,6.534082127780316,5016
2015-07-30,211,183,6.796449466687503,5040
2015-07-31,212,183,7.054846224957084,5064
2015-08-01,213,183,6.789953522488455,5088
2015-08-02,214,183,8.407441098957543,5112
2015-08-03,215,183,10.674837357481742,5136
2015-08-04,216,183,9.0529915725341,5160
2015-08-05,217,183,10.493627502391428,5184
2015-08-06,218,183,14.641794490654854,5208
2015-08-07,219,183,16.9343889409501,5232
2015-08-08,220,183,13.185542934996045,5256
2015-08-09,221,183,9.280065691057402,5280
2015-08-10,222,183,8.970584985069364,5304
2015-08-11,223,183,10.525357351215435,5328
2015-08-12,224,183,12.04304463765053,5352
2015-08-13,225,183,10.727964464551109,5376
2015-08-14,226,183,7.893047520295278,5400
2015-08-15,227,183,6.838544563148303,5424
2015-08-16,228,183,6.358426428504712,5448
2015-08-17,229,183,6.912997461519625,5472
2015-08-18,230,183,6.7616505862103295,5496
2015-08-19,231,183,6.428754647249707,5520
2015-08-20,232,183,7.018312735826463,5544
2015-08-21,233,183,7.670480817270287,5568
2015-08-22,234,183,7.907269284342487,5592
2015-08-23,235,183,7.0475509976493385,5616
2015-08-24,236,183,6.722441976367293,5640
2015-08-25,237,183,6.754818482107928,5664
2015-08-26,238,183,7.683804018238252,5688
2015-08-27,239,183,9.936316688794221,5712
2015-08-28,240,183,10.935085929089684,5736
2015-08-29,241,183,10.966611801518363,5760
2015-08-30,242,183,12.183552939928465,5784
2015-08-31,243,183,11.606637609494722,5808
2015-09-01,244,183,7.992373319772812,5832
2015-09-02,245,183,7.0706587732805035,5856
2015-09-03,246,183,6.777934734787384,5880
2015-09-04,247,183,6.478135825147263,5904
2015-09-05,248,183,5.895350004627073,5928
2015-09-06,249,183,5.657936119648597,5952
2015-09-07,250,183,5.5591934284486815,5976
2015-09-08,251,183,5.8725796926547975,6000
2015-09-09,252,183,6.1599971309031005,6024
2015-09-10,253,183,5.921816401490692,6048
2015-09-11,254,183,6.344822356495372,6072
2015-09-12,255,183,7.255542732494835,6096
2015-09-13,256,183,7.278417752043443,6120
2015-09-14,257,183,6.337347697221626,6144
2015-09-15,258,183,6.10897158761242,6168
2015-09-16,259,183,6.908190243210624,6192
2015-09-17,260,183,6.003126626781527,6216
2015-09-18,261,183,5.794032783027372,6240
2015-09-19,262,183,5.6975268723908306,6264
2015-09-20,263,183,5.886112472037562,6288
2015-09-21,264,183,5.6445758789905565,6312
2015-09-22,265,183,5.666743079619932,6336
2015-09-23,266,183,5.094776571114196,6360
2015-09-24,267,183,5.468882739718904,6384
2015-09-25,268,183,5.545028340072951,6408
2015-09-26,269,183,5.572294407925725,6432
2015-09-27,270,183,5.649269165604836,6456
2015-09-28,271,183,5.294845367895671,6480
2015-09-29,272,183,5.2838043159855665,6504
2015-09-30,273,183,5.094593143315384,6528
2015-10-01,274,183,4.870192147913803,6552
2015-10-02,275,183,5.160048263179782,6576
2015-10-03,276,183,5.893773929791975,6600
2015-10-04,277,183,5.675931818008444,6624
2015-10-05,278,183,6.007074551971932,6648
2015-10-06,279,183,6.178789822912662,6672
2015-10-07,280,183,5.773452519393129,6696
2015-10-08,281,183,5.419249154167582,6720
2015-10-09,282,183,5.355913138001574,6744
2015-10-10,283,183,5.209436228863988,6768
2015-10-11,284,183,5.252974701128629,6792
2015-10-12,285,183,5.058412860042502,6816
2015-10-13,286,183,4.820171409577156,6840
2015-10-14,287,183,4.372742630722047,6864
2015-10-15,288,183,4.169909793301167,6888
2015-10-16,289,183,4.246494773764777,6912
2015-10-17,290,183,4.229201995112482,6936
2015-10-18,291,183,4.487305918493044,6960
2015-10-19,292,183,4.489639998943159,6984
2015-10-20,293,183,4.341182840139487,7008
2015-10-21,294,183,4.436905994620718,7032
2015-10-22,295,183,4.646968596967292,7056
2015-10-23,296,183,5.105113915239347,7080
2015-10-24,297,183,5.1795927346796615,7104
2015-10-25,298,183,5.318602711781082,7128
2015-10-26,299,183,5.030637819160281,7152
2015-10-27,300,183,4.8348465277851815,7176
2015-10-28,301,183,5.012749785934751,7200
2015-10-29,302,183,5.096193598552982,7224
2015-10-30,303,183,5.070596304902153,7248
2015-10-31,304,183,4.934986605133343,7272
2015-11-01,305,183,4.614555957641043,7296
2015-11-02,306,183,4.575546866335743,7320
2015-11-03,307,183,4.4717362358418296,7344
2015-11-04,308,183,4.8598537760726375,7368
2015-11-05,309,183,5.07915482186964,7392
2015-11-06,310,183,5.438635300598618,7416
2015-11-07,311,183,5.85666000875625,7440
2015-11-08,312,183,5.5969939953522685,7464
2015-11-09,313,183,5.511792433368106,7488
2015-11-10,314,183,5.111672254894229,7512
2015-11-11,315,183,4.5272824687782345,7536
2015-11-12,316,183,4.47180908223413,7560
2015-11-13,317,183,4.764505979967737,7584
2015-11-14,318,183,4.881580310655195,7608
2015-11-15,319,183,5.119970178654103,7632
2015-11-16,320,183,4.808201906980317,7656
2015-11-17,321,183,5.405436976168042,7680
2015-11-18,322,183,5.6507785217095305,7704
2015-11-19,323,183,5.834554933995249,7728
2015-11-20,324,183,5.454175226605271,7752
2015-11-21,325,183,4.028006195904254,7776
2015-11-22,326,183,3.785059054023858,7800
2015-11-23,327,183,3.6367949376936575,7824
2015-11-24,328,183,3.547394880384032,7848
2015-11-25,329,183,3.777823260169777,7872
2015-11-26,330,183,3.879183471484101,7896
2015-11-27,331,183,3.6853598198068083,7920
2015-11-28,332,183,3.720872792943905,7944
2015-11-29,333,183,4.255165967836766,7968
2015-11-30,334,183,4.847804939468257,7992
2015-12-01,335,183,4.731959464060254,8016
2015-12-02,336,183,4.0947500886820265,8040
2015-12-03,337,183,3.75127366895457,8064
2015-12-04,338,183,3.896874822914589,8088
2015-12-05,339,183,4.09245801846454,8112
2015-12-06,340,183,4.1912235100746855,8136
2015-12-07,341,183,4.158540620934897,8160
2015-12-08,342,183,3.963837210210136,8184
2015-12-09,343,183,4.220757462407511,8208
2015-12-10,344,183,3.754476191648985,8232
2015-12-11,345,183,3.909146914349978,8256
2015-12-12,346,183,4.081230483878393,8280
2015-12-13,347,183,3.858032880988556,8304
2015-12-14,348,183,3.718555064665453,8328
2015-12-15,349,183,3.8057761566624335,8352
2015-12-16,350,183,4.3505250130271005,8376
2015-12-17,351,183,4.571942491583948,8400
2015-12-18,352,183,4.329089390736642,8424
2015-12-19,353,183,4.236504566865627,8448
2015-12-20,354,183,4.175041906755972,8472
2015-12-21,355,183,4.491195135320306,8496
2015-12-22,356,183,4.385491964704431,8520
2015-12-23,357,183,4.39266001349802,8544
2015-12-24,358,183,4.469581791604441,8568
2015-12-25,359,183,4.382886486402665,8592
2015-12-26,360,183,4.070572381232073,8616
2015-12-27,361,183,3.919748101948864,8640
2015-12-28,362,183,3.82508396136838,8664
2015-12-29,363,183,3.7814214068246814,8688
2015-12-30,364,183,3.8868193796850696,8712
2015-12-31,365,183,4.043413103941979,8736
2015-01-01,1,184,3.155880830278314,0
2015-01-02,2,184,3.455840481309328,24
2015-01-03,3,184,3.994943068710938,48
2015-01-04,4,184,3.9155156703601417,72
2015-01-05,5,184,3.4197764794615044,96
2015-01-06,6,184,3.3923293750230865,120
2015-01-07,7,184,3.599682906275252,144
2015-01-08,8,184,4.017811383865922,168
2015-01-09,9,184,4.493336685358003,192
2015-01-10,10,184,5.619316373506719,216
2015-01-11,11,184,4.076924448185134,240
2015-01-12,12,184,3.804191629481864,264
2015-01-13,13,184,4.099296101548132,288
2015-01-14,14,184,4.21320003446132,312
2015-01-15,15,184,3.9659493196790647,336
2015-01-16,16,184,4.0197660934962505,360
2015-01-17,17,184,3.6163694230401333,384
2015-01-18,18,184,3.464565802961971,408
2015-01-19,19,184,3.51051832282197,432
2015-01-20,20,184,3.5771307743099765,456
2015-01-21,21,184,3.5535441497467977,480
2015-01-22,22,184,3.5326491477842548,504
2015-01-23,23,184,3.5213824566127934,528
2015-01-24,24,184,3.5479448634091573,552
2015-01-25,25,184,3.4463293039698684,576
2015-01-26,26,184,3.3623600582259976,600
2015-01-27,27,184,3.6086346284785136,624
2015-01-28,28,184,3.558457733259025,648
2015-01-29,29,184,3.702877033627503,672
2015-01-30,30,184,3.5832716518531376,696
2015-01-31,31,184,3.5709224970057427,720
2015-02-01,32,184,3.511438097780009,744
2015-02-02,33,184,3.5135031436360467,768
2015-02-03,34,184,3.3012874542797,792
2015-02-04,35,184,3.2641785119615827,816
2015-02-05,36,184,3.25884636991453,840
2015-02-06,37,184,3.2936430874056604,864
2015-02-07,38,184,3.157055938960252,888
2015-02-08,39,184,3.1885076641525143,912
2015-02-09,40,184,3.2575132105226583,936
2015-02-10,41,184,3.3438983364753607,960
2015-02-11,42,184,3.3389924596143854,984
2015-02-12,43,184,3.3433432336445916,1008
2015-02-13,44,184,3.4493490865953764,1032
2015-02-14,45,184,3.667963530568669,1056
2015-02-15,46,184,3.5419494086253294,1080
2015-02-16,47,184,3.4563334431384147,1104
2015-02-17,48,184,3.4799162461914985,1128
2015-02-18,49,184,3.4518646571265172,1152
2015-02-19,50,184,3.5744418717455857,1176
2015-02-20,51,184,3.813101172637337,1200
2015-02-21,52,184,3.6951291536703534,1224
2015-02-22,53,184,3.5927112385047915,1248
2015-02-23,54,184,3.6116432808682233,1272
2015-02-24,55,184,3.825042142401295,1296
2015-02-25,56,184,3.7853813647189902,1320
2015-02-26,57,184,3.681202597971096,1344
2015-02-27,58,184,3.728427586704304,1368
2015-02-28,59,184,3.7297050834573873,1392
2015-03-01,60,184,4.0351874233627365,1416
2015-03-02,61,184,4.366800134672553,1440
2015-03-03,62,184,4.1807704652574005,1464
2015-03-04,63,184,3.8364584686016574,1488
2015-03-05,64,184,3.7209535895185337,1512
2015-03-06,65,184,3.7134528157077016,1536
2015-03-07,66,184,3.842837709473706,1560
2015-03-08,67,184,4.130457640626493,1584
2015-03-09,68,184,4.375633086653053,1608
2015-03-10,69,184,4.462249872183897,1632
2015-03-11,70,184,4.461070415876755,1656
2015-03-12,71,184,3.998808397408778,1680
2015-03-13,72,184,3.927834877430015,1704
2015-03-14,73,184,3.870846883796645,1728
2015-03-15,74,184,3.9086638570207133,1752
2015-03-16,75,184,4.363353207496552,1776
2015-03-17,76,184,4.716279572020013,1800
2015-03-18,77,184,4.96407929543548,1824
2015-03-19,78,184,4.812741426196337,1848
2015-03-20,79,184,4.5327717701476535,1872
2015-03-21,80,184,4.333339898535392,1896
2015-03-22,81,184,4.011508760075464,1920
2015-03-23,82,184,4.383420202133388,1944
2015-03-24,83,184,4.637358109668544,1968
2015-03-25,84,184,4.385904782516889,1992
2015-03-26,85,184,4.118123592428339,2016
2015-03-27,86,184,4.3282550554001835,2040
2015-03-28,87,184,4.3575008625868445,2064
2015-03-29,88,184,4.80112121820153,2088
2015-03-30,89,184,4.851118970925767,2112
2015-03-31,90,184,5.133733497537957,2136
2015-04-01,91,184,4.09228009926148,2160
2015-04-02,92,184,4.1192029297156,2184
2015-04-03,93,184,4.067647700116157,2208
2015-04-04,94,184,4.0777464177404,2232
2015-04-05,95,184,3.865701606186654,2256
2015-04-06,96,184,3.843698732143284,2280
2015-04-07,97,184,3.9945333123727313,2304
2015-04-08,98,184,4.3835859807003965,2328
2015-04-09,99,184,4.963138535581001,2352
2015-04-10,100,184,5.635305024119719,2376
2015-04-11,101,184,5.418322977464044,2400
2015-04-12,102,184,5.508120281868641,2424
2015-04-13,103,184,5.69383300661636,2448
2015-04-14,104,184,5.625683063676359,2472
2015-04-15,105,184,5.942920135315106,2496
2015-04-16,106,184,5.879076335152142,2520
2015-04-17,107,184,5.264056682160227,2544
2015-04-18,108,184,4.5590672015954405,2568
2015-04-19,109,184,4.695145249798985,2592
2015-04-20,110,184,5.0256689784828845,2616
2015-04-21,111,184,5.446810213756021,2640
2015-04-22,112,184,5.794095010139237,2664
2015-04-23,113,184,5.1676888224130195,2688
2015-04-24,114,184,5.493955476347404,2712
2015-04-25,115,184,5.5956347874242125,2736
2015-04-26,116,184,5.870534954734062,2760
2015-04-27,117,184,5.9476999649966205,2784
2015-04-28,118,184,4.447819312872967,2808
2015-04-29,119,184,4.6522022060160095,2832
2015-04-30,120,184,5.210197531221539,2856
2015-05-01,121,184,5.123182588304693,2880
2015-05-02,122,184,5.620870469915519,2904
2015-05-03,123,184,6.005430967801463,2928
2015-05-04,124,184,6.559597486113192,2952
2015-05-05,125,184,6.624047117476403,2976
2015-05-06,126,184,5.7158087300374385,3000
2015-05-07,127,184,5.573779091082934,3024
2015-05-08,128,184,5.878873871533576,3048
2015-05-09,129,184,6.089343571200709,3072
2015-05-10,130,184,6.164487953126804,3096
2015-05-11,131,184,6.833188084712527,3120
2015-05-12,132,184,8.357877675119976,3144
2015-05-13,133,184,8.78921362952957,3168
2015-05-14,134,184,7.147623886528843,3192
2015-05-15,135,184,4.5448825063608345,3216
2015-05-16,136,184,5.519994451279754,3240
2015-05-17,137,184,6.119077799684697,3264
2015-05-18,138,184,6.530095339604458,3288
2015-05-19,139,184,5.425373701900876,3312
2015-05-20,140,184,4.6226672732746215,3336
2015-05-21,141,184,4.54418065071008,3360
2015-05-22,142,184,5.081972453387647,3384
2015-05-23,143,184,5.369214918580184,3408
2015-05-24,144,184,5.957212846723517,3432
2015-05-25,145,184,5.778529065011418,3456
2015-05-26,146,184,5.118676252907173,3480
2015-05-27,147,184,5.1326364034919605,3504
2015-05-28,148,184,5.801005859431714,3528
2015-05-29,149,184,6.844928719549067,3552
2015-05-30,150,184,6.369912333749834,3576
2015-05-31,151,184,6.736789299754308,3600
2015-06-01,152,184,7.140096647578223,3624
2015-06-02,153,184,7.766092310386318,3648
2015-06-03,154,184,8.60977507611336,3672
2015-06-04,155,184,8.972273968724275,3696
2015-06-05,156,184,10.639797068160505,3720
2015-06-06,157,184,10.111123929232386,3744
2015-06-07,158,184,9.112168106159297,3768
2015-06-08,159,184,7.049546167773649,3792
2015-06-09,160,184,5.7981848796058575,3816
2015-06-10,161,184,6.28615239148778,3840
2015-06-11,162,184,7.688719782101685,3864
2015-06-12,163,184,8.329630657882943,3888
2015-06-13,164,184,8.33087751956193,3912
2015-06-14,165,184,7.296736449554694,3936
2015-06-15,166,184,6.461211984041921,3960
2015-06-16,167,184,6.5356425245179866,3984
2015-06-17,168,184,6.5818547009565735,4008
2015-06-18,169,184,6.2545887411410535,4032
2015-06-19,170,184,6.4309618794255625,4056
2015-06-20,171,184,5.725854289951128,4080
2015-06-21,172,184,5.949772491695782,4104
2015-06-22,173,184,6.90829244146277,4128
2015-06-23,174,184,5.8091732320381615,4152
2015-06-24,175,184,6.108209149916145,4176
2015-06-25,176,184,6.90501685125082,4200
2015-06-26,177,184,7.720507634446392,4224
2015-06-27,178,184,8.0998256481945,4248
2015-06-28,179,184,8.121738492792765,4272
2015-06-29,180,184,8.381063733649848,4296
2015-06-30,181,184,9.699140060040943,4320
2015-07-01,182,184,11.267157488944235,4344
2015-07-02,183,184,13.688567231124285,4368
2015-07-03,184,184,15.268639741891162,4392
2015-07-04,185,184,15.725145143338098,4416
2015-07-05,186,184,16.771252053897637,4440
2015-07-06,187,184,12.142578668785553,4464
2015-07-07,188,184,16.012821545447913,4488
2015-07-08,189,184,8.209196261345223,4512
2015-07-09,190,184,7.467517771825262,4536
2015-07-10,191,184,7.6124070830267,4560
2015-07-11,192,184,10.011205374099788,4584
2015-07-12,193,184,9.813264686973724,4608
2015-07-13,194,184,9.169094097007868,4632
2015-07-14,195,184,10.155601207521272,4656
2015-07-15,196,184,10.321909551627598,4680
2015-07-16,197,184,12.201989879990196,4704
2015-07-17,198,184,12.300693393691098,4728
2015-07-18,199,184,9.812069487429325,4752
2015-07-19,200,184,11.098721525238753,4776
2015-07-20,201,184,11.420014710777686,4800
2015-07-21,202,184,13.201495949385032,4824
2015-07-22,203,184,11.269585512545365,4848
2015-07-23,204,184,8.782538154401617,4872
2015-07-24,205,184,9.551276819524993,4896
2015-07-25,206,184,7.544125684016522,4920
2015-07-26,207,184,6.539153393894023,4944
2015-07-27,208,184,7.7668197801285705,4968
2015-07-28,209,184,7.329260164601643,4992
2015-07-29,210,184,6.167518956533716,5016
2015-07-30,211,184,6.394071061657691,5040
2015-07-31,212,184,6.883725800075303,5064
2015-08-01,213,184,6.726003487619572,5088
2015-08-02,214,184,7.935475237333517,5112
2015-08-03,215,184,9.565251829816784,5136
2015-08-04,216,184,8.646867413763616,5160
2015-08-05,217,184,9.787858079714336,5184
2015-08-06,218,184,13.025784199769076,5208
2015-08-07,219,184,14.556979373636096,5232
2015-08-08,220,184,14.283029006577275,5256
2015-08-09,221,184,9.647621587193218,5280
2015-08-10,222,184,9.164666886332244,5304
2015-08-11,223,184,10.076511321976456,5328
2015-08-12,224,184,11.254923763291844,5352
2015-08-13,225,184,10.661178345351736,5376
2015-08-14,226,184,7.622865659918062,5400
2015-08-15,227,184,6.496579936820973,5424
2015-08-16,228,184,6.127319996433845,5448
2015-08-17,229,184,6.485514574821348,5472
2015-08-18,230,184,6.456246480323821,5496
2015-08-19,231,184,5.9264628980686025,5520
2015-08-20,232,184,6.455975813248488,5544
2015-08-21,233,184,6.9279767582005585,5568
2015-08-22,234,184,7.206536406282322,5592
2015-08-23,235,184,6.886460721690173,5616
2015-08-24,236,184,6.559091859603726,5640
2015-08-25,237,184,6.419174946738328,5664
2015-08-26,238,184,7.149719014468294,5688
2015-08-27,239,184,9.101188796337599,5712
2015-08-28,240,184,10.44630478038583,5736
2015-08-29,241,184,10.406100779957251,5760
2015-08-30,242,184,11.664491853366425,5784
2015-08-31,243,184,10.881862745498063,5808
2015-09-01,244,184,7.470159794798027,5832
2015-09-02,245,184,6.672971758848176,5856
2015-09-03,246,184,6.2570592841305,5880
2015-09-04,247,184,6.280082279088039,5904
2015-09-05,248,184,5.550030900735483,5928
2015-09-06,249,184,5.363320726686072,5952
2015-09-07,250,184,5.284510191966466,5976
2015-09-08,251,184,5.585179470745784,6000
2015-09-09,252,184,5.739855072026027,6024
2015-09-10,253,184,5.338572700856625,6048
2015-09-11,254,184,5.826421994213345,6072
2015-09-12,255,184,7.119682441460142,6096
2015-09-13,256,184,6.854122395617536,6120
2015-09-14,257,184,6.166999068324804,6144
2015-09-15,258,184,5.929435696925111,6168
2015-09-16,259,184,6.624799441650595,6192
2015-09-17,260,184,5.596904652710118,6216
2015-09-18,261,184,5.393013523502232,6240
2015-09-19,262,184,5.476386657511383,6264
2015-09-20,263,184,5.580704313042097,6288
2015-09-21,264,184,5.331669934259466,6312
2015-09-22,265,184,5.556402055005359,6336
2015-09-23,266,184,4.854843285920636,6360
2015-09-24,267,184,5.099882798341493,6384
2015-09-25,268,184,5.124824318223332,6408
2015-09-26,269,184,5.346449853685791,6432
2015-09-27,270,184,5.433330122485336,6456
2015-09-28,271,184,4.992288037385278,6480
2015-09-29,272,184,4.9905085717662265,6504
2015-09-30,273,184,4.7368419256538425,6528
2015-10-01,274,184,4.632347543274609,6552
2015-10-02,275,184,5.041550242980144,6576
2015-10-03,276,184,5.812021780978446,6600
2015-10-04,277,184,5.411345974385856,6624
2015-10-05,278,184,5.789740575361352,6648
2015-10-06,279,184,5.8933856906256725,6672
2015-10-07,280,184,5.623921160874167,6696
2015-10-08,281,184,5.23402125757634,6720
2015-10-09,282,184,5.107143066280536,6744
2015-10-10,283,184,4.945687706724717,6768
2015-10-11,284,184,5.046543747415524,6792
2015-10-12,285,184,4.913739416199971,6816
2015-10-13,286,184,4.632393453873087,6840
2015-10-14,287,184,4.314093907778554,6864
2015-10-15,288,184,4.083414165357371,6888
2015-10-16,289,184,4.047060459067102,6912
2015-10-17,290,184,4.076533042876858,6936
2015-10-18,291,184,4.291256848126252,6960
2015-10-19,292,184,4.297800568836133,6984
2015-10-20,293,184,4.146080195718912,7008
2015-10-21,294,184,4.1341382685022126,7032
2015-10-22,295,184,4.39602926715675,7056
2015-10-23,296,184,4.896089717886072,7080
2015-10-24,297,184,5.098079613182168,7104
2015-10-25,298,184,5.087717470103066,7128
2015-10-26,299,184,4.780757396632787,7152
2015-10-27,300,184,4.641807162691965,7176
2015-10-28,301,184,4.924326893499245,7200
2015-10-29,302,184,4.86257234046546,7224
2015-10-30,303,184,4.888946830877544,7248
2015-10-31,304,184,4.7383361541401365,7272
2015-11-01,305,184,4.522244543785083,7296
2015-11-02,306,184,4.3027355901595845,7320
2015-11-03,307,184,4.28617004353234,7344
2015-11-04,308,184,4.611249688712581,7368
2015-11-05,309,184,4.747486717832838,7392
2015-11-06,310,184,5.185347805086412,7416
2015-11-07,311,184,5.559562151619594,7440
2015-11-08,312,184,5.314123669228851,7464
2015-11-09,313,184,5.5827079383003735,7488
2015-11-10,314,184,5.051381342155915,7512
2015-11-11,315,184,4.469301847162682,7536
2015-11-12,316,184,4.249850414731292,7560
2015-11-13,317,184,4.574339997038787,7584
2015-11-14,318,184,4.7733473792931305,7608
2015-11-15,319,184,5.2612599153922135,7632
2015-11-16,320,184,4.876373430394726,7656
2015-11-17,321,184,5.1058525545836755,7680
2015-11-18,322,184,5.603989617958262,7704
2015-11-19,323,184,5.584353120464956,7728
2015-11-20,324,184,5.3102685288773115,7752
2015-11-21,325,184,3.860873413164151,7776
2015-11-22,326,184,3.647032976075776,7800
2015-11-23,327,184,3.5211505785910533,7824
2015-11-24,328,184,3.4272034579876616,7848
2015-11-25,329,184,3.721276515816722,7872
2015-11-26,330,184,3.723261094511768,7896
2015-11-27,331,184,3.6337106570887023,7920
2015-11-28,332,184,3.630932287705449,7944
2015-11-29,333,184,4.03521786674451,7968
2015-11-30,334,184,4.755964021236695,7992
2015-12-01,335,184,4.557801349963873,8016
2015-12-02,336,184,3.8690178534076387,8040
2015-12-03,337,184,3.596898906402313,8064
2015-12-04,338,184,3.8488865276181534,8088
2015-12-05,339,184,3.9380502234329455,8112
2015-12-06,340,184,4.004208055762701,8136
2015-12-07,341,184,3.8888683914685385,8160
2015-12-08,342,184,3.768870181025485,8184
2015-12-09,343,184,4.0389228301560065,8208
2015-12-10,344,184,3.6199330992183993,8232
2015-12-11,345,184,3.762067471086723,8256
2015-12-12,346,184,3.9497356826108803,8280
2015-12-13,347,184,3.667145092395735,8304
2015-12-14,348,184,3.4931856645808463,8328
2015-12-15,349,184,3.669957615256365,8352
2015-12-16,350,184,4.329877734285814,8376
2015-12-17,351,184,4.419871519090356,8400
2015-12-18,352,184,4.288456869143225,8424
2015-12-19,353,184,4.106392926265023,8448
2015-12-20,354,184,3.9559010217414783,8472
2015-12-21,355,184,4.411660140327903,8496
2015-12-22,356,184,4.306885835693999,8520
2015-12-23,357,184,4.3735542298176195,8544
2015-12-24,358,184,4.20161799872965,8568
2015-12-25,359,184,4.232763841305139,8592
2015-12-26,360,184,3.927190502201204,8616
2015-12-27,361,184,3.7928636055915117,8640
2015-12-28,362,184,3.5205694750258263,8664
2015-12-29,363,184,3.69622938438364,8688
2015-12-30,364,184,3.6822601956965713,8712
2015-12-31,365,184,3.918876540269608,8736
2015-01-01,1,185,3.2475207107242863,0
2015-01-02,2,185,3.5098566968114944,24
2015-01-03,3,185,4.032966583537034,48
2015-01-04,4,185,4.064828182341391,72
2015-01-05,5,185,3.541902125496422,96
2015-01-06,6,185,3.492259411224674,120
2015-01-07,7,185,3.657428697721616,144
2015-01-08,8,185,4.0297811776685535,168
2015-01-09,9,185,4.460343170838267,192
2015-01-10,10,185,5.569541321190346,216
2015-01-11,11,185,4.148204412143007,240
2015-01-12,12,185,3.8710871421918536,264
2015-01-13,13,185,4.162149174579745,288
2015-01-14,14,185,4.227069233893174,312
2015-01-15,15,185,4.041305009432771,336
2015-01-16,16,185,4.066715423333082,360
2015-01-17,17,185,3.714636314762434,384
2015-01-18,18,185,3.5218380673170584,408
2015-01-19,19,185,3.5684790336627485,432
2015-01-20,20,185,3.619734955944996,456
2015-01-21,21,185,3.585116956270939,480
2015-01-22,22,185,3.579938654519967,504
2015-01-23,23,185,3.6015854770630598,528
2015-01-24,24,185,3.6340619800120533,552
2015-01-25,25,185,3.5751488895652765,576
2015-01-26,26,185,3.438942317972166,600
2015-01-27,27,185,3.6655431373347485,624
2015-01-28,28,185,3.6342358091556233,648
2015-01-29,29,185,3.7460412722143968,672
2015-01-30,30,185,3.631866000985511,696
2015-01-31,31,185,3.5946335587195586,720
2015-02-01,32,185,3.5526799329510066,744
2015-02-02,33,185,3.5621726290298894,768
2015-02-03,34,185,3.3709568997026773,792
2015-02-04,35,185,3.342677550743377,816
2015-02-05,36,185,3.3270668796514777,840
2015-02-06,37,185,3.369967803670729,864
2015-02-07,38,185,3.259879401708094,888
2015-02-08,39,185,3.3311680003857784,912
2015-02-09,40,185,3.421698398490334,936
2015-02-10,41,185,3.4756509230468846,960
2015-02-11,42,185,3.4674281697596223,984
2015-02-12,43,185,3.4633092493442104,1008
2015-02-13,44,185,3.56357448912482,1032
2015-02-14,45,185,3.759101739710992,1056
2015-02-15,46,185,3.6049666398018534,1080
2015-02-16,47,185,3.5615713411371237,1104
2015-02-17,48,185,3.5814932902670717,1128
2015-02-18,49,185,3.5520700569183243,1152
2015-02-19,50,185,3.6313312768862818,1176
2015-02-20,51,185,3.9034172046684517,1200
2015-02-21,52,185,3.746437850043072,1224
2015-02-22,53,185,3.654262957881609,1248
2015-02-23,54,185,3.6762002378424863,1272
2015-02-24,55,185,3.912566400410865,1296
2015-02-25,56,185,3.919132183747498,1320
2015-02-26,57,185,3.764825078016328,1344
2015-02-27,58,185,3.814051795066373,1368
2015-02-28,59,185,3.8284791623991095,1392
2015-03-01,60,185,4.100629402223967,1416
2015-03-02,61,185,4.428470786351072,1440
2015-03-03,62,185,4.266288148938351,1464
2015-03-04,63,185,3.9274548559106814,1488
2015-03-05,64,185,3.8569435104328753,1512
2015-03-06,65,185,3.835318513850745,1536
2015-03-07,66,185,3.92726671881495,1560
2015-03-08,67,185,4.191303434601819,1584
2015-03-09,68,185,4.397906916156058,1608
2015-03-10,69,185,4.501245079206621,1632
2015-03-11,70,185,4.558214037606222,1656
2015-03-12,71,185,4.1094103989389685,1680
2015-03-13,72,185,4.02394509696573,1704
2015-03-14,73,185,3.983055884707373,1728
2015-03-15,74,185,3.9906078983874864,1752
2015-03-16,75,185,4.371144494022166,1776
2015-03-17,76,185,4.714196678899428,1800
2015-03-18,77,185,4.938856314345683,1824
2015-03-19,78,185,4.848852727111011,1848
2015-03-20,79,185,4.605622317421663,1872
2015-03-21,80,185,4.4225714489827626,1896
2015-03-22,81,185,4.095902366820923,1920
2015-03-23,82,185,4.449842970158877,1944
2015-03-24,83,185,4.679427534707028,1968
2015-03-25,84,185,4.432082544483693,1992
2015-03-26,85,185,4.216103845058078,2016
2015-03-27,86,185,4.478308062404662,2040
2015-03-28,87,185,4.484521637049548,2064
2015-03-29,88,185,4.861082506323863,2088
2015-03-30,89,185,4.95694415356547,2112
2015-03-31,90,185,5.254175982124389,2136
2015-04-01,91,185,4.249596600775534,2160
2015-04-02,92,185,4.26650504535706,2184
2015-04-03,93,185,4.245620524321108,2208
2015-04-04,94,185,4.1714981980716335,2232
2015-04-05,95,185,3.986194360898186,2256
2015-04-06,96,185,3.980194539884844,2280
2015-04-07,97,185,4.1569878506129845,2304
2015-04-08,98,185,4.501083883250415,2328
2015-04-09,99,185,5.060807065854223,2352
2015-04-10,100,185,5.696756121375405,2376
2015-04-11,101,185,5.453031105146579,2400
2015-04-12,102,185,5.574229309437896,2424
2015-04-13,103,185,5.862816673728262,2448
2015-04-14,104,185,5.9390970631682505,2472
2015-04-15,105,185,6.121286812776643,2496
2015-04-16,106,185,6.013449156677762,2520
2015-04-17,107,185,5.312843672236902,2544
2015-04-18,108,185,4.721114905012478,2568
2015-04-19,109,185,4.7719389938952785,2592
2015-04-20,110,185,5.143538507825344,2616
2015-04-21,111,185,5.579236170274613,2640
2015-04-22,112,185,5.9225404674748745,2664
2015-04-23,113,185,5.342973299299183,2688
2015-04-24,114,185,5.6634054317501565,2712
2015-04-25,115,185,5.6363256436804425,2736
2015-04-26,116,185,5.844852806287693,2760
2015-04-27,117,185,5.867263695868182,2784
2015-04-28,118,185,4.63284924116534,2808
2015-04-29,119,185,4.79033855587567,2832
2015-04-30,120,185,5.260263195408135,2856
2015-05-01,121,185,5.165634529469956,2880
2015-05-02,122,185,5.67337286425549,2904
2015-05-03,123,185,6.013950600754403,2928
2015-05-04,124,185,6.558546292188728,2952
2015-05-05,125,185,6.70345623801237,2976
2015-05-06,126,185,5.855985803873737,3000
2015-05-07,127,185,5.718180113859567,3024
2015-05-08,128,185,5.93739858726564,3048
2015-05-09,129,185,6.2356285905277975,3072
2015-05-10,130,185,6.372817042143677,3096
2015-05-11,131,185,6.968984253475157,3120
2015-05-12,132,185,8.470528832332118,3144
2015-05-13,133,185,8.736257543185562,3168
2015-05-14,134,185,7.256678952724541,3192
2015-05-15,135,185,4.678652208716964,3216
2015-05-16,136,185,5.710813327658857,3240
2015-05-17,137,185,6.298498436902592,3264
2015-05-18,138,185,6.708548680111277,3288
2015-05-19,139,185,5.600991062299633,3312
2015-05-20,140,185,4.7600318244768935,3336
2015-05-21,141,185,4.7334761998611015,3360
2015-05-22,142,185,5.3050765430635725,3384
2015-05-23,143,185,5.5546561440290905,3408
2015-05-24,144,185,6.036527494883559,3432
2015-05-25,145,185,5.932633818024838,3456
2015-05-26,146,185,5.420115346459662,3480
2015-05-27,147,185,5.483264020293987,3504
2015-05-28,148,185,5.94114432227738,3528
2015-05-29,149,185,6.9458674254481565,3552
2015-05-30,150,185,6.5355456103572225,3576
2015-05-31,151,185,6.7770293786787335,3600
2015-06-01,152,185,7.203763136622435,3624
2015-06-02,153,185,7.8854534342022715,3648
2015-06-03,154,185,8.80370680684328,3672
2015-06-04,155,185,9.222359560553915,3696
2015-06-05,156,185,10.811802859740233,3720
2015-06-06,157,185,10.413243834527307,3744
2015-06-07,158,185,9.233337271639774,3768
2015-06-08,159,185,7.278618904771639,3792
2015-06-09,160,185,6.173783244028276,3816
2015-06-10,161,185,6.581844950956133,3840
2015-06-11,162,185,7.91567350691743,3864
2015-06-12,163,185,8.300998422156441,3888
2015-06-13,164,185,8.255355104516267,3912
2015-06-14,165,185,7.308015075026505,3936
2015-06-15,166,185,6.626936639084541,3960
2015-06-16,167,185,6.627710603029652,3984
2015-06-17,168,185,6.773449497979683,4008
2015-06-18,169,185,6.544641665908995,4032
2015-06-19,170,185,6.805975084275928,4056
2015-06-20,171,185,6.035097081199781,4080
2015-06-21,172,185,6.2608752352364885,4104
2015-06-22,173,185,7.1044613268926975,4128
2015-06-23,174,185,6.180549393437081,4152
2015-06-24,175,185,6.355985958856839,4176
2015-06-25,176,185,7.155259714844464,4200
2015-06-26,177,185,7.946472788155158,4224
2015-06-27,178,185,8.419635915634109,4248
2015-06-28,179,185,8.453355630565428,4272
2015-06-29,180,185,8.778687036544042,4296
2015-06-30,181,185,10.045056404258396,4320
2015-07-01,182,185,11.88534882748682,4344
2015-07-02,183,185,14.280011595148599,4368
2015-07-03,184,185,15.720052793642855,4392
2015-07-04,185,185,16.26879151604551,4416
2015-07-05,186,185,17.13090368450811,4440
2015-07-06,187,185,12.688263797606174,4464
2015-07-07,188,185,16.183183043723794,4488
2015-07-08,189,185,8.798039271848646,4512
2015-07-09,190,185,8.119564386869111,4536
2015-07-10,191,185,7.965052085051812,4560
2015-07-11,192,185,10.492856597385348,4584
2015-07-12,193,185,10.280817256930444,4608
2015-07-13,194,185,9.916424545777938,4632
2015-07-14,195,185,10.690967467721457,4656
2015-07-15,196,185,10.945249986195105,4680
2015-07-16,197,185,12.970223142781828,4704
2015-07-17,198,185,13.400631411715155,4728
2015-07-18,199,185,10.495373232322061,4752
2015-07-19,200,185,11.636427675549335,4776
2015-07-20,201,185,11.973061731062845,4800
2015-07-21,202,185,13.965195856871054,4824
2015-07-22,203,185,11.869825067331035,4848
2015-07-23,204,185,9.636770555690457,4872
2015-07-24,205,185,9.969375751069279,4896
2015-07-25,206,185,8.058585446605491,4920
2015-07-26,207,185,7.01194157206823,4944
2015-07-27,208,185,8.166237064649577,4968
2015-07-28,209,185,7.748657422779169,4992
2015-07-29,210,185,6.535942225259848,5016
2015-07-30,211,185,6.7587329753018475,5040
2015-07-31,212,185,7.112547897085422,5064
2015-08-01,213,185,6.7948218539107375,5088
2015-08-02,214,185,8.096061999972253,5112
2015-08-03,215,185,9.905577168908003,5136
2015-08-04,216,185,9.016840663842373,5160
2015-08-05,217,185,10.112875281181276,5184
2015-08-06,218,185,13.519094944714105,5208
2015-08-07,219,185,15.099571173249867,5232
2015-08-08,220,185,13.792370765052334,5256
2015-08-09,221,185,9.669599222223004,5280
2015-08-10,222,185,9.14446304336048,5304
2015-08-11,223,185,10.253928485924556,5328
2015-08-12,224,185,11.537338796629909,5352
2015-08-13,225,185,10.865586476888888,5376
2015-08-14,226,185,7.752616357528487,5400
2015-08-15,227,185,6.629404913321466,5424
2015-08-16,228,185,6.3133075817839375,5448
2015-08-17,229,185,6.705731962654594,5472
2015-08-18,230,185,6.6056679504653815,5496
2015-08-19,231,185,6.156283041790492,5520
2015-08-20,232,185,6.734184974468031,5544
2015-08-21,233,185,7.2787872697032,5568
2015-08-22,234,185,7.511779609966878,5592
2015-08-23,235,185,6.9562068481275725,5616
2015-08-24,236,185,6.6508861228687985,5640
2015-08-25,237,185,6.688393833611442,5664
2015-08-26,238,185,7.433850971301532,5688
2015-08-27,239,185,9.32084685277816,5712
2015-08-28,240,185,10.461391254583974,5736
2015-08-29,241,185,10.532710727066638,5760
2015-08-30,242,185,11.646443230847476,5784
2015-08-31,243,185,10.939195962639804,5808
2015-09-01,244,185,7.769654451603277,5832
2015-09-02,245,185,6.876890414350845,5856
2015-09-03,246,185,6.4241820329094725,5880
2015-09-04,247,185,6.4124437875668,5904
2015-09-05,248,185,5.740549404457643,5928
2015-09-06,249,185,5.553826170438263,5952
2015-09-07,250,185,5.504797780589313,5976
2015-09-08,251,185,5.75191830234045,6000
2015-09-09,252,185,5.9523528008708455,6024
2015-09-10,253,185,5.590606767309264,6048
2015-09-11,254,185,6.008281291775871,6072
2015-09-12,255,185,7.115904169703732,6096
2015-09-13,256,185,6.887778728429706,6120
2015-09-14,257,185,6.316217279770999,6144
2015-09-15,258,185,6.123785340914678,6168
2015-09-16,259,185,6.804732566828627,6192
2015-09-17,260,185,5.962635456954825,6216
2015-09-18,261,185,5.668722764985588,6240
2015-09-19,262,185,5.625347964878593,6264
2015-09-20,263,185,5.805902668087118,6288
2015-09-21,264,185,5.501068048968159,6312
2015-09-22,265,185,5.6613997429618825,6336
2015-09-23,266,185,4.987545525551337,6360
2015-09-24,267,185,5.332942771309803,6384
2015-09-25,268,185,5.3776357870683205,6408
2015-09-26,269,185,5.519594086374923,6432
2015-09-27,270,185,5.604892502586117,6456
2015-09-28,271,185,5.190130716947028,6480
2015-09-29,272,185,5.107168322839394,6504
2015-09-30,273,185,4.9102884603539625,6528
2015-10-01,274,185,4.789286915559776,6552
2015-10-02,275,185,5.11622509779488,6576
2015-10-03,276,185,5.796463837644827,6600
2015-10-04,277,185,5.491922355357307,6624
2015-10-05,278,185,5.864861531337272,6648
2015-10-06,279,185,6.010237540240607,6672
2015-10-07,280,185,5.698570539108852,6696
2015-10-08,281,185,5.361409775572244,6720
2015-10-09,282,185,5.260859897841244,6744
2015-10-10,283,185,5.124675439461307,6768
2015-10-11,284,185,5.179103485415121,6792
2015-10-12,285,185,5.043332848767928,6816
2015-10-13,286,185,4.7949172086282665,6840
2015-10-14,287,185,4.4315700583993705,6864
2015-10-15,288,185,4.171490825511587,6888
2015-10-16,289,185,4.185316525020555,6912
2015-10-17,290,185,4.215140161096949,6936
2015-10-18,291,185,4.423763265052453,6960
2015-10-19,292,185,4.416691797826918,6984
2015-10-20,293,185,4.276650727158451,7008
2015-10-21,294,185,4.281339769342391,7032
2015-10-22,295,185,4.500385300181497,7056
2015-10-23,296,185,4.9613920491830985,7080
2015-10-24,297,185,5.1107298974698585,7104
2015-10-25,298,185,5.167367969229484,7128
2015-10-26,299,185,4.872620573534674,7152
2015-10-27,300,185,4.721603655362507,7176
2015-10-28,301,185,4.964785094038244,7200
2015-10-29,302,185,4.944403510450759,7224
2015-10-30,303,185,4.955621666664033,7248
2015-10-31,304,185,4.821316040427323,7272
2015-11-01,305,185,4.59260147986293,7296
2015-11-02,306,185,4.421242193931981,7320
2015-11-03,307,185,4.415841948463867,7344
2015-11-04,308,185,4.762753644370643,7368
2015-11-05,309,185,4.874376343637275,7392
2015-11-06,310,185,5.259910174973753,7416
2015-11-07,311,185,5.5940166982094315,7440
2015-11-08,312,185,5.3980217480510255,7464
2015-11-09,313,185,5.57170527664554,7488
2015-11-10,314,185,5.115756396554977,7512
2015-11-11,315,185,4.56984497202287,7536
2015-11-12,316,185,4.406333068129554,7560
2015-11-13,317,185,4.674994150023534,7584
2015-11-14,318,185,4.78887289143457,7608
2015-11-15,319,185,5.177607081297622,7632
2015-11-16,320,185,4.894516173549361,7656
2015-11-17,321,185,5.1221644632977155,7680
2015-11-18,322,185,5.5116321306823215,7704
2015-11-19,323,185,5.527678162291597,7728
2015-11-20,324,185,5.303916724791254,7752
2015-11-21,325,185,4.004482179278456,7776
2015-11-22,326,185,3.7514600910183504,7800
2015-11-23,327,185,3.588315402132507,7824
2015-11-24,328,185,3.4925118811099285,7848
2015-11-25,329,185,3.743456974509225,7872
2015-11-26,330,185,3.812910056314881,7896
2015-11-27,331,185,3.692051993168188,7920
2015-11-28,332,185,3.664886285929709,7944
2015-11-29,333,185,4.069694165843921,7968
2015-11-30,334,185,4.696187178708742,7992
2015-12-01,335,185,4.5621079983034845,8016
2015-12-02,336,185,3.970277947796472,8040
2015-12-03,337,185,3.7064036454580895,8064
2015-12-04,338,185,3.9088734435652133,8088
2015-12-05,339,185,4.030159895615762,8112
2015-12-06,340,185,4.08043762834294,8136
2015-12-07,341,185,4.012041863181721,8160
2015-12-08,342,185,3.8788791878594084,8184
2015-12-09,343,185,4.138374739279375,8208
2015-12-10,344,185,3.709421323974287,8232
2015-12-11,345,185,3.8362022948102767,8256
2015-12-12,346,185,3.966214018003412,8280
2015-12-13,347,185,3.7781597451566564,8304
2015-12-14,348,185,3.637543978920528,8328
2015-12-15,349,185,3.770284476676575,8352
2015-12-16,350,185,4.343189038927635,8376
2015-12-17,351,185,4.440041182840055,8400
2015-12-18,352,185,4.312367752557308,8424
2015-12-19,353,185,4.179485785790255,8448
2015-12-20,354,185,4.076267998806212,8472
2015-12-21,355,185,4.4486631744809415,8496
2015-12-22,356,185,4.333954090301614,8520
2015-12-23,357,185,4.40544862398888,8544
2015-12-24,358,185,4.2900957291555954,8568
2015-12-25,359,185,4.2835757238891965,8592
2015-12-26,360,185,3.990655389022826,8616
2015-12-27,361,185,3.877251364754696,8640
2015-12-28,362,185,3.6755213242846367,8664
2015-12-29,363,185,3.776099940100051,8688
2015-12-30,364,185,3.770862811417377,8712
2015-12-31,365,185,3.9705187740774814,8736
2015-01-01,1,162,3.162693509925937,0
2015-01-02,2,162,3.5719048992278646,24
2015-01-03,3,162,3.7488403481769192,48
2015-01-04,4,162,3.5722937585095944,72
2015-01-05,5,162,3.2433147807697584,96
2015-01-06,6,162,3.442943303354447,120
2015-01-07,7,162,3.3706443153461594,144
2015-01-08,8,162,3.5125733522282516,168
2015-01-09,9,162,3.854855005387156,192
2015-01-10,10,162,4.4109952907577386,216
2015-01-11,11,162,3.568818955091891,240
2015-01-12,12,162,3.600186605394668,264
2015-01-13,13,162,3.916175587094098,288
2015-01-14,14,162,3.5977808018351403,312
2015-01-15,15,162,3.708780012412312,336
2015-01-16,16,162,3.803303494788359,360
2015-01-17,17,162,3.31625320975434,384
2015-01-18,18,162,3.0342534437202944,408
2015-01-19,19,162,3.1247953987410453,432
2015-01-20,20,162,3.198933410164013,456
2015-01-21,21,162,3.2068161742458354,480
2015-01-22,22,162,3.2486894582002486,504
2015-01-23,23,162,3.0830212011748324,528
2015-01-24,24,162,3.0623950748129447,552
2015-01-25,25,162,3.022324319909335,576
2015-01-26,26,162,2.958055485018375,600
2015-01-27,27,162,3.197027965249952,624
2015-01-28,28,162,3.0866873718764047,648
2015-01-29,29,162,3.3125346745662685,672
2015-01-30,30,162,3.0790005306736217,696
2015-01-31,31,162,3.0177715699950007,720
2015-02-01,32,162,3.0058812639892367,744
2015-02-02,33,162,3.000421134314058,768
2015-02-03,34,162,2.8638661400871697,792
2015-02-04,35,162,2.9179713637795537,816
2015-02-05,36,162,2.9000183238854427,840
2015-02-06,37,162,2.9587258528965785,864
2015-02-07,38,162,2.9377317350482888,888
2015-02-08,39,162,2.9482462877098814,912
2015-02-09,40,162,3.0168182474394576,936
2015-02-10,41,162,3.2552414824383122,960
2015-02-11,42,162,3.519128046096589,984
2015-02-12,43,162,3.5106713624756427,1008
2015-02-13,44,162,3.5170905321430883,1032
2015-02-14,45,162,3.5277304814042547,1056
2015-02-15,46,162,3.420739843533364,1080
2015-02-16,47,162,3.4396851342170405,1104
2015-02-17,48,162,3.4479680737575316,1128
2015-02-18,49,162,3.232648083923165,1152
2015-02-19,50,162,3.3708556145717066,1176
2015-02-20,51,162,3.4730355178896657,1200
2015-02-21,52,162,3.3658343888525777,1224
2015-02-22,53,162,3.1946374715589654,1248
2015-02-23,54,162,3.2983779166999017,1272
2015-02-24,55,162,3.290290910203645,1296
2015-02-25,56,162,3.211464535750053,1320
2015-02-26,57,162,3.164266727635023,1344
2015-02-27,58,162,3.318447697846062,1368
2015-02-28,59,162,3.2678713059381,1392
2015-03-01,60,162,3.6010626653725244,1416
2015-03-02,61,162,3.699152664022101,1440
2015-03-03,62,162,3.5359431682549123,1464
2015-03-04,63,162,3.3123598515833863,1488
2015-03-05,64,162,3.197003843354744,1512
2015-03-06,65,162,3.2620528376237057,1536
2015-03-07,66,162,3.6894853486367594,1560
2015-03-08,67,162,3.9320802657877714,1584
2015-03-09,68,162,3.9822160767368007,1608
2015-03-10,69,162,3.9288812013661967,1632
2015-03-11,70,162,3.8652770203840237,1656
2015-03-12,71,162,3.547558518057813,1680
2015-03-13,72,162,3.506015885084061,1704
2015-03-14,73,162,3.530423581575187,1728
2015-03-15,74,162,3.5935822984702885,1752
2015-03-16,75,162,3.918088466410553,1776
2015-03-17,76,162,4.08601813885073,1800
2015-03-18,77,162,4.176641592494908,1824
2015-03-19,78,162,4.130387746578004,1848
2015-03-20,79,162,4.072593673270664,1872
2015-03-21,80,162,3.8476264359532544,1896
2015-03-22,81,162,3.5728050312312414,1920
2015-03-23,82,162,3.846736096284024,1944
2015-03-24,83,162,4.07466567993092,1968
2015-03-25,84,162,3.8525134831051218,1992
2015-03-26,85,162,3.5920426273342234,2016
2015-03-27,86,162,3.671977613377552,2040
2015-03-28,87,162,3.7770872395754513,2064
2015-03-29,88,162,4.008805726840091,2088
2015-03-30,89,162,3.946373196648218,2112
2015-03-31,90,162,4.210904895124166,2136
2015-04-01,91,162,3.481358299215368,2160
2015-04-02,92,162,3.577328522735674,2184
2015-04-03,93,162,3.656067685847261,2208
2015-04-04,94,162,3.6350270594791314,2232
2015-04-05,95,162,3.3566413085351314,2256
2015-04-06,96,162,3.3443953184272384,2280
2015-04-07,97,162,3.5260838209327154,2304
2015-04-08,98,162,3.922027572314944,2328
2015-04-09,99,162,4.5143633740995925,2352
2015-04-10,100,162,4.759918388459161,2376
2015-04-11,101,162,4.343892562315643,2400
2015-04-12,102,162,4.535790276281422,2424
2015-04-13,103,162,4.747026088768588,2448
2015-04-14,104,162,4.675854412480074,2472
2015-04-15,105,162,5.0384232822684885,2496
2015-04-16,106,162,4.866477646376486,2520
2015-04-17,107,162,4.436809581734091,2544
2015-04-18,108,162,4.053303731018799,2568
2015-04-19,109,162,4.094713096119207,2592
2015-04-20,110,162,4.416071636226495,2616
2015-04-21,111,162,4.698231462088422,2640
2015-04-22,112,162,5.0063386358468245,2664
2015-04-23,113,162,4.720842943761396,2688
2015-04-24,114,162,4.861097266858109,2712
2015-04-25,115,162,4.683462543047764,2736
2015-04-26,116,162,4.750732694405438,2760
2015-04-27,117,162,4.7748269609998655,2784
2015-04-28,118,162,3.8825837469952593,2808
2015-04-29,119,162,4.075549506995843,2832
2015-04-30,120,162,4.361430197232243,2856
2015-05-01,121,162,4.321711881612825,2880
2015-05-02,122,162,4.685984582922591,2904
2015-05-03,123,162,5.061268047734007,2928
2015-05-04,124,162,5.3709721068726095,2952
2015-05-05,125,162,5.585798815517127,2976
2015-05-06,126,162,4.686225988967825,3000
2015-05-07,127,162,4.711489692070535,3024
2015-05-08,128,162,4.940584141204103,3048
2015-05-09,129,162,4.919280424783383,3072
2015-05-10,130,162,5.04504091886303,3096
2015-05-11,131,162,5.885200105895765,3120
2015-05-12,132,162,6.448496836114643,3144
2015-05-13,133,162,6.816433019513037,3168
2015-05-14,134,162,5.751714826836269,3192
2015-05-15,135,162,3.8726712320104193,3216
2015-05-16,136,162,4.550742345612169,3240
2015-05-17,137,162,4.941556171446108,3264
2015-05-18,138,162,5.4300915523281255,3288
2015-05-19,139,162,4.585251572010566,3312
2015-05-20,140,162,3.8720443032570313,3336
2015-05-21,141,162,3.8432766527734175,3360
2015-05-22,142,162,4.179871050911453,3384
2015-05-23,143,162,4.363175628352987,3408
2015-05-24,144,162,4.7329334886583645,3432
2015-05-25,145,162,4.752211656292798,3456
2015-05-26,146,162,4.341382007607122,3480
2015-05-27,147,162,4.400667554850124,3504
2015-05-28,148,162,4.924918490501146,3528
2015-05-29,149,162,5.486092196380981,3552
2015-05-30,150,162,5.135678667812964,3576
2015-05-31,151,162,5.323534744616201,3600
2015-06-01,152,162,5.704297342259449,3624
2015-06-02,153,162,6.0154881321261975,3648
2015-06-03,154,162,6.688179162702393,3672
2015-06-04,155,162,7.070547860635087,3696
2015-06-05,156,162,7.7046431502487565,3720
2015-06-06,157,162,7.301727271466854,3744
2015-06-07,158,162,6.748918500309639,3768
2015-06-08,159,162,5.8047223084416775,3792
2015-06-09,160,162,5.217208240562001,3816
2015-06-10,161,162,5.496631899787565,3840
2015-06-11,162,162,6.1947392920929065,3864
2015-06-12,163,162,6.3340109302646335,3888
2015-06-13,164,162,6.198073816900044,3912
2015-06-14,165,162,5.570742637443051,3936
2015-06-15,166,162,5.345643540669181,3960
2015-06-16,167,162,5.256433932409366,3984
2015-06-17,168,162,5.323938712415805,4008
2015-06-18,169,162,5.291736054972762,4032
2015-06-19,170,162,5.2094806247545975,4056
2015-06-20,171,162,4.732649077693294,4080
2015-06-21,172,162,4.985645877941764,4104
2015-06-22,173,162,5.680461515248973,4128
2015-06-23,174,162,4.821645783988774,4152
2015-06-24,175,162,5.114856500374124,4176
2015-06-25,176,162,5.71248006680225,4200
2015-06-26,177,162,6.190996717266192,4224
2015-06-27,178,162,6.315046991904224,4248
2015-06-28,179,162,6.360229538313375,4272
2015-06-29,180,162,6.810784843280041,4296
2015-06-30,181,162,7.6041768640962815,4320
2015-07-01,182,162,8.769580072575147,4344
2015-07-02,183,162,9.838732613673805,4368
2015-07-03,184,162,10.078043351243748,4392
2015-07-04,185,162,10.108856250447197,4416
2015-07-05,186,162,10.2893725213519,4440
2015-07-06,187,162,8.724357937612739,4464
2015-07-07,188,162,10.193353228321497,4488
2015-07-08,189,162,6.357488447561092,4512
2015-07-09,190,162,5.648650681359679,4536
2015-07-10,191,162,6.273418160384091,4560
2015-07-11,192,162,7.812988805228517,4584
2015-07-12,193,162,7.340565238562442,4608
2015-07-13,194,162,6.925682407777061,4632
2015-07-14,195,162,7.426731258349714,4656
2015-07-15,196,162,7.877239618645704,4680
2015-07-16,197,162,9.094534148292524,4704
2015-07-17,198,162,8.116831219761101,4728
2015-07-18,199,162,7.400203645014868,4752
2015-07-19,200,162,7.669215233900696,4776
2015-07-20,201,162,7.779474822039841,4800
2015-07-21,202,162,8.926903536018783,4824
2015-07-22,203,162,7.966511764665087,4848
2015-07-23,204,162,6.7975432969457765,4872
2015-07-24,205,162,7.179193343252826,4896
2015-07-25,206,162,5.8081783737251005,4920
2015-07-26,207,162,5.369617723519938,4944
2015-07-27,208,162,5.953291838513112,4968
2015-07-28,209,162,5.710252321218237,4992
2015-07-29,210,162,5.4062499174001575,5016
2015-07-30,211,162,5.222702147828613,5040
2015-07-31,212,162,5.691033833858148,5064
2015-08-01,213,162,5.5086723542198825,5088
2015-08-02,214,162,6.096049263279003,5112
2015-08-03,215,162,7.342375732107186,5136
2015-08-04,216,162,6.8114132063748345,5160
2015-08-05,217,162,7.4423601491479685,5184
2015-08-06,218,162,9.090933301269825,5208
2015-08-07,219,162,10.121825216560877,5232
2015-08-08,220,162,8.426806311844837,5256
2015-08-09,221,162,6.650280851203651,5280
2015-08-10,222,162,6.43627223767391,5304
2015-08-11,223,162,7.148514643144442,5328
2015-08-12,224,162,7.919361056373159,5352
2015-08-13,225,162,7.710306789360956,5376
2015-08-14,226,162,5.821746242277039,5400
2015-08-15,227,162,5.086530107270468,5424
2015-08-16,228,162,5.023936816362305,5448
2015-08-17,229,162,5.185571248488119,5472
2015-08-18,230,162,5.105234725268666,5496
2015-08-19,231,162,4.867730758472615,5520
2015-08-20,232,162,5.261149154948055,5544
2015-08-21,233,162,5.604299536852124,5568
2015-08-22,234,162,5.908378876943048,5592
2015-08-23,235,162,5.733786850682062,5616
2015-08-24,236,162,5.531599843903729,5640
2015-08-25,237,162,5.206245927550307,5664
2015-08-26,238,162,6.000479314815043,5688
2015-08-27,239,162,6.936684397092671,5712
2015-08-28,240,162,7.56086779185644,5736
2015-08-29,241,162,7.9525879135951065,5760
2015-08-30,242,162,8.012470490562185,5784
2015-08-31,243,162,7.4709070956257415,5808
2015-09-01,244,162,6.019173254893924,5832
2015-09-02,245,162,5.29703875166851,5856
2015-09-03,246,162,5.024295602920707,5880
2015-09-04,247,162,4.983022371755334,5904
2015-09-05,248,162,4.432124343804442,5928
2015-09-06,249,162,4.419914493604156,5952
2015-09-07,250,162,4.5007214949672765,5976
2015-09-08,251,162,4.725158435549581,6000
2015-09-09,252,162,4.9271220335152135,6024
2015-09-10,253,162,4.721631388101466,6048
2015-09-11,254,162,4.9636950904307735,6072
2015-09-12,255,162,5.449870735644332,6096
2015-09-13,256,162,5.491022158964883,6120
2015-09-14,257,162,4.991396820260678,6144
2015-09-15,258,162,4.971293695833615,6168
2015-09-16,259,162,6.296108082223912,6192
2015-09-17,260,162,5.189919511062606,6216
2015-09-18,261,162,4.639384794870916,6240
2015-09-19,262,162,4.636171799035201,6264
2015-09-20,263,162,4.599011417113476,6288
2015-09-21,264,162,4.6478509928330025,6312
2015-09-22,265,162,4.721462490789911,6336
2015-09-23,266,162,4.046402246753648,6360
2015-09-24,267,162,4.254318125413215,6384
2015-09-25,268,162,4.492709458457076,6408
2015-09-26,269,162,4.5915580744003215,6432
2015-09-27,270,162,4.565950580201263,6456
2015-09-28,271,162,4.354712945079407,6480
2015-09-29,272,162,4.233364814516016,6504
2015-09-30,273,162,4.23787645021657,6528
2015-10-01,274,162,4.2434761610095535,6552
2015-10-02,275,162,4.665922853517829,6576
2015-10-03,276,162,4.8122458358541484,6600
2015-10-04,277,162,4.498794339368426,6624
2015-10-05,278,162,5.088597956416997,6648
2015-10-06,279,162,5.086090687840015,6672
2015-10-07,280,162,4.557755127340807,6696
2015-10-08,281,162,4.390180495828945,6720
2015-10-09,282,162,4.465313251729421,6744
2015-10-10,283,162,4.359400333198576,6768
2015-10-11,284,162,4.335889801452136,6792
2015-10-12,285,162,4.442817892111469,6816
2015-10-13,286,162,4.266672400806232,6840
2015-10-14,287,162,3.6943680414418414,6864
2015-10-15,288,162,3.5455721609730912,6888
2015-10-16,289,162,3.5436150649869966,6912
2015-10-17,290,162,3.688854974618085,6936
2015-10-18,291,162,3.918524719804561,6960
2015-10-19,292,162,3.838114962544848,6984
2015-10-20,293,162,3.763688571464016,7008
2015-10-21,294,162,3.741298835371904,7032
2015-10-22,295,162,3.896576245951047,7056
2015-10-23,296,162,4.249460053227951,7080
2015-10-24,297,162,4.652013583248786,7104
2015-10-25,298,162,4.57841366318857,7128
2015-10-26,299,162,4.56278421404134,7152
2015-10-27,300,162,4.516665082785312,7176
2015-10-28,301,162,4.507295673251835,7200
2015-10-29,302,162,4.10289775863773,7224
2015-10-30,303,162,4.365456612981551,7248
2015-10-31,304,162,4.5761472739784335,7272
2015-11-01,305,162,4.5469131748050975,7296
2015-11-02,306,162,4.485123463000648,7320
2015-11-03,307,162,4.687107116567328,7344
2015-11-04,308,162,4.478040365946431,7368
2015-11-05,309,162,4.3437355154777215,7392
2015-11-06,310,162,4.651494952618215,7416
2015-11-07,311,162,4.860958280928926,7440
2015-11-08,312,162,5.072843203170091,7464
2015-11-09,313,162,4.949659697390201,7488
2015-11-10,314,162,4.643753091556276,7512
2015-11-11,315,162,4.3989111166876835,7536
2015-11-12,316,162,4.434592971747492,7560
2015-11-13,317,162,4.356191147238604,7584
2015-11-14,318,162,4.1356814039141145,7608
2015-11-15,319,162,4.644287485277081,7632
2015-11-16,320,162,4.46846605734445,7656
2015-11-17,321,162,4.427168054374811,7680
2015-11-18,322,162,4.408751475946235,7704
2015-11-19,323,162,4.336894439686448,7728
2015-11-20,324,162,4.359623440427387,7752
2015-11-21,325,162,3.375149374434223,7776
2015-11-22,326,162,3.1458016141664444,7800
2015-11-23,327,162,2.944929725740527,7824
2015-11-24,328,162,2.9994144986552733,7848
2015-11-25,329,162,3.3305552338563773,7872
2015-11-26,330,162,3.2383364215620056,7896
2015-11-27,331,162,3.0329796473735766,7920
2015-11-28,332,162,3.166019433074123,7944
2015-11-29,333,162,3.437746887970435,7968
2015-11-30,334,162,3.739554332376346,7992
2015-12-01,335,162,3.685915311695212,8016
2015-12-02,336,162,3.821829572241708,8040
2015-12-03,337,162,3.876127398785011,8064
2015-12-04,338,162,3.860842621023056,8088
2015-12-05,339,162,3.795332173084165,8112
2015-12-06,340,162,3.812620339399305,8136
2015-12-07,341,162,3.821761473016969,8160
2015-12-08,342,162,3.7769584500958513,8184
2015-12-09,343,162,3.628234524996227,8208
2015-12-10,344,162,3.430357432712305,8232
2015-12-11,345,162,3.6206521777760887,8256
2015-12-12,346,162,3.5360806715078663,8280
2015-12-13,347,162,3.554896363267112,8304
2015-12-14,348,162,3.5404744825228605,8328
2015-12-15,349,162,3.699983403702445,8352
2015-12-16,350,162,3.9894026384222485,8376
2015-12-17,351,162,3.9903071274685744,8400
2015-12-18,352,162,4.112898208536058,8424
2015-12-19,353,162,4.1440490249335165,8448
2015-12-20,354,162,4.195494657084791,8472
2015-12-21,355,162,3.924417016299699,8496
2015-12-22,356,162,3.964429326491414,8520
2015-12-23,357,162,3.844388613169812,8544
2015-12-24,358,162,3.8521668303269903,8568
2015-12-25,359,162,3.87886270118349,8592
2015-12-26,360,162,3.889163531640647,8616
2015-12-27,361,162,3.9409809608908186,8640
2015-12-28,362,162,4.024052625956848,8664
2015-12-29,363,162,3.7689996260104017,8688
2015-12-30,364,162,3.603274688739835,8712
2015-12-31,365,162,3.7357170144019003,8736
2015-01-01,1,163,3.157235883134537,0
2015-01-02,2,163,3.4745836290244903,24
2015-01-03,3,163,3.939004352387986,48
2015-01-04,4,163,3.924532871561878,72
2015-01-05,5,163,3.4258628661124617,96
2015-01-06,6,163,3.4417261538941966,120
2015-01-07,7,163,3.55589037276614,144
2015-01-08,8,163,3.9175359705469353,168
2015-01-09,9,163,4.341088851447853,192
2015-01-10,10,163,5.279334111831691,216
2015-01-11,11,163,4.022942802695514,240
2015-01-12,12,163,3.780783978321713,264
2015-01-13,13,163,4.104380589325585,288
2015-01-14,14,163,4.1291118766988575,312
2015-01-15,15,163,4.0151696685342815,336
2015-01-16,16,163,4.087176652481029,360
2015-01-17,17,163,3.609869449909947,384
2015-01-18,18,163,3.412331902409248,408
2015-01-19,19,163,3.4719349154081267,432
2015-01-20,20,163,3.5483057748576248,456
2015-01-21,21,163,3.515808853937161,480
2015-01-22,22,163,3.5091572082185287,504
2015-01-23,23,163,3.4972566652880626,528
2015-01-24,24,163,3.5196552688941285,552
2015-01-25,25,163,3.432445852220104,576
2015-01-26,26,163,3.334126431663857,600
2015-01-27,27,163,3.564446475369991,624
2015-01-28,28,163,3.4921480477537856,648
2015-01-29,29,163,3.658462907547184,672
2015-01-30,30,163,3.5285756094697027,696
2015-01-31,31,163,3.4779551299038127,720
2015-02-01,32,163,3.4479603599545734,744
2015-02-02,33,163,3.4452838397686296,768
2015-02-03,34,163,3.2310777879077963,792
2015-02-04,35,163,3.2291192074018205,816
2015-02-05,36,163,3.2249715739781486,840
2015-02-06,37,163,3.2536963549501428,864
2015-02-07,38,163,3.1667611088070973,888
2015-02-08,39,163,3.206992202669959,912
2015-02-09,40,163,3.2651355487320854,936
2015-02-10,41,163,3.3375623051354086,960
2015-02-11,42,163,3.371333273006411,984
2015-02-12,43,163,3.393080336361709,1008
2015-02-13,44,163,3.5119646472700072,1032
2015-02-14,45,163,3.7334361074193136,1056
2015-02-15,46,163,3.5925976068060645,1080
2015-02-16,47,163,3.4794809482448734,1104
2015-02-17,48,163,3.50619944530842,1128
2015-02-18,49,163,3.457128424761534,1152
2015-02-19,50,163,3.554060667870261,1176
2015-02-20,51,163,3.8097835481252513,1200
2015-02-21,52,163,3.704355553957232,1224
2015-02-22,53,163,3.5688658776604654,1248
2015-02-23,54,163,3.595089272381076,1272
2015-02-24,55,163,3.7589675397099573,1296
2015-02-25,56,163,3.7190420533316506,1320
2015-02-26,57,163,3.6280117607687337,1344
2015-02-27,58,163,3.713572984502157,1368
2015-02-28,59,163,3.6955283786848034,1392
2015-03-01,60,163,3.986158383973225,1416
2015-03-02,61,163,4.294168728710827,1440
2015-03-03,62,163,4.097836249419198,1464
2015-03-04,63,163,3.7888082102254494,1488
2015-03-05,64,163,3.685316831184581,1512
2015-03-06,65,163,3.698716788289553,1536
2015-03-07,66,163,3.846811154533869,1560
2015-03-08,67,163,4.133860705407328,1584
2015-03-09,68,163,4.34538895110879,1608
2015-03-10,69,163,4.413615959846752,1632
2015-03-11,70,163,4.394801424678184,1656
2015-03-12,71,163,3.986007787851811,1680
2015-03-13,72,163,3.9019749232432486,1704
2015-03-14,73,163,3.885127795491214,1728
2015-03-15,74,163,3.9071694747990944,1752
2015-03-16,75,163,4.39557543123115,1776
2015-03-17,76,163,4.665274153373228,1800
2015-03-18,77,163,4.865280909780856,1824
2015-03-19,78,163,4.731497441885566,1848
2015-03-20,79,163,4.517836908395038,1872
2015-03-21,80,163,4.300423081718386,1896
2015-03-22,81,163,3.993550689672029,1920
2015-03-23,82,163,4.300583737436352,1944
2015-03-24,83,163,4.628688324830182,1968
2015-03-25,84,163,4.365027352335178,1992
2015-03-26,85,163,4.082204732536455,2016
2015-03-27,86,163,4.2651400768509315,2040
2015-03-28,87,163,4.2955730824806375,2064
2015-03-29,88,163,4.6662312852028665,2088
2015-03-30,89,163,4.746217317760851,2112
2015-03-31,90,163,5.004376233107635,2136
2015-04-01,91,163,4.05575233912247,2160
2015-04-02,92,163,4.057582923817277,2184
2015-04-03,93,163,4.081179301970698,2208
2015-04-04,94,163,4.0733794880766805,2232
2015-04-05,95,163,3.847154342110101,2256
2015-04-06,96,163,3.841848342290919,2280
2015-04-07,97,163,3.9939048408308886,2304
2015-04-08,98,163,4.364880317705904,2328
2015-04-09,99,163,4.906626573480078,2352
2015-04-10,100,163,5.546526117699326,2376
2015-04-11,101,163,5.20664882543455,2400
2015-04-12,102,163,5.383328599450689,2424
2015-04-13,103,163,5.603673584207193,2448
2015-04-14,104,163,5.5407732396921165,2472
2015-04-15,105,163,5.8588643868645445,2496
2015-04-16,106,163,5.720943054202888,2520
2015-04-17,107,163,5.178387117108458,2544
2015-04-18,108,163,4.5377623459634195,2568
2015-04-19,109,163,4.617025086295959,2592
2015-04-20,110,163,4.988981768901461,2616
2015-04-21,111,163,5.3764588550082735,2640
2015-04-22,112,163,5.733185990734385,2664
2015-04-23,113,163,5.150381422061502,2688
2015-04-24,114,163,5.468226609851,2712
2015-04-25,115,163,5.5053423537525665,2736
2015-04-26,116,163,5.726685564911097,2760
2015-04-27,117,163,5.789728914749361,2784
2015-04-28,118,163,4.4130473528660135,2808
2015-04-29,119,163,4.5938118550118565,2832
2015-04-30,120,163,5.12270532845522,2856
2015-05-01,121,163,5.052697640983469,2880
2015-05-02,122,163,5.524336888413619,2904
2015-05-03,123,163,5.901456539766118,2928
2015-05-04,124,163,6.431125748492657,2952
2015-05-05,125,163,6.623587293256576,2976
2015-05-06,126,163,5.6132099510797895,3000
2015-05-07,127,163,5.486656520609925,3024
2015-05-08,128,163,5.726847581353023,3048
2015-05-09,129,163,5.9412462937992965,3072
2015-05-10,130,163,6.004671208019785,3096
2015-05-11,131,163,6.716214939926608,3120
2015-05-12,132,163,8.032075619320501,3144
2015-05-13,133,163,8.35769049154049,3168
2015-05-14,134,163,6.993740184693582,3192
2015-05-15,135,163,4.470456513314106,3216
2015-05-16,136,163,5.441379162709062,3240
2015-05-17,137,163,5.969885815791358,3264
2015-05-18,138,163,6.39856911645533,3288
2015-05-19,139,163,5.3856337371988525,3312
2015-05-20,140,163,4.569956100291983,3336
2015-05-21,141,163,4.478238197095447,3360
2015-05-22,142,163,4.992677795224025,3384
2015-05-23,143,163,5.298180228634368,3408
2015-05-24,144,163,5.810809569006296,3432
2015-05-25,145,163,5.6724823221617005,3456
2015-05-26,146,163,5.077770182223342,3480
2015-05-27,147,163,5.1653034237205535,3504
2015-05-28,148,163,5.725798346431969,3528
2015-05-29,149,163,6.6594831077695344,3552
2015-05-30,150,163,6.256181098046008,3576
2015-05-31,151,163,6.563327563517709,3600
2015-06-01,152,163,6.919128720525405,3624
2015-06-02,153,163,7.539737824950106,3648
2015-06-03,154,163,8.41857547846104,3672
2015-06-04,155,163,8.776260602527548,3696
2015-06-05,156,163,10.205184186060206,3720
2015-06-06,157,163,9.858374035094633,3744
2015-06-07,158,163,8.719056347556181,3768
2015-06-08,159,163,6.986671936936567,3792
2015-06-09,160,163,5.8379149130675545,3816
2015-06-10,161,163,6.2636790754477545,3840
2015-06-11,162,163,7.511287572492701,3864
2015-06-12,163,163,8.221302414009704,3888
2015-06-13,164,163,8.083619712821847,3912
2015-06-14,165,163,7.0379919105040525,3936
2015-06-15,166,163,6.378912403858192,3960
2015-06-16,167,163,6.418837197777929,3984
2015-06-17,168,163,6.517175840060487,4008
2015-06-18,169,163,6.213088970305622,4032
2015-06-19,170,163,6.342042639871111,4056
2015-06-20,171,163,5.65354724074561,4080
2015-06-21,172,163,5.956073091150133,4104
2015-06-22,173,163,6.810247581002492,4128
2015-06-23,174,163,5.758924155051456,4152
2015-06-24,175,163,6.098772658442156,4176
2015-06-25,176,163,6.821350790237062,4200
2015-06-26,177,163,7.5438324769370855,4224
2015-06-27,178,163,7.8671902243204626,4248
2015-06-28,179,163,7.938727023006558,4272
2015-06-29,180,163,8.288209462855319,4296
2015-06-30,181,163,9.567161997502867,4320
2015-07-01,182,163,11.116807037026025,4344
2015-07-02,183,163,13.1845376791686,4368
2015-07-03,184,163,14.22326004172391,4392
2015-07-04,185,163,14.906793962443645,4416
2015-07-05,186,163,15.431967743877534,4440
2015-07-06,187,163,11.656590716337073,4464
2015-07-07,188,163,14.90000790608768,4488
2015-07-08,189,163,8.10629618029175,4512
2015-07-09,190,163,7.2813651994347275,4536
2015-07-10,191,163,7.505862186005339,4560
2015-07-11,192,163,9.832557996719435,4584
2015-07-12,193,163,9.500441717216978,4608
2015-07-13,194,163,9.076216253678377,4632
2015-07-14,195,163,9.771547957819557,4656
2015-07-15,196,163,10.084005333545473,4680
2015-07-16,197,163,12.028666286704883,4704
2015-07-17,198,163,11.789607991061766,4728
2015-07-18,199,163,9.462822019524015,4752
2015-07-19,200,163,10.605061795948538,4776
2015-07-20,201,163,10.8019004940937,4800
2015-07-21,202,163,12.509449900646722,4824
2015-07-22,203,163,10.837725188701935,4848
2015-07-23,204,163,8.582478943125162,4872
2015-07-24,205,163,9.24529197115207,4896
2015-07-25,206,163,7.401840331423683,4920
2015-07-26,207,163,6.435172738508835,4944
2015-07-27,208,163,7.486322938927741,4968
2015-07-28,209,163,7.157050332313148,4992
2015-07-29,210,163,6.1933323962912885,5016
2015-07-30,211,163,6.2577999567266485,5040
2015-07-31,212,163,6.776112887075982,5064
2015-08-01,213,163,6.542512074632191,5088
2015-08-02,214,163,7.639134146736847,5112
2015-08-03,215,163,9.325348079813438,5136
2015-08-04,216,163,8.400936170853532,5160
2015-08-05,217,163,9.384184773169176,5184
2015-08-06,218,163,12.559323298232787,5208
2015-08-07,219,163,13.861186758232398,5232
2015-08-08,220,163,12.493946421558292,5256
2015-08-09,221,163,8.935039729302082,5280
2015-08-10,222,163,8.721064306297228,5304
2015-08-11,223,163,9.614470466292792,5328
2015-08-12,224,163,10.757145234904561,5352
2015-08-13,225,163,10.121224509165646,5376
2015-08-14,226,163,7.354281536907152,5400
2015-08-15,227,163,6.320493763048475,5424
2015-08-16,228,163,6.047288004968017,5448
2015-08-17,229,163,6.366372134742369,5472
2015-08-18,230,163,6.293755078543178,5496
2015-08-19,231,163,5.863516663452609,5520
2015-08-20,232,163,6.313165420503965,5544
2015-08-21,233,163,6.829462356615683,5568
2015-08-22,234,163,7.079684467594137,5592
2015-08-23,235,163,6.8327442117238375,5616
2015-08-24,236,163,6.475887839515934,5640
2015-08-25,237,163,6.258821703255823,5664
2015-08-26,238,163,7.0063113108098625,5688
2015-08-27,239,163,8.719363550742031,5712
2015-08-28,240,163,9.853495889026373,5736
2015-08-29,241,163,9.914875427227583,5760
2015-08-30,242,163,11.032532571585882,5784
2015-08-31,243,163,10.324502192217727,5808
2015-09-01,244,163,7.3309057905048975,5832
2015-09-02,245,163,6.540746851288367,5856
2015-09-03,246,163,6.1137873586422575,5880
2015-09-04,247,163,6.137701038744592,5904
2015-09-05,248,163,5.439583143667977,5928
2015-09-06,249,163,5.244384866825518,5952
2015-09-07,250,163,5.237079009796409,5976
2015-09-08,251,163,5.4775190012670585,6000
2015-09-09,252,163,5.679268890869047,6024
2015-09-10,253,163,5.350027544444654,6048
2015-09-11,254,163,5.759866149772747,6072
2015-09-12,255,163,6.851402251731208,6096
2015-09-13,256,163,6.735044383419264,6120
2015-09-14,257,163,5.984799243663899,6144
2015-09-15,258,163,5.771628684894521,6168
2015-09-16,259,163,7.0586621854754625,6192
2015-09-17,260,163,5.6580190414648275,6216
2015-09-18,261,163,5.283021623862032,6240
2015-09-19,262,163,5.3706536322029335,6264
2015-09-20,263,163,5.472730711048138,6288
2015-09-21,264,163,5.245039293149322,6312
2015-09-22,265,163,5.409614003731294,6336
2015-09-23,266,163,4.752824684854394,6360
2015-09-24,267,163,5.0374323478162095,6384
2015-09-25,268,163,5.114327023046632,6408
2015-09-26,269,163,5.3015185849963515,6432
2015-09-27,270,163,5.366426413792985,6456
2015-09-28,271,163,4.983665065195706,6480
2015-09-29,272,163,4.887738700112086,6504
2015-09-30,273,163,4.682614678681509,6528
2015-10-01,274,163,4.638979170933936,6552
2015-10-02,275,163,5.031343505047404,6576
2015-10-03,276,163,5.628850746085429,6600
2015-10-04,277,163,5.279728069036637,6624
2015-10-05,278,163,5.7043130793420325,6648
2015-10-06,279,163,5.8425282100217055,6672
2015-10-07,280,163,5.4577081953839635,6696
2015-10-08,281,163,5.104932866531374,6720
2015-10-09,282,163,5.066778120240478,6744
2015-10-10,283,163,4.8754276033769335,6768
2015-10-11,284,163,5.0183254325010935,6792
2015-10-12,285,163,4.902166973649682,6816
2015-10-13,286,163,4.671220376225309,6840
2015-10-14,287,163,4.2523703912474415,6864
2015-10-15,288,163,4.036313746524718,6888
2015-10-16,289,163,4.04679511066504,6912
2015-10-17,290,163,4.097688086463283,6936
2015-10-18,291,163,4.299690551636211,6960
2015-10-19,292,163,4.280305740185633,6984
2015-10-20,293,163,4.159512079682755,7008
2015-10-21,294,163,4.14946083627357,7032
2015-10-22,295,163,4.3575842044312285,7056
2015-10-23,296,163,4.767996965303839,7080
2015-10-24,297,163,4.967929713913123,7104
2015-10-25,298,163,4.994383598037664,7128
2015-10-26,299,163,4.703469234197351,7152
2015-10-27,300,163,4.621291179546796,7176
2015-10-28,301,163,4.946659437398411,7200
2015-10-29,302,163,4.777781801602452,7224
2015-10-30,303,163,4.794561873648299,7248
2015-10-31,304,163,4.667732223491047,7272
2015-11-01,305,163,4.511607526525786,7296
2015-11-02,306,163,4.332944241050524,7320
2015-11-03,307,163,4.4398109296825075,7344
2015-11-04,308,163,4.700142989050513,7368
2015-11-05,309,163,4.7074160024338525,7392
2015-11-06,310,163,5.105955557180423,7416
2015-11-07,311,163,5.353300267901418,7440
2015-11-08,312,163,5.214310294305463,7464
2015-11-09,313,163,5.450080761179566,7488
2015-11-10,314,163,4.959938882095225,7512
2015-11-11,315,163,4.464367800873371,7536
2015-11-12,316,163,4.302242138073549,7560
2015-11-13,317,163,4.469383417760065,7584
2015-11-14,318,163,4.704055789971432,7608
2015-11-15,319,163,5.0911295623308535,7632
2015-11-16,320,163,4.829487343003482,7656
2015-11-17,321,163,4.923497516061682,7680
2015-11-18,322,163,5.291298617217981,7704
2015-11-19,323,163,5.2478192933555325,7728
2015-11-20,324,163,5.13396152022538,7752
2015-11-21,325,163,3.818548095306436,7776
2015-11-22,326,163,3.5949040360498614,7800
2015-11-23,327,163,3.4527242247340064,7824
2015-11-24,328,163,3.3904511510380417,7848
2015-11-25,329,163,3.676656973928,7872
2015-11-26,330,163,3.703776583833148,7896
2015-11-27,331,163,3.5610954836898925,7920
2015-11-28,332,163,3.5519532185744547,7944
2015-11-29,333,163,3.9032065569070262,7968
2015-11-30,334,163,4.496310814008225,7992
2015-12-01,335,163,4.340196799734784,8016
2015-12-02,336,163,3.833397947075032,8040
2015-12-03,337,163,3.648712462110369,8064
2015-12-04,338,163,3.86030779093623,8088
2015-12-05,339,163,3.960858029218712,8112
2015-12-06,340,163,4.011673062882489,8136
2015-12-07,341,163,3.961860890212415,8160
2015-12-08,342,163,3.8535553143944337,8184
2015-12-09,343,163,4.051533780913971,8208
2015-12-10,344,163,3.627226551031287,8232
2015-12-11,345,163,3.733362123630138,8256
2015-12-12,346,163,3.7918870506955216,8280
2015-12-13,347,163,3.621073205684087,8304
2015-12-14,348,163,3.5692093469674124,8328
2015-12-15,349,163,3.753498333960057,8352
2015-12-16,350,163,4.298968592690167,8376
2015-12-17,351,163,4.284579300422121,8400
2015-12-18,352,163,4.26100151571316,8424
2015-12-19,353,163,4.172944562536508,8448
2015-12-20,354,163,4.07824271930077,8472
2015-12-21,355,163,4.350221750149931,8496
2015-12-22,356,163,4.239522308331458,8520
2015-12-23,357,163,4.241429857661098,8544
2015-12-24,358,163,4.153295074121012,8568
2015-12-25,359,163,4.151565057031016,8592
2015-12-26,360,163,3.8680174919613908,8616
2015-12-27,361,163,3.823070208745692,8640
2015-12-28,362,163,3.66153617494906,8664
2015-12-29,363,163,3.7513631077487664,8688
2015-12-30,364,163,3.7313897607111364,8712
2015-12-31,365,163,3.9263907435479717,8736
2015-01-01,1,164,3.072532217522272,0
2015-01-02,2,164,3.4904604602719282,24
2015-01-03,3,164,3.8943953394000888,48
2015-01-04,4,164,3.7781480975632853,72
2015-01-05,5,164,3.3729283282266542,96
2015-01-06,6,164,3.4800611555388654,120
2015-01-07,7,164,3.5650118535944886,144
2015-01-08,8,164,3.8431641746033054,168
2015-01-09,9,164,4.199353978472148,192
2015-01-10,10,164,5.020543845417582,216
2015-01-11,11,164,3.8500992086181687,240
2015-01-12,12,164,3.6803907407374448,264
2015-01-13,13,164,4.1174907699219405,288
2015-01-14,14,164,3.9590824793032287,312
2015-01-15,15,164,3.941409234202261,336
2015-01-16,16,164,4.002985538946885,360
2015-01-17,17,164,3.5113655661856056,384
2015-01-18,18,164,3.2514331693832363,408
2015-01-19,19,164,3.3441472912469257,432
2015-01-20,20,164,3.4405380190323256,456
2015-01-21,21,164,3.3778406289124066,480
2015-01-22,22,164,3.3665410160992257,504
2015-01-23,23,164,3.3396591574355434,528
2015-01-24,24,164,3.3601148621056844,552
2015-01-25,25,164,3.2821260529641814,576
2015-01-26,26,164,3.2085885775562795,600
2015-01-27,27,164,3.442302952058853,624
2015-01-28,28,164,3.3630448717693184,648
2015-01-29,29,164,3.555597759089582,672
2015-01-30,30,164,3.3823446930335024,696
2015-01-31,31,164,3.337078237133332,720
2015-02-01,32,164,3.3147374092466806,744
2015-02-02,33,164,3.306343492039803,768
2015-02-03,34,164,3.084270683960073,792
2015-02-04,35,164,3.0958711021745606,816
2015-02-05,36,164,3.0903458923126874,840
2015-02-06,37,164,3.1197070320780402,864
2015-02-07,38,164,3.0526762452698626,888
2015-02-08,39,164,3.1036547718242584,912
2015-02-09,40,164,3.162867213127708,936
2015-02-10,41,164,3.2371587996105315,960
2015-02-11,42,164,3.355514310561878,984
2015-02-12,43,164,3.434857438403839,1008
2015-02-13,44,164,3.5501781691178995,1032
2015-02-14,45,164,3.6943780913769984,1056
2015-02-15,46,164,3.5170963114449223,1080
2015-02-16,47,164,3.3972998420077967,1104
2015-02-17,48,164,3.4195807473260085,1128
2015-02-18,49,164,3.3327255212008517,1152
2015-02-19,50,164,3.441531257706321,1176
2015-02-20,51,164,3.74018912396051,1200
2015-02-21,52,164,3.5825632462583914,1224
2015-02-22,53,164,3.432449225318458,1248
2015-02-23,54,164,3.4823756849567147,1272
2015-02-24,55,164,3.5974258171255236,1296
2015-02-25,56,164,3.5486521625807232,1320
2015-02-26,57,164,3.475982492853196,1344
2015-02-27,58,164,3.5874205675174204,1368
2015-02-28,59,164,3.5366391528850847,1392
2015-03-01,60,164,3.8593292659465055,1416
2015-03-02,61,164,4.0935823705233725,1440
2015-03-03,62,164,3.908217777403447,1464
2015-03-04,63,164,3.605480196025465,1488
2015-03-05,64,164,3.4986354722695143,1512
2015-03-06,65,164,3.5337174961473905,1536
2015-03-07,66,164,3.753066517563012,1560
2015-03-08,67,164,4.060760775300074,1584
2015-03-09,68,164,4.220681887756016,1608
2015-03-10,69,164,4.270580503678349,1632
2015-03-11,70,164,4.174224058062227,1656
2015-03-12,71,164,3.831822897674692,1680
2015-03-13,72,164,3.754933389536269,1704
2015-03-14,73,164,3.735691144818967,1728
2015-03-15,74,164,3.747631816306877,1752
2015-03-16,75,164,4.277666835817178,1776
2015-03-17,76,164,4.536692241762967,1800
2015-03-18,77,164,4.664065610587333,1824
2015-03-19,78,164,4.518475346524228,1848
2015-03-20,79,164,4.365933700603087,1872
2015-03-21,80,164,4.14442866164876,1896
2015-03-22,81,164,3.7964360711990666,1920
2015-03-23,82,164,4.1487138584918295,1944
2015-03-24,83,164,4.5155204144547145,1968
2015-03-25,84,164,4.180181945606798,1992
2015-03-26,85,164,3.869238062210468,2016
2015-03-27,86,164,4.045139136995573,2040
2015-03-28,87,164,4.111666391449922,2064
2015-03-29,88,164,4.446209407539931,2088
2015-03-30,89,164,4.457534151610779,2112
2015-03-31,90,164,4.7151941331072615,2136
2015-04-01,91,164,3.8416707355487136,2160
2015-04-02,92,164,3.882929379933355,2184
2015-04-03,93,164,3.9227764674643097,2208
2015-04-04,94,164,3.8972887352287935,2232
2015-04-05,95,164,3.66339527850202,2256
2015-04-06,96,164,3.6865789401590896,2280
2015-04-07,97,164,3.836485704850149,2304
2015-04-08,98,164,4.2317806416635495,2328
2015-04-09,99,164,4.775941190020016,2352
2015-04-10,100,164,5.390132615393767,2376
2015-04-11,101,164,4.9011651564394185,2400
2015-04-12,102,164,5.132774263963649,2424
2015-04-13,103,164,5.320520928124375,2448
2015-04-14,104,164,5.285140686620326,2472
2015-04-15,105,164,5.7225391624951305,2496
2015-04-16,106,164,5.4912216300659935,2520
2015-04-17,107,164,4.94284022938743,2544
2015-04-18,108,164,4.299955743915069,2568
2015-04-19,109,164,4.390848284749594,2592
2015-04-20,110,164,4.764277863490364,2616
2015-04-21,111,164,5.1170893261415,2640
2015-04-22,112,164,5.540028955444807,2664
2015-04-23,113,164,4.8979415934894135,2688
2015-04-24,114,164,5.281592345330915,2712
2015-04-25,115,164,5.257465495968388,2736
2015-04-26,116,164,5.394460158069763,2760
2015-04-27,117,164,5.410469851030421,2784
2015-04-28,118,164,4.155037023740701,2808
2015-04-29,119,164,4.381091943951148,2832
2015-04-30,120,164,4.842956519966403,2856
2015-05-01,121,164,4.872002544808937,2880
2015-05-02,122,164,5.256547538844116,2904
2015-05-03,123,164,5.678372586006468,2928
2015-05-04,124,164,6.14999676535654,2952
2015-05-05,125,164,6.333923817614415,2976
2015-05-06,126,164,5.2910510164512905,3000
2015-05-07,127,164,5.19469874715911,3024
2015-05-08,128,164,5.463803260888685,3048
2015-05-09,129,164,5.57427900834675,3072
2015-05-10,130,164,5.655009239345424,3096
2015-05-11,131,164,6.518669423240133,3120
2015-05-12,132,164,7.656186416396017,3144
2015-05-13,133,164,7.75570643085016,3168
2015-05-14,134,164,6.46099540401685,3192
2015-05-15,135,164,4.224806792221478,3216
2015-05-16,136,164,5.142711696504269,3240
2015-05-17,137,164,5.569902523587875,3264
2015-05-18,138,164,6.031977133718987,3288
2015-05-19,139,164,5.0683389759398585,3312
2015-05-20,140,164,4.289181409826732,3336
2015-05-21,141,164,4.241721415126424,3360
2015-05-22,142,164,4.695212598472753,3384
2015-05-23,143,164,4.970493514353949,3408
2015-05-24,144,164,5.442260298914396,3432
2015-05-25,145,164,5.344038219269756,3456
2015-05-26,146,164,4.743689716390628,3480
2015-05-27,147,164,4.866212036062347,3504
2015-05-28,148,164,5.444051842614751,3528
2015-05-29,149,164,6.274669104208652,3552
2015-05-30,150,164,5.808873782105665,3576
2015-05-31,151,164,6.1426645963884345,3600
2015-06-01,152,164,6.512889115974895,3624
2015-06-02,153,164,6.996706405043974,3648
2015-06-03,154,164,7.857763800755793,3672
2015-06-04,155,164,8.173544408623838,3696
2015-06-05,156,164,9.484746463013844,3720
2015-06-06,157,164,8.961390779444045,3744
2015-06-07,158,164,7.962555066742567,3768
2015-06-08,159,164,6.550973712074829,3792
2015-06-09,160,164,5.503428130346285,3816
2015-06-10,161,164,5.888389498440992,3840
2015-06-11,162,164,7.031538747963637,3864
2015-06-12,163,164,7.640108629000567,3888
2015-06-13,164,164,7.430921282673906,3912
2015-06-14,165,164,6.502165005043992,3936
2015-06-15,166,164,5.993430232332737,3960
2015-06-16,167,164,5.967022973630416,3984
2015-06-17,168,164,6.053525962621176,4008
2015-06-18,169,164,5.863543057911799,4032
2015-06-19,170,164,5.903030121415753,4056
2015-06-20,171,164,5.3374857264683495,4080
2015-06-21,172,164,5.636161508577935,4104
2015-06-22,173,164,6.366334896886853,4128
2015-06-23,174,164,5.3401494373225615,4152
2015-06-24,175,164,5.722230329285742,4176
2015-06-25,176,164,6.4442835659189255,4200
2015-06-26,177,164,7.071941420856155,4224
2015-06-27,178,164,7.371487845449332,4248
2015-06-28,179,164,7.335187265128504,4272
2015-06-29,180,164,7.801026837970575,4296
2015-06-30,181,164,8.949893717182011,4320
2015-07-01,182,164,10.40144547241672,4344
2015-07-02,183,164,12.213200796423298,4368
2015-07-03,184,164,12.872331284240296,4392
2015-07-04,185,164,13.123621064732205,4416
2015-07-05,186,164,13.514517822821189,4440
2015-07-06,187,164,10.310649249649426,4464
2015-07-07,188,164,13.208496573151956,4488
2015-07-08,189,164,7.3241392695650624,4512
2015-07-09,190,164,6.598228191280957,4536
2015-07-10,191,164,6.981900919338286,4560
2015-07-11,192,164,9.135589497782533,4584
2015-07-12,193,164,8.590913859383821,4608
2015-07-13,194,164,8.19697918507492,4632
2015-07-14,195,164,8.784243053020841,4656
2015-07-15,196,164,9.141306445823641,4680
2015-07-16,197,164,11.051011280135565,4704
2015-07-17,198,164,10.625672475773175,4728
2015-07-18,199,164,8.731912404746486,4752
2015-07-19,200,164,9.446993022195636,4776
2015-07-20,201,164,9.553092287679556,4800
2015-07-21,202,164,11.114961671720183,4824
2015-07-22,203,164,9.653513867234468,4848
2015-07-23,204,164,7.748249128080722,4872
2015-07-24,205,164,8.435683208619464,4896
2015-07-25,206,164,6.716599006732032,4920
2015-07-26,207,164,5.920863857106633,4944
2015-07-27,208,164,6.878218179112049,4968
2015-07-28,209,164,6.524848867733432,4992
2015-07-29,210,164,5.829627195101074,5016
2015-07-30,211,164,5.7973200690879,5040
2015-07-31,212,164,6.309323966362642,5064
2015-08-01,213,164,6.173991442304354,5088
2015-08-02,214,164,7.077714809486452,5112
2015-08-03,215,164,8.802738513209293,5136
2015-08-04,216,164,7.817318786094543,5160
2015-08-05,217,164,8.636589818981646,5184
2015-08-06,218,164,11.788173326988671,5208
2015-08-07,219,164,12.775149091160285,5232
2015-08-08,220,164,10.867619016117553,5256
2015-08-09,221,164,8.004120245730805,5280
2015-08-10,222,164,7.834803126834347,5304
2015-08-11,223,164,8.718586433134746,5328
2015-08-12,224,164,9.774600531470853,5352
2015-08-13,225,164,9.148027567447363,5376
2015-08-14,226,164,6.775821350909207,5400
2015-08-15,227,164,5.857938570858496,5424
2015-08-16,228,164,5.6269171226033885,5448
2015-08-17,229,164,5.90839962271281,5472
2015-08-18,230,164,5.835943364732289,5496
2015-08-19,231,164,5.468329898399204,5520
2015-08-20,232,164,5.9274479488951135,5544
2015-08-21,233,164,6.401134915721723,5568
2015-08-22,234,164,6.651482411752094,5592
2015-08-23,235,164,6.458269264202977,5616
2015-08-24,236,164,6.093704173954878,5640
2015-08-25,237,164,5.857877357629485,5664
2015-08-26,238,164,6.7328078815091175,5688
2015-08-27,239,164,8.257580079796583,5712
2015-08-28,240,164,9.203352390411991,5736
2015-08-29,241,164,9.220110132056721,5760
2015-08-30,242,164,10.334938929009557,5784
2015-08-31,243,164,9.561241818832473,5808
2015-09-01,244,164,6.882472993569128,5832
2015-09-02,245,164,6.008809908686103,5856
2015-09-03,246,164,5.697786713639784,5880
2015-09-04,247,164,5.687639931403378,5904
2015-09-05,248,164,5.045255287087363,5928
2015-09-06,249,164,4.949346514882801,5952
2015-09-07,250,164,4.956659013864263,5976
2015-09-08,251,164,5.1602946422405145,6000
2015-09-09,252,164,5.340959298958143,6024
2015-09-10,253,164,5.059050111166062,6048
2015-09-11,254,164,5.496485010228566,6072
2015-09-12,255,164,6.390513914789537,6096
2015-09-13,256,164,6.3079611477759325,6120
2015-09-14,257,164,5.604736328295667,6144
2015-09-15,258,164,5.415731097944727,6168
2015-09-16,259,164,6.895096646975081,6192
2015-09-17,260,164,5.355401148669284,6216
2015-09-18,261,164,5.032463235580386,6240
2015-09-19,262,164,5.111317888215006,6264
2015-09-20,263,164,5.156012930009316,6288
2015-09-21,264,164,5.017687126648996,6312
2015-09-22,265,164,5.1651906687463285,6336
2015-09-23,266,164,4.485736672234298,6360
2015-09-24,267,164,4.7723201807460525,6384
2015-09-25,268,164,4.874908478962962,6408
2015-09-26,269,164,5.00627354639969,6432
2015-09-27,270,164,4.975898405170269,6456
2015-09-28,271,164,4.707404034413019,6480
2015-09-29,272,164,4.5895251926385185,6504
2015-09-30,273,164,4.445224736262249,6528
2015-10-01,274,164,4.4271989963350595,6552
2015-10-02,275,164,4.862976215853045,6576
2015-10-03,276,164,5.3538769964335104,6600
2015-10-04,277,164,5.018219985230298,6624
2015-10-05,278,164,5.528398523409664,6648
2015-10-06,279,164,5.627925551217651,6672
2015-10-07,280,164,5.110166981773836,6696
2015-10-08,281,164,4.822732436677192,6720
2015-10-09,282,164,4.807490409448334,6744
2015-10-10,283,164,4.6350473013139455,6768
2015-10-11,284,164,4.703210599129143,6792
2015-10-12,285,164,4.6961948748499385,6816
2015-10-13,286,164,4.50374132560233,6840
2015-10-14,287,164,4.031720926744508,6864
2015-10-15,288,164,3.844029713814388,6888
2015-10-16,289,164,3.8573181713597418,6912
2015-10-17,290,164,3.9536385546636432,6936
2015-10-18,291,164,4.168087614463154,6960
2015-10-19,292,164,4.111772645026967,6984
2015-10-20,293,164,3.9980604712650876,7008
2015-10-21,294,164,3.973528387182588,7032
2015-10-22,295,164,4.187424629025337,7056
2015-10-23,296,164,4.555143111559884,7080
2015-10-24,297,164,4.841378770664188,7104
2015-10-25,298,164,4.860021558512012,7128
2015-10-26,299,164,4.554542421926307,7152
2015-10-27,300,164,4.5007952381585605,7176
2015-10-28,301,164,4.82862847677972,7200
2015-10-29,302,164,4.54501784341022,7224
2015-10-30,303,164,4.615400381869449,7248
2015-10-31,304,164,4.505205047493244,7272
2015-11-01,305,164,4.4479037283414185,7296
2015-11-02,306,164,4.243108869848681,7320
2015-11-03,307,164,4.481958352703066,7344
2015-11-04,308,164,4.78196054853044,7368
2015-11-05,309,164,4.6544315242222565,7392
2015-11-06,310,164,5.074199723537983,7416
2015-11-07,311,164,5.249672811739857,7440
2015-11-08,312,164,5.212319097741167,7464
2015-11-09,313,164,5.45147086603002,7488
2015-11-10,314,164,4.85268176545163,7512
2015-11-11,315,164,4.452670946620971,7536
2015-11-12,316,164,4.276257183175208,7560
2015-11-13,317,164,4.4383093750366855,7584
2015-11-14,318,164,4.549376849574883,7608
2015-11-15,319,164,5.03521289672688,7632
2015-11-16,320,164,4.833501873988717,7656
2015-11-17,321,164,4.805038866040825,7680
2015-11-18,322,164,5.031924553771085,7704
2015-11-19,323,164,4.970492009835771,7728
2015-11-20,324,164,4.912780730339576,7752
2015-11-21,325,164,3.639257713888428,7776
2015-11-22,326,164,3.438581350784325,7800
2015-11-23,327,164,3.2764077545335226,7824
2015-11-24,328,164,3.2299894462482746,7848
2015-11-25,329,164,3.5700665359450547,7872
2015-11-26,330,164,3.5398742326214143,7896
2015-11-27,331,164,3.3778759570156884,7920
2015-11-28,332,164,3.429794158118822,7944
2015-11-29,333,164,3.763466019159972,7968
2015-11-30,334,164,4.277214034070767,7992
2015-12-01,335,164,4.13010642835552,8016
2015-12-02,336,164,3.801057246335149,8040
2015-12-03,337,164,3.674396844062213,8064
2015-12-04,338,164,3.88181592749489,8088
2015-12-05,339,164,3.906303096484688,8112
2015-12-06,340,164,4.000493395291541,8136
2015-12-07,341,164,4.031184953921047,8160
2015-12-08,342,164,3.8939313726164246,8184
2015-12-09,343,164,3.9484979855380464,8208
2015-12-10,344,164,3.5014531709060366,8232
2015-12-11,345,164,3.74170996249782,8256
2015-12-12,346,164,3.725612716772632,8280
2015-12-13,347,164,3.5871141397514488,8304
2015-12-14,348,164,3.616429830922701,8328
2015-12-15,349,164,3.818393140375495,8352
2015-12-16,350,164,4.287199022698224,8376
2015-12-17,351,164,4.233777908794477,8400
2015-12-18,352,164,4.284079987323021,8424
2015-12-19,353,164,4.265502649391124,8448
2015-12-20,354,164,4.180717039278273,8472
2015-12-21,355,164,4.274638584939751,8496
2015-12-22,356,164,4.151783095112273,8520
2015-12-23,357,164,4.144038173371039,8544
2015-12-24,358,164,4.134130758999806,8568
2015-12-25,359,164,4.1409789118169975,8592
2015-12-26,360,164,3.888882660414213,8616
2015-12-27,361,164,3.9532150795897176,8640
2015-12-28,362,164,3.8220480051830457,8664
2015-12-29,363,164,3.887913694559405,8688
2015-12-30,364,164,3.6897940386737202,8712
2015-12-31,365,164,3.885068250929494,8736
2015-01-01,1,165,3.163043201549105,0
2015-01-02,2,165,3.4621515281501978,24
2015-01-03,3,165,3.935118294978016,48
2015-01-04,4,165,3.960375044623627,72
2015-01-05,5,165,3.430704055731371,96
2015-01-06,6,165,3.4221339324291162,120
2015-01-07,7,165,3.5535299130810083,144
2015-01-08,8,165,3.93500507940585,168
2015-01-09,9,165,4.356617534167382,192
2015-01-10,10,165,5.295504538638624,216
2015-01-11,11,165,4.0553668357145485,240
2015-01-12,12,165,3.7970872415702175,264
2015-01-13,13,165,4.120070735762074,288
2015-01-14,14,165,4.177179204889175,312
2015-01-15,15,165,4.0589050487217095,336
2015-01-16,16,165,4.11581212030901,360
2015-01-17,17,165,3.637969863146218,384
2015-01-18,18,165,3.4343830413775835,408
2015-01-19,19,165,3.498929090878064,432
2015-01-20,20,165,3.5721220660420823,456
2015-01-21,21,165,3.546523850516728,480
2015-01-22,22,165,3.5425993100189714,504
2015-01-23,23,165,3.534428518170708,528
2015-01-24,24,165,3.5478737700318423,552
2015-01-25,25,165,3.4612980149389845,576
2015-01-26,26,165,3.364875712325018,600
2015-01-27,27,165,3.590134210490973,624
2015-01-28,28,165,3.521658023280456,648
2015-01-29,29,165,3.686322218498693,672
2015-01-30,30,165,3.5575301767833136,696
2015-01-31,31,165,3.504897183572118,720
2015-02-01,32,165,3.4786847256817746,744
2015-02-02,33,165,3.472624647109196,768
2015-02-03,34,165,3.2588295814756316,792
2015-02-04,35,165,3.2555094469587718,816
2015-02-05,36,165,3.2522620113221317,840
2015-02-06,37,165,3.2815987147859933,864
2015-02-07,38,165,3.1906803980132743,888
2015-02-08,39,165,3.2337519878944385,912
2015-02-09,40,165,3.2891076069594463,936
2015-02-10,41,165,3.356590938148853,960
2015-02-11,42,165,3.3719816404575247,984
2015-02-12,43,165,3.379661175132076,1008
2015-02-13,44,165,3.5089616356938365,1032
2015-02-14,45,165,3.762805111416582,1056
2015-02-15,46,165,3.630508961496438,1080
2015-02-16,47,165,3.4943824425773986,1104
2015-02-17,48,165,3.5188910401014137,1128
2015-02-18,49,165,3.486996097658228,1152
2015-02-19,50,165,3.5720004403341417,1176
2015-02-20,51,165,3.835544747001731,1200
2015-02-21,52,165,3.741157331518572,1224
2015-02-22,53,165,3.603546989218895,1248
2015-02-23,54,165,3.627707356862964,1272
2015-02-24,55,165,3.7950483644629283,1296
2015-02-25,56,165,3.7515426398048617,1320
2015-02-26,57,165,3.66502321010733,1344
2015-02-27,58,165,3.7452230053248763,1368
2015-02-28,59,165,3.72608117571998,1392
2015-03-01,60,165,4.02152359516844,1416
2015-03-02,61,165,4.346573952627445,1440
2015-03-03,62,165,4.130973473288259,1464
2015-03-04,63,165,3.829873277536798,1488
2015-03-05,64,165,3.728534768017012,1512
2015-03-06,65,165,3.742343261126209,1536
2015-03-07,66,165,3.865193361762609,1560
2015-03-08,67,165,4.1531133656630805,1584
2015-03-09,68,165,4.376450263300004,1608
2015-03-10,69,165,4.443442790807182,1632
2015-03-11,70,165,4.450885329701145,1656
2015-03-12,71,165,4.017733011301714,1680
2015-03-13,72,165,3.9303707338743084,1704
2015-03-14,73,165,3.9180984169355946,1728
2015-03-15,74,165,3.937916009450192,1752
2015-03-16,75,165,4.427171918081488,1776
2015-03-17,76,165,4.699333089825179,1800
2015-03-18,77,165,4.901990876275715,1824
2015-03-19,78,165,4.7768639959542485,1848
2015-03-20,79,165,4.5512099223876055,1872
2015-03-21,80,165,4.343115189370135,1896
2015-03-22,81,165,4.044871306020895,1920
2015-03-23,82,165,4.322611499182475,1944
2015-03-24,83,165,4.649122467347364,1968
2015-03-25,84,165,4.4071247693215145,1992
2015-03-26,85,165,4.128536683573273,2016
2015-03-27,86,165,4.304802604694232,2040
2015-03-28,87,165,4.31376653141281,2064
2015-03-29,88,165,4.698300539322827,2088
2015-03-30,89,165,4.8039004961778655,2112
2015-03-31,90,165,5.054479817628203,2136
2015-04-01,91,165,4.10077367954153,2160
2015-04-02,92,165,4.084037931176811,2184
2015-04-03,93,165,4.107730944469504,2208
2015-04-04,94,165,4.115662585851769,2232
2015-04-05,95,165,3.89267564481089,2256
2015-04-06,96,165,3.8859575673806894,2280
2015-04-07,97,165,4.035543929683145,2304
2015-04-08,98,165,4.392432372757078,2328
2015-04-09,99,165,4.930595693691365,2352
2015-04-10,100,165,5.563570088573232,2376
2015-04-11,101,165,5.265034087230166,2400
2015-04-12,102,165,5.425658392950934,2424
2015-04-13,103,165,5.646837897670789,2448
2015-04-14,104,165,5.577593334266448,2472
2015-04-15,105,165,5.878171002881397,2496
2015-04-16,106,165,5.7319228547776255,2520
2015-04-17,107,165,5.229015801811949,2544
2015-04-18,108,165,4.6012397451158416,2568
2015-04-19,109,165,4.674205782154206,2592
2015-04-20,110,165,5.042518439227743,2616
2015-04-21,111,165,5.4291889948882925,2640
2015-04-22,112,165,5.752408094834478,2664
2015-04-23,113,165,5.199300286303346,2688
2015-04-24,114,165,5.494339740093137,2712
2015-04-25,115,165,5.553324482858052,2736
2015-04-26,116,165,5.793351080078943,2760
2015-04-27,117,165,5.876143684703712,2784
2015-04-28,118,165,4.466055869447327,2808
2015-04-29,119,165,4.633489761638479,2832
2015-04-30,120,165,5.185582622158764,2856
2015-05-01,121,165,5.0957749712297815,2880
2015-05-02,122,165,5.578469914044126,2904
2015-05-03,123,165,5.952786354477928,2928
2015-05-04,124,165,6.494010502536697,2952
2015-05-05,125,165,6.683356008734669,2976
2015-05-06,126,165,5.684813187208196,3000
2015-05-07,127,165,5.529941560534733,3024
2015-05-08,128,165,5.758472953307602,3048
2015-05-09,129,165,6.011433612089549,3072
2015-05-10,130,165,6.055274666469778,3096
2015-05-11,131,165,6.735738555302545,3120
2015-05-12,132,165,8.087937083102034,3144
2015-05-13,133,165,8.474270507848999,3168
2015-05-14,134,165,7.0706095298599845,3192
2015-05-15,135,165,4.51785552011899,3216
2015-05-16,136,165,5.4970861706429055,3240
2015-05-17,137,165,6.046823378836808,3264
2015-05-18,138,165,6.441138363858154,3288
2015-05-19,139,165,5.462998205159357,3312
2015-05-20,140,165,4.6433509184963615,3336
2015-05-21,141,165,4.542929117105131,3360
2015-05-22,142,165,5.0545024971742665,3384
2015-05-23,143,165,5.3885228554401525,3408
2015-05-24,144,165,5.899731108154961,3432
2015-05-25,145,165,5.750658115149219,3456
2015-05-26,146,165,5.152616446917516,3480
2015-05-27,147,165,5.226001941211772,3504
2015-05-28,148,165,5.773014950511904,3528
2015-05-29,149,165,6.717214525999893,3552
2015-05-30,150,165,6.350760464178209,3576
2015-05-31,151,165,6.65446184551327,3600
2015-06-01,152,165,6.994361868642505,3624
2015-06-02,153,165,7.646568737503216,3648
2015-06-03,154,165,8.509106437074715,3672
2015-06-04,155,165,8.884098989251447,3696
2015-06-05,156,165,10.298719413440805,3720
2015-06-06,157,165,10.000351284844276,3744
2015-06-07,158,165,8.85448571362096,3768
2015-06-08,159,165,7.090848131678497,3792
2015-06-09,160,165,5.912357364546473,3816
2015-06-10,161,165,6.353371321192918,3840
2015-06-11,162,165,7.615245813637518,3864
2015-06-12,163,165,8.371356062051312,3888
2015-06-13,164,165,8.23016421140057,3912
2015-06-14,165,165,7.148924189033381,3936
2015-06-15,166,165,6.4767940651761675,3960
2015-06-16,167,165,6.528145007797441,3984
2015-06-17,168,165,6.627736851379732,4008
2015-06-18,169,165,6.298465090887167,4032
2015-06-19,170,165,6.43846610907967,4056
2015-06-20,171,165,5.740082052034054,4080
2015-06-21,172,165,6.052431255943736,4104
2015-06-22,173,165,6.924951217608285,4128
2015-06-23,174,165,5.840477263423619,4152
2015-06-24,175,165,6.17230901040861,4176
2015-06-25,176,165,6.8846695785027245,4200
2015-06-26,177,165,7.6289079446295505,4224
2015-06-27,178,165,7.953193157219403,4248
2015-06-28,179,165,8.036586049679702,4272
2015-06-29,180,165,8.388323736798034,4296
2015-06-30,181,165,9.68857046793689,4320
2015-07-01,182,165,11.250442334551892,4344
2015-07-02,183,165,13.335390677625178,4368
2015-07-03,184,165,14.459023990229126,4392
2015-07-04,185,165,15.346782470934036,4416
2015-07-05,186,165,15.716669395408099,4440
2015-07-06,187,165,11.90679199690478,4464
2015-07-07,188,165,15.131100929324033,4488
2015-07-08,189,165,8.283970501927543,4512
2015-07-09,190,165,7.415895020147968,4536
2015-07-10,191,165,7.606163009197817,4560
2015-07-11,192,165,9.988293568460453,4584
2015-07-12,193,165,9.644170267422025,4608
2015-07-13,194,165,9.27581840749992,4632
2015-07-14,195,165,9.936694605588672,4656
2015-07-15,196,165,10.23456134654494,4680
2015-07-16,197,165,12.175840397769127,4704
2015-07-17,198,165,12.07792555136809,4728
2015-07-18,199,165,9.600334211565944,4752
2015-07-19,200,165,10.818812369846642,4776
2015-07-20,201,165,11.026685036503231,4800
2015-07-21,202,165,12.773503683621259,4824
2015-07-22,203,165,11.043630614773948,4848
2015-07-23,204,165,8.740142370582173,4872
2015-07-24,205,165,9.431075855779767,4896
2015-07-25,206,165,7.527037115215356,4920
2015-07-26,207,165,6.493687202035076,4944
2015-07-27,208,165,7.582951671892282,4968
2015-07-28,209,165,7.2703821358929535,4992
2015-07-29,210,165,6.265872954890437,5016
2015-07-30,211,165,6.344916881434304,5040
2015-07-31,212,165,6.8678195836096325,5064
2015-08-01,213,165,6.602285035536183,5088
2015-08-02,214,165,7.758950689594243,5112
2015-08-03,215,165,9.42151969410367,5136
2015-08-04,216,165,8.469407928747598,5160
2015-08-05,217,165,9.497124867371413,5184
2015-08-06,218,165,12.7262144351685,5208
2015-08-07,219,165,14.044243407437403,5232
2015-08-08,220,165,12.646035562266352,5256
2015-08-09,221,165,9.06923037314575,5280
2015-08-10,222,165,8.865274132982336,5304
2015-08-11,223,165,9.797553436305448,5328
2015-08-12,224,165,10.948535803347543,5352
2015-08-13,225,165,10.228797330775768,5376
2015-08-14,226,165,7.4426947876778335,5400
2015-08-15,227,165,6.4206563826957055,5424
2015-08-16,228,165,6.132831965537092,5448
2015-08-17,229,165,6.472933917045956,5472
2015-08-18,230,165,6.388524091202855,5496
2015-08-19,231,165,5.970908263496318,5520
2015-08-20,232,165,6.39277606283571,5544
2015-08-21,233,165,6.9136538875612255,5568
2015-08-22,234,165,7.155768726604848,5592
2015-08-23,235,165,6.9049509669883165,5616
2015-08-24,236,165,6.549123881849622,5640
2015-08-25,237,165,6.32128941373288,5664
2015-08-26,238,165,7.012649158566457,5688
2015-08-27,239,165,8.823335947302457,5712
2015-08-28,240,165,9.99532943978634,5736
2015-08-29,241,165,9.993498595034703,5760
2015-08-30,242,165,11.127808385052624,5784
2015-08-31,243,165,10.505359618989,5808
2015-09-01,244,165,7.431088510436911,5832
2015-09-02,245,165,6.6733201316540205,5856
2015-09-03,246,165,6.218796262729629,5880
2015-09-04,247,165,6.230629507582713,5904
2015-09-05,248,165,5.536276594690444,5928
2015-09-06,249,165,5.30957411967453,5952
2015-09-07,250,165,5.296918745166163,5976
2015-09-08,251,165,5.544349757341722,6000
2015-09-09,252,165,5.755614762692628,6024
2015-09-10,253,165,5.426439557843831,6048
2015-09-11,254,165,5.8064782938887785,6072
2015-09-12,255,165,6.939837430151397,6096
2015-09-13,256,165,6.839138435800004,6120
2015-09-14,257,165,6.0413269416551945,6144
2015-09-15,258,165,5.8369757278831065,6168
2015-09-16,259,165,7.143501616254326,6192
2015-09-17,260,165,5.705042004181893,6216
2015-09-18,261,165,5.330007694201585,6240
2015-09-19,262,165,5.421532510629059,6264
2015-09-20,263,165,5.535162796920477,6288
2015-09-21,264,165,5.280016655469881,6312
2015-09-22,265,165,5.458444398007902,6336
2015-09-23,266,165,4.8119468435620565,6360
2015-09-24,267,165,5.09251489775322,6384
2015-09-25,268,165,5.1660567711814265,6408
2015-09-26,269,165,5.36693562056055,6432
2015-09-27,270,165,5.438332246526008,6456
2015-09-28,271,165,5.047815625211464,6480
2015-09-29,272,165,4.954800481962033,6504
2015-09-30,273,165,4.737462421669872,6528
2015-10-01,274,165,4.687470733838175,6552
2015-10-02,275,165,5.071616680818945,6576
2015-10-03,276,165,5.677403471680753,6600
2015-10-04,277,165,5.335410384277647,6624
2015-10-05,278,165,5.740290222514767,6648
2015-10-06,279,165,5.8905449081269055,6672
2015-10-07,280,165,5.519761868749237,6696
2015-10-08,281,165,5.156653659539937,6720
2015-10-09,282,165,5.130288275793417,6744
2015-10-10,283,165,4.9240546232730855,6768
2015-10-11,284,165,5.089153838929713,6792
2015-10-12,285,165,4.934199624981511,6816
2015-10-13,286,165,4.70858990911564,6840
2015-10-14,287,165,4.28764460936013,6864
2015-10-15,288,165,4.076911534179345,6888
2015-10-16,289,165,4.088591215978785,6912
2015-10-17,290,165,4.12909978948044,6936
2015-10-18,291,165,4.332719411610846,6960
2015-10-19,292,165,4.3299424737988215,6984
2015-10-20,293,165,4.20497506579683,7008
2015-10-21,294,165,4.197964560612299,7032
2015-10-22,295,165,4.396685204572966,7056
2015-10-23,296,165,4.797995391026916,7080
2015-10-24,297,165,4.972279131295114,7104
2015-10-25,298,165,5.028510868744287,7128
2015-10-26,299,165,4.72228446883936,7152
2015-10-27,300,165,4.648375172397252,7176
2015-10-28,301,165,4.974004163577893,7200
2015-10-29,302,165,4.829342463560349,7224
2015-10-30,303,165,4.811505670729254,7248
2015-10-31,304,165,4.681747878140077,7272
2015-11-01,305,165,4.5123121243074715,7296
2015-11-02,306,165,4.3384951366784845,7320
2015-11-03,307,165,4.428339164913818,7344
2015-11-04,308,165,4.680701306758921,7368
2015-11-05,309,165,4.699894957355012,7392
2015-11-06,310,165,5.105829488920054,7416
2015-11-07,311,165,5.36211964118814,7440
2015-11-08,312,165,5.190051440067641,7464
2015-11-09,313,165,5.445291255090754,7488
2015-11-10,314,165,4.964724815815792,7512
2015-11-11,315,165,4.443305301985753,7536
2015-11-12,316,165,4.278119164291124,7560
2015-11-13,317,165,4.465102146781447,7584
2015-11-14,318,165,4.7485441434558435,7608
2015-11-15,319,165,5.11376941319733,7632
2015-11-16,320,165,4.830948675135594,7656
2015-11-17,321,165,4.9688850515847225,7680
2015-11-18,322,165,5.332882883235505,7704
2015-11-19,323,165,5.298302315127165,7728
2015-11-20,324,165,5.174756555660977,7752
2015-11-21,325,165,3.8518912698686143,7776
2015-11-22,326,165,3.626977565646607,7800
2015-11-23,327,165,3.4904329740201354,7824
2015-11-24,328,165,3.423584878390695,7848
2015-11-25,329,165,3.7035294734976034,7872
2015-11-26,330,165,3.7374487551953455,7896
2015-11-27,331,165,3.592105661635568,7920
2015-11-28,332,165,3.5844693283288787,7944
2015-11-29,333,165,3.9314209983530013,7968
2015-11-30,334,165,4.5217535403479046,7992
2015-12-01,335,165,4.370696962303648,8016
2015-12-02,336,165,3.823679932806016,8040
2015-12-03,337,165,3.631637233024884,8064
2015-12-04,338,165,3.849566459796332,8088
2015-12-05,339,165,3.961281531012205,8112
2015-12-06,340,165,4.0195099334394975,8136
2015-12-07,341,165,3.9473377409332726,8160
2015-12-08,342,165,3.848692463244592,8184
2015-12-09,343,165,4.078612441870545,8208
2015-12-10,344,165,3.6391720369804883,8232
2015-12-11,345,165,3.7281370646578176,8256
2015-12-12,346,165,3.7977671252557546,8280
2015-12-13,347,165,3.6073031463975225,8304
2015-12-14,348,165,3.5516327679504744,8328
2015-12-15,349,165,3.734302391321077,8352
2015-12-16,350,165,4.3026501818413285,8376
2015-12-17,351,165,4.279119642763156,8400
2015-12-18,352,165,4.24202686259106,8424
2015-12-19,353,165,4.137585129753837,8448
2015-12-20,354,165,4.046479349557776,8472
2015-12-21,355,165,4.3724405120229655,8496
2015-12-22,356,165,4.2451003457693215,8520
2015-12-23,357,165,4.255185993786698,8544
2015-12-24,358,165,4.1544796723134425,8568
2015-12-25,359,165,4.143312270298333,8592
2015-12-26,360,165,3.8437783197865327,8616
2015-12-27,361,165,3.773597643828185,8640
2015-12-28,362,165,3.6143180822426,8664
2015-12-29,363,165,3.720259272686541,8688
2015-12-30,364,165,3.741932368758552,8712
2015-12-31,365,165,3.9425314007742567,8736
2015-01-01,1,166,3.1319768393721037,0
2015-01-02,2,166,3.4400278182946784,24
2015-01-03,3,166,3.9416818583256257,48
2015-01-04,4,166,3.9382384304723663,72
2015-01-05,5,166,3.3891564617676844,96
2015-01-06,6,166,3.3662323848061595,120
2015-01-07,7,166,3.5469737283344123,144
2015-01-08,8,166,3.9387018763472414,168
2015-01-09,9,166,4.392964367366892,192
2015-01-10,10,166,5.410139057537968,216
2015-01-11,11,166,4.061704004031153,240
2015-01-12,12,166,3.769956416673885,264
2015-01-13,13,166,4.029630633346342,288
2015-01-14,14,166,4.185281870783773,312
2015-01-15,15,166,3.9544319085443522,336
2015-01-16,16,166,4.023212574633295,360
2015-01-17,17,166,3.6214309881231705,384
2015-01-18,18,166,3.428082122658862,408
2015-01-19,19,166,3.5013963309286145,432
2015-01-20,20,166,3.5770511574907617,456
2015-01-21,21,166,3.5533823515284286,480
2015-01-22,22,166,3.5409122884337907,504
2015-01-23,23,166,3.533678027562672,528
2015-01-24,24,166,3.5456315143519985,552
2015-01-25,25,166,3.451599319282616,576
2015-01-26,26,166,3.3597089635632984,600
2015-01-27,27,166,3.5970029345162127,624
2015-01-28,28,166,3.518263824015404,648
2015-01-29,29,166,3.690809695040292,672
2015-01-30,30,166,3.56228860831321,696
2015-01-31,31,166,3.5250291337998823,720
2015-02-01,32,166,3.4919452868662817,744
2015-02-02,33,166,3.482895278213768,768
2015-02-03,34,166,3.2699112212793726,792
2015-02-04,35,166,3.2557717844904626,816
2015-02-05,36,166,3.2536423456454746,840
2015-02-06,37,166,3.2844802729341014,864
2015-02-07,38,166,3.166315707101988,888
2015-02-08,39,166,3.19062632312465,912
2015-02-09,40,166,3.2523386256615496,936
2015-02-10,41,166,3.3269680643500466,960
2015-02-11,42,166,3.3405091205390667,984
2015-02-12,43,166,3.3433331315080923,1008
2015-02-13,44,166,3.4638974404124223,1032
2015-02-14,45,166,3.702824435180146,1056
2015-02-15,46,166,3.612453309209617,1080
2015-02-16,47,166,3.4831104876706545,1104
2015-02-17,48,166,3.5072832768919984,1128
2015-02-18,49,166,3.4694081036253124,1152
2015-02-19,50,166,3.5720880800438364,1176
2015-02-20,51,166,3.767741934871763,1200
2015-02-21,52,166,3.6984549221701073,1224
2015-02-22,53,166,3.59419210422842,1248
2015-02-23,54,166,3.6136310204817415,1272
2015-02-24,55,166,3.800557949429933,1296
2015-02-25,56,166,3.749186494621529,1320
2015-02-26,57,166,3.6433417303713966,1344
2015-02-27,58,166,3.7380157519387964,1368
2015-02-28,59,166,3.7198191123692514,1392
2015-03-01,60,166,4.01692364821049,1416
2015-03-02,61,166,4.3550812097271345,1440
2015-03-03,62,166,4.133496995695893,1464
2015-03-04,63,166,3.827923464415496,1488
2015-03-05,64,166,3.7203481412525767,1512
2015-03-06,65,166,3.717766243880969,1536
2015-03-07,66,166,3.8335829158084516,1560
2015-03-08,67,166,4.118682919856909,1584
2015-03-09,68,166,4.344483495141349,1608
2015-03-10,69,166,4.410347561813626,1632
2015-03-11,70,166,4.458362411250455,1656
2015-03-12,71,166,4.000318379180596,1680
2015-03-13,72,166,3.922107043677197,1704
2015-03-14,73,166,3.9040903120157786,1728
2015-03-15,74,166,3.923930252464118,1752
2015-03-16,75,166,4.358602086163832,1776
2015-03-17,76,166,4.653503472070418,1800
2015-03-18,77,166,4.8807933182058,1824
2015-03-19,78,166,4.768904462828028,1848
2015-03-20,79,166,4.529785996329316,1872
2015-03-21,80,166,4.326875285014772,1896
2015-03-22,81,166,4.034978924291998,1920
2015-03-23,82,166,4.335336049894962,1944
2015-03-24,83,166,4.595370700533494,1968
2015-03-25,84,166,4.370777641238175,1992
2015-03-26,85,166,4.1181442420877525,2016
2015-03-27,86,166,4.310318435395319,2040
2015-03-28,87,166,4.298696438749978,2064
2015-03-29,88,166,4.7327581984453575,2088
2015-03-30,89,166,4.819488241048564,2112
2015-03-31,90,166,5.084443371286901,2136
2015-04-01,91,166,4.097928624599594,2160
2015-04-02,92,166,4.0999031152703385,2184
2015-04-03,93,166,4.075884287871179,2208
2015-04-04,94,166,4.104963270686539,2232
2015-04-05,95,166,3.8763776352339168,2256
2015-04-06,96,166,3.8664985713739286,2280
2015-04-07,97,166,4.004832948122534,2304
2015-04-08,98,166,4.359610446743903,2328
2015-04-09,99,166,4.907033824737104,2352
2015-04-10,100,166,5.509920856363191,2376
2015-04-11,101,166,5.314602740836347,2400
2015-04-12,102,166,5.412232289940971,2424
2015-04-13,103,166,5.608197512123768,2448
2015-04-14,104,166,5.527701470778366,2472
2015-04-15,105,166,5.798972803903798,2496
2015-04-16,106,166,5.685176980317588,2520
2015-04-17,107,166,5.237294096135919,2544
2015-04-18,108,166,4.601276790932663,2568
2015-04-19,109,166,4.6953003077478535,2592
2015-04-20,110,166,5.02364235307338,2616
2015-04-21,111,166,5.420469576695938,2640
2015-04-22,112,166,5.734910132616174,2664
2015-04-23,113,166,5.206144349673915,2688
2015-04-24,114,166,5.464359227668783,2712
2015-04-25,115,166,5.543417331456492,2736
2015-04-26,116,166,5.784471812610303,2760
2015-04-27,117,166,5.897448017618687,2784
2015-04-28,118,166,4.458068345880756,2808
2015-04-29,119,166,4.628326758189607,2832
2015-04-30,120,166,5.190847750523916,2856
2015-05-01,121,166,5.108286975891762,2880
2015-05-02,122,166,5.603596366646731,2904
2015-05-03,123,166,5.970370883418857,2928
2015-05-04,124,166,6.503851257907798,2952
2015-05-05,125,166,6.590224315849942,2976
2015-05-06,126,166,5.716827570635671,3000
2015-05-07,127,166,5.524442839887671,3024
2015-05-08,128,166,5.791910208058481,3048
2015-05-09,129,166,6.048654441308641,3072
2015-05-10,130,166,6.073563904727562,3096
2015-05-11,131,166,6.7372299735323615,3120
2015-05-12,132,166,8.047520382186727,3144
2015-05-13,133,166,8.614785552537253,3168
2015-05-14,134,166,7.085430696327291,3192
2015-05-15,135,166,4.51105531214884,3216
2015-05-16,136,166,5.486798725318264,3240
2015-05-17,137,166,6.063205396667758,3264
2015-05-18,138,166,6.4459304429330135,3288
2015-05-19,139,166,5.433583466163237,3312
2015-05-20,140,166,4.647913946045175,3336
2015-05-21,141,166,4.555131564169204,3360
2015-05-22,142,166,5.056135833624435,3384
2015-05-23,143,166,5.371724336728259,3408
2015-05-24,144,166,5.922310703956463,3432
2015-05-25,145,166,5.755088696387376,3456
2015-05-26,146,166,5.1542078083801774,3480
2015-05-27,147,166,5.175634577048525,3504
2015-05-28,148,166,5.769332057574781,3528
2015-05-29,149,166,6.740055376306072,3552
2015-05-30,150,166,6.3665252215678665,3576
2015-05-31,151,166,6.681334862023458,3600
2015-06-01,152,166,7.043388151109824,3624
2015-06-02,153,166,7.6850411898548945,3648
2015-06-03,154,166,8.469498259288848,3672
2015-06-04,155,166,8.903892442428434,3696
2015-06-05,156,166,10.346680478166126,3720
2015-06-06,157,166,10.0771088131089,3744
2015-06-07,158,166,8.984881921243643,3768
2015-06-08,159,166,7.074780986359737,3792
2015-06-09,160,166,5.874979057503152,3816
2015-06-10,161,166,6.3447192443196885,3840
2015-06-11,162,166,7.6596124784441635,3864
2015-06-12,163,166,8.273086189261718,3888
2015-06-13,164,166,8.276213779510378,3912
2015-06-14,165,166,7.237000028907338,3936
2015-06-15,166,166,6.4914732944075775,3960
2015-06-16,167,166,6.552955475041933,3984
2015-06-17,168,166,6.6162584443710495,4008
2015-06-18,169,166,6.269165364745835,4032
2015-06-19,170,166,6.4556380929423725,4056
2015-06-20,171,166,5.77245261795424,4080
2015-06-21,172,166,6.023624722818385,4104
2015-06-22,173,166,6.940801970786585,4128
2015-06-23,174,166,5.840161297409807,4152
2015-06-24,175,166,6.128996117264997,4176
2015-06-25,176,166,6.873468568148504,4200
2015-06-26,177,166,7.639464248129323,4224
2015-06-27,178,166,8.003803190722596,4248
2015-06-28,179,166,8.042006434797933,4272
2015-06-29,180,166,8.337448567674118,4296
2015-06-30,181,166,9.625590763707653,4320
2015-07-01,182,166,11.173423942076703,4344
2015-07-02,183,166,13.294284377712565,4368
2015-07-03,184,166,14.552763510529596,4392
2015-07-04,185,166,15.235012334707413,4416
2015-07-05,186,166,16.043136720357403,4440
2015-07-06,187,166,11.995924227716534,4464
2015-07-07,188,166,15.460879987742985,4488
2015-07-08,189,166,8.325538783281967,4512
2015-07-09,190,166,7.403075456275397,4536
2015-07-10,191,166,7.603695601854702,4560
2015-07-11,192,166,9.929175684727003,4584
2015-07-12,193,166,9.630841577335122,4608
2015-07-13,194,166,9.254571761298985,4632
2015-07-14,195,166,9.951672177448694,4656
2015-07-15,196,166,10.217867382194136,4680
2015-07-16,197,166,12.088687627852115,4704
2015-07-17,198,166,11.894165521514664,4728
2015-07-18,199,166,9.53247789942659,4752
2015-07-19,200,166,10.878581818179093,4776
2015-07-20,201,166,11.167315378487713,4800
2015-07-21,202,166,12.895072183184793,4824
2015-07-22,203,166,11.105506492356405,4848
2015-07-23,204,166,8.777946201194307,4872
2015-07-24,205,166,9.537351054381004,4896
2015-07-25,206,166,7.508086211369301,4920
2015-07-26,207,166,6.4601763507330805,4944
2015-07-27,208,166,7.636931881391739,4968
2015-07-28,209,166,7.291024156606528,4992
2015-07-29,210,166,6.222499575570363,5016
2015-07-30,211,166,6.343337747295085,5040
2015-07-31,212,166,6.888369009090923,5064
2015-08-01,213,166,6.6379980817121815,5088
2015-08-02,214,166,7.83504724584393,5112
2015-08-03,215,166,9.379575572000855,5136
2015-08-04,216,166,8.455324521060806,5160
2015-08-05,217,166,9.612485719124463,5184
2015-08-06,218,166,12.526411223943555,5208
2015-08-07,219,166,14.113484021906164,5232
2015-08-08,220,166,13.191515230859844,5256
2015-08-09,221,166,9.343144163034056,5280
2015-08-10,222,166,9.0097754675688,5304
2015-08-11,223,166,9.925664533738127,5328
2015-08-12,224,166,10.97751952957149,5352
2015-08-13,225,166,10.336410430731323,5376
2015-08-14,226,166,7.487214698676461,5400
2015-08-15,227,166,6.453830529497599,5424
2015-08-16,228,166,6.1363285728044605,5448
2015-08-17,229,166,6.461449017785248,5472
2015-08-18,230,166,6.414120145831633,5496
2015-08-19,231,166,5.968544407740924,5520
2015-08-20,232,166,6.3979910995607785,5544
2015-08-21,233,166,6.908828834808243,5568
2015-08-22,234,166,7.153376650561548,5592
2015-08-23,235,166,6.851492156338709,5616
2015-08-24,236,166,6.538019186815009,5640
2015-08-25,237,166,6.328101274827068,5664
2015-08-26,238,166,6.990679515778044,5688
2015-08-27,239,166,8.73237575445666,5712
2015-08-28,240,166,10.058519899806084,5736
2015-08-29,241,166,10.144044700703473,5760
2015-08-30,242,166,11.157236569008198,5784
2015-08-31,243,166,10.433849027887288,5808
2015-09-01,244,166,7.396138268233034,5832
2015-09-02,245,166,6.697772641895143,5856
2015-09-03,246,166,6.250148499433384,5880
2015-09-04,247,166,6.248041776667358,5904
2015-09-05,248,166,5.5658616723161956,5928
2015-09-06,249,166,5.334637589578403,5952
2015-09-07,250,166,5.275889085428178,5976
2015-09-08,251,166,5.555207542225629,6000
2015-09-09,252,166,5.751987744778713,6024
2015-09-10,253,166,5.3922851735359085,6048
2015-09-11,254,166,5.804659336657639,6072
2015-09-12,255,166,6.937225346532737,6096
2015-09-13,256,166,6.8223163725078235,6120
2015-09-14,257,166,6.077152398277558,6144
2015-09-15,258,166,5.837203002227732,6168
2015-09-16,259,166,6.776435926241508,6192
2015-09-17,260,166,5.601825367726563,6216
2015-09-18,261,166,5.328878779594512,6240
2015-09-19,262,166,5.4215306072484015,6264
2015-09-20,263,166,5.529283456267991,6288
2015-09-21,264,166,5.2913912042585896,6312
2015-09-22,265,166,5.466332726207511,6336
2015-09-23,266,166,4.828665328751587,6360
2015-09-24,267,166,5.067554385704739,6384
2015-09-25,268,166,5.10008487599478,6408
2015-09-26,269,166,5.337740147028042,6432
2015-09-27,270,166,5.454653715682447,6456
2015-09-28,271,166,5.035463661202117,6480
2015-09-29,272,166,4.992885167119968,6504
2015-09-30,273,166,4.731096458763234,6528
2015-10-01,274,166,4.677759582880757,6552
2015-10-02,275,166,5.052915474142138,6576
2015-10-03,276,166,5.706934663192397,6600
2015-10-04,277,166,5.363280613843782,6624
2015-10-05,278,166,5.7530401111352445,6648
2015-10-06,279,166,5.852864478122353,6672
2015-10-07,280,166,5.542029564526608,6696
2015-10-08,281,166,5.16901536130288,6720
2015-10-09,282,166,5.0994651474332615,6744
2015-10-10,283,166,4.919255628277728,6768
2015-10-11,284,166,5.086521923070985,6792
2015-10-12,285,166,4.924730076818848,6816
2015-10-13,286,166,4.662634467929499,6840
2015-10-14,287,166,4.293025514232081,6864
2015-10-15,288,166,4.073340771171748,6888
2015-10-16,289,166,4.055547908613374,6912
2015-10-17,290,166,4.091925032687463,6936
2015-10-18,291,166,4.307948209061845,6960
2015-10-19,292,166,4.3150239389055285,6984
2015-10-20,293,166,4.181543027482955,7008
2015-10-21,294,166,4.166372308671609,7032
2015-10-22,295,166,4.3843244740815015,7056
2015-10-23,296,166,4.816519695472693,7080
2015-10-24,297,166,5.00890790743708,7104
2015-10-25,298,166,5.016841307430249,7128
2015-10-26,299,166,4.744217673972093,7152
2015-10-27,300,166,4.660389141328653,7176
2015-10-28,301,166,4.946683216090767,7200
2015-10-29,302,166,4.839202264611561,7224
2015-10-30,303,166,4.84332827038549,7248
2015-10-31,304,166,4.713948770609295,7272
2015-11-01,305,166,4.520972345339585,7296
2015-11-02,306,166,4.316045239080706,7320
2015-11-03,307,166,4.33352479292517,7344
2015-11-04,308,166,4.5864924297403835,7368
2015-11-05,309,166,4.651065832870827,7392
2015-11-06,310,166,5.068756415750134,7416
2015-11-07,311,166,5.3610674165745005,7440
2015-11-08,312,166,5.141804907625015,7464
2015-11-09,313,166,5.402086604393934,7488
2015-11-10,314,166,4.928580630661669,7512
2015-11-11,315,166,4.387263719171777,7536
2015-11-12,316,166,4.237198206126687,7560
2015-11-13,317,166,4.479894947022284,7584
2015-11-14,318,166,4.738873258513394,7608
2015-11-15,319,166,5.1482613079350825,7632
2015-11-16,320,166,4.758648765177559,7656
2015-11-17,321,166,4.98038745489571,7680
2015-11-18,322,166,5.4127731183245515,7704
2015-11-19,323,166,5.389392636098753,7728
2015-11-20,324,166,5.21860157370989,7752
2015-11-21,325,166,3.850116789931076,7776
2015-11-22,326,166,3.630819384967799,7800
2015-11-23,327,166,3.4928705395729684,7824
2015-11-24,328,166,3.412295631709052,7848
2015-11-25,329,166,3.7170618304228453,7872
2015-11-26,330,166,3.730220215622935,7896
2015-11-27,331,166,3.6042922350990985,7920
2015-11-28,332,166,3.5915079024688468,7944
2015-11-29,333,166,3.967734225630632,7968
2015-11-30,334,166,4.6072028162401395,7992
2015-12-01,335,166,4.429278527876229,8016
2015-12-02,336,166,3.7863600430243056,8040
2015-12-03,337,166,3.6021320221850908,8064
2015-12-04,338,166,3.820389986874678,8088
2015-12-05,339,166,3.9180294037269663,8112
2015-12-06,340,166,3.9872038876343887,8136
2015-12-07,341,166,3.8669381835029584,8160
2015-12-08,342,166,3.7871908474227176,8184
2015-12-09,343,166,4.032945313925993,8208
2015-12-10,344,166,3.628535543675357,8232
2015-12-11,345,166,3.7044402270181434,8256
2015-12-12,346,166,3.8235147836662255,8280
2015-12-13,347,166,3.575674156246224,8304
2015-12-14,348,166,3.4861620856716944,8328
2015-12-15,349,166,3.6575634673548754,8352
2015-12-16,350,166,4.277489981274568,8376
2015-12-17,351,166,4.274761532411877,8400
2015-12-18,352,166,4.204779738376759,8424
2015-12-19,353,166,4.063268426002163,8448
2015-12-20,354,166,3.9651259092304216,8472
2015-12-21,355,166,4.348192355729016,8496
2015-12-22,356,166,4.255672783115669,8520
2015-12-23,357,166,4.2841788382664445,8544
2015-12-24,358,166,4.12609302937934,8568
2015-12-25,359,166,4.102415099473676,8592
2015-12-26,360,166,3.8111062789616574,8616
2015-12-27,361,166,3.705193455754866,8640
2015-12-28,362,166,3.527169819938221,8664
2015-12-29,363,166,3.6636527746693375,8688
2015-12-30,364,166,3.708017119182653,8712
2015-12-31,365,166,3.932108602126232,8736
2015-01-01,1,167,3.226539862204441,0
2015-01-02,2,167,3.492920389934464,24
2015-01-03,3,167,3.9991786958297686,48
2015-01-04,4,167,4.113042434661649,72
2015-01-05,5,167,3.5158472759828574,96
2015-01-06,6,167,3.4602698029030536,120
2015-01-07,7,167,3.5881936944442887,144
2015-01-08,8,167,3.9428259771716134,168
2015-01-09,9,167,4.370294888424847,192
2015-01-10,10,167,5.357049404063195,216
2015-01-11,11,167,4.169722378685783,240
2015-01-12,12,167,3.8341463813699272,264
2015-01-13,13,167,4.101953639089351,288
2015-01-14,14,167,4.228464420581959,312
2015-01-15,15,167,4.047062359281016,336
2015-01-16,16,167,4.091306943256017,360
2015-01-17,17,167,3.7108906523705016,384
2015-01-18,18,167,3.5189112377812686,408
2015-01-19,19,167,3.5748243622095144,432
2015-01-20,20,167,3.633597525162948,456
2015-01-21,21,167,3.5917186982432234,480
2015-01-22,22,167,3.597389226105637,504
2015-01-23,23,167,3.630820387583487,528
2015-01-24,24,167,3.6596213004458416,552
2015-01-25,25,167,3.5955801912027088,576
2015-01-26,26,167,3.438113219963578,600
2015-01-27,27,167,3.664668695729544,624
2015-01-28,28,167,3.5961765716641487,648
2015-01-29,29,167,3.737579468505772,672
2015-01-30,30,167,3.6285926389633856,696
2015-01-31,31,167,3.5697566946467205,720
2015-02-01,32,167,3.5442109765296586,744
2015-02-02,33,167,3.539811084770065,768
2015-02-03,34,167,3.3476857484288547,792
2015-02-04,35,167,3.334634812749842,816
2015-02-05,36,167,3.3292683751545145,840
2015-02-06,37,167,3.3648481315112413,864
2015-02-07,38,167,3.2761066005467883,888
2015-02-08,39,167,3.3475460518565496,912
2015-02-09,40,167,3.41503835677661,936
2015-02-10,41,167,3.466102636254162,960
2015-02-11,42,167,3.4579193710623004,984
2015-02-12,43,167,3.4538729367533136,1008
2015-02-13,44,167,3.5683766123625364,1032
2015-02-14,45,167,3.7884540318857582,1056
2015-02-15,46,167,3.6677462136078223,1080
2015-02-16,47,167,3.5858431650830864,1104
2015-02-17,48,167,3.6088869164706434,1128
2015-02-18,49,167,3.5689837411961665,1152
2015-02-19,50,167,3.646000743529291,1176
2015-02-20,51,167,3.8795368271981374,1200
2015-02-21,52,167,3.75622217941853,1224
2015-02-22,53,167,3.6758928135247455,1248
2015-02-23,54,167,3.673802091391734,1272
2015-02-24,55,167,3.903896361294927,1296
2015-02-25,56,167,3.903272254208898,1320
2015-02-26,57,167,3.747578570014044,1344
2015-02-27,58,167,3.8280598112238313,1368
2015-02-28,59,167,3.8485348551238414,1392
2015-03-01,60,167,4.092769669078346,1416
2015-03-02,61,167,4.435434026493256,1440
2015-03-03,62,167,4.279215270825853,1464
2015-03-04,63,167,3.946968881574785,1488
2015-03-05,64,167,3.8771441819785135,1512
2015-03-06,65,167,3.8527614326305097,1536
2015-03-07,66,167,3.923975663701252,1560
2015-03-08,67,167,4.181468601547022,1584
2015-03-09,68,167,4.3968135156242845,1608
2015-03-10,69,167,4.4830144318376,1632
2015-03-11,70,167,4.610076462240574,1656
2015-03-12,71,167,4.136655869697168,1680
2015-03-13,72,167,4.031451108910952,1704
2015-03-14,73,167,4.024379014309662,1728
2015-03-15,74,167,4.022170529118197,1752
2015-03-16,75,167,4.3921991690799365,1776
2015-03-17,76,167,4.690476085396325,1800
2015-03-18,77,167,4.912069506176519,1824
2015-03-19,78,167,4.8709147685472445,1848
2015-03-20,79,167,4.639407869155507,1872
2015-03-21,80,167,4.424736684718039,1896
2015-03-22,81,167,4.133936657293531,1920
2015-03-23,82,167,4.428033083450225,1944
2015-03-24,83,167,4.667152195724475,1968
2015-03-25,84,167,4.462579894109093,1992
2015-03-26,85,167,4.253325641860114,2016
2015-03-27,86,167,4.493095587879664,2040
2015-03-28,87,167,4.477584605929735,2064
2015-03-29,88,167,4.843970538487259,2088
2015-03-30,89,167,4.939155850981496,2112
2015-03-31,90,167,5.234504250860011,2136
2015-04-01,91,167,4.272262404996068,2160
2015-04-02,92,167,4.2584753238701465,2184
2015-04-03,93,167,4.28823284945103,2208
2015-04-04,94,167,4.227771798589424,2232
2015-04-05,95,167,4.014639485734459,2256
2015-04-06,96,167,4.011568797217372,2280
2015-04-07,97,167,4.183415361453432,2304
2015-04-08,98,167,4.494038950951705,2328
2015-04-09,99,167,5.0486760776932575,2352
2015-04-10,100,167,5.626337950585409,2376
2015-04-11,101,167,5.435938658801881,2400
2015-04-12,102,167,5.560530108214414,2424
2015-04-13,103,167,5.859680132741699,2448
2015-04-14,104,167,5.868299884786932,2472
2015-04-15,105,167,6.032608931070457,2496
2015-04-16,106,167,5.835224048793982,2520
2015-04-17,107,167,5.336219838973632,2544
2015-04-18,108,167,4.80986187811145,2568
2015-04-19,109,167,4.788987452666278,2592
2015-04-20,110,167,5.180150290014737,2616
2015-04-21,111,167,5.643840348921492,2640
2015-04-22,112,167,5.959651512606182,2664
2015-04-23,113,167,5.452184341899706,2688
2015-04-24,114,167,5.68955274151108,2712
2015-04-25,115,167,5.63165973477505,2736
2015-04-26,116,167,5.819565492743673,2760
2015-04-27,117,167,5.907353165182389,2784
2015-04-28,118,167,4.671080332673979,2808
2015-04-29,119,167,4.785556907499164,2832
2015-04-30,120,167,5.299666119905488,2856
2015-05-01,121,167,5.1569697118328754,2880
2015-05-02,122,167,5.712028814845983,2904
2015-05-03,123,167,6.008124684806727,2928
2015-05-04,124,167,6.528623474480642,2952
2015-05-05,125,167,6.6710852692822336,2976
2015-05-06,126,167,5.895580515621733,3000
2015-05-07,127,167,5.74996757197744,3024
2015-05-08,128,167,5.911205118731058,3048
2015-05-09,129,167,6.254773785163579,3072
2015-05-10,130,167,6.346068256212421,3096
2015-05-11,131,167,6.909163977647027,3120
2015-05-12,132,167,8.228036822448319,3144
2015-05-13,133,167,8.787279769182588,3168
2015-05-14,134,167,7.3374463486858,3192
2015-05-15,135,167,4.660521955971961,3216
2015-05-16,136,167,5.709517791131687,3240
2015-05-17,137,167,6.331334961980518,3264
2015-05-18,138,167,6.706456885815013,3288
2015-05-19,139,167,5.647916932517238,3312
2015-05-20,140,167,4.806638593306997,3336
2015-05-21,141,167,4.766650523067443,3360
2015-05-22,142,167,5.328756924510688,3384
2015-05-23,143,167,5.589197376649095,3408
2015-05-24,144,167,6.075860008825238,3432
2015-05-25,145,167,5.964178967876147,3456
2015-05-26,146,167,5.48561178968488,3480
2015-05-27,147,167,5.5408233872173,3504
2015-05-28,148,167,5.970547141744306,3528
2015-05-29,149,167,6.92589576452582,3552
2015-05-30,150,167,6.629711512939773,3576
2015-05-31,151,167,6.807713908086237,3600
2015-06-01,152,167,7.209193923780114,3624
2015-06-02,153,167,7.919779575597899,3648
2015-06-03,154,167,8.810043175118173,3672
2015-06-04,155,167,9.340477750941764,3696
2015-06-05,156,167,10.696154366580117,3720
2015-06-06,157,167,10.384939529475908,3744
2015-06-07,158,167,9.329063009746749,3768
2015-06-08,159,167,7.4375771056178435,3792
2015-06-09,160,167,6.308186979904665,3816
2015-06-10,161,167,6.6910581816644035,3840
2015-06-11,162,167,7.967763809509642,3864
2015-06-12,163,167,8.344929726230133,3888
2015-06-13,164,167,8.340462976511365,3912
2015-06-14,165,167,7.306596746250937,3936
2015-06-15,166,167,6.737268436923863,3960
2015-06-16,167,167,6.740544710862976,3984
2015-06-17,168,167,6.907558293638798,4008
2015-06-18,169,167,6.6088732628953935,4032
2015-06-19,170,167,6.911933769808153,4056
2015-06-20,171,167,6.1277827860762,4080
2015-06-21,172,167,6.338176877438286,4104
2015-06-22,173,167,7.236593386924818,4128
2015-06-23,174,167,6.2811466685456825,4152
2015-06-24,175,167,6.458481929269888,4176
2015-06-25,176,167,7.189330527672713,4200
2015-06-26,177,167,7.964033946605537,4224
2015-06-27,178,167,8.440430420524187,4248
2015-06-28,179,167,8.55200127708956,4272
2015-06-29,180,167,8.825165884917663,4296
2015-06-30,181,167,10.103543157597164,4320
2015-07-01,182,167,11.842940873694232,4344
2015-07-02,183,167,14.041924321616516,4368
2015-07-03,184,167,15.097369406045821,4392
2015-07-04,185,167,15.992578650431831,4416
2015-07-05,186,167,16.595835420097096,4440
2015-07-06,187,167,12.994844638930758,4464
2015-07-07,188,167,16.215103360621185,4488
2015-07-08,189,167,8.994877800365517,4512
2015-07-09,190,167,8.103467787062192,4536
2015-07-10,191,167,8.127503692893786,4560
2015-07-11,192,167,10.554516243739043,4584
2015-07-12,193,167,10.378357604777412,4608
2015-07-13,194,167,10.248341296423463,4632
2015-07-14,195,167,10.829310687611802,4656
2015-07-15,196,167,11.203028000107267,4680
2015-07-16,197,167,13.032499688481295,4704
2015-07-17,198,167,12.941710191269514,4728
2015-07-18,199,167,10.306997794610275,4752
2015-07-19,200,167,11.727724801122545,4776
2015-07-20,201,167,12.146447632636164,4800
2015-07-21,202,167,14.064735340721946,4824
2015-07-22,203,167,11.992724561938866,4848
2015-07-23,204,167,9.881106489561157,4872
2015-07-24,205,167,10.050311425329198,4896
2015-07-25,206,167,8.059218452477808,4920
2015-07-26,207,167,6.988812905504662,4944
2015-07-27,208,167,8.161253393241752,4968
2015-07-28,209,167,7.844917975366019,4992
2015-07-29,210,167,6.7324153648160925,5016
2015-07-30,211,167,6.864912271035505,5040
2015-07-31,212,167,7.22666465357028,5064
2015-08-01,213,167,6.8011510299886,5088
2015-08-02,214,167,8.086584895239021,5112
2015-08-03,215,167,9.80113733928868,5136
2015-08-04,216,167,8.997565803269554,5160
2015-08-05,217,167,10.150830515795557,5184
2015-08-06,218,167,13.250376182558961,5208
2015-08-07,219,167,14.962807516290948,5232
2015-08-08,220,167,13.468675805011413,5256
2015-08-09,221,167,9.507225443655381,5280
2015-08-10,222,167,9.194214820786428,5304
2015-08-11,223,167,10.332177209622293,5328
2015-08-12,224,167,11.50428142905129,5352
2015-08-13,225,167,10.810226688569449,5376
2015-08-14,226,167,7.701235532335239,5400
2015-08-15,227,167,6.632145597382156,5424
2015-08-16,228,167,6.365489053734567,5448
2015-08-17,229,167,6.766803886899923,5472
2015-08-18,230,167,6.643466454970112,5496
2015-08-19,231,167,6.24196064443112,5520
2015-08-20,232,167,6.719520020239514,5544
2015-08-21,233,167,7.328860599980116,5568
2015-08-22,234,167,7.557648883269532,5592
2015-08-23,235,167,7.040905907005878,5616
2015-08-24,236,167,6.703166220225012,5640
2015-08-25,237,167,6.687037911614874,5664
2015-08-26,238,167,7.318822649773987,5688
2015-08-27,239,167,9.059201656333807,5712
2015-08-28,240,167,10.34600468693734,5736
2015-08-29,241,167,10.440086628485435,5760
2015-08-30,242,167,11.329698767557616,5784
2015-08-31,243,167,10.668857234640374,5808
2015-09-01,244,167,7.732584395939808,5832
2015-09-02,245,167,6.9773290753648665,5856
2015-09-03,246,167,6.4561319639085815,5880
2015-09-04,247,167,6.477845797561447,5904
2015-09-05,248,167,5.7938788787033975,5928
2015-09-06,249,167,5.581473569024958,5952
2015-09-07,250,167,5.546704986681969,5976
2015-09-08,251,167,5.786686790467986,6000
2015-09-09,252,167,6.021997822987876,6024
2015-09-10,253,167,5.645056707019287,6048
2015-09-11,254,167,6.019703255827827,6072
2015-09-12,255,167,7.0374849025750725,6096
2015-09-13,256,167,6.880917776833748,6120
2015-09-14,257,167,6.277692045977068,6144
2015-09-15,258,167,6.111289425326817,6168
2015-09-16,259,167,6.930115725854527,6192
2015-09-17,260,167,6.011693116555714,6216
2015-09-18,261,167,5.6088304319042965,6240
2015-09-19,262,167,5.616783424359818,6264
2015-09-20,263,167,5.806943932748367,6288
2015-09-21,264,167,5.495545801164954,6312
2015-09-22,265,167,5.634239263793881,6336
2015-09-23,266,167,4.977198576260291,6360
2015-09-24,267,167,5.3102067440563445,6384
2015-09-25,268,167,5.362947933795769,6408
2015-09-26,269,167,5.556563569676578,6432
2015-09-27,270,167,5.671358956616625,6456
2015-09-28,271,167,5.259631382290394,6480
2015-09-29,272,167,5.113566334946055,6504
2015-09-30,273,167,4.918134148864632,6528
2015-10-01,274,167,4.8669685751398655,6552
2015-10-02,275,167,5.169954285753841,6576
2015-10-03,276,167,5.752799914560537,6600
2015-10-04,277,167,5.479787963261051,6624
2015-10-05,278,167,5.869822379547242,6648
2015-10-06,279,167,5.985475022288724,6672
2015-10-07,280,167,5.697774662324767,6696
2015-10-08,281,167,5.358164036558396,6720
2015-10-09,282,167,5.276409591233231,6744
2015-10-10,283,167,5.118478591574123,6768
2015-10-11,284,167,5.2476279733547555,6792
2015-10-12,285,167,5.1005478358310175,6816
2015-10-13,286,167,4.8448989339728845,6840
2015-10-14,287,167,4.453002398843164,6864
2015-10-15,288,167,4.194557626121268,6888
2015-10-16,289,167,4.221825188595381,6912
2015-10-17,290,167,4.241438609958072,6936
2015-10-18,291,167,4.44873695957425,6960
2015-10-19,292,167,4.456125602942487,6984
2015-10-20,293,167,4.3186136535965325,7008
2015-10-21,294,167,4.314460562647368,7032
2015-10-22,295,167,4.497066783534289,7056
2015-10-23,296,167,4.912190764438135,7080
2015-10-24,297,167,5.048841300780585,7104
2015-10-25,298,167,5.115966110246023,7128
2015-10-26,299,167,4.848668630933538,7152
2015-10-27,300,167,4.749244836613439,7176
2015-10-28,301,167,5.009240163622649,7200
2015-10-29,302,167,4.940423039693905,7224
2015-10-30,303,167,4.919474338998104,7248
2015-10-31,304,167,4.798891352478352,7272
2015-11-01,305,167,4.604823207113492,7296
2015-11-02,306,167,4.4340832933238215,7320
2015-11-03,307,167,4.462227676597296,7344
2015-11-04,308,167,4.715211366703214,7368
2015-11-05,309,167,4.7613589189909975,7392
2015-11-06,310,167,5.1433620527320185,7416
2015-11-07,311,167,5.4036592658534275,7440
2015-11-08,312,167,5.232461661188122,7464
2015-11-09,313,167,5.435327450528573,7488
2015-11-10,314,167,5.043642660338526,7512
2015-11-11,315,167,4.512697888063916,7536
2015-11-12,316,167,4.37557797949959,7560
2015-11-13,317,167,4.575074815011915,7584
2015-11-14,318,167,4.778522401180476,7608
2015-11-15,319,167,5.083921079524759,7632
2015-11-16,320,167,4.804315918393666,7656
2015-11-17,321,167,5.009771495435532,7680
2015-11-18,322,167,5.395109550881096,7704
2015-11-19,323,167,5.3624574742248665,7728
2015-11-20,324,167,5.226043841071164,7752
2015-11-21,325,167,4.00928740899802,7776
2015-11-22,326,167,3.7429039189533886,7800
2015-11-23,327,167,3.5792212710365914,7824
2015-11-24,328,167,3.4900907248699045,7848
2015-11-25,329,167,3.743633983413304,7872
2015-11-26,330,167,3.8370428046874574,7896
2015-11-27,331,167,3.6962654776980255,7920
2015-11-28,332,167,3.640924029481666,7944
2015-11-29,333,167,4.010822121253977,7968
2015-11-30,334,167,4.589836835314288,7992
2015-12-01,335,167,4.479464734661692,8016
2015-12-02,336,167,3.8845311840057946,8040
2015-12-03,337,167,3.6892801681700975,8064
2015-12-04,338,167,3.8636121282258657,8088
2015-12-05,339,167,3.991558199044264,8112
2015-12-06,340,167,4.027838459076795,8136
2015-12-07,341,167,3.961340532564913,8160
2015-12-08,342,167,3.8637899325520864,8184
2015-12-09,343,167,4.126490260937774,8208
2015-12-10,344,167,3.7187035389897978,8232
2015-12-11,345,167,3.7683022902925654,8256
2015-12-12,346,167,3.84745179357676,8280
2015-12-13,347,167,3.666025276519956,8304
2015-12-14,348,167,3.5913568620530767,8328
2015-12-15,349,167,3.727907070037235,8352
2015-12-16,350,167,4.2875880426902295,8376
2015-12-17,351,167,4.286699213096936,8400
2015-12-18,352,167,4.218707717215134,8424
2015-12-19,353,167,4.116865753142299,8448
2015-12-20,354,167,4.037917970631623,8472
2015-12-21,355,167,4.4079250020082,8496
2015-12-22,356,167,4.2730475753160615,8520
2015-12-23,357,167,4.332357181621096,8544
2015-12-24,358,167,4.203776934889812,8568
2015-12-25,359,167,4.159643143766432,8592
2015-12-26,360,167,3.8826823433954014,8616
2015-12-27,361,167,3.76790830440336,8640
2015-12-28,362,167,3.620423326795585,8664
2015-12-29,363,167,3.7226122573662175,8688
2015-12-30,364,167,3.7722003027576614,8712
2015-12-31,365,167,3.97224572303593,8736
2015-01-01,1,168,3.2404980414881277,0
2015-01-02,2,168,3.4922568638132563,24
2015-01-03,3,168,3.975986001843797,48
2015-01-04,4,168,4.133889245063678,72
2015-01-05,5,168,3.5271916686879465,96
2015-01-06,6,168,3.4692201593285583,120
2015-01-07,7,168,3.5945097747055392,144
2015-01-08,8,168,3.950275971392416,168
2015-01-09,9,168,4.346603411876755,192
2015-01-10,10,168,5.2895997746343175,216
2015-01-11,11,168,4.171177972502569,240
2015-01-12,12,168,3.8412160822557113,264
2015-01-13,13,168,4.153030118007936,288
2015-01-14,14,168,4.253782935008938,312
2015-01-15,15,168,4.12232923695583,336
2015-01-16,16,168,4.136833556759738,360
2015-01-17,17,168,3.738750763789467,384
2015-01-18,18,168,3.5210284304580006,408
2015-01-19,19,168,3.5925256799093592,432
2015-01-20,20,168,3.641110907863507,456
2015-01-21,21,168,3.6070154670585253,480
2015-01-22,22,168,3.621344084377392,504
2015-01-23,23,168,3.63944707184158,528
2015-01-24,24,168,3.6558236776059485,552
2015-01-25,25,168,3.6097219274196015,576
2015-01-26,26,168,3.4555402349595847,600
2015-01-27,27,168,3.6672649002960944,624
2015-01-28,28,168,3.6067737952338166,648
2015-01-29,29,168,3.761150088741576,672
2015-01-30,30,168,3.6350038214109768,696
2015-01-31,31,168,3.5682975733746134,720
2015-02-01,32,168,3.5491416160830367,744
2015-02-02,33,168,3.5370847538832297,768
2015-02-03,34,168,3.3588450248126493,792
2015-02-04,35,168,3.341437511796165,816
2015-02-05,36,168,3.3331744379640407,840
2015-02-06,37,168,3.3706539639493096,864
2015-02-07,38,168,3.2917346252681976,888
2015-02-08,39,168,3.3735570725166215,912
2015-02-09,40,168,3.4403726723779218,936
2015-02-10,41,168,3.4784225711879766,960
2015-02-11,42,168,3.4797839282692755,984
2015-02-12,43,168,3.472911999925873,1008
2015-02-13,44,168,3.604589609959275,1032
2015-02-14,45,168,3.8533025957207503,1056
2015-02-15,46,168,3.729930439987561,1080
2015-02-16,47,168,3.6172372925813283,1104
2015-02-17,48,168,3.62647710287648,1128
2015-02-18,49,168,3.5889986006306733,1152
2015-02-19,50,168,3.653796059260377,1176
2015-02-20,51,168,3.9239521090290186,1200
2015-02-21,52,168,3.791097382572638,1224
2015-02-22,53,168,3.7007141996899775,1248
2015-02-23,54,168,3.697557940646833,1272
2015-02-24,55,168,3.918683450466885,1296
2015-02-25,56,168,3.9158336195022327,1320
2015-02-26,57,168,3.7733506648177646,1344
2015-02-27,58,168,3.847726070222715,1368
2015-02-28,59,168,3.8524828783542935,1392
2015-03-01,60,168,4.112637990118572,1416
2015-03-02,61,168,4.46456245358733,1440
2015-03-03,62,168,4.283749697625021,1464
2015-03-04,63,168,3.961387078278317,1488
2015-03-05,64,168,3.9022566500191136,1512
2015-03-06,65,168,3.8827684795666575,1536
2015-03-07,66,168,3.9541387059366646,1560
2015-03-08,67,168,4.2107124550731125,1584
2015-03-09,68,168,4.424261169817738,1608
2015-03-10,69,168,4.4978686799158965,1632
2015-03-11,70,168,4.6340141536113055,1656
2015-03-12,71,168,4.149856072785255,1680
2015-03-13,72,168,4.045331549564026,1704
2015-03-14,73,168,4.050627458798268,1728
2015-03-15,74,168,4.046798539796819,1752
2015-03-16,75,168,4.421976026949868,1776
2015-03-17,76,168,4.715638513380688,1800
2015-03-18,77,168,4.918445428378393,1824
2015-03-19,78,168,4.8993270190524925,1848
2015-03-20,79,168,4.673037227615722,1872
2015-03-21,80,168,4.46922284925563,1896
2015-03-22,81,168,4.170457225339321,1920
2015-03-23,82,168,4.4267829760118005,1944
2015-03-24,83,168,4.697514022554527,1968
2015-03-25,84,168,4.4955217370051965,1992
2015-03-26,85,168,4.271691194959394,2016
2015-03-27,86,168,4.499199918403672,2040
2015-03-28,87,168,4.4541213036811005,2064
2015-03-29,88,168,4.8241396022252765,2088
2015-03-30,89,168,4.958663291309461,2112
2015-03-31,90,168,5.241509868296784,2136
2015-04-01,91,168,4.2882979306247035,2160
2015-04-02,92,168,4.256995882488804,2184
2015-04-03,93,168,4.306892098050828,2208
2015-04-04,94,168,4.24864380317002,2232
2015-04-05,95,168,4.039640241308576,2256
2015-04-06,96,168,4.042222638966658,2280
2015-04-07,97,168,4.2171812927694,2304
2015-04-08,98,168,4.514905861871875,2328
2015-04-09,99,168,5.068730057383641,2352
2015-04-10,100,168,5.648986013573332,2376
2015-04-11,101,168,5.4463582301011035,2400
2015-04-12,102,168,5.567547785283635,2424
2015-04-13,103,168,5.883796626658257,2448
2015-04-14,104,168,5.882105916242956,2472
2015-04-15,105,168,6.088215296060195,2496
2015-04-16,106,168,5.846201573266095,2520
2015-04-17,107,168,5.351403160584269,2544
2015-04-18,108,168,4.855867841525294,2568
2015-04-19,109,168,4.818953088705902,2592
2015-04-20,110,168,5.224761565613019,2616
2015-04-21,111,168,5.667053838324637,2640
2015-04-22,112,168,5.9481873408863075,2664
2015-04-23,113,168,5.498667619976685,2688
2015-04-24,114,168,5.731667808119915,2712
2015-04-25,115,168,5.678943730831758,2736
2015-04-26,116,168,5.840329754193933,2760
2015-04-27,117,168,5.9437873390847695,2784
2015-04-28,118,168,4.682127561168918,2808
2015-04-29,119,168,4.80979974140179,2832
2015-04-30,120,168,5.332854456023862,2856
2015-05-01,121,168,5.178680776775895,2880
2015-05-02,122,168,5.715908373405241,2904
2015-05-03,123,168,6.024081079786856,2928
2015-05-04,124,168,6.576731373911349,2952
2015-05-05,125,168,6.719169043999744,2976
2015-05-06,126,168,5.916865897930633,3000
2015-05-07,127,168,5.740359228924388,3024
2015-05-08,128,168,5.904622736766702,3048
2015-05-09,129,168,6.270138584266082,3072
2015-05-10,130,168,6.337383929482304,3096
2015-05-11,131,168,6.922789646819703,3120
2015-05-12,132,168,8.309143763272397,3144
2015-05-13,133,168,8.877519570524392,3168
2015-05-14,134,168,7.322111703711434,3192
2015-05-15,135,168,4.674236629011858,3216
2015-05-16,136,168,5.7235253030353475,3240
2015-05-17,137,168,6.347011210022937,3264
2015-05-18,138,168,6.724039067279135,3288
2015-05-19,139,168,5.702506810417613,3312
2015-05-20,140,168,4.841555243200812,3336
2015-05-21,141,168,4.800978915791883,3360
2015-05-22,142,168,5.345296924588675,3384
2015-05-23,143,168,5.6575340262122555,3408
2015-05-24,144,168,6.10658324787044,3432
2015-05-25,145,168,6.003570698632758,3456
2015-05-26,146,168,5.517644295581102,3480
2015-05-27,147,168,5.5624951045157385,3504
2015-05-28,148,168,5.990049471283829,3528
2015-05-29,149,168,6.966283723304371,3552
2015-05-30,150,168,6.6867388080890455,3576
2015-05-31,151,168,6.868498927574747,3600
2015-06-01,152,168,7.241735829738035,3624
2015-06-02,153,168,7.954695092454486,3648
2015-06-03,154,168,8.868811761918666,3672
2015-06-04,155,168,9.40197877960609,3696
2015-06-05,156,168,10.697749452801943,3720
2015-06-06,157,168,10.348923989388128,3744
2015-06-07,158,168,9.304585600068394,3768
2015-06-08,159,168,7.4777766510249375,3792
2015-06-09,160,168,6.361997538637638,3816
2015-06-10,161,168,6.768830105246854,3840
2015-06-11,162,168,8.030046837847332,3864
2015-06-12,163,168,8.4070890557733,3888
2015-06-13,164,168,8.377785544549377,3912
2015-06-14,165,168,7.353951919889482,3936
2015-06-15,166,168,6.808067127498656,3960
2015-06-16,167,168,6.816476523719787,3984
2015-06-17,168,168,6.981410536449312,4008
2015-06-18,169,168,6.675480143152704,4032
2015-06-19,170,168,6.933343278637554,4056
2015-06-20,171,168,6.146243493119025,4080
2015-06-21,172,168,6.399624489113367,4104
2015-06-22,173,168,7.349344063757978,4128
2015-06-23,174,168,6.341380825595727,4152
2015-06-24,175,168,6.501975090203751,4176
2015-06-25,176,168,7.226234335247997,4200
2015-06-26,177,168,8.01430229095062,4224
2015-06-27,178,168,8.523581556999153,4248
2015-06-28,179,168,8.596590090239669,4272
2015-06-29,180,168,8.941530894247107,4296
2015-06-30,181,168,10.236290293768047,4320
2015-07-01,182,168,12.046770841243525,4344
2015-07-02,183,168,14.313003565030332,4368
2015-07-03,184,168,15.418745436239714,4392
2015-07-04,185,168,16.63990008310191,4416
2015-07-05,186,168,16.932672444746434,4440
2015-07-06,187,168,13.260974848557904,4464
2015-07-07,188,168,16.426362252096297,4488
2015-07-08,189,168,9.066650379448921,4512
2015-07-09,190,168,8.124289017872577,4536
2015-07-10,191,168,8.196571200241381,4560
2015-07-11,192,168,10.809905099332305,4584
2015-07-12,193,168,10.442934076550678,4608
2015-07-13,194,168,10.278729019441748,4632
2015-07-14,195,168,10.862549978013494,4656
2015-07-15,196,168,11.203953220951606,4680
2015-07-16,197,168,13.144847214122127,4704
2015-07-17,198,168,13.338491693833818,4728
2015-07-18,199,168,10.456562672651287,4752
2015-07-19,200,168,11.851980162369593,4776
2015-07-20,201,168,12.182724856508385,4800
2015-07-21,202,168,14.210015830315491,4824
2015-07-22,203,168,11.890374848513115,4848
2015-07-23,204,168,9.80788727305102,4872
2015-07-24,205,168,10.130667304303127,4896
2015-07-25,206,168,8.094388122287196,4920
2015-07-26,207,168,6.9552398317600055,4944
2015-07-27,208,168,8.173026724021124,4968
2015-07-28,209,168,7.8673658639488675,4992
2015-07-29,210,168,6.78013089497247,5016
2015-07-30,211,168,6.869892217544076,5040
2015-07-31,212,168,7.232961759604503,5064
2015-08-01,213,168,6.8189975253103,5088
2015-08-02,214,168,8.119372875717241,5112
2015-08-03,215,168,9.85900634532895,5136
2015-08-04,216,168,9.05257086633417,5160
2015-08-05,217,168,10.16374666162798,5184
2015-08-06,218,168,13.414236149936302,5208
2015-08-07,219,168,15.123776394985533,5232
2015-08-08,220,168,13.241986184527105,5256
2015-08-09,221,168,9.392385620278347,5280
2015-08-10,222,168,9.17227601782042,5304
2015-08-11,223,168,10.322888007783515,5328
2015-08-12,224,168,11.52283457491124,5352
2015-08-13,225,168,10.697010136288267,5376
2015-08-14,226,168,7.70410550641418,5400
2015-08-15,227,168,6.672864869468597,5424
2015-08-16,228,168,6.371402531825745,5448
2015-08-17,229,168,6.822508577712813,5472
2015-08-18,230,168,6.6718338124976935,5496
2015-08-19,231,168,6.309093142694862,5520
2015-08-20,232,168,6.7381507365745446,5544
2015-08-21,233,168,7.393858458003184,5568
2015-08-22,234,168,7.601423639530507,5592
2015-08-23,235,168,7.1051988996651065,5616
2015-08-24,236,168,6.74728166182683,5640
2015-08-25,237,168,6.685167328605875,5664
2015-08-26,238,168,7.319073176959933,5688
2015-08-27,239,168,9.183611591499815,5712
2015-08-28,240,168,10.421062311950854,5736
2015-08-29,241,168,10.434548701398203,5760
2015-08-30,242,168,11.346210937373069,5784
2015-08-31,243,168,10.773392613726713,5808
2015-09-01,244,168,7.800468772901072,5832
2015-09-02,245,168,7.028223262999562,5856
2015-09-03,246,168,6.534929161204055,5880
2015-09-04,247,168,6.507370850474953,5904
2015-09-05,248,168,5.825998410811789,5928
2015-09-06,249,168,5.594042797781178,5952
2015-09-07,250,168,5.574478023290767,5976
2015-09-08,251,168,5.817160811157348,6000
2015-09-09,252,168,6.075763546775932,6024
2015-09-10,253,168,5.729454257067858,6048
2015-09-11,254,168,6.107835799846551,6072
2015-09-12,255,168,7.0815640397670725,6096
2015-09-13,256,168,6.954858514349451,6120
2015-09-14,257,168,6.267251474598115,6144
2015-09-15,258,168,6.124587590889468,6168
2015-09-16,259,168,7.062142218493642,6192
2015-09-17,260,168,6.053557310490402,6216
2015-09-18,261,168,5.639813420618608,6240
2015-09-19,262,168,5.638427774557521,6264
2015-09-20,263,168,5.81240701955235,6288
2015-09-21,264,168,5.4976031740058335,6312
2015-09-22,265,168,5.659980876179349,6336
2015-09-23,266,168,4.997303558359934,6360
2015-09-24,267,168,5.317998905826356,6384
2015-09-25,268,168,5.4055561137394275,6408
2015-09-26,269,168,5.577093961561693,6432
2015-09-27,270,168,5.690172607304293,6456
2015-09-28,271,168,5.2887720441518775,6480
2015-09-29,272,168,5.129106541222204,6504
2015-09-30,273,168,4.9631353258720665,6528
2015-10-01,274,168,4.910403113518222,6552
2015-10-02,275,168,5.204353275520764,6576
2015-10-03,276,168,5.767197014937718,6600
2015-10-04,277,168,5.512154390289743,6624
2015-10-05,278,168,5.903328677592543,6648
2015-10-06,279,168,6.035070250988883,6672
2015-10-07,280,168,5.6923765316113535,6696
2015-10-08,281,168,5.3564374236600045,6720
2015-10-09,282,168,5.319171358717318,6744
2015-10-10,283,168,5.1423564427674675,6768
2015-10-11,284,168,5.277850890755,6792
2015-10-12,285,168,5.0957090267393825,6816
2015-10-13,286,168,4.8841567649937065,6840
2015-10-14,287,168,4.447522372183578,6864
2015-10-15,288,168,4.205845016118083,6888
2015-10-16,289,168,4.2421135539054005,6912
2015-10-17,290,168,4.270824569086856,6936
2015-10-18,291,168,4.4832821717669695,6960
2015-10-19,292,168,4.496388559234583,6984
2015-10-20,293,168,4.351550704241707,7008
2015-10-21,294,168,4.3559920065845095,7032
2015-10-22,295,168,4.520604865509784,7056
2015-10-23,296,168,4.9114472481101865,7080
2015-10-24,297,168,5.0303289390953445,7104
2015-10-25,298,168,5.152908096232129,7128
2015-10-26,299,168,4.858128574490202,7152
2015-10-27,300,168,4.7629972082035295,7176
2015-10-28,301,168,5.02137572576734,7200
2015-10-29,302,168,4.959323285492572,7224
2015-10-30,303,168,4.9090022265138735,7248
2015-10-31,304,168,4.78873128655002,7272
2015-11-01,305,168,4.597052765408497,7296
2015-11-02,306,168,4.4644067189202685,7320
2015-11-03,307,168,4.4983446136242495,7344
2015-11-04,308,168,4.725386299898945,7368
2015-11-05,309,168,4.7772867263231324,7392
2015-11-06,310,168,5.150634695397517,7416
2015-11-07,311,168,5.408142206234429,7440
2015-11-08,312,168,5.242943730874754,7464
2015-11-09,313,168,5.4071219953512575,7488
2015-11-10,314,168,5.036223991796262,7512
2015-11-11,315,168,4.514612671773458,7536
2015-11-12,316,168,4.388502073241213,7560
2015-11-13,317,168,4.5705488978906486,7584
2015-11-14,318,168,4.783536754412892,7608
2015-11-15,319,168,5.0508188922289206,7632
2015-11-16,320,168,4.812727949823466,7656
2015-11-17,321,168,5.051399131632487,7680
2015-11-18,322,168,5.377421929883002,7704
2015-11-19,323,168,5.370422800811533,7728
2015-11-20,324,168,5.242154933581482,7752
2015-11-21,325,168,4.009891798633637,7776
2015-11-22,326,168,3.735307723677485,7800
2015-11-23,327,168,3.586868774994384,7824
2015-11-24,328,168,3.510970784086843,7848
2015-11-25,329,168,3.745724612491047,7872
2015-11-26,330,168,3.8426163770232837,7896
2015-11-27,331,168,3.6867463715867625,7920
2015-11-28,332,168,3.646654779606337,7944
2015-11-29,333,168,4.002184265444116,7968
2015-11-30,334,168,4.555779196216743,7992
2015-12-01,335,168,4.4470249212012325,8016
2015-12-02,336,168,3.9001629867776724,8040
2015-12-03,337,168,3.7053131652733953,8064
2015-12-04,338,168,3.870817425492525,8088
2015-12-05,339,168,4.0167873492298485,8112
2015-12-06,340,168,4.0516951805483785,8136
2015-12-07,341,168,4.0080240698072025,8160
2015-12-08,342,168,3.897673416001292,8184
2015-12-09,343,168,4.150238788812412,8208
2015-12-10,344,168,3.731588048379786,8232
2015-12-11,345,168,3.784582685266898,8256
2015-12-12,346,168,3.848014203715593,8280
2015-12-13,347,168,3.679870429079666,8304
2015-12-14,348,168,3.6210814778366287,8328
2015-12-15,349,168,3.755505254422912,8352
2015-12-16,350,168,4.29053530031193,8376
2015-12-17,351,168,4.284511316079533,8400
2015-12-18,352,168,4.224027480080018,8424
2015-12-19,353,168,4.126710285170358,8448
2015-12-20,354,168,4.071972421591068,8472
2015-12-21,355,168,4.423467028021077,8496
2015-12-22,356,168,4.2771580226594,8520
2015-12-23,357,168,4.326796126006073,8544
2015-12-24,358,168,4.234915134378288,8568
2015-12-25,359,168,4.18239108512303,8592
2015-12-26,360,168,3.901280368297728,8616
2015-12-27,361,168,3.7760067982125385,8640
2015-12-28,362,168,3.659497250290965,8664
2015-12-29,363,168,3.7364863568337565,8688
2015-12-30,364,168,3.801176581452536,8712
2015-12-31,365,168,3.990052832164123,8736
2015-01-01,1,169,3.035398061507982,0
2015-01-02,2,169,3.4016640566658296,24
2015-01-03,3,169,3.6770780872891535,48
2015-01-04,4,169,3.4205663985831603,72
2015-01-05,5,169,3.0374332844972765,96
2015-01-06,6,169,3.1685453556845458,120
2015-01-07,7,169,3.184836377930284,144
2015-01-08,8,169,3.3641522862223368,168
2015-01-09,9,169,3.757416590628453,192
2015-01-10,10,169,4.235564322439869,216
2015-01-11,11,169,3.466303816121892,240
2015-01-12,12,169,3.363308767337064,264
2015-01-13,13,169,3.5565494573101235,288
2015-01-14,14,169,3.4458856409893923,312
2015-01-15,15,169,3.5340618934264034,336
2015-01-16,16,169,3.724974137775224,360
2015-01-17,17,169,3.31466135450777,384
2015-01-18,18,169,2.9431036728578226,408
2015-01-19,19,169,2.9342938952588815,432
2015-01-20,20,169,3.015618568956637,456
2015-01-21,21,169,3.0386160717480544,480
2015-01-22,22,169,3.1763144525601787,504
2015-01-23,23,169,3.0171791460072983,528
2015-01-24,24,169,2.9426502479572303,552
2015-01-25,25,169,2.8966940313100134,576
2015-01-26,26,169,2.8175683989281417,600
2015-01-27,27,169,3.098581650997301,624
2015-01-28,28,169,3.0095279377054327,648
2015-01-29,29,169,3.19771282595535,672
2015-01-30,30,169,2.9743826614702487,696
2015-01-31,31,169,2.8582034701601544,720
2015-02-01,32,169,2.8448515431352144,744
2015-02-02,33,169,2.8819631820308413,768
2015-02-03,34,169,2.7316546215942847,792
2015-02-04,35,169,2.796346982050256,816
2015-02-05,36,169,2.824959594076644,840
2015-02-06,37,169,2.8896713929722995,864
2015-02-07,38,169,2.8829041999589275,888
2015-02-08,39,169,2.8754995395419254,912
2015-02-09,40,169,2.902124130372912,936
2015-02-10,41,169,3.101375597979129,960
2015-02-11,42,169,3.239432384515992,984
2015-02-12,43,169,3.1887542593875686,1008
2015-02-13,44,169,3.258362333864237,1032
2015-02-14,45,169,3.3840182275704853,1056
2015-02-15,46,169,3.3608956774388496,1080
2015-02-16,47,169,3.191539396956718,1104
2015-02-17,48,169,3.2512836075389377,1128
2015-02-18,49,169,3.1149429311581422,1152
2015-02-19,50,169,3.129129497592587,1176
2015-02-20,51,169,3.245666576866337,1200
2015-02-21,52,169,3.306363478398012,1224
2015-02-22,53,169,3.1442714590645644,1248
2015-02-23,54,169,3.1751554383490617,1272
2015-02-24,55,169,3.2076877950084866,1296
2015-02-25,56,169,3.0731251109076068,1320
2015-02-26,57,169,2.9593957153013437,1344
2015-02-27,58,169,3.1433417500028837,1368
2015-02-28,59,169,3.188814496714357,1392
2015-03-01,60,169,3.451470520273248,1416
2015-03-02,61,169,3.5770365348755933,1440
2015-03-03,62,169,3.35863191374587,1464
2015-03-04,63,169,3.187802510086882,1488
2015-03-05,64,169,3.109981076261497,1512
2015-03-06,65,169,3.123781783624831,1536
2015-03-07,66,169,3.439969406308426,1560
2015-03-08,67,169,3.6172491923388974,1584
2015-03-09,68,169,3.6729572240983406,1608
2015-03-10,69,169,3.625533489094498,1632
2015-03-11,70,169,3.657630949817761,1656
2015-03-12,71,169,3.340011793016224,1680
2015-03-13,72,169,3.308248621569753,1704
2015-03-14,73,169,3.347556691055793,1728
2015-03-15,74,169,3.442093045721691,1752
2015-03-16,75,169,3.717850795911724,1776
2015-03-17,76,169,3.83215838767035,1800
2015-03-18,77,169,3.8926925950550433,1824
2015-03-19,78,169,3.9103408443401055,1848
2015-03-20,79,169,3.779366851373384,1872
2015-03-21,80,169,3.678151406346525,1896
2015-03-22,81,169,3.521954919043925,1920
2015-03-23,82,169,3.7016075768354613,1944
2015-03-24,83,169,3.8007880960221168,1968
2015-03-25,84,169,3.7241010496018703,1992
2015-03-26,85,169,3.607087149238518,2016
2015-03-27,86,169,3.560659923217509,2040
2015-03-28,87,169,3.677782396858905,2064
2015-03-29,88,169,3.932367963837657,2088
2015-03-30,89,169,3.840193677110973,2112
2015-03-31,90,169,3.999197190883349,2136
2015-04-01,91,169,3.377587847687527,2160
2015-04-02,92,169,3.471054724421064,2184
2015-04-03,93,169,3.4491229910157664,2208
2015-04-04,94,169,3.571743352547496,2232
2015-04-05,95,169,3.278540215621084,2256
2015-04-06,96,169,3.1891409480487938,2280
2015-04-07,97,169,3.3818018586133247,2304
2015-04-08,98,169,3.7226627311117393,2328
2015-04-09,99,169,4.1966239482899015,2352
2015-04-10,100,169,4.392475591233399,2376
2015-04-11,101,169,4.152348297319866,2400
2015-04-12,102,169,4.250139881642636,2424
2015-04-13,103,169,4.362261844490109,2448
2015-04-14,104,169,4.35347206367021,2472
2015-04-15,105,169,4.587618495644039,2496
2015-04-16,106,169,4.582095785999447,2520
2015-04-17,107,169,4.265839201714003,2544
2015-04-18,108,169,3.912589303138408,2568
2015-04-19,109,169,3.90160562439238,2592
2015-04-20,110,169,4.169529132528395,2616
2015-04-21,111,169,4.453374691085494,2640
2015-04-22,112,169,4.6457663629654835,2664
2015-04-23,113,169,4.3905025583588735,2688
2015-04-24,114,169,4.4616831928279845,2712
2015-04-25,115,169,4.3978368103485685,2736
2015-04-26,116,169,4.5898599078206415,2760
2015-04-27,117,169,4.560757395744115,2784
2015-04-28,118,169,3.8033455919474464,2808
2015-04-29,119,169,3.962346621553043,2832
2015-04-30,120,169,4.1438812092146105,2856
2015-05-01,121,169,4.296774020726473,2880
2015-05-02,122,169,4.635571771536798,2904
2015-05-03,123,169,4.964186735478693,2928
2015-05-04,124,169,5.1580187806443565,2952
2015-05-05,125,169,5.387059308613988,2976
2015-05-06,126,169,4.4928448135658785,3000
2015-05-07,127,169,4.482701370731737,3024
2015-05-08,128,169,4.7733302737590115,3048
2015-05-09,129,169,4.68415918078296,3072
2015-05-10,130,169,4.746991681025682,3096
2015-05-11,131,169,5.3282231469361685,3120
2015-05-12,132,169,5.8079397910147845,3144
2015-05-13,133,169,6.17711672484758,3168
2015-05-14,134,169,5.349500801983551,3192
2015-05-15,135,169,3.990067299480873,3216
2015-05-16,136,169,4.636432364833934,3240
2015-05-17,137,169,4.764837402423876,3264
2015-05-18,138,169,5.051987754226847,3288
2015-05-19,139,169,4.468292009030882,3312
2015-05-20,140,169,3.7474587883729193,3336
2015-05-21,141,169,3.8221632113919326,3360
2015-05-22,142,169,4.027833849353667,3384
2015-05-23,143,169,4.178028253930732,3408
2015-05-24,144,169,4.495670442196149,3432
2015-05-25,145,169,4.561791813461931,3456
2015-05-26,146,169,4.2465703975918,3480
2015-05-27,147,169,4.137977681295462,3504
2015-05-28,148,169,4.581479863641025,3528
2015-05-29,149,169,5.0935378266046065,3552
2015-05-30,150,169,4.8996572370345515,3576
2015-05-31,151,169,4.896995358933951,3600
2015-06-01,152,169,5.290617151168419,3624
2015-06-02,153,169,5.658001783572563,3648
2015-06-03,154,169,6.097367804414043,3672
2015-06-04,155,169,6.512059948633128,3696
2015-06-05,156,169,7.075740402278694,3720
2015-06-06,157,169,6.585881303275532,3744
2015-06-07,158,169,6.345116492039104,3768
2015-06-08,159,169,5.651385591706874,3792
2015-06-09,160,169,5.025341787889034,3816
2015-06-10,161,169,5.4389884064898535,3840
2015-06-11,162,169,5.8967491863866925,3864
2015-06-12,163,169,5.943495213109407,3888
2015-06-13,164,169,5.8886163988868825,3912
2015-06-14,165,169,5.531631635208205,3936
2015-06-15,166,169,5.186761354828692,3960
2015-06-16,167,169,5.097361162657664,3984
2015-06-17,168,169,5.030114319169874,4008
2015-06-18,169,169,5.001624755415167,4032
2015-06-19,170,169,4.932392856951621,4056
2015-06-20,171,169,4.497528543687012,4080
2015-06-21,172,169,4.733382542351588,4104
2015-06-22,173,169,5.342970608543287,4128
2015-06-23,174,169,4.641721058240743,4152
2015-06-24,175,169,4.844924992236251,4176
2015-06-25,176,169,5.285235221037496,4200
2015-06-26,177,169,5.682291123936635,4224
2015-06-27,178,169,5.779467350766258,4248
2015-06-28,179,169,5.843224232531914,4272
2015-06-29,180,169,6.145265228545838,4296
2015-06-30,181,169,6.849889068204478,4320
2015-07-01,182,169,7.815752800834438,4344
2015-07-02,183,169,8.7552239420807,4368
2015-07-03,184,169,8.909984583632562,4392
2015-07-04,185,169,8.62357715875095,4416
2015-07-05,186,169,8.909603134569643,4440
2015-07-06,187,169,7.945561829218238,4464
2015-07-07,188,169,9.118890839199636,4488
2015-07-08,189,169,5.8817730405896125,4512
2015-07-09,190,169,5.30221950792916,4536
2015-07-10,191,169,5.766659034827077,4560
2015-07-11,192,169,6.905742993863418,4584
2015-07-12,193,169,6.688626021144509,4608
2015-07-13,194,169,6.4304145491459,4632
2015-07-14,195,169,6.8033018522053,4656
2015-07-15,196,169,7.205866808079754,4680
2015-07-16,197,169,8.041361435313602,4704
2015-07-17,198,169,7.201755612070818,4728
2015-07-18,199,169,7.093224258238211,4752
2015-07-19,200,169,7.458067202376922,4776
2015-07-20,201,169,7.22909472163029,4800
2015-07-21,202,169,8.070604385212272,4824
2015-07-22,203,169,7.585006090836611,4848
2015-07-23,204,169,6.568243987141413,4872
2015-07-24,205,169,6.929741875982968,4896
2015-07-25,206,169,5.679633771817242,4920
2015-07-26,207,169,5.290257921370572,4944
2015-07-27,208,169,5.7564205180351,4968
2015-07-28,209,169,5.5172071179589315,4992
2015-07-29,210,169,5.28268469711292,5016
2015-07-30,211,169,5.022910945376086,5040
2015-07-31,212,169,5.4468687286556365,5064
2015-08-01,213,169,5.314687676108138,5088
2015-08-02,214,169,5.856781269732172,5112
2015-08-03,215,169,6.8457739109382665,5136
2015-08-04,216,169,6.372987377432293,5160
2015-08-05,217,169,6.910968649084812,5184
2015-08-06,218,169,8.226991001468907,5208
2015-08-07,219,169,8.816038055812601,5232
2015-08-08,220,169,7.611881105742947,5256
2015-08-09,221,169,6.500003706407839,5280
2015-08-10,222,169,6.302224415002669,5304
2015-08-11,223,169,6.939071708318353,5328
2015-08-12,224,169,7.4290455292579125,5352
2015-08-13,225,169,7.217057719439835,5376
2015-08-14,226,169,5.7769744537192205,5400
2015-08-15,227,169,5.0170414309590186,5424
2015-08-16,228,169,4.981164036199523,5448
2015-08-17,229,169,5.061137053925704,5472
2015-08-18,230,169,5.011245821752711,5496
2015-08-19,231,169,4.810369061038191,5520
2015-08-20,232,169,5.0576821850481934,5544
2015-08-21,233,169,5.129855630943138,5568
2015-08-22,234,169,5.488783267402345,5592
2015-08-23,235,169,5.44086141783989,5616
2015-08-24,236,169,5.414227550934611,5640
2015-08-25,237,169,5.081498801417003,5664
2015-08-26,238,169,5.7224371283814,5688
2015-08-27,239,169,6.444159697459023,5712
2015-08-28,240,169,6.865970543947933,5736
2015-08-29,241,169,7.2991143157842675,5760
2015-08-30,242,169,7.212352710845106,5784
2015-08-31,243,169,6.746946400204028,5808
2015-09-01,244,169,5.720013129980389,5832
2015-09-02,245,169,5.099589876089602,5856
2015-09-03,246,169,4.829159939329646,5880
2015-09-04,247,169,4.746434221328018,5904
2015-09-05,248,169,4.270324555668323,5928
2015-09-06,249,169,4.2428326861973344,5952
2015-09-07,250,169,4.2475780053447565,5976
2015-09-08,251,169,4.531612162806317,6000
2015-09-09,252,169,4.7062987006129156,6024
2015-09-10,253,169,4.5076318563053945,6048
2015-09-11,254,169,4.661140421779933,6072
2015-09-12,255,169,5.112643579469672,6096
2015-09-13,256,169,5.267749791972331,6120
2015-09-14,257,169,4.8806269544446685,6144
2015-09-15,258,169,4.952265664228436,6168
2015-09-16,259,169,5.921824462263652,6192
2015-09-17,260,169,5.2441287314436895,6216
2015-09-18,261,169,4.616325679178869,6240
2015-09-19,262,169,4.513785942970128,6264
2015-09-20,263,169,4.455632028371749,6288
2015-09-21,264,169,4.521874013896088,6312
2015-09-22,265,169,4.555709321134134,6336
2015-09-23,266,169,3.913604839924884,6360
2015-09-24,267,169,4.117788646012073,6384
2015-09-25,268,169,4.324980553755687,6408
2015-09-26,269,169,4.526107096720417,6432
2015-09-27,270,169,4.440803390300512,6456
2015-09-28,271,169,4.220843864694931,6480
2015-09-29,272,169,4.142470613710054,6504
2015-09-30,273,169,4.144127292400338,6528
2015-10-01,274,169,4.115450662840662,6552
2015-10-02,275,169,4.549347701525981,6576
2015-10-03,276,169,4.700914272601598,6600
2015-10-04,277,169,4.3141225840250925,6624
2015-10-05,278,169,4.901184236304223,6648
2015-10-06,279,169,4.9604285457865975,6672
2015-10-07,280,169,4.5184222855243785,6696
2015-10-08,281,169,4.30518351201465,6720
2015-10-09,282,169,4.382117419440763,6744
2015-10-10,283,169,4.350169338743608,6768
2015-10-11,284,169,4.245833563969493,6792
2015-10-12,285,169,4.296578548813779,6816
2015-10-13,286,169,4.188426808250748,6840
2015-10-14,287,169,3.6205587708201374,6864
2015-10-15,288,169,3.520581890900594,6888
2015-10-16,289,169,3.483410423558744,6912
2015-10-17,290,169,3.617274776980801,6936
2015-10-18,291,169,3.8116535394948707,6960
2015-10-19,292,169,3.648624249434506,6984
2015-10-20,293,169,3.6002515889721693,7008
2015-10-21,294,169,3.5779467538875647,7032
2015-10-22,295,169,3.779733456648215,7056
2015-10-23,296,169,4.130274462438981,7080
2015-10-24,297,169,4.343357375790714,7104
2015-10-25,298,169,4.3032599259648485,7128
2015-10-26,299,169,4.24105965043591,7152
2015-10-27,300,169,4.220116792717681,7176
2015-10-28,301,169,4.322630445956884,7200
2015-10-29,302,169,4.057914399312513,7224
2015-10-30,303,169,4.2554780834059205,7248
2015-10-31,304,169,4.2345059132799605,7272
2015-11-01,305,169,4.139580789901495,7296
2015-11-02,306,169,4.025132455121233,7320
2015-11-03,307,169,4.229340162146191,7344
2015-11-04,308,169,4.3317024316251285,7368
2015-11-05,309,169,4.101581542941207,7392
2015-11-06,310,169,4.3644142843910245,7416
2015-11-07,311,169,4.5585809834945605,7440
2015-11-08,312,169,4.671374416345074,7464
2015-11-09,313,169,4.6164106025165905,7488
2015-11-10,314,169,4.376166534555755,7512
2015-11-11,315,169,4.10280253109714,7536
2015-11-12,316,169,4.095597938566822,7560
2015-11-13,317,169,4.13451893951762,7584
2015-11-14,318,169,3.937798421933141,7608
2015-11-15,319,169,4.402833927829922,7632
2015-11-16,320,169,4.122051026034304,7656
2015-11-17,321,169,4.18883328220048,7680
2015-11-18,322,169,4.168835527785165,7704
2015-11-19,323,169,4.092393847106697,7728
2015-11-20,324,169,4.1956717664641126,7752
2015-11-21,325,169,3.3369575422875397,7776
2015-11-22,326,169,3.0713859662727447,7800
2015-11-23,327,169,2.8631326638135013,7824
2015-11-24,328,169,2.9022079456952845,7848
2015-11-25,329,169,3.290240233001437,7872
2015-11-26,330,169,3.163239121375172,7896
2015-11-27,331,169,2.9586511664085124,7920
2015-11-28,332,169,3.0820926734179466,7944
2015-11-29,333,169,3.3706789514972533,7968
2015-11-30,334,169,3.6886427707402976,7992
2015-12-01,335,169,3.730919704385743,8016
2015-12-02,336,169,3.584079248534851,8040
2015-12-03,337,169,3.5504850472645386,8064
2015-12-04,338,169,3.678356696119616,8088
2015-12-05,339,169,3.615669623840836,8112
2015-12-06,340,169,3.611377235246456,8136
2015-12-07,341,169,3.5337286299102013,8160
2015-12-08,342,169,3.5716602086601625,8184
2015-12-09,343,169,3.4797349528450447,8208
2015-12-10,344,169,3.2368406582481257,8232
2015-12-11,345,169,3.4117647183655206,8256
2015-12-12,346,169,3.3851568407851502,8280
2015-12-13,347,169,3.3485056174104955,8304
2015-12-14,348,169,3.359442458718131,8328
2015-12-15,349,169,3.5084235853984325,8352
2015-12-16,350,169,3.8576273694888186,8376
2015-12-17,351,169,3.8257427389584313,8400
2015-12-18,352,169,3.8079877786937613,8424
2015-12-19,353,169,3.8275412235308366,8448
2015-12-20,354,169,3.944779648802277,8472
2015-12-21,355,169,3.718887794055212,8496
2015-12-22,356,169,3.716886228736594,8520
2015-12-23,357,169,3.6318837664341976,8544
2015-12-24,358,169,3.5996216725530017,8568
2015-12-25,359,169,3.5885786601986216,8592
2015-12-26,360,169,3.5705242291323747,8616
2015-12-27,361,169,3.5511580640879625,8640
2015-12-28,362,169,3.6720584674866856,8664
2015-12-29,363,169,3.5154232002884185,8688
2015-12-30,364,169,3.410438249016857,8712
2015-12-31,365,169,3.5326989953789547,8736
2015-01-01,1,170,3.3354357750820216,0
2015-01-02,2,170,3.512468297510759,24
2015-01-03,3,170,4.044783892088408,48
2015-01-04,4,170,4.203875548383877,72
2015-01-05,5,170,3.5406388856540167,96
2015-01-06,6,170,3.4374288164809768,120
2015-01-07,7,170,3.6188182754013485,144
2015-01-08,8,170,4.008331289078247,168
2015-01-09,9,170,4.430469718654188,192
2015-01-10,10,170,5.46411391732218,216
2015-01-11,11,170,4.231433875701439,240
2015-01-12,12,170,3.8237885640073546,264
2015-01-13,13,170,4.302265114034009,288
2015-01-14,14,170,4.4209047904420045,312
2015-01-15,15,170,4.277305096536053,336
2015-01-16,16,170,4.145736914863757,360
2015-01-17,17,170,3.7658067093649663,384
2015-01-18,18,170,3.509610069692412,408
2015-01-19,19,170,3.619312943422112,432
2015-01-20,20,170,3.637192423177824,456
2015-01-21,21,170,3.686696627737284,480
2015-01-22,22,170,3.6978577784497326,504
2015-01-23,23,170,3.659705375496936,528
2015-01-24,24,170,3.6469020589495607,552
2015-01-25,25,170,3.6324513881379823,576
2015-01-26,26,170,3.5285885983474046,600
2015-01-27,27,170,3.6923411876060026,624
2015-01-28,28,170,3.6713940190342846,648
2015-01-29,29,170,3.8878881034288746,672
2015-01-30,30,170,3.695543680170907,696
2015-01-31,31,170,3.6239645625127097,720
2015-02-01,32,170,3.612977877540737,744
2015-02-02,33,170,3.5714634383910773,768
2015-02-03,34,170,3.4473148795186934,792
2015-02-04,35,170,3.3831368436463465,816
2015-02-05,36,170,3.357488354023466,840
2015-02-06,37,170,3.408586553538,864
2015-02-07,38,170,3.291569966878604,888
2015-02-08,39,170,3.3961738039689777,912
2015-02-09,40,170,3.511956459128727,936
2015-02-10,41,170,3.5039056683604564,960
2015-02-11,42,170,3.5215338582984472,984
2015-02-12,43,170,3.4993991166759564,1008
2015-02-13,44,170,3.669916036677811,1032
2015-02-14,45,170,3.996459707163,1056
2015-02-15,46,170,3.8811064699976408,1080
2015-02-16,47,170,3.7076524001447164,1104
2015-02-17,48,170,3.6630711616774927,1128
2015-02-18,49,170,3.6100290835518902,1152
2015-02-19,50,170,3.702001863005788,1176
2015-02-20,51,170,4.041179123503995,1200
2015-02-21,52,170,3.841879658765832,1224
2015-02-22,53,170,3.736117470263957,1248
2015-02-23,54,170,3.7493810470613598,1272
2015-02-24,55,170,3.9868439332143297,1296
2015-02-25,56,170,3.963723302135203,1320
2015-02-26,57,170,3.8219730888831394,1344
2015-02-27,58,170,3.8976461080650218,1368
2015-02-28,59,170,3.856031644639773,1392
2015-03-01,60,170,4.192093904209293,1416
2015-03-02,61,170,4.628616491161433,1440
2015-03-03,62,170,4.3792537078806735,1464
2015-03-04,63,170,4.017440740439676,1488
2015-03-05,64,170,3.9522744194232327,1512
2015-03-06,65,170,3.990844797723465,1536
2015-03-07,66,170,4.017430841908482,1560
2015-03-08,67,170,4.246327979197938,1584
2015-03-09,68,170,4.4698673021306385,1608
2015-03-10,69,170,4.5143710960188805,1632
2015-03-11,70,170,4.696954557949235,1656
2015-03-12,71,170,4.229918691772478,1680
2015-03-13,72,170,4.087984541522151,1704
2015-03-14,73,170,4.125321720336253,1728
2015-03-15,74,170,4.032000670945273,1752
2015-03-16,75,170,4.412375399706511,1776
2015-03-17,76,170,4.701809501412259,1800
2015-03-18,77,170,4.936200106226353,1824
2015-03-19,78,170,4.98233551249991,1848
2015-03-20,79,170,4.695805187838918,1872
2015-03-21,80,170,4.555565816084346,1896
2015-03-22,81,170,4.206024853438247,1920
2015-03-23,82,170,4.497572967719577,1944
2015-03-24,83,170,4.7822880001552495,1968
2015-03-25,84,170,4.483092069170075,1992
2015-03-26,85,170,4.272044832962069,2016
2015-03-27,86,170,4.509761880808626,2040
2015-03-28,87,170,4.37071982397955,2064
2015-03-29,88,170,4.875617240937018,2088
2015-03-30,89,170,5.111077549200563,2112
2015-03-31,90,170,5.3228853077507,2136
2015-04-01,91,170,4.3064926613935235,2160
2015-04-02,92,170,4.299386209126448,2184
2015-04-03,93,170,4.320279649166839,2208
2015-04-04,94,170,4.3004984062729825,2232
2015-04-05,95,170,4.103597616720038,2256
2015-04-06,96,170,4.140386332163415,2280
2015-04-07,97,170,4.304760958201801,2304
2015-04-08,98,170,4.5456676896675186,2328
2015-04-09,99,170,5.118960991986562,2352
2015-04-10,100,170,5.761382493100048,2376
2015-04-11,101,170,5.575186467070544,2400
2015-04-12,102,170,5.6134292533381185,2424
2015-04-13,103,170,5.954086407138728,2448
2015-04-14,104,170,5.9014042940966105,2472
2015-04-15,105,170,6.234959457907301,2496
2015-04-16,106,170,5.861449971505937,2520
2015-04-17,107,170,5.4300797654579736,2544
2015-04-18,108,170,4.922147432172383,2568
2015-04-19,109,170,4.857627182657833,2592
2015-04-20,110,170,5.339816599769693,2616
2015-04-21,111,170,5.713898569416988,2640
2015-04-22,112,170,5.953172957808367,2664
2015-04-23,113,170,5.741732482044398,2688
2015-04-24,114,170,5.954344114673399,2712
2015-04-25,115,170,5.839650329364655,2736
2015-04-26,116,170,5.8832859850821135,2760
2015-04-27,117,170,5.975503716444153,2784
2015-04-28,118,170,4.629290644429989,2808
2015-04-29,119,170,4.821745757443506,2832
2015-04-30,120,170,5.4016794451203385,2856
2015-05-01,121,170,5.363301631787705,2880
2015-05-02,122,170,5.793149040292678,2904
2015-05-03,123,170,6.172902477817713,2928
2015-05-04,124,170,6.6674489044230105,2952
2015-05-05,125,170,6.593683714706893,2976
2015-05-06,126,170,5.9898196900636425,3000
2015-05-07,127,170,5.706812928506116,3024
2015-05-08,128,170,5.882595237344664,3048
2015-05-09,129,170,6.313140538424858,3072
2015-05-10,130,170,6.359167199364261,3096
2015-05-11,131,170,7.01629880293069,3120
2015-05-12,132,170,8.712284851828146,3144
2015-05-13,133,170,9.53761088131374,3168
2015-05-14,134,170,7.291556051620708,3192
2015-05-15,135,170,4.687847538464316,3216
2015-05-16,136,170,5.7966615480062575,3240
2015-05-17,137,170,6.34974398382461,3264
2015-05-18,138,170,6.797095776525552,3288
2015-05-19,139,170,5.799151570681447,3312
2015-05-20,140,170,4.912364151523339,3336
2015-05-21,141,170,4.934350437590289,3360
2015-05-22,142,170,5.49374611007655,3384
2015-05-23,143,170,5.876692465684265,3408
2015-05-24,144,170,6.310719870605235,3432
2015-05-25,145,170,6.169139312571242,3456
2015-05-26,146,170,5.602631065104989,3480
2015-05-27,147,170,5.57703740139699,3504
2015-05-28,148,170,6.113900004708799,3528
2015-05-29,149,170,7.254847736858616,3552
2015-05-30,150,170,6.900681507682622,3576
2015-05-31,151,170,7.149906954665086,3600
2015-06-01,152,170,7.405238685137153,3624
2015-06-02,153,170,8.279420498107232,3648
2015-06-03,154,170,9.164827345698695,3672
2015-06-04,155,170,9.610377005531435,3696
2015-06-05,156,170,10.862829901354226,3720
2015-06-06,157,170,10.4378042436851,3744
2015-06-07,158,170,9.232178489278487,3768
2015-06-08,159,170,7.5577838840426095,3792
2015-06-09,160,170,6.43580204990358,3816
2015-06-10,161,170,6.910535158416284,3840
2015-06-11,162,170,8.306319031474763,3864
2015-06-12,163,170,8.339524393482359,3888
2015-06-13,164,170,8.382334733911051,3912
2015-06-14,165,170,7.617392793864522,3936
2015-06-15,166,170,7.016223951660112,3960
2015-06-16,167,170,7.0262446646881065,3984
2015-06-17,168,170,7.153521282216567,4008
2015-06-18,169,170,6.825704344000531,4032
2015-06-19,170,170,6.998886500813423,4056
2015-06-20,171,170,6.168483769450837,4080
2015-06-21,172,170,6.646800335610994,4104
2015-06-22,173,170,7.786130359241607,4128
2015-06-23,174,170,6.492319849656142,4152
2015-06-24,175,170,6.5710255349869024,4176
2015-06-25,176,170,7.522196575630318,4200
2015-06-26,177,170,8.348569263736648,4224
2015-06-27,178,170,9.069606606268783,4248
2015-06-28,179,170,8.9463326276203,4272
2015-06-29,180,170,9.485830112231703,4296
2015-06-30,181,170,10.842580691521,4320
2015-07-01,182,170,13.233094534966838,4344
2015-07-02,183,170,16.23097294630302,4368
2015-07-03,184,170,17.043785354351726,4392
2015-07-04,185,170,18.801433051776712,4416
2015-07-05,186,170,19.369302737136987,4440
2015-07-06,187,170,14.928838980637783,4464
2015-07-07,188,170,18.74674297045452,4488
2015-07-08,189,170,9.166136410369717,4512
2015-07-09,190,170,8.08099469397361,4536
2015-07-10,191,170,8.542964858404359,4560
2015-07-11,192,170,11.77416789559058,4584
2015-07-12,193,170,10.813322667014857,4608
2015-07-13,194,170,10.627134116215393,4632
2015-07-14,195,170,11.321807957308705,4656
2015-07-15,196,170,11.625169313541205,4680
2015-07-16,197,170,14.526601921267623,4704
2015-07-17,198,170,16.26832853652382,4728
2015-07-18,199,170,11.012866295950058,4752
2015-07-19,200,170,13.234439501789259,4776
2015-07-20,201,170,13.166827020971894,4800
2015-07-21,202,170,15.503446855739114,4824
2015-07-22,203,170,12.013721637744437,4848
2015-07-23,204,170,9.906851866306834,4872
2015-07-24,205,170,10.89780762184432,4896
2015-07-25,206,170,8.161013593474156,4920
2015-07-26,207,170,6.7739088798596505,4944
2015-07-27,208,170,8.29122409811539,4968
2015-07-28,209,170,8.077342787958685,4992
2015-07-29,210,170,6.874657306071177,5016
2015-07-30,211,170,6.863534563225813,5040
2015-07-31,212,170,7.220940728099549,5064
2015-08-01,213,170,6.910632167853602,5088
2015-08-02,214,170,8.287153976324241,5112
2015-08-03,215,170,10.415959687582221,5136
2015-08-04,216,170,9.328895608038149,5160
2015-08-05,217,170,10.524945613091019,5184
2015-08-06,218,170,14.134526922046925,5208
2015-08-07,219,170,16.43664942824601,5232
2015-08-08,220,170,13.000638306987375,5256
2015-08-09,221,170,9.052169381466006,5280
2015-08-10,222,170,9.293448962232203,5304
2015-08-11,223,170,10.659653485820474,5328
2015-08-12,224,170,12.177905517774406,5352
2015-08-13,225,170,10.362212190348806,5376
2015-08-14,226,170,7.9020913679198355,5400
2015-08-15,227,170,6.909402480262513,5424
2015-08-16,228,170,6.367136307533013,5448
2015-08-17,229,170,7.006993024706838,5472
2015-08-18,230,170,6.785256366938994,5496
2015-08-19,231,170,6.438232225759245,5520
2015-08-20,232,170,6.915278254582878,5544
2015-08-21,233,170,7.639628206020838,5568
2015-08-22,234,170,7.871810059898728,5592
2015-08-23,235,170,7.224196460660497,5616
2015-08-24,236,170,6.783394394682528,5640
2015-08-25,237,170,6.7688776571560725,5664
2015-08-26,238,170,7.499414820271992,5688
2015-08-27,239,170,9.770041656187738,5712
2015-08-28,240,170,11.193009775352607,5736
2015-08-29,241,170,10.825565246429106,5760
2015-08-30,242,170,11.84172432702192,5784
2015-08-31,243,170,11.42134731347331,5808
2015-09-01,244,170,7.994060121358234,5832
2015-09-02,245,170,7.089247525994673,5856
2015-09-03,246,170,6.698403519185855,5880
2015-09-04,247,170,6.544662895979791,5904
2015-09-05,248,170,5.857166970327853,5928
2015-09-06,249,170,5.680776787288419,5952
2015-09-07,250,170,5.743992556646504,5976
2015-09-08,251,170,5.976620145095406,6000
2015-09-09,252,170,6.2893934936384115,6024
2015-09-10,253,170,5.989158519146048,6048
2015-09-11,254,170,6.539119178956537,6072
2015-09-12,255,170,7.2462123753701295,6096
2015-09-13,256,170,7.187074091774168,6120
2015-09-14,257,170,6.353271679408038,6144
2015-09-15,258,170,6.229193364649153,6168
2015-09-16,259,170,7.1634760795109775,6192
2015-09-17,260,170,6.050336527012563,6216
2015-09-18,261,170,5.7927675035006345,6240
2015-09-19,262,170,5.672295321291691,6264
2015-09-20,263,170,5.862036271955158,6288
2015-09-21,264,170,5.575501303448439,6312
2015-09-22,265,170,5.738677648919323,6336
2015-09-23,266,170,5.08345905677258,6360
2015-09-24,267,170,5.415218290781453,6384
2015-09-25,268,170,5.51449518468234,6408
2015-09-26,269,170,5.590976376978847,6432
2015-09-27,270,170,5.715969918926461,6456
2015-09-28,271,170,5.3702466095855526,6480
2015-09-29,272,170,5.215864365101369,6504
2015-09-30,273,170,5.037747645499387,6528
2015-10-01,274,170,4.969650305129762,6552
2015-10-02,275,170,5.203497559340782,6576
2015-10-03,276,170,5.744152404787058,6600
2015-10-04,277,170,5.617169109397062,6624
2015-10-05,278,170,6.014712078204937,6648
2015-10-06,279,170,6.086359382982688,6672
2015-10-07,280,170,5.6736053333028575,6696
2015-10-08,281,170,5.285117401593622,6720
2015-10-09,282,170,5.351678627034317,6744
2015-10-10,283,170,5.192080046597937,6768
2015-10-11,284,170,5.328984945725448,6792
2015-10-12,285,170,5.1100680321883685,6816
2015-10-13,286,170,4.921581072724741,6840
2015-10-14,287,170,4.3668384724682845,6864
2015-10-15,288,170,4.201262347422474,6888
2015-10-16,289,170,4.2486262089641915,6912
2015-10-17,290,170,4.308404525984072,6936
2015-10-18,291,170,4.60429482676601,6960
2015-10-19,292,170,4.582874490588507,6984
2015-10-20,293,170,4.425630276337409,7008
2015-10-21,294,170,4.478263626875682,7032
2015-10-22,295,170,4.568147160523411,7056
2015-10-23,296,170,5.0486723773780975,7080
2015-10-24,297,170,5.114511966962372,7104
2015-10-25,298,170,5.2711473893769245,7128
2015-10-26,299,170,4.934398581603278,7152
2015-10-27,300,170,4.859019273517005,7176
2015-10-28,301,170,4.969926897609314,7200
2015-10-29,302,170,5.022703713534967,7224
2015-10-30,303,170,4.953373541263732,7248
2015-10-31,304,170,4.853451508055637,7272
2015-11-01,305,170,4.649013491813168,7296
2015-11-02,306,170,4.526967484654444,7320
2015-11-03,307,170,4.470680634910878,7344
2015-11-04,308,170,4.754997812119375,7368
2015-11-05,309,170,4.858402547865146,7392
2015-11-06,310,170,5.219088357818496,7416
2015-11-07,311,170,5.484260505669462,7440
2015-11-08,312,170,5.296389450008854,7464
2015-11-09,313,170,5.4375535918273386,7488
2015-11-10,314,170,5.054696789312062,7512
2015-11-11,315,170,4.505952721047051,7536
2015-11-12,316,170,4.472317091876325,7560
2015-11-13,317,170,4.680293284122826,7584
2015-11-14,318,170,4.84127014798738,7608
2015-11-15,319,170,5.008789295928934,7632
2015-11-16,320,170,4.770372998182749,7656
2015-11-17,321,170,5.298278224313053,7680
2015-11-18,322,170,5.53909730029083,7704
2015-11-19,323,170,5.659100192856604,7728
2015-11-20,324,170,5.4872699165746,7752
2015-11-21,325,170,3.996358613104833,7776
2015-11-22,326,170,3.729452821254949,7800
2015-11-23,327,170,3.6264761496249673,7824
2015-11-24,328,170,3.5735503122106134,7848
2015-11-25,329,170,3.80061217358172,7872
2015-11-26,330,170,3.8965330071429913,7896
2015-11-27,331,170,3.7498344932352414,7920
2015-11-28,332,170,3.7217324198521813,7944
2015-11-29,333,170,4.1010801722705486,7968
2015-11-30,334,170,4.755430107050538,7992
2015-12-01,335,170,4.575295009025382,8016
2015-12-02,336,170,3.944247027454189,8040
2015-12-03,337,170,3.7439243543090512,8064
2015-12-04,338,170,3.896666858167505,8088
2015-12-05,339,170,4.059598373456658,8112
2015-12-06,340,170,4.158172275170114,8136
2015-12-07,341,170,4.103960607705973,8160
2015-12-08,342,170,3.979845612198631,8184
2015-12-09,343,170,4.205592259782499,8208
2015-12-10,344,170,3.781325658398132,8232
2015-12-11,345,170,3.899334498645395,8256
2015-12-12,346,170,3.92685038684552,8280
2015-12-13,347,170,3.7518974152068414,8304
2015-12-14,348,170,3.7238167211046806,8328
2015-12-15,349,170,3.8030112444867945,8352
2015-12-16,350,170,4.3360615738492685,8376
2015-12-17,351,170,4.324005659888801,8400
2015-12-18,352,170,4.238225474986792,8424
2015-12-19,353,170,4.141125501261961,8448
2015-12-20,354,170,4.138473041105448,8472
2015-12-21,355,170,4.624251020583866,8496
2015-12-22,356,170,4.369818281490912,8520
2015-12-23,357,170,4.4696593157936535,8544
2015-12-24,358,170,4.415523646298434,8568
2015-12-25,359,170,4.3169943385529885,8592
2015-12-26,360,170,4.001537130300242,8616
2015-12-27,361,170,3.800531896137692,8640
2015-12-28,362,170,3.7021504035138215,8664
2015-12-29,363,170,3.7745079448763104,8688
2015-12-30,364,170,3.90830384687088,8712
2015-12-31,365,170,4.118991561623947,8736
2015-01-01,1,171,3.3068271192355128,0
2015-01-02,2,171,3.5359895372178896,24
2015-01-03,3,171,4.037981122382576,48
2015-01-04,4,171,4.169627278006251,72
2015-01-05,5,171,3.5590475360568146,96
2015-01-06,6,171,3.4595492960571836,120
2015-01-07,7,171,3.6373684265520083,144
2015-01-08,8,171,3.998756502322927,168
2015-01-09,9,171,4.425152338198097,192
2015-01-10,10,171,5.464632172324027,216
2015-01-11,11,171,4.210906763877033,240
2015-01-12,12,171,3.8579853122289736,264
2015-01-13,13,171,4.219205581568821,288
2015-01-14,14,171,4.329756623031429,312
2015-01-15,15,171,4.153606775529672,336
2015-01-16,16,171,4.111796791850996,360
2015-01-17,17,171,3.737934915708745,384
2015-01-18,18,171,3.547491766881361,408
2015-01-19,19,171,3.607347771309304,432
2015-01-20,20,171,3.6486426494685174,456
2015-01-21,21,171,3.641239263060541,480
2015-01-22,22,171,3.644810074309608,504
2015-01-23,23,171,3.6530488324090062,528
2015-01-24,24,171,3.66067751345326,552
2015-01-25,25,171,3.610693388987104,576
2015-01-26,26,171,3.4856267801027148,600
2015-01-27,27,171,3.69386447640275,624
2015-01-28,28,171,3.649150328178581,648
2015-01-29,29,171,3.8055992712272126,672
2015-01-30,30,171,3.663401244604791,696
2015-01-31,31,171,3.617059218209437,720
2015-02-01,32,171,3.593170362913553,744
2015-02-02,33,171,3.570793357365313,768
2015-02-03,34,171,3.408596891066237,792
2015-02-04,35,171,3.36997689171626,816
2015-02-05,36,171,3.3485000513826013,840
2015-02-06,37,171,3.3905637864005693,864
2015-02-07,38,171,3.277660008452226,888
2015-02-08,39,171,3.367540642807614,912
2015-02-09,40,171,3.466083554045912,936
2015-02-10,41,171,3.5032052041669797,960
2015-02-11,42,171,3.4957552668542924,984
2015-02-12,43,171,3.4763952389846144,1008
2015-02-13,44,171,3.606090945458342,1032
2015-02-14,45,171,3.834378112583273,1056
2015-02-15,46,171,3.727542030231345,1080
2015-02-16,47,171,3.627291425932807,1104
2015-02-17,48,171,3.633296452346588,1128
2015-02-18,49,171,3.5909204534887085,1152
2015-02-19,50,171,3.6835014302225018,1176
2015-02-20,51,171,3.9532921779688057,1200
2015-02-21,52,171,3.7737189061648793,1224
2015-02-22,53,171,3.6978650761334064,1248
2015-02-23,54,171,3.7144859287390695,1272
2015-02-24,55,171,3.9515264772257686,1296
2015-02-25,56,171,3.956621670917773,1320
2015-02-26,57,171,3.7818569587391204,1344
2015-02-27,58,171,3.8561568588605235,1368
2015-02-28,59,171,3.8601357972580495,1392
2015-03-01,60,171,4.133528807941069,1416
2015-03-02,61,171,4.516318522894232,1440
2015-03-03,62,171,4.330247637610774,1464
2015-03-04,63,171,3.984942421505875,1488
2015-03-05,64,171,3.9082786341257183,1512
2015-03-06,65,171,3.920101308816773,1536
2015-03-07,66,171,3.9625169834902483,1560
2015-03-08,67,171,4.206579701445773,1584
2015-03-09,68,171,4.4298924058663065,1608
2015-03-10,69,171,4.511245885296715,1632
2015-03-11,70,171,4.683280290113122,1656
2015-03-12,71,171,4.188202940697454,1680
2015-03-13,72,171,4.0541758058448325,1704
2015-03-14,73,171,4.064263796726427,1728
2015-03-15,74,171,4.026069071568527,1752
2015-03-16,75,171,4.405067963097955,1776
2015-03-17,76,171,4.71405152435598,1800
2015-03-18,77,171,4.944906834782993,1824
2015-03-19,78,171,4.957281704488602,1848
2015-03-20,79,171,4.666644010353751,1872
2015-03-21,80,171,4.475431027622077,1896
2015-03-22,81,171,4.1509586870000845,1920
2015-03-23,82,171,4.453115480225512,1944
2015-03-24,83,171,4.703166362616618,1968
2015-03-25,84,171,4.4828249398151785,1992
2015-03-26,85,171,4.25992971557297,2016
2015-03-27,86,171,4.514572758016472,2040
2015-03-28,87,171,4.4534445349955885,2064
2015-03-29,88,171,4.851661872935282,2088
2015-03-30,89,171,5.035577526739707,2112
2015-03-31,90,171,5.2803193778666175,2136
2015-04-01,91,171,4.298342670353452,2160
2015-04-02,92,171,4.28594294980244,2184
2015-04-03,93,171,4.3002428276236335,2208
2015-04-04,94,171,4.244931451223897,2232
2015-04-05,95,171,4.053219906815697,2256
2015-04-06,96,171,4.0631667067928525,2280
2015-04-07,97,171,4.230839059609099,2304
2015-04-08,98,171,4.519706545646407,2328
2015-04-09,99,171,5.0814526719856845,2352
2015-04-10,100,171,5.667294744223982,2376
2015-04-11,101,171,5.533020610587847,2400
2015-04-12,102,171,5.587150594024679,2424
2015-04-13,103,171,5.923089202821942,2448
2015-04-14,104,171,5.960401204253983,2472
2015-04-15,105,171,6.106331914093528,2496
2015-04-16,106,171,5.911803585463576,2520
2015-04-17,107,171,5.385294091530608,2544
2015-04-18,108,171,4.844864404977437,2568
2015-04-19,109,171,4.797975366174613,2592
2015-04-20,110,171,5.2501593048161705,2616
2015-04-21,111,171,5.684514399143459,2640
2015-04-22,112,171,5.968890503835922,2664
2015-04-23,113,171,5.577001362223395,2688
2015-04-24,114,171,5.7917087371160125,2712
2015-04-25,115,171,5.727516025609554,2736
2015-04-26,116,171,5.847055283606576,2760
2015-04-27,117,171,5.923431688358681,2784
2015-04-28,118,171,4.665109705583983,2808
2015-04-29,119,171,4.803165085890371,2832
2015-04-30,120,171,5.344295978238582,2856
2015-05-01,121,171,5.257206005383402,2880
2015-05-02,122,171,5.7584837595603,2904
2015-05-03,123,171,6.055498440354997,2928
2015-05-04,124,171,6.540810679803842,2952
2015-05-05,125,171,6.598398460710884,2976
2015-05-06,126,171,5.920869777138907,3000
2015-05-07,127,171,5.7487776395111485,3024
2015-05-08,128,171,5.907499378630848,3048
2015-05-09,129,171,6.310772223226285,3072
2015-05-10,130,171,6.394106024669429,3096
2015-05-11,131,171,6.947077222079884,3120
2015-05-12,132,171,8.452225686880029,3144
2015-05-13,133,171,9.148545394576693,3168
2015-05-14,134,171,7.335829846414522,3192
2015-05-15,135,171,4.705571465864229,3216
2015-05-16,136,171,5.761914862532429,3240
2015-05-17,137,171,6.3763817295145655,3264
2015-05-18,138,171,6.804351768046229,3288
2015-05-19,139,171,5.7067826043647445,3312
2015-05-20,140,171,4.844117124388289,3336
2015-05-21,141,171,4.837051138213708,3360
2015-05-22,142,171,5.444912429862996,3384
2015-05-23,143,171,5.7361552914809035,3408
2015-05-24,144,171,6.227325338474952,3432
2015-05-25,145,171,6.0652149114665805,3456
2015-05-26,146,171,5.5584889181550725,3480
2015-05-27,147,171,5.588108914723736,3504
2015-05-28,148,171,6.017124738329388,3528
2015-05-29,149,171,7.089098559223434,3552
2015-05-30,150,171,6.761507343216582,3576
2015-05-31,151,171,6.964527510103737,3600
2015-06-01,152,171,7.338461026538543,3624
2015-06-02,153,171,8.068002104847276,3648
2015-06-03,154,171,8.976207090143156,3672
2015-06-04,155,171,9.529939506998732,3696
2015-06-05,156,171,10.738081428539274,3720
2015-06-06,157,171,10.359457357675199,3744
2015-06-07,158,171,9.337795859720787,3768
2015-06-08,159,171,7.582325240766844,3792
2015-06-09,160,171,6.361775060392017,3816
2015-06-10,161,171,6.7742852459382865,3840
2015-06-11,162,171,8.10678976373152,3864
2015-06-12,163,171,8.3518025678403,3888
2015-06-13,164,171,8.312287165874366,3912
2015-06-14,165,171,7.417569711843238,3936
2015-06-15,166,171,6.857004091001293,3960
2015-06-16,167,171,6.8717867572796125,3984
2015-06-17,168,171,7.055149099257344,4008
2015-06-18,169,171,6.733160456002612,4032
2015-06-19,170,171,6.998196192395028,4056
2015-06-20,171,171,6.207953673287016,4080
2015-06-21,172,171,6.4662524838306235,4104
2015-06-22,173,171,7.439515687165456,4128
2015-06-23,174,171,6.38708726392058,4152
2015-06-24,175,171,6.504325085899836,4176
2015-06-25,176,171,7.337553864620547,4200
2015-06-26,177,171,8.152545825084658,4224
2015-06-27,178,171,8.737547031108294,4248
2015-06-28,179,171,8.773457478551844,4272
2015-06-29,180,171,9.146277207175439,4296
2015-06-30,181,171,10.40836585760907,4320
2015-07-01,182,171,12.290832921004178,4344
2015-07-02,183,171,14.748722236168106,4368
2015-07-03,184,171,15.832734859888827,4392
2015-07-04,185,171,16.993707535824676,4416
2015-07-05,186,171,17.80474344460125,4440
2015-07-06,187,171,14.08460044854518,4464
2015-07-07,188,171,17.284388761805086,4488
2015-07-08,189,171,9.157360574515565,4512
2015-07-09,190,171,8.265742900629,4536
2015-07-10,191,171,8.350378553454497,4560
2015-07-11,192,171,11.045307456943156,4584
2015-07-12,193,171,10.650242181409943,4608
2015-07-13,194,171,10.428885850492957,4632
2015-07-14,195,171,11.149437616151722,4656
2015-07-15,196,171,11.435728791146273,4680
2015-07-16,197,171,13.690076127604366,4704
2015-07-17,198,171,14.337647712087419,4728
2015-07-18,199,171,10.801643644319613,4752
2015-07-19,200,171,12.487574650346104,4776
2015-07-20,201,171,12.699597185480124,4800
2015-07-21,202,171,14.87447290866983,4824
2015-07-22,203,171,11.98179878567112,4848
2015-07-23,204,171,9.958544647923057,4872
2015-07-24,205,171,10.397564872836671,4896
2015-07-25,206,171,8.140749575494613,4920
2015-07-26,207,171,6.992894425481992,4944
2015-07-27,208,171,8.309068651350241,4968
2015-07-28,209,171,8.0061151370346,4992
2015-07-29,210,171,6.770907284460058,5016
2015-07-30,211,171,6.9212519731344875,5040
2015-07-31,212,171,7.300153807420298,5064
2015-08-01,213,171,6.913227775868869,5088
2015-08-02,214,171,8.209660344270956,5112
2015-08-03,215,171,10.004180029960887,5136
2015-08-04,216,171,9.234715035754412,5160
2015-08-05,217,171,10.357520837996942,5184
2015-08-06,218,171,13.582546834251465,5208
2015-08-07,219,171,15.410835189680393,5232
2015-08-08,220,171,13.792046401476872,5256
2015-08-09,221,171,9.584560941714981,5280
2015-08-10,222,171,9.405050376031332,5304
2015-08-11,223,171,10.542997666109713,5328
2015-08-12,224,171,11.893758870537512,5352
2015-08-13,225,171,10.72252397683472,5376
2015-08-14,226,171,7.812155221139219,5400
2015-08-15,227,171,6.785553316642702,5424
2015-08-16,228,171,6.380533808937463,5448
2015-08-17,229,171,6.872002280179179,5472
2015-08-18,230,171,6.740929275665207,5496
2015-08-19,231,171,6.355325522808517,5520
2015-08-20,232,171,6.843794968386329,5544
2015-08-21,233,171,7.478531716568747,5568
2015-08-22,234,171,7.673976620494678,5592
2015-08-23,235,171,7.1170834335874735,5616
2015-08-24,236,171,6.74361195596681,5640
2015-08-25,237,171,6.779920511054497,5664
2015-08-26,238,171,7.390332658300934,5688
2015-08-27,239,171,9.390298016505831,5712
2015-08-28,240,171,10.832730500300405,5736
2015-08-29,241,171,10.619714503848522,5760
2015-08-30,242,171,11.594650359006364,5784
2015-08-31,243,171,10.994584162383056,5808
2015-09-01,244,171,7.892469005753878,5832
2015-09-02,245,171,7.0440405998044415,5856
2015-09-03,246,171,6.5617605820274285,5880
2015-09-04,247,171,6.5456789043365164,5904
2015-09-05,248,171,5.855674335160612,5928
2015-09-06,249,171,5.678734763125582,5952
2015-09-07,250,171,5.673915431896976,5976
2015-09-08,251,171,5.897094159978779,6000
2015-09-09,252,171,6.160402660348938,6024
2015-09-10,253,171,5.769652202288753,6048
2015-09-11,254,171,6.207214005749638,6072
2015-09-12,255,171,7.165174563227423,6096
2015-09-13,256,171,6.963261253241577,6120
2015-09-14,257,171,6.390795188913777,6144
2015-09-15,258,171,6.254354512564412,6168
2015-09-16,259,171,6.926922477087508,6192
2015-09-17,260,171,6.033598971908969,6216
2015-09-18,261,171,5.7358491441053925,6240
2015-09-19,262,171,5.672630994616709,6264
2015-09-20,263,171,5.900059971758567,6288
2015-09-21,264,171,5.550444157704871,6312
2015-09-22,265,171,5.741383667105651,6336
2015-09-23,266,171,5.053939929760941,6360
2015-09-24,267,171,5.40310443552896,6384
2015-09-25,268,171,5.461422388190862,6408
2015-09-26,269,171,5.6223631653492125,6432
2015-09-27,270,171,5.731505566853717,6456
2015-09-28,271,171,5.3154535691024405,6480
2015-09-29,272,171,5.186294714107065,6504
2015-09-30,273,171,4.9977573432802185,6528
2015-10-01,274,171,4.9220188517567705,6552
2015-10-02,275,171,5.192202596422789,6576
2015-10-03,276,171,5.7640526229812075,6600
2015-10-04,277,171,5.542616591414959,6624
2015-10-05,278,171,5.920366226587473,6648
2015-10-06,279,171,6.040043636951332,6672
2015-10-07,280,171,5.7285655832679785,6696
2015-10-08,281,171,5.381944419589171,6720
2015-10-09,282,171,5.359424164550297,6744
2015-10-10,283,171,5.200662968987525,6768
2015-10-11,284,171,5.293644244113039,6792
2015-10-12,285,171,5.127543518276156,6816
2015-10-13,286,171,4.881511715411693,6840
2015-10-14,287,171,4.462036085275863,6864
2015-10-15,288,171,4.225847522694264,6888
2015-10-16,289,171,4.240187376731149,6912
2015-10-17,290,171,4.292255993456541,6936
2015-10-18,291,171,4.536309023687973,6960
2015-10-19,292,171,4.524146291871988,6984
2015-10-20,293,171,4.373672477060097,7008
2015-10-21,294,171,4.383061239312888,7032
2015-10-22,295,171,4.538810857365172,7056
2015-10-23,296,171,5.008250437462398,7080
2015-10-24,297,171,5.12886091586792,7104
2015-10-25,298,171,5.231473802084683,7128
2015-10-26,299,171,4.92601259908396,7152
2015-10-27,300,171,4.808802571205363,7176
2015-10-28,301,171,4.980172525232425,7200
2015-10-29,302,171,5.0012675188261735,7224
2015-10-30,303,171,4.958173895227073,7248
2015-10-31,304,171,4.847364086807239,7272
2015-11-01,305,171,4.660473367517766,7296
2015-11-02,306,171,4.481505763264502,7320
2015-11-03,307,171,4.452466057361393,7344
2015-11-04,308,171,4.7154044866285325,7368
2015-11-05,309,171,4.805432965955758,7392
2015-11-06,310,171,5.19886748306274,7416
2015-11-07,311,171,5.483884742542204,7440
2015-11-08,312,171,5.286748674976355,7464
2015-11-09,313,171,5.5236720518455416,7488
2015-11-10,314,171,5.110088184554028,7512
2015-11-11,315,171,4.546554431718894,7536
2015-11-12,316,171,4.44329727143575,7560
2015-11-13,317,171,4.689927165016473,7584
2015-11-14,318,171,4.830298327824079,7608
2015-11-15,319,171,5.132045697988035,7632
2015-11-16,320,171,4.863929171747675,7656
2015-11-17,321,171,5.184707963189985,7680
2015-11-18,322,171,5.525083848259137,7704
2015-11-19,323,171,5.550505356162831,7728
2015-11-20,324,171,5.374636199191055,7752
2015-11-21,325,171,4.028969651054712,7776
2015-11-22,326,171,3.758067364641581,7800
2015-11-23,327,171,3.6269267679581962,7824
2015-11-24,328,171,3.5435069987903414,7848
2015-11-25,329,171,3.789117762018433,7872
2015-11-26,330,171,3.865902892771581,7896
2015-11-27,331,171,3.7509031986651893,7920
2015-11-28,332,171,3.710471622738858,7944
2015-11-29,333,171,4.064138720979692,7968
2015-11-30,334,171,4.705041729462502,7992
2015-12-01,335,171,4.555784718730989,8016
2015-12-02,336,171,3.936899870926703,8040
2015-12-03,337,171,3.740282044882453,8064
2015-12-04,338,171,3.922286028174543,8088
2015-12-05,339,171,4.038357770015189,8112
2015-12-06,340,171,4.118728473482187,8136
2015-12-07,341,171,4.016482356244017,8160
2015-12-08,342,171,3.920995231439674,8184
2015-12-09,343,171,4.175492858636634,8208
2015-12-10,344,171,3.775492951334995,8232
2015-12-11,345,171,3.8766154115108056,8256
2015-12-12,346,171,3.938716861655476,8280
2015-12-13,347,171,3.7578850569681186,8304
2015-12-14,348,171,3.6581296367524434,8328
2015-12-15,349,171,3.7724460774488895,8352
2015-12-16,350,171,4.342747205022162,8376
2015-12-17,351,171,4.335552534375848,8400
2015-12-18,352,171,4.261034961494608,8424
2015-12-19,353,171,4.120949239899097,8448
2015-12-20,354,171,4.0664357967558775,8472
2015-12-21,355,171,4.543724842738085,8496
2015-12-22,356,171,4.345909109956784,8520
2015-12-23,357,171,4.471913574941923,8544
2015-12-24,358,171,4.3132607679584245,8568
2015-12-25,359,171,4.275584100620193,8592
2015-12-26,360,171,3.983679606843809,8616
2015-12-27,361,171,3.801055687924255,8640
2015-12-28,362,171,3.6323047642612485,8664
2015-12-29,363,171,3.7719064813279526,8688
2015-12-30,364,171,3.832972071003213,8712
2015-12-31,365,171,4.045279992356886,8736
2015-01-01,1,172,3.1576693497582244,0
2015-01-02,2,172,3.453396815412689,24
2015-01-03,3,172,3.9963230154401512,48
2015-01-04,4,172,3.912718926885287,72
2015-01-05,5,172,3.4029002603120686,96
2015-01-06,6,172,3.369404125211938,120
2015-01-07,7,172,3.5828970471978088,144
2015-01-08,8,172,4.001247794200161,168
2015-01-09,9,172,4.512811904302087,192
2015-01-10,10,172,5.654596124697084,216
2015-01-11,11,172,4.087848716739992,240
2015-01-12,12,172,3.789810801131116,264
2015-01-13,13,172,4.061717979191744,288
2015-01-14,14,172,4.210218474576303,312
2015-01-15,15,172,3.951887228918794,336
2015-01-16,16,172,4.017977094136539,360
2015-01-17,17,172,3.6059874589183054,384
2015-01-18,18,172,3.4755980518635443,408
2015-01-19,19,172,3.5148516132522984,432
2015-01-20,20,172,3.583095914111716,456
2015-01-21,21,172,3.5599416852869656,480
2015-01-22,22,172,3.5376252613077797,504
2015-01-23,23,172,3.5237694797652632,528
2015-01-24,24,172,3.5512665217585515,552
2015-01-25,25,172,3.440153828312698,576
2015-01-26,26,172,3.3557094099189784,600
2015-01-27,27,172,3.6112034753703575,624
2015-01-28,28,172,3.5486946857256805,648
2015-01-29,29,172,3.69807262451497,672
2015-01-30,30,172,3.5871136686311362,696
2015-01-31,31,172,3.5763127523819507,720
2015-02-01,32,172,3.515687898879108,744
2015-02-02,33,172,3.5193417916268057,768
2015-02-03,34,172,3.302981310048632,792
2015-02-04,35,172,3.2643590074702766,816
2015-02-05,36,172,3.2608513728971387,840
2015-02-06,37,172,3.294057988539226,864
2015-02-07,38,172,3.1533158421384697,888
2015-02-08,39,172,3.176638327201509,912
2015-02-09,40,172,3.233491848399205,936
2015-02-10,41,172,3.3286351610574725,960
2015-02-11,42,172,3.3196771387931836,984
2015-02-12,43,172,3.3291962392839136,1008
2015-02-13,44,172,3.435556578685868,1032
2015-02-14,45,172,3.655012326745149,1056
2015-02-15,46,172,3.53406805489062,1080
2015-02-16,47,172,3.4495009823039617,1104
2015-02-17,48,172,3.475877398750482,1128
2015-02-18,49,172,3.4474393093432796,1152
2015-02-19,50,172,3.574914819747516,1176
2015-02-20,51,172,3.797226489294596,1200
2015-02-21,52,172,3.6915443968048214,1224
2015-02-22,53,172,3.591015447962904,1248
2015-02-23,54,172,3.609291493707985,1272
2015-02-24,55,172,3.818320465882172,1296
2015-02-25,56,172,3.779772091604984,1320
2015-02-26,57,172,3.674274790295902,1344
2015-02-27,58,172,3.7298712085871473,1368
2015-02-28,59,172,3.728572541522853,1392
2015-03-01,60,172,4.031330675142212,1416
2015-03-02,61,172,4.372384142471422,1440
2015-03-03,62,172,4.184645312187164,1464
2015-03-04,63,172,3.839598678522738,1488
2015-03-05,64,172,3.7144001710714414,1512
2015-03-06,65,172,3.6983621780617923,1536
2015-03-07,66,172,3.8297929837153233,1560
2015-03-08,67,172,4.114932921180337,1584
2015-03-09,68,172,4.373297259707083,1608
2015-03-10,69,172,4.462249952693405,1632
2015-03-11,70,172,4.466960671430833,1656
2015-03-12,71,172,3.9986701988743367,1680
2015-03-13,72,172,3.9262753836260806,1704
2015-03-14,73,172,3.872082317214165,1728
2015-03-15,74,172,3.9120685639440302,1752
2015-03-16,75,172,4.380730385904172,1776
2015-03-17,76,172,4.730412307390977,1800
2015-03-18,77,172,4.97693287077383,1824
2015-03-19,78,172,4.831184307052304,1848
2015-03-20,79,172,4.5393832449407565,1872
2015-03-21,80,172,4.330955984908118,1896
2015-03-22,81,172,4.014040922241931,1920
2015-03-23,82,172,4.385363432942859,1944
2015-03-24,83,172,4.642403162926398,1968
2015-03-25,84,172,4.3958381335242835,1992
2015-03-26,85,172,4.118833251551174,2016
2015-03-27,86,172,4.325049565824643,2040
2015-03-28,87,172,4.356049462262591,2064
2015-03-29,88,172,4.804467423996698,2088
2015-03-30,89,172,4.8706925879524885,2112
2015-03-31,90,172,5.150982154017464,2136
2015-04-01,91,172,4.0949653457485065,2160
2015-04-02,92,172,4.121476839248278,2184
2015-04-03,93,172,4.059398210531699,2208
2015-04-04,94,172,4.0818948405049404,2232
2015-04-05,95,172,3.8608230591730566,2256
2015-04-06,96,172,3.8324111450922453,2280
2015-04-07,97,172,3.9804372956005007,2304
2015-04-08,98,172,4.374133998053896,2328
2015-04-09,99,172,4.954930588588956,2352
2015-04-10,100,172,5.62831131414554,2376
2015-04-11,101,172,5.4404238233299145,2400
2015-04-12,102,172,5.509906388799665,2424
2015-04-13,103,172,5.694959744560427,2448
2015-04-14,104,172,5.605561782462353,2472
2015-04-15,105,172,5.9110091528156525,2496
2015-04-16,106,172,5.866377043063703,2520
2015-04-17,107,172,5.279360428966217,2544
2015-04-18,108,172,4.551130344636987,2568
2015-04-19,109,172,4.6927736951176415,2592
2015-04-20,110,172,5.028295138201353,2616
2015-04-21,111,172,5.454952458704783,2640
2015-04-22,112,172,5.8102296837186485,2664
2015-04-23,113,172,5.1778080956510895,2688
2015-04-24,114,172,5.4970876607578205,2712
2015-04-25,115,172,5.615394965676532,2736
2015-04-26,116,172,5.9044668661315445,2760
2015-04-27,117,172,5.984971321923758,2784
2015-04-28,118,172,4.444543577215507,2808
2015-04-29,119,172,4.646013705945421,2832
2015-04-30,120,172,5.2304725871791184,2856
2015-05-01,121,172,5.1322739332260365,2880
2015-05-02,122,172,5.640164105582506,2904
2015-05-03,123,172,6.014679210175383,2928
2015-05-04,124,172,6.556731736272534,2952
2015-05-05,125,172,6.629863627805762,2976
2015-05-06,126,172,5.711668763327211,3000
2015-05-07,127,172,5.58429493196358,3024
2015-05-08,128,172,5.8920261447960325,3048
2015-05-09,129,172,6.099358760610527,3072
2015-05-10,130,172,6.169851231080698,3096
2015-05-11,131,172,6.8267482003025854,3120
2015-05-12,132,172,8.34772476598599,3144
2015-05-13,133,172,8.876943340130845,3168
2015-05-14,134,172,7.203871766027987,3192
2015-05-15,135,172,4.544684038713728,3216
2015-05-16,136,172,5.508591837997928,3240
2015-05-17,137,172,6.131617532707168,3264
2015-05-18,138,172,6.558046619441825,3288
2015-05-19,139,172,5.4212112900482365,3312
2015-05-20,140,172,4.616839223113413,3336
2015-05-21,141,172,4.530846731405641,3360
2015-05-22,142,172,5.0809081248608505,3384
2015-05-23,143,172,5.359428448852982,3408
2015-05-24,144,172,5.968422850148992,3432
2015-05-25,145,172,5.777188414423804,3456
2015-05-26,146,172,5.107069570783461,3480
2015-05-27,147,172,5.1188861410567394,3504
2015-05-28,148,172,5.8073885889323495,3528
2015-05-29,149,172,6.869371505251669,3552
2015-05-30,150,172,6.388626658635566,3576
2015-05-31,151,172,6.767472239918077,3600
2015-06-01,152,172,7.169361490845275,3624
2015-06-02,153,172,7.785839199332098,3648
2015-06-03,154,172,8.631781101141652,3672
2015-06-04,155,172,9.018219311433963,3696
2015-06-05,156,172,10.707232703505564,3720
2015-06-06,157,172,10.144665889519091,3744
2015-06-07,158,172,9.176629452792907,3768
2015-06-08,159,172,7.086873322405622,3792
2015-06-09,160,172,5.773030634815157,3816
2015-06-10,161,172,6.267686241391622,3840
2015-06-11,162,172,7.685777892647097,3864
2015-06-12,163,172,8.384483398868133,3888
2015-06-13,164,172,8.410583503909773,3912
2015-06-14,165,172,7.3296160177616825,3936
2015-06-15,166,172,6.466810507503295,3960
2015-06-16,167,172,6.565645705711918,3984
2015-06-17,168,172,6.6044724954866,4008
2015-06-18,169,172,6.244224325601556,4032
2015-06-19,170,172,6.424545002652417,4056
2015-06-20,171,172,5.713772926436473,4080
2015-06-21,172,172,5.932834269427322,4104
2015-06-22,173,172,6.9069187853863605,4128
2015-06-23,174,172,5.797193567779955,4152
2015-06-24,175,172,6.1160681200939,4176
2015-06-25,176,172,6.9145941502755965,4200
2015-06-26,177,172,7.735621886188731,4224
2015-06-27,178,172,8.08282214382893,4248
2015-06-28,179,172,8.156175371896643,4272
2015-06-29,180,172,8.379286958200183,4296
2015-06-30,181,172,9.718619303755746,4320
2015-07-01,182,172,11.234616139638048,4344
2015-07-02,183,172,13.662082115179427,4368
2015-07-03,184,172,15.234439434971593,4392
2015-07-04,185,172,15.689783237477787,4416
2015-07-05,186,172,16.808517018438994,4440
2015-07-06,187,172,12.263744282349913,4464
2015-07-07,188,172,16.161860678864794,4488
2015-07-08,189,172,8.192892486647008,4512
2015-07-09,190,172,7.487057259891574,4536
2015-07-10,191,172,7.6436275560632865,4560
2015-07-11,192,172,9.976409168869807,4584
2015-07-12,193,172,9.849727436827427,4608
2015-07-13,194,172,9.158402774161813,4632
2015-07-14,195,172,10.16199879278387,4656
2015-07-15,196,172,10.360333225597824,4680
2015-07-16,197,172,12.245507788402193,4704
2015-07-17,198,172,12.053619981658821,4728
2015-07-18,199,172,9.789649023927444,4752
2015-07-19,200,172,11.086683158708816,4776
2015-07-20,201,172,11.435032338504007,4800
2015-07-21,202,172,13.249158935135393,4824
2015-07-22,203,172,11.275433843615613,4848
2015-07-23,204,172,8.741066075460255,4872
2015-07-24,205,172,9.54239672698357,4896
2015-07-25,206,172,7.536320477262491,4920
2015-07-26,207,172,6.546840742995019,4944
2015-07-27,208,172,7.7788584072722236,4968
2015-07-28,209,172,7.341244956381638,4992
2015-07-29,210,172,6.1521421819586815,5016
2015-07-30,211,172,6.392365686611817,5040
2015-07-31,212,172,6.9140581698215655,5064
2015-08-01,213,172,6.777307386103245,5088
2015-08-02,214,172,7.949315597227822,5112
2015-08-03,215,172,9.52746616048986,5136
2015-08-04,216,172,8.658115662964683,5160
2015-08-05,217,172,9.82074608460797,5184
2015-08-06,218,172,12.950217324758635,5208
2015-08-07,219,172,14.53615053446662,5232
2015-08-08,220,172,14.555442070870907,5256
2015-08-09,221,172,9.799028899154008,5280
2015-08-10,222,172,9.269992587656775,5304
2015-08-11,223,172,10.139613014517993,5328
2015-08-12,224,172,11.317660165095575,5352
2015-08-13,225,172,10.785450863575187,5376
2015-08-14,226,172,7.647337934604082,5400
2015-08-15,227,172,6.495696950383293,5424
2015-08-16,228,172,6.1336005458400535,5448
2015-08-17,229,172,6.482756146199295,5472
2015-08-18,230,172,6.4614330730808645,5496
2015-08-19,231,172,5.908688294815532,5520
2015-08-20,232,172,6.43463914601929,5544
2015-08-21,233,172,6.903459602576004,5568
2015-08-22,234,172,7.191806161780463,5592
2015-08-23,235,172,6.901141202878966,5616
2015-08-24,236,172,6.583141084750038,5640
2015-08-25,237,172,6.4190644694883625,5664
2015-08-26,238,172,7.116589083988111,5688
2015-08-27,239,172,9.06272438805482,5712
2015-08-28,240,172,10.50248408423759,5736
2015-08-29,241,172,10.443561128518489,5760
2015-08-30,242,172,11.625824679165929,5784
2015-08-31,243,172,10.822006574514317,5808
2015-09-01,244,172,7.4540729324789226,5832
2015-09-02,245,172,6.6781389296533025,5856
2015-09-03,246,172,6.248606319146153,5880
2015-09-04,247,172,6.295299943296758,5904
2015-09-05,248,172,5.546109528984841,5928
2015-09-06,249,172,5.362086358685907,5952
2015-09-07,250,172,5.2852950783066275,5976
2015-09-08,251,172,5.5931539954501535,6000
2015-09-09,252,172,5.736777454370163,6024
2015-09-10,253,172,5.3246395102892485,6048
2015-09-11,254,172,5.812259366499068,6072
2015-09-12,255,172,7.165139231001888,6096
2015-09-13,256,172,6.8813191163727785,6120
2015-09-14,257,172,6.1988373827870475,6144
2015-09-15,258,172,5.955665037916456,6168
2015-09-16,259,172,6.6197203295201446,6192
2015-09-17,260,172,5.5777709632690335,6216
2015-09-18,261,172,5.37905126162455,6240
2015-09-19,262,172,5.465535573395886,6264
2015-09-20,263,172,5.576170958213859,6288
2015-09-21,264,172,5.325733501769747,6312
2015-09-22,265,172,5.566311358681606,6336
2015-09-23,266,172,4.856866442400445,6360
2015-09-24,267,172,5.085520529359443,6384
2015-09-25,268,172,5.109342948583673,6408
2015-09-26,269,172,5.3429441448822965,6432
2015-09-27,270,172,5.4541125811388715,6456
2015-09-28,271,172,4.989722404100976,6480
2015-09-29,272,172,4.994412938934589,6504
2015-09-30,273,172,4.725744470329203,6528
2015-10-01,274,172,4.642018732282192,6552
2015-10-02,275,172,5.0526236803525375,6576
2015-10-03,276,172,5.830345576969043,6600
2015-10-04,277,172,5.420294513693018,6624
2015-10-05,278,172,5.7987547532408525,6648
2015-10-06,279,172,5.896738652967111,6672
2015-10-07,280,172,5.643638895493707,6696
2015-10-08,281,172,5.246874118786415,6720
2015-10-09,282,172,5.107330248150029,6744
2015-10-10,283,172,4.941870594689111,6768
2015-10-11,284,172,5.054904022937674,6792
2015-10-12,285,172,4.924668905227153,6816
2015-10-13,286,172,4.628939051573386,6840
2015-10-14,287,172,4.3239354603327484,6864
2015-10-15,288,172,4.089968980774044,6888
2015-10-16,289,172,4.040738534306192,6912
2015-10-17,290,172,4.069863584514745,6936
2015-10-18,291,172,4.285322908667088,6960
2015-10-19,292,172,4.298417456381287,6984
2015-10-20,293,172,4.142078329237972,7008
2015-10-21,294,172,4.123760745836049,7032
2015-10-22,295,172,4.386739679345278,7056
2015-10-23,296,172,4.894915689042195,7080
2015-10-24,297,172,5.103734160323135,7104
2015-10-25,298,172,5.067638040528671,7128
2015-10-26,299,172,4.782773484155691,7152
2015-10-27,300,172,4.644600699026678,7176
2015-10-28,301,172,4.9393069159632885,7200
2015-10-29,302,172,4.868696457579422,7224
2015-10-30,303,172,4.894317074443037,7248
2015-10-31,304,172,4.7511560355246525,7272
2015-11-01,305,172,4.524205694417822,7296
2015-11-02,306,172,4.30380615841698,7320
2015-11-03,307,172,4.279918864074238,7344
2015-11-04,308,172,4.574254890249966,7368
2015-11-05,309,172,4.716107352900541,7392
2015-11-06,310,172,5.1584038724189085,7416
2015-11-07,311,172,5.532883563231574,7440
2015-11-08,312,172,5.275919734817409,7464
2015-11-09,313,172,5.552614967619182,7488
2015-11-10,314,172,5.0423641074204335,7512
2015-11-11,315,172,4.458941701120844,7536
2015-11-12,316,172,4.246199838233341,7560
2015-11-13,317,172,4.560958815041938,7584
2015-11-14,318,172,4.777502625044226,7608
2015-11-15,319,172,5.2498286726950685,7632
2015-11-16,320,172,4.857842467616794,7656
2015-11-17,321,172,5.081958440787917,7680
2015-11-18,322,172,5.6186842055656525,7704
2015-11-19,323,172,5.5954411202606895,7728
2015-11-20,324,172,5.336338051329721,7752
2015-11-21,325,172,3.8588386082119817,7776
2015-11-22,326,172,3.6506334648538177,7800
2015-11-23,327,172,3.5261581497595023,7824
2015-11-24,328,172,3.4260428663179083,7848
2015-11-25,329,172,3.729947720153152,7872
2015-11-26,330,172,3.722560197220575,7896
2015-11-27,331,172,3.6406414394117808,7920
2015-11-28,332,172,3.6288823483428607,7944
2015-11-29,333,172,4.028740633067447,7968
2015-11-30,334,172,4.775873713146186,7992
2015-12-01,335,172,4.558141942001072,8016
2015-12-02,336,172,3.849381875426054,8040
2015-12-03,337,172,3.5888691421052936,8064
2015-12-04,338,172,3.8505051468844407,8088
2015-12-05,339,172,3.9368875489077193,8112
2015-12-06,340,172,3.99839326488518,8136
2015-12-07,341,172,3.851657272398672,8160
2015-12-08,342,172,3.759647101081589,8184
2015-12-09,343,172,4.033200842137977,8208
2015-12-10,344,172,3.6310093957358816,8232
2015-12-11,345,172,3.749998849763527,8256
2015-12-12,346,172,3.9283196929164825,8280
2015-12-13,347,172,3.6459277125251432,8304
2015-12-14,348,172,3.469546301575237,8328
2015-12-15,349,172,3.661151760957445,8352
2015-12-16,350,172,4.335385784511606,8376
2015-12-17,351,172,4.401595219782108,8400
2015-12-18,352,172,4.279156663308039,8424
2015-12-19,353,172,4.084063078043736,8448
2015-12-20,354,172,3.929050534206438,8472
2015-12-21,355,172,4.3950101181499655,8496
2015-12-22,356,172,4.295911293732374,8520
2015-12-23,357,172,4.362696795235647,8544
2015-12-24,358,172,4.168410363867759,8568
2015-12-25,359,172,4.197644395104928,8592
2015-12-26,360,172,3.9047368805025178,8616
2015-12-27,361,172,3.766079588543176,8640
2015-12-28,362,172,3.4815096229137414,8664
2015-12-29,363,172,3.6819888302918975,8688
2015-12-30,364,172,3.675028236407286,8712
2015-12-31,365,172,3.918926493134512,8736
2015-01-01,1,173,3.3046538478902217,0
2015-01-02,2,173,3.530639860397,24
2015-01-03,3,173,4.038506863157156,48
2015-01-04,4,173,4.181242087947802,72
2015-01-05,5,173,3.5900274565204198,96
2015-01-06,6,173,3.4835541654476776,120
2015-01-07,7,173,3.640299663555859,144
2015-01-08,8,173,3.98995583200746,168
2015-01-09,9,173,4.423060109415172,192
2015-01-10,10,173,5.493163440183762,216
2015-01-11,11,173,4.222342549126099,240
2015-01-12,12,173,3.8827347339121987,264
2015-01-13,13,173,4.155347150359156,288
2015-01-14,14,173,4.281518856770297,312
2015-01-15,15,173,4.090586070596664,336
2015-01-16,16,173,4.0791922475326565,360
2015-01-17,17,173,3.7633361761581168,384
2015-01-18,18,173,3.56736837661691,408
2015-01-19,19,173,3.6180690766906585,432
2015-01-20,20,173,3.664480640131515,456
2015-01-21,21,173,3.628037048693365,480
2015-01-22,22,173,3.6339290902019714,504
2015-01-23,23,173,3.6777322170951114,528
2015-01-24,24,173,3.698756903156583,552
2015-01-25,25,173,3.658520629382828,576
2015-01-26,26,173,3.496892016862484,600
2015-01-27,27,173,3.709247174389988,624
2015-01-28,28,173,3.670059928690797,648
2015-01-29,29,173,3.7839977750485687,672
2015-01-30,30,173,3.6704555574337774,696
2015-01-31,31,173,3.620910688659038,720
2015-02-01,32,173,3.595576872966273,744
2015-02-02,33,173,3.5971453239549445,768
2015-02-03,34,173,3.4171129576503616,792
2015-02-04,35,173,3.4020086774824883,816
2015-02-05,36,173,3.379182319917155,840
2015-02-06,37,173,3.420385377375322,864
2015-02-07,38,173,3.3146322911962836,888
2015-02-08,39,173,3.4058639982636567,912
2015-02-09,40,173,3.5040447881851966,936
2015-02-10,41,173,3.546423151409244,960
2015-02-11,42,173,3.5176216108778555,984
2015-02-12,43,173,3.4979786188317648,1008
2015-02-13,44,173,3.599694755111206,1032
2015-02-14,45,173,3.7927324506643054,1056
2015-02-15,46,173,3.6675072302159615,1080
2015-02-16,47,173,3.62792691405957,1104
2015-02-17,48,173,3.654657334935029,1128
2015-02-18,49,173,3.6205195138970097,1152
2015-02-19,50,173,3.6885891563244697,1176
2015-02-20,51,173,3.9286514031173865,1200
2015-02-21,52,173,3.768245399029268,1224
2015-02-22,53,173,3.694534236738294,1248
2015-02-23,54,173,3.7192014105824898,1272
2015-02-24,55,173,3.971247143240487,1296
2015-02-25,56,173,3.998787034197525,1320
2015-02-26,57,173,3.800485787890704,1344
2015-02-27,58,173,3.8765042932171823,1368
2015-02-28,59,173,3.8994380568762144,1392
2015-03-01,60,173,4.147013639740758,1416
2015-03-02,61,173,4.5046112047752604,1440
2015-03-03,62,173,4.347209826111246,1464
2015-03-04,63,173,4.010853033355647,1488
2015-03-05,64,173,3.9473102382584573,1512
2015-03-06,65,173,3.9229569004935616,1536
2015-03-07,66,173,3.9566344789205687,1560
2015-03-08,67,173,4.201711655873737,1584
2015-03-09,68,173,4.402570761849174,1608
2015-03-10,69,173,4.508514254984206,1632
2015-03-11,70,173,4.675561447394647,1656
2015-03-12,71,173,4.1985447442939625,1680
2015-03-13,72,173,4.079117341691853,1704
2015-03-14,73,173,4.0652704118318885,1728
2015-03-15,74,173,4.050341332946056,1752
2015-03-16,75,173,4.3785283458430015,1776
2015-03-17,76,173,4.69532492255274,1800
2015-03-18,77,173,4.926168671860316,1824
2015-03-19,78,173,4.907018057924906,1848
2015-03-20,79,173,4.6611520915541504,1872
2015-03-21,80,173,4.47376998516199,1896
2015-03-22,81,173,4.158126119971875,1920
2015-03-23,82,173,4.488106253763043,1944
2015-03-24,83,173,4.686359794539079,1968
2015-03-25,84,173,4.4785725112986965,1992
2015-03-26,85,173,4.2990824775817735,2016
2015-03-27,86,173,4.586348798861653,2040
2015-03-28,87,173,4.543248873367013,2064
2015-03-29,88,173,4.898916227420407,2088
2015-03-30,89,173,5.0643397535587455,2112
2015-03-31,90,173,5.350535670634288,2136
2015-04-01,91,173,4.363798504086815,2160
2015-04-02,92,173,4.357701785451751,2184
2015-04-03,93,173,4.354336587193185,2208
2015-04-04,94,173,4.266086325077941,2232
2015-04-05,95,173,4.0731870338324825,2256
2015-04-06,96,173,4.077181795303996,2280
2015-04-07,97,173,4.2540191863224575,2304
2015-04-08,98,173,4.552248455018714,2328
2015-04-09,99,173,5.087172937696583,2352
2015-04-10,100,173,5.658138899348622,2376
2015-04-11,101,173,5.5225695794155305,2400
2015-04-12,102,173,5.594327505370726,2424
2015-04-13,103,173,5.938363869481785,2448
2015-04-14,104,173,6.065265520092149,2472
2015-04-15,105,173,6.101927616112606,2496
2015-04-16,106,173,5.992944834585261,2520
2015-04-17,107,173,5.390334411813127,2544
2015-04-18,108,173,4.859496442945947,2568
2015-04-19,109,173,4.822953720570999,2592
2015-04-20,110,173,5.2214590373951975,2616
2015-04-21,111,173,5.6676169663121145,2640
2015-04-22,112,173,5.995031016883822,2664
2015-04-23,113,173,5.532102473937202,2688
2015-04-24,114,173,5.758442639802087,2712
2015-04-25,115,173,5.684220028822943,2736
2015-04-26,116,173,5.8422942156981845,2760
2015-04-27,117,173,5.884230400904098,2784
2015-04-28,118,173,4.757844776910628,2808
2015-04-29,119,173,4.8579965808805845,2832
2015-04-30,120,173,5.341645135648549,2856
2015-05-01,121,173,5.245027846833917,2880
2015-05-02,122,173,5.789675983902503,2904
2015-05-03,123,173,6.061962220737822,2928
2015-05-04,124,173,6.538540393703547,2952
2015-05-05,125,173,6.664409019126401,2976
2015-05-06,126,173,5.97615694255065,3000
2015-05-07,127,173,5.813335022206807,3024
2015-05-08,128,173,5.953151959785787,3048
2015-05-09,129,173,6.365527560272096,3072
2015-05-10,130,173,6.4764177968090255,3096
2015-05-11,131,173,6.961837705256042,3120
2015-05-12,132,173,8.407500313766322,3144
2015-05-13,133,173,8.95681814734025,3168
2015-05-14,134,173,7.396233508507715,3192
2015-05-15,135,173,4.76218462102114,3216
2015-05-16,136,173,5.828427433884624,3240
2015-05-17,137,173,6.429576187181796,3264
2015-05-18,138,173,6.866667022969272,3288
2015-05-19,139,173,5.7360268294409575,3312
2015-05-20,140,173,4.878737204368774,3336
2015-05-21,141,173,4.872701303561799,3360
2015-05-22,142,173,5.493530179967184,3384
2015-05-23,143,173,5.713730404100468,3408
2015-05-24,144,173,6.1699634102951615,3432
2015-05-25,145,173,6.072968068834771,3456
2015-05-26,146,173,5.635916212535571,3480
2015-05-27,147,173,5.70059811354359,3504
2015-05-28,148,173,6.041972215918603,3528
2015-05-29,149,173,7.051474479365418,3552
2015-05-30,150,173,6.751317851058746,3576
2015-05-31,151,173,6.888709640701974,3600
2015-06-01,152,173,7.333018198372683,3624
2015-06-02,153,173,8.060598049443557,3648
2015-06-03,154,173,8.921340698713681,3672
2015-06-04,155,173,9.479847385521053,3696
2015-06-05,156,173,10.846220917689116,3720
2015-06-06,157,173,10.530964107549089,3744
2015-06-07,158,173,9.436388860149243,3768
2015-06-08,159,173,7.588969513437765,3792
2015-06-09,160,173,6.445858776840304,3816
2015-06-10,161,173,6.817041083446302,3840
2015-06-11,162,173,8.09921079615683,3864
2015-06-12,163,173,8.329975547530731,3888
2015-06-13,164,173,8.311937782109313,3912
2015-06-14,165,173,7.379544703312466,3936
2015-06-15,166,173,6.809304298611785,3960
2015-06-16,167,173,6.805726595706732,3984
2015-06-17,168,173,6.999724808694191,4008
2015-06-18,169,173,6.769483678742678,4032
2015-06-19,170,173,7.126704911975637,4056
2015-06-20,171,173,6.305200967569795,4080
2015-06-21,172,173,6.523004734213388,4104
2015-06-22,173,173,7.370925585214577,4128
2015-06-23,174,173,6.500861349571284,4152
2015-06-24,175,173,6.536814079959141,4176
2015-06-25,176,173,7.336394464452377,4200
2015-06-26,177,173,8.113300771826028,4224
2015-06-27,178,173,8.681501250161796,4248
2015-06-28,179,173,8.764874127755753,4272
2015-06-29,180,173,9.046664843249797,4296
2015-06-30,181,173,10.259182383989756,4320
2015-07-01,182,173,12.190361956207516,4344
2015-07-02,183,173,14.502128133050453,4368
2015-07-03,184,173,15.636045312796002,4392
2015-07-04,185,173,16.44251572205496,4416
2015-07-05,186,173,17.401231667572773,4440
2015-07-06,187,173,13.5972051755269,4464
2015-07-07,188,173,16.966798799759882,4488
2015-07-08,189,173,9.320540518347238,4512
2015-07-09,190,173,8.564604835883776,4536
2015-07-10,191,173,8.334548681189457,4560
2015-07-11,192,173,10.811222756141069,4584
2015-07-12,193,173,10.668278077736094,4608
2015-07-13,194,173,10.552436864582438,4632
2015-07-14,195,173,11.19789885421341,4656
2015-07-15,196,173,11.4791081505518,4680
2015-07-16,197,173,13.591378511106956,4704
2015-07-17,198,173,14.023472469249384,4728
2015-07-18,199,173,10.91090412571022,4752
2015-07-19,200,173,12.364954698049095,4776
2015-07-20,201,173,12.659153485375786,4800
2015-07-21,202,173,14.761005381247776,4824
2015-07-22,203,173,12.260785826428087,4848
2015-07-23,204,173,10.303373529419067,4872
2015-07-24,205,173,10.389049750640526,4896
2015-07-25,206,173,8.365817109276055,4920
2015-07-26,207,173,7.293765147454322,4944
2015-07-27,208,173,8.474678965095118,4968
2015-07-28,209,173,8.136212608613418,4992
2015-07-29,210,173,6.85155974883613,5016
2015-07-30,211,173,7.043606969011616,5040
2015-07-31,212,173,7.354564498114773,5064
2015-08-01,213,173,6.912446304423653,5088
2015-08-02,214,173,8.231634027103134,5112
2015-08-03,215,173,9.989141720873782,5136
2015-08-04,216,173,9.283015895878334,5160
2015-08-05,217,173,10.392105323114524,5184
2015-08-06,218,173,13.536764941400568,5208
2015-08-07,219,173,15.252002146427824,5232
2015-08-08,220,173,13.865907499684868,5256
2015-08-09,221,173,9.866821208279594,5280
2015-08-10,222,173,9.411747550574082,5304
2015-08-11,223,173,10.593024485934146,5328
2015-08-12,224,173,11.847166917810645,5352
2015-08-13,225,173,11.033018286439557,5376
2015-08-14,226,173,7.878246732961025,5400
2015-08-15,227,173,6.7923018938409605,5424
2015-08-16,228,173,6.489594615966135,5448
2015-08-17,229,173,6.891447207493505,5472
2015-08-18,230,173,6.756910157784718,5496
2015-08-19,231,173,6.3347715817957555,5520
2015-08-20,232,173,6.878732085992527,5544
2015-08-21,233,173,7.486025875573473,5568
2015-08-22,234,173,7.690331785653961,5592
2015-08-23,235,173,7.058750868810617,5616
2015-08-24,236,173,6.750698405963397,5640
2015-08-25,237,173,6.8818529530745005,5664
2015-08-26,238,173,7.492561262729961,5688
2015-08-27,239,173,9.348818615659557,5712
2015-08-28,240,173,10.649971211039244,5736
2015-08-29,241,173,10.639236284430117,5760
2015-08-30,242,173,11.549947390516396,5784
2015-08-31,243,173,10.91774019023922,5808
2015-09-01,244,173,7.952171883548551,5832
2015-09-02,245,173,7.082820812407499,5856
2015-09-03,246,173,6.542998019908848,5880
2015-09-04,247,173,6.5620902121703635,5904
2015-09-05,248,173,5.906857799277615,5928
2015-09-06,249,173,5.71826270889328,5952
2015-09-07,250,173,5.69273076058317,5976
2015-09-08,251,173,5.908875564531933,6000
2015-09-09,252,173,6.133435183687862,6024
2015-09-10,253,173,5.7646953754711125,6048
2015-09-11,254,173,6.152058770352955,6072
2015-09-12,255,173,7.148051604493529,6096
2015-09-13,256,173,6.923857087905067,6120
2015-09-14,257,173,6.46679700132499,6144
2015-09-15,258,173,6.310598428806688,6168
2015-09-16,259,173,6.8459055795461525,6192
2015-09-17,260,173,6.172967695783168,6216
2015-09-18,261,173,5.839498046881237,6240
2015-09-19,262,173,5.7147965524807285,6264
2015-09-20,263,173,5.95727660122862,6288
2015-09-21,264,173,5.59440174232035,6312
2015-09-22,265,173,5.7586531798282286,6336
2015-09-23,266,173,5.095501707485745,6360
2015-09-24,267,173,5.465314470844908,6384
2015-09-25,268,173,5.491756119197767,6408
2015-09-26,269,173,5.649795653224463,6432
2015-09-27,270,173,5.780018704615147,6456
2015-09-28,271,173,5.357271800745152,6480
2015-09-29,272,173,5.211484933785613,6504
2015-09-30,273,173,5.016554685446467,6528
2015-10-01,274,173,4.923449689710432,6552
2015-10-02,275,173,5.185587311782864,6576
2015-10-03,276,173,5.777653171645228,6600
2015-10-04,277,173,5.550156139854313,6624
2015-10-05,278,173,5.92054368402207,6648
2015-10-06,279,173,6.051505542240107,6672
2015-10-07,280,173,5.780623359456673,6696
2015-10-08,281,173,5.446904338110712,6720
2015-10-09,282,173,5.366510075992001,6744
2015-10-10,283,173,5.246500717578847,6768
2015-10-11,284,173,5.311934555408054,6792
2015-10-12,285,173,5.159605854766803,6816
2015-10-13,286,173,4.909639344121138,6840
2015-10-14,287,173,4.5239728628612745,6864
2015-10-15,288,173,4.256272285195403,6888
2015-10-16,289,173,4.272216112633125,6912
2015-10-17,290,173,4.309701612749362,6936
2015-10-18,291,173,4.5335587626957015,6960
2015-10-19,292,173,4.523423661308594,6984
2015-10-20,293,173,4.3851844645338796,7008
2015-10-21,294,173,4.37533131077852,7032
2015-10-22,295,173,4.537785076794461,7056
2015-10-23,296,173,5.004289008935698,7080
2015-10-24,297,173,5.1275201318578985,7104
2015-10-25,298,173,5.207543954981285,7128
2015-10-26,299,173,4.939625461532564,7152
2015-10-27,300,173,4.807642545907516,7176
2015-10-28,301,173,4.991661218163499,7200
2015-10-29,302,173,5.001098132147164,7224
2015-10-30,303,173,4.99506019972918,7248
2015-10-31,304,173,4.8831601277090595,7272
2015-11-01,305,173,4.664993216446472,7296
2015-11-02,306,173,4.487983130307122,7320
2015-11-03,307,173,4.462124107763862,7344
2015-11-04,308,173,4.747591176624996,7368
2015-11-05,309,173,4.842864888647038,7392
2015-11-06,310,173,5.212624108429078,7416
2015-11-07,311,173,5.499444955187143,7440
2015-11-08,312,173,5.304207568662068,7464
2015-11-09,313,173,5.496510036972404,7488
2015-11-10,314,173,5.116319682368173,7512
2015-11-11,315,173,4.588994651116359,7536
2015-11-12,316,173,4.47933037024646,7560
2015-11-13,317,173,4.703774357799049,7584
2015-11-14,318,173,4.808727588286766,7608
2015-11-15,319,173,5.113543853541573,7632
2015-11-16,320,173,4.841958542235664,7656
2015-11-17,321,173,5.1162869059314575,7680
2015-11-18,322,173,5.484095287704796,7704
2015-11-19,323,173,5.497751028771414,7728
2015-11-20,324,173,5.329604363981893,7752
2015-11-21,325,173,4.099665221169061,7776
2015-11-22,326,173,3.818902970218616,7800
2015-11-23,327,173,3.6455669154714547,7824
2015-11-24,328,173,3.5482295885221515,7848
2015-11-25,329,173,3.7816669440575774,7872
2015-11-26,330,173,3.8835366403470766,7896
2015-11-27,331,173,3.7656995124867465,7920
2015-11-28,332,173,3.7043349805061214,7944
2015-11-29,333,173,4.063515181915172,7968
2015-11-30,334,173,4.676085247092071,7992
2015-12-01,335,173,4.549407299236033,8016
2015-12-02,336,173,3.959248255005304,8040
2015-12-03,337,173,3.749143844633088,8064
2015-12-04,338,173,3.9178735694088487,8088
2015-12-05,339,173,4.050028070970076,8112
2015-12-06,340,173,4.084531934979127,8136
2015-12-07,341,173,4.000847111841543,8160
2015-12-08,342,173,3.9055502880183735,8184
2015-12-09,343,173,4.177850996754209,8208
2015-12-10,344,173,3.7781655290883305,8232
2015-12-11,345,173,3.848404036373567,8256
2015-12-12,346,173,3.93787082742998,8280
2015-12-13,347,173,3.784177727805091,8304
2015-12-14,348,173,3.671658417156889,8328
2015-12-15,349,173,3.766049454609644,8352
2015-12-16,350,173,4.329990690469762,8376
2015-12-17,351,173,4.357544416665277,8400
2015-12-18,352,173,4.2605277195179365,8424
2015-12-19,353,173,4.127106882962751,8448
2015-12-20,354,173,4.058097644959301,8472
2015-12-21,355,173,4.483047542874666,8496
2015-12-22,356,173,4.33041851575589,8520
2015-12-23,357,173,4.437616552235906,8544
2015-12-24,358,173,4.2880947316246525,8568
2015-12-25,359,173,4.237699972298278,8592
2015-12-26,360,173,3.9638527989491807,8616
2015-12-27,361,173,3.8187867374730176,8640
2015-12-28,362,173,3.6446934180501698,8664
2015-12-29,363,173,3.7578164841685617,8688
2015-12-30,364,173,3.8195310423918176,8712
2015-12-31,365,173,4.016395457154078,8736
