pp_id,ca_id,supply_pf_id,pp_eff,erg_max,discharge_duration,st_lss_rt,st_lss_hr,factor_lin_0,factor_lin_1,cap_avlb,vc_ramp,vc_om,cap_pwr_leg,cap_pwr_leg_yr2020,cap_pwr_leg_yr2025,cap_pwr_leg_yr2030,cap_pwr_leg_yr2035,cap_pwr_leg_yr2040,cap_pwr_leg_yr2045,cap_pwr_leg_yr2050,erg_chp,erg_chp_yr2020,erg_chp_yr2025,erg_chp_yr2030,erg_chp_yr2035,erg_chp_yr2040,erg_chp_yr2045,erg_chp_yr2050,cap_pwr_leg_old,fc_cp_ann_yr2045,fc_om_yr2020,fc_om_yr2050,fc_om_yr2035,fc_cp_ann,fc_cp_ann_yr2030,pwr_pot,fc_cp_ann_yr2035,fc_om_yr2030,fc_cp_ann_yr2040,fc_cp_ann_yr2050,fc_cp_ann_yr2020,fc_om_yr2025,fc_cp_ann_yr2025,fc_om_yr2045,fc_om_yr2040,fc_om,cap_pwr_leg_hp_fossil,cap_pwr_leg_hp_retr_1pc,cap_pwr_leg_hp_retr_1pc_fossil,cap_pwr_leg_hp_retr_2pc,cap_pwr_leg_hp_retr_2pc_fossil,cap_pwr_leg_yr2020_hp_fossil,cap_pwr_leg_yr2020_hp_retr_1pc,cap_pwr_leg_yr2020_hp_retr_1pc_fossil,cap_pwr_leg_yr2020_hp_retr_2pc,cap_pwr_leg_yr2020_hp_retr_2pc_fossil,cap_pwr_leg_yr2025_hp_fossil,cap_pwr_leg_yr2025_hp_retr_1pc,cap_pwr_leg_yr2025_hp_retr_1pc_fossil,cap_pwr_leg_yr2025_hp_retr_2pc,cap_pwr_leg_yr2025_hp_retr_2pc_fossil,cap_pwr_leg_yr2030_hp_fossil,cap_pwr_leg_yr2030_hp_retr_1pc,cap_pwr_leg_yr2030_hp_retr_1pc_fossil,cap_pwr_leg_yr2030_hp_retr_2pc,cap_pwr_leg_yr2030_hp_retr_2pc_fossil,cap_pwr_leg_yr2035_hp_fossil,cap_pwr_leg_yr2035_hp_retr_1pc,cap_pwr_leg_yr2035_hp_retr_1pc_fossil,cap_pwr_leg_yr2035_hp_retr_2pc,cap_pwr_leg_yr2035_hp_retr_2pc_fossil,cap_pwr_leg_yr2040_hp_fossil,cap_pwr_leg_yr2040_hp_retr_1pc,cap_pwr_leg_yr2040_hp_retr_1pc_fossil,cap_pwr_leg_yr2040_hp_retr_2pc,cap_pwr_leg_yr2040_hp_retr_2pc_fossil,cap_pwr_leg_yr2045_hp_fossil,cap_pwr_leg_yr2045_hp_retr_1pc,cap_pwr_leg_yr2045_hp_retr_1pc_fossil,cap_pwr_leg_yr2045_hp_retr_2pc,cap_pwr_leg_yr2045_hp_retr_2pc_fossil,cap_pwr_leg_yr2050_hp_fossil,cap_pwr_leg_yr2050_hp_retr_1pc,cap_pwr_leg_yr2050_hp_retr_1pc_fossil,cap_pwr_leg_yr2050_hp_retr_2pc,cap_pwr_leg_yr2050_hp_retr_2pc_fossil
330,0,457.0,1.0,,0.0,0.0,,0.0,0.0,1,0.0,0.0,1.0,1.0,1.0,8500.0,12000.0,15500.0,17000.0,18500.0,,,,,,,,,1.0,,,44880.0,60092.5,,,,,72500.0,,,,,,46282.5,47685.0,,,,,,,,,,,,,,,,,,,,,,,,,,,,,,,,,,,,,,,,,
331,0,,1.0,,4.0,0.1,,0.0,0.0,1,0.0,1.0,1.0,1.0,1.0,4289.96,6643.83,8997.7,19395.59,9586.96,,,,,,,,,0.0,,0.0,0.0,0.0,,,,,0.0,,,,0.0,,0.0,0.0,,,,,,,,,,,,,,,,,,,,,,,,,,,,,,,,,,,,,,,,,
332,0,,1.0,,4.0,0.1,,0.0,0.0,1,0.0,1.0,1.0,1.0,1.0,53100.0,91100.0,116050.0,141000.0,197400.0,,,,,,,,,0.0,,0.0,0.0,0.0,,,,,0.0,,,,0.0,,0.0,0.0,,,,,,,,,,,,,,,,,,,,,,,,,,,,,,,,,,,,,,,,,
333,0,,1.0,,4.0,0.1,,0.0,0.0,1,0.0,1.0,1.0,1.0,1.0,5000.68,20335.17,35669.65,61467.28,87264.91,,,,,,,,,0.0,,0.0,0.0,0.0,,,,,0.0,,,,0.0,,0.0,0.0,,,,,,,,,,,,,,,,,,,,,,,,,,,,,,,,,,,,,,,,,
334,0,,1.0,,4.0,0.1,,0.0,0.0,1,0.0,1.0,1.0,1.0,1.0,47382.7,67386.7,87390.7,101225.77,115060.84,,,,,,,,,0.0,,0.0,0.0,0.0,,,,,0.0,,,,0.0,,0.0,0.0,,,,,,,,,,,,,,,,,,,,,,,,,,,,,,,,,,,,,,,,,
335,0,,1.0,,0.0,0.0,,0.0,0.0,1,0.0,0.0,1.0,1.0,1.0,1.0,1.0,1.0,1.0,1.0,,,,,,,,,1.0,,,,,,,,,,,,,,,,,,,,,,,,,,,,,,,,,,,,,,,,,,,,,,,,,,,,,,,,,
336,0,,1.0,,0.0,0.0,,0.0,0.0,1,0.0,0.0,1.0,1.0,1.0,1.0,1.0,1.0,1.0,1.0,,,,,,,,,1.0,,,,,,,,,,,,,,,,,,,,,,,,,,,,,,,,,,,,,,,,,,,,,,,,,,,,,,,,,
337,0,,1.0,,0.0,0.0,,0.0,0.0,1,0.0,0.0,1.0,1.0,1.0,1.0,1.0,1.0,1.0,1.0,,,,,,,,,1.0,,,,,,,,,,,,,,,,,,,,,,,,,,,,,,,,,,,,,,,,,,,,,,,,,,,,,,,,,
338,0,,1.0,,0.0,0.0,,0.0,0.0,1,0.0,0.0,1.0,1.0,1.0,1.0,1.0,1.0,1.0,1.0,,,,,,,,,1.0,,,,,,,,,,,,,,,,,,,,,,,,,,,,,,,,,,,,,,,,,,,,,,,,,,,,,,,,,
339,0,,1.0,,0.0,0.0,,0.0,0.0,1,0.0,0.0,1.0,1.0,1.0,1.0,1.0,1.0,1.0,1.0,,,,,,,,,1.0,,,,,,,,,,,,,,,,,,,,,,,,,,,,,,,,,,,,,,,,,,,,,,,,,,,,,,,,,
340,0,,1.0,,0.0,0.0,,0.0,0.0,1,0.0,0.0,1.0,1.0,1.0,1.0,1.0,1.0,1.0,1.0,,,,,,,,,1.0,,,,,,,,,,,,,,,,,,,,,,,,,,,,,,,,,,,,,,,,,,,,,,,,,,,,,,,,,
341,0,,1.0,,0.0,0.0,,0.0,0.0,1,0.0,0.0,1.0,1.0,1.0,1.0,1.0,1.0,1.0,1.0,,,,,,,,,1.0,,,,,,,,,,,,,,,,,,,,,,,,,,,,,,,,,,,,,,,,,,,,,,,,,,,,,,,,,
342,0,,1.0,,0.0,0.0,,0.0,0.0,1,0.0,0.0,1.0,1.0,1.0,1.0,1.0,1.0,1.0,1.0,,,,,,,,,1.0,,,,,,,,,,,,,,,,,,,,,,,,,,,,,,,,,,,,,,,,,,,,,,,,,,,,,,,,,
343,0,,1.0,,0.0,0.0,,0.0,0.0,1,0.0,0.0,1.0,1.0,1.0,1.0,1.0,1.0,1.0,1.0,,,,,,,,,1.0,,,,,,,,,,,,,,,,,,,,,,,,,,,,,,,,,,,,,,,,,,,,,,,,,,,,,,,,,
344,0,,1.0,,0.0,0.0,,0.0,0.0,1,0.0,0.0,1.0,1.0,1.0,1.0,1.0,1.0,1.0,1.0,,,,,,,,,1.0,,,,,,,,,,,,,,,,,,,,,,,,,,,,,,,,,,,,,,,,,,,,,,,,,,,,,,,,,
345,0,,1.0,,0.0,0.0,,0.0,0.0,1,0.0,0.0,1.0,1.0,1.0,1.0,1.0,1.0,1.0,1.0,,,,,,,,,1.0,,,,,,,,,,,,,,,,,,,,,,,,,,,,,,,,,,,,,,,,,,,,,,,,,,,,,,,,,
346,0,,1.0,,0.0,0.0,,0.0,0.0,1,0.0,0.0,1.0,1.0,1.0,1.0,1.0,1.0,1.0,1.0,,,,,,,,,1.0,,,,,,,,,,,,,,,,,,,,,,,,,,,,,,,,,,,,,,,,,,,,,,,,,,,,,,,,,
347,0,,1.0,,0.0,0.0,,0.0,0.0,1,0.0,0.0,1.0,1.0,1.0,1.0,1.0,1.0,1.0,1.0,,,,,,,,,1.0,,,,,,,,,,,,,,,,,,,,,,,,,,,,,,,,,,,,,,,,,,,,,,,,,,,,,,,,,
348,0,,1.0,,0.0,0.0,,0.0,0.0,1,0.0,0.0,1.0,1.0,1.0,1.0,1.0,1.0,1.0,1.0,,,,,,,,,1.0,,,,,,,,,,,,,,,,,,,,,,,,,,,,,,,,,,,,,,,,,,,,,,,,,,,,,,,,,
349,0,,1.0,,0.0,0.0,,0.0,0.0,1,0.0,0.0,1.0,1.0,1.0,1.0,1.0,1.0,1.0,1.0,,,,,,,,,1.0,,,,,,,,,,,,,,,,,,,,,,,,,,,,,,,,,,,,,,,,,,,,,,,,,,,,,,,,,
350,0,,1.0,,0.0,0.0,,0.0,0.0,1,0.0,0.0,1.0,1.0,1.0,1.0,1.0,1.0,1.0,1.0,,,,,,,,,1.0,,,,,,,,,,,,,,,,,,,,,,,,,,,,,,,,,,,,,,,,,,,,,,,,,,,,,,,,,
351,0,,1.0,,0.0,0.0,,0.0,0.0,1,0.0,0.0,1.0,1.0,1.0,1.0,1.0,1.0,1.0,1.0,,,,,,,,,1.0,,,,,,,,,,,,,,,,,,,,,,,,,,,,,,,,,,,,,,,,,,,,,,,,,,,,,,,,,
352,0,,1.0,,0.0,0.0,,0.0,0.0,1,0.0,0.0,1.0,1.0,1.0,1.0,1.0,1.0,1.0,1.0,,,,,,,,,1.0,,,,,,,,,,,,,,,,,,,,,,,,,,,,,,,,,,,,,,,,,,,,,,,,,,,,,,,,,
353,0,,1.0,,0.0,0.0,,0.0,0.0,1,0.0,0.0,1.0,1.0,1.0,1.0,1.0,1.0,1.0,1.0,,,,,,,,,1.0,,,,,,,,,,,,,,,,,,,,,,,,,,,,,,,,,,,,,,,,,,,,,,,,,,,,,,,,,
354,0,,1.0,,0.0,0.0,,0.0,0.0,1,0.0,0.0,1.0,1.0,1.0,1.0,1.0,1.0,1.0,1.0,,,,,,,,,1.0,,,,,,,,,,,,,,,,,,,,,,,,,,,,,,,,,,,,,,,,,,,,,,,,,,,,,,,,,
355,0,,1.0,,0.0,0.0,,0.0,0.0,1,0.0,0.0,1.0,1.0,1.0,1.0,1.0,1.0,1.0,1.0,,,,,,,,,1.0,,,,,,,,,,,,,,,,,,,,,,,,,,,,,,,,,,,,,,,,,,,,,,,,,,,,,,,,,
356,0,,1.0,,0.0,0.0,,0.0,0.0,1,0.0,0.0,1.0,1.0,1.0,1.0,1.0,1.0,1.0,1.0,,,,,,,,,1.0,,,,,,,,,,,,,,,,,,,,,,,,,,,,,,,,,,,,,,,,,,,,,,,,,,,,,,,,,
357,0,,1.0,,0.0,0.0,,0.0,0.0,1,0.0,0.0,1.0,1.0,1.0,1.0,1.0,1.0,1.0,1.0,,,,,,,,,1.0,,,,,,,,,,,,,,,,,,,,,,,,,,,,,,,,,,,,,,,,,,,,,,,,,,,,,,,,,
358,0,,1.0,,0.0,0.0,,0.0,0.0,1,0.0,0.0,1.0,1.0,1.0,1.0,1.0,1.0,1.0,1.0,,,,,,,,,1.0,,,,,,,,,,,,,,,,,,,,,,,,,,,,,,,,,,,,,,,,,,,,,,,,,,,,,,,,,
359,0,,1.0,,0.0,0.0,,0.0,0.0,1,0.0,0.0,1.0,1.0,1.0,1.0,1.0,1.0,1.0,1.0,,,,,,,,,1.0,,,,,,,,,,,,,,,,,,,,,,,,,,,,,,,,,,,,,,,,,,,,,,,,,,,,,,,,,
360,0,,1.0,,0.0,0.0,,0.0,0.0,1,0.0,0.0,1.0,1.0,1.0,1.0,1.0,1.0,1.0,1.0,,,,,,,,,1.0,,,,,,,,,,,,,,,,,,,,,,,,,,,,,,,,,,,,,,,,,,,,,,,,,,,,,,,,,
361,0,,1.0,,0.0,0.0,,0.0,0.0,1,0.0,0.0,1.0,1.0,1.0,1.0,1.0,1.0,1.0,1.0,,,,,,,,,1.0,,,,,,,,,,,,,,,,,,,,,,,,,,,,,,,,,,,,,,,,,,,,,,,,,,,,,,,,,
362,0,,1.0,,0.0,0.0,,0.0,0.0,1,0.0,0.0,1.0,1.0,1.0,1.0,1.0,1.0,1.0,1.0,,,,,,,,,1.0,,,,,,,,,,,,,,,,,,,,,,,,,,,,,,,,,,,,,,,,,,,,,,,,,,,,,,,,,
363,0,,1.0,,0.0,0.0,,0.0,0.0,1,0.0,0.0,1.0,1.0,1.0,1.0,1.0,1.0,1.0,1.0,,,,,,,,,1.0,,,,,,,,,,,,,,,,,,,,,,,,,,,,,,,,,,,,,,,,,,,,,,,,,,,,,,,,,
364,0,,1.0,,0.0,0.0,,0.0,0.0,1,0.0,0.0,1.0,1.0,1.0,1.0,1.0,1.0,1.0,1.0,,,,,,,,,1.0,,,,,,,,,,,,,,,,,,,,,,,,,,,,,,,,,,,,,,,,,,,,,,,,,,,,,,,,,
32,0,25.0,1.0,,0.0,0.0,,0.0,0.0,1,0.0,0.0,39756.64,52802.86767,65900.76,215002.0,290438.7,365875.4,400001.02,434126.64,,,,,,,,,39224.0,,,9720.0,9407.5,,,,,9500.0,,,,,,9517.5,9315.0,,,,,,,,,,,,,,,,,,,,,,,,,,,,,,,,,,,,,,,,,
33,0,26.0,1.0,,0.0,0.0,,0.0,0.0,1,0.0,0.0,876.0,1089.650651,3692.03,17369.09,28515.01,39660.92,45170.78,50680.64,,,,,,,,,931.563,,,9720.0,9407.5,,,,,9500.0,,,,,,9517.5,9315.0,,,,,,,,,,,,,,,,,,,,,,,,,,,,,,,,,,,,,,,,,
34,0,29.0,1.0,,0.0,0.0,,0.0,0.0,1,0.0,0.0,18904.953,20056.81734,23014.952999999998,74544.27,107863.97,141183.67,158451.63,175719.59,,,,,,,,,18900.79,,,9720.0,9407.5,,,,,9500.0,,,,,,9517.5,9315.0,,,,,,,,,,,,,,,,,,,,,,,,,,,,,,,,,,,,,,,,,
35,0,27.0,1.0,,0.0,0.0,,0.0,0.0,1,0.0,0.0,0.0,0.0,0.0,573.0,929.75,1286.5,1643.25,2000.0,,,,,,,,,0.0,,,61564.34,57381.98,,,,,55764.8,,,,,,60281.75,58999.16,,,,,,,,,,,,,,,,,,,,,,,,,,,,,,,,,,,,,,,,,
36,0,28.0,1.0,,0.0,0.0,,0.0,0.0,1,0.0,0.0,6100.17,20535.28435,25600.0,43441.0,60132.05,76823.1,97411.55,118000.0,,,,,,,,,6196.2,,,9720.0,9407.5,,,,,9500.0,,,,,,9517.5,9315.0,,,,,,,,,,,,,,,,,,,,,,,,,,,,,,,,,,,,,,,,,
26,0,31.0,1.0,,0.0,0.0,,0.0,0.0,1,0.0,0.0,2411.5,2582.788998,3663.84,7911.38,9418.32,10925.25,13462.62,16000.0,,,,,,,,,2421.0,,,13910.4,12965.4,,,,,12600.0,,,,,,13620.6,13330.8,,,,,,,,,,,,,,,,,,,,,,,,,,,,,,,,,,,,,,,,,
25,0,30.0,1.0,,0.0,0.0,,0.0,0.0,1,0.0,0.0,41282.593239999995,55095.96466000001,53125.67179,115000.7,136939.5,158878.29,160003.91,161129.52,,,,,,,,,41297.0,,,13910.4,12965.4,,,,,12600.0,,,,,,13620.6,13330.8,,,,,,,,,,,,,,,,,,,,,,,,,,,,,,,,,,,,,,,,,
27,0,34.0,1.0,,0.0,0.0,,0.0,0.0,1,0.0,0.0,8957.8,8963.482756,12569.66648,18410.82,20738.32,23065.82,26522.52,29979.23,,,,,,,,,9136.629114,,,13910.4,12965.4,,,,,12600.0,,,,,,13620.6,13330.8,,,,,,,,,,,,,,,,,,,,,,,,,,,,,,,,,,,,,,,,,
28,0,32.0,1.0,,0.0,0.0,,0.0,0.0,1,0.0,0.0,60.288000000000004,88.324,116.36,1502.255854,1851.465727,2334.153231,2571.359262,2808.565292,,,,,,,,,60.288000000000004,,,61564.34,57381.98,,,,,55764.8,,,,,,60281.75,58999.16,,,,,,,,,,,,,,,,,,,,,,,,,,,,,,,,,,,,,,,,,
29,0,33.0,1.0,,0.0,0.0,,0.0,0.0,1,0.0,0.0,10358.2,20469.96332,20979.28116,35959.0,41519.45,47079.9,52944.95,58810.0,,,,,,,,,10324.5,,,13910.4,12965.4,,,,,12600.0,,,,,,13620.6,13330.8,,,,,,,,,,,,,,,,,,,,,,,,,,,,,,,,,,,,,,,,,
31,0,35.0,1.0,,0.0,0.0,,0.0,0.0,1,0.0,0.0,3663.6067590000002,6736.013287999999,8881.085228,36531.55,48237.15,59942.74,70000.74,70000.74,,,,,,,,,3283.0,,,44880.0,60092.5,,,,,72500.0,,,,,,46282.5,47685.0,,,,,,,,,,,,,,,,,,,,,,,,,,,,,,,,,,,,,,,,,
30,0,36.0,1.0,,0.0,0.0,,0.0,0.0,1,0.0,0.0,0.0,1659.726756,4150.40892,4542.0,13267.5,21993.0,33496.5,45000.0,,,,,,,,,0.001,,,44880.0,60092.5,,,,,72500.0,,,,,,46282.5,47685.0,,,,,,,,,,,,,,,,,,,,,,,,,,,,,,,,,,,,,,,,,
37,0,,0.33,,0.0,0.0,,0.0,0.0,1,27.0,3.89,10800.0,6907.2,0.0,0.0,0.0,0.0,0.0,0.0,,,,,,,,,10800.0,,,,,,,,,,,,,,,,,,,,,,,,,,,,,,,,,,,,,,,,,,,,,,,,,,,,,,,,,
38,0,,0.33,,0.0,0.0,,0.0,0.0,1,27.0,3.89,3333.0,2874.516307,2874.516307,2874.516307,2166.9430620000007,1194.029851,0.0,0.0,,,,,,,,,3333.0,,,,,,,,,,,,,,,,,,,,,,,,,,,,,,,,,,,,,,,,,,,,,,,,,,,,,,,,,
39,0,,0.33,,0.0,0.0,,0.0,0.0,1,27.0,3.89,63246.72,63246.72,63246.72,63246.72,63246.72,42452.16,39118.56,29690.0,,,,,,,,,63130.0,,,,,,,,,,,,,,,,,,,,,,,,,,,,,,,,,,,,,,,,,,,,,,,,,,,,,,,,,
10,0,,0.0,,0.0,0.0,,1.6393442619999998,0.000172029,1,11.425,3.0333333330000003,4073.87265,3527.00572,3194.686889,2902.366092,957.0,957.0,957.0,957.0,4970233.201,4303040.973,3897603.143,3800089.65,950022.41,950022.41,950022.41,950022.41,3996.3,,,,,,,,,,,,,,,,,,,,,,,,,,,,,,,,,,,,,,,,,,,,,,,,,,,,,,,,,
11,0,,0.0,,0.0,0.0,,1.6393442619999998,0.005449539000000001,1,11.425,3.0333333330000003,266.9839096,267.2052893,124.58446609999999,71.14340827,71.03207273,0.0,0.0,0.0,570972.8111,571446.2545,266436.8162,152147.5653,151909.4627,0.0,0.0,0.0,310.85,,,,,,,,,,,,,,,,,,,,,,,,,,,,,,,,,,,,,,,,,,,,,,,,,,,,,,,,,
12,0,,0.0,,0.0,0.0,,1.6393442619999998,7.049999999999999e-05,1,11.425,3.0333333330000003,25177.76772,21891.23262,21891.23262,21891.23262,21891.23262,19627.07,15791.96,12869.26,54623937.41,47493698.96,47493698.96,33274673.58,13134739.57,0.0,0.0,0.0,24038.88,,,,,,,,,,,,,,,,,,,,,,,,,,,,,,,,,,,,,,,,,,,,,,,,,,,,,,,,,
13,0,,0.0,,0.0,0.0,,1.6393442619999998,0.0001654929999999,1,11.425,3.0333333330000003,9646.195440000001,9180.918254,8902.302776999999,7673.0,6209.0,5577.0,2739.0,697.0,6010635.991,5720717.357000003,5547109.4070000015,4781119.17,4549355.5,4163139.6,0.0,0.0,10236.0,,,,,,,,,,,,,,,,,,,,,,,,,,,,,,,,,,,,,,,,,,,,,,,,,,,,,,,,,
14,0,,0.0,,0.0,0.0,,1.6393442619999998,1.57e-05,1,11.425,3.0333333330000003,52044.52014,51352.57546,47623.0934,41739.442989999996,35862.12787,35862.12787,35862.12787,35862.12787,85513395.35,84376473.76,78248630.27,49374885.70037,35916121.29393,8068978.77,3586212.79,0.0,43923.99098,,,,,,,,,,,,,,,,,,,,,,,,,,,,,,,,,,,,,,,,,,,,,,,,,,,,,,,,,
15,0,,0.58,,0.0,0.0,,0.0,0.0,1,11.425,3.0333333330000003,0.0,0.0,0.0,0.0,0.0,0.0,0.0,0.0,0.0,0.0,0.0,0.0,0.0,0.0,0.0,0.0,1.0,,,,,,,,,,,,,,,,,,,,,,,,,,,,,,,,,,,,,,,,,,,,,,,,,,,,,,,,,
16,0,,0.58,,0.0,0.0,,0.0,0.0,1,11.425,3.0333333330000003,154.5153273,154.5153273,154.5153273,154.5153273,154.5153273,154.5153273,154.5153273,154.5153273,0.0,0.0,0.0,0.0,0.0,0.0,2445300.0,2445300.0,1.0,,,,,,,,,,,,,,,,,,,,,,,,,,,,,,,,,,,,,,,,,,,,,,,,,,,,,,,,,
17,0,,0.58,,0.0,0.0,,0.0,0.0,1,11.425,3.0333333330000003,0.0,0.0,1186.842051,5086.751316,17195.07844,20128.79426,21402.09982,21402.09982,0.0,0.0,1493436.28,6400800.32,21637044.29,11171896.2,11171896.2,10302970.94,1.0,,,,,,,,,,,,,,,,,,,,,,,,,,,,,,,,,,,,,,,,,,,,,,,,,,,,,,,,,
18,0,,0.58,,0.0,0.0,,0.0,0.0,1,11.425,3.0333333330000003,0.0,0.0,0.0,0.0,0.0,0.0,0.0,0.0,0.0,0.0,0.0,0.0,0.0,0.0,0.0,0.0,1.0,,,,,,,,,,,,,,,,,,,,,,,,,,,,,,,,,,,,,,,,,,,,,,,,,,,,,,,,,
19,0,,0.58,,0.0,0.0,,0.0,0.0,1,11.425,3.0333333330000003,0.0,0.0,0.0,9350.95,9350.95,9350.950485,9219.371844,9199.503509,0.0,0.0,0.0,15364375.03,15364375.03,15364375.03,15148180.58,11039404.8,1.0,,,,,,,,,,,,,,,,,,,,,,,,,,,,,,,,,,,,,,,,,,,,,,,,,,,,,,,,,
22,0,,0.0,,0.0,0.0,,2.3809523809999997,3.96e-05,1,17.55,4.429166667,5384.8375,3855.5255,3833.533,1740.0,0.0,0.0,0.0,0.0,1356129.5659999999,970984.1982,965445.56,2597959.56,0.0,0.0,0.0,0.0,3007.0,,,,,,,,,,,,,,,,,,,,,,,,,,,,,,,,,,,,,,,,,,,,,,,,,,,,,,,,,
23,0,,0.0,,0.0,0.0,,2.763492063,3.34e-05,1,17.55,4.429166667,9511.49,8858.018884000001,5103.498884000001,1048.0,1048.0,0.0,0.0,0.0,122639.6447,114213.8917,65803.71,13512.75,13512.75,0.0,0.0,0.0,8700.2,,,,,,,,,,,,,,,,,,,,,,,,,,,,,,,,,,,,,,,,,,,,,,,,,,,,,,,,,
20,0,,0.0,,0.0,0.0,,2.3809523809999997,0.000108225,1,17.55,4.429166667,872.7539999999997,804.1607011,0.0,0.0,0.0,0.0,0.0,0.0,382632.9374,352560.2532,0.0,0.0,0.0,0.0,0.0,0.0,1100.0,,,,,,,,,,,,,,,,,,,,,,,,,,,,,,,,,,,,,,,,,,,,,,,,,,,,,,,,,
21,0,,0.0,,0.0,0.0,,2.005345002,5.400000000000001e-05,1,17.55,4.429166667,24612.6,23397.81188,21563.67695,7851.9,7851.9,0.0,0.0,0.0,8143575.364,7741638.2,7134777.65,438205.51,438205.51,0.0,0.0,0.0,24612.6,,,,,,,,,,,,,,,,,,,,,,,,,,,,,,,,,,,,,,,,,,,,,,,,,,,,,,,,,
24,0,,0.0,,0.0,0.0,,2.401827674,0.0001141289999999,1,13.5,6.775,20679.0,19020.281000000006,16812.18743,9190.0,9190.0,0.0,0.0,0.0,4337783.862,3989838.385,3526651.93,1927764.09,1927764.09,0.0,0.0,0.0,20679.0,,,,,,,,,,,,,,,,,,,,,,,,,,,,,,,,,,,,,,,,,,,,,,,,,,,,,,,,,
40,0,,1.0,,0.0,0.0,,0.0,0.0,1,11.705,18.8,773.0,773.0,773.0,773.0,773.0,773.0,692.0,692.0,,,,,,,,,773.2181782,,,,,,,,,,,,,,,,,,,,,,,,,,,,,,,,,,,,,,,,,,,,,,,,,,,,,,,,,
41,0,,1.0,,0.0,0.0,,0.0,0.0,1,11.705,18.8,0.0,12.97957919,37.64077965,88.26113849,172.62840319999995,299.8282793,438.7097766,556.8239472,,,,,,,,,0.0,,,,,,,,,,,,,,,,,,,,,,,,,,,,,,,,,,,,,,,,,,,,,,,,,,,,,,,,,
49,0,37.0,0.35,,0.0,0.0,,0.0,0.0,1,11.705,20.23333333,7467.0,7467.0,7467.0,7467.0,7467.0,7467.0,7467.0,7467.0,,,,,,,,,7467.0,,,,,,,,,,,,,,,,,,,,,,,,,,,,,,,,,,,,,,,,,,,,,,,,,,,,,,,,,
47,0,38.0,0.35,,0.0,0.0,,0.0,0.0,1,11.705,20.23333333,396.1445357,486.3597649,478.1703379,508.69259010000013,504.3878955,646.1333107,620.1035116,529.1823302,,,,,,,,,616.39375,,,,,,,,,,,,,,,,,,,,,,,,,,,,,,,,,,,,,,,,,,,,,,,,,,,,,,,,,
51,0,41.0,0.35,,0.0,0.0,,0.0,0.0,1,11.705,20.23333333,2984.409587,3734.3996340000003,3805.9452950000004,3762.167865,3860.927558,4724.8927969999995,4733.2848509999985,4676.942197,,,,,,,,,2984.409587,,,,,,,,,,,,,,,,,,,,,,,,,,,,,,,,,,,,,,,,,,,,,,,,,,,,,,,,,
48,0,39.0,0.35,,0.0,0.0,,0.0,0.0,1,11.705,20.23333333,46.2,191.26334530000003,407.5858778,585.7338457999998,639.1782362,662.0829749,672.2628588,674.8078297999998,,,,,,,,,46.2,,,,,,,,,,,,,,,,,,,,,,,,,,,,,,,,,,,,,,,,,,,,,,,,,,,,,,,,,
50,0,40.0,0.35,,0.0,0.0,,0.0,0.0,1,11.705,20.23333333,922.9718,1568.458431,1786.536186,1859.736918,1875.663473,1901.445489,1950.163816,1970.615143,,,,,,,,,922.9718,,,,,,,,,,,,,,,,,,,,,,,,,,,,,,,,,,,,,,,,,,,,,,,,,,,,,,,,,
44,0,,0.21,,0.0,0.0,,0.0,0.0,1,11.705,20.23333333,1924.0,1924.0,1924.0,1924.0,1924.0,1924.0,1924.0,1924.0,,,,,,,,,1924.0,,,,,,,,,,,,,,,,,,,,,,,,,,,,,,,,,,,,,,,,,,,,,,,,,,,,,,,,,
42,0,,0.21,,0.0,0.0,,0.0,0.0,1,11.705,20.23333333,237.1380243,291.14220539999997,286.2398923,304.51096739999997,301.9341131,386.7850316,371.2032059,316.7764313,,,,,,,,,1.0,,,,,,,,,,,,,,,,,,,,,,,,,,,,,,,,,,,,,,,,,,,,,,,,,,,,,,,,,
46,0,,0.21,,0.0,0.0,,0.0,0.0,1,11.705,20.23333333,916.7590564999999,1147.14304,1169.1206300000001,1155.6729599999999,1186.010232,1451.405424,1453.983318,1436.675829,,,,,,,,,916.7590564999999,,,,,,,,,,,,,,,,,,,,,,,,,,,,,,,,,,,,,,,,,,,,,,,,,,,,,,,,,
43,0,,0.21,,0.0,0.0,,0.0,0.0,1,11.705,20.23333333,439.2684921,470.228803,506.8182613,532.1494248,532.1494248,534.9639985,534.9639985,534.9639985,,,,,,,,,439.2684921,,,,,,,,,,,,,,,,,,,,,,,,,,,,,,,,,,,,,,,,,,,,,,,,,,,,,,,,,
45,0,,0.21,,0.0,0.0,,0.0,0.0,1,11.705,20.23333333,779.9282,1325.3763119999999,1509.656039,1571.512008,1584.970241,1606.75652,1647.924405,1665.206154,,,,,,,,,779.9282,,,,,,,,,,,,,,,,,,,,,,,,,,,,,,,,,,,,,,,,,,,,,,,,,,,,,,,,,
52,0,,0.0,,0.0,0.0,,2.222222222,0.010217114000000001,1,11.25,5.2125,970.5831199999999,815.01612,482.8886529,168.0,0.0,0.0,0.0,0.0,2931692.35,2461794.848,1458588.08,507451.97,0.0,0.0,0.0,0.0,174.0,,,,,,,,,,,,,,,,,,,,,,,,,,,,,,,,,,,,,,,,,,,,,,,,,,,,,,,,,
54,0,,0.0,,0.0,0.0,,2.222222222,0.00042328,1,11.25,5.2125,5028.381020000002,1673.8347,1458.160542,833.38,0.0,0.0,0.0,0.0,2633553.2,876650.4989,763693.7906,653683.98,0.0,0.0,0.0,0.0,4200.0,,,,,,,,,,,,,,,,,,,,,,,,,,,,,,,,,,,,,,,,,,,,,,,,,,,,,,,,,
56,0,,0.0,,0.0,0.0,,2.222222222,0.00055592,1,11.25,5.2125,13927.99768,8629.211628000001,0.0,0.0,0.0,0.0,0.0,0.0,9049483.372000001,5606685.823,0.0,0.0,0.0,0.0,0.0,0.0,3197.9,,,,,,,,,,,,,,,,,,,,,,,,,,,,,,,,,,,,,,,,,,,,,,,,,,,,,,,,,
53,0,,0.0,,0.0,0.0,,2.222222222,0.023703704,1,11.25,5.2125,64.41625613,64.46966928,30.058983299999998,0.0,0.0,0.0,0.0,0.0,17918.0258,17932.88321,8361.206795,0.0,0.0,0.0,0.0,0.0,75.0,,,,,,,,,,,,,,,,,,,,,,,,,,,,,,,,,,,,,,,,,,,,,,,,,,,,,,,,,
55,0,,0.0,,0.0,0.0,,2.222222222,0.000209236,1,11.25,5.2125,7692.80211,5008.333823,1849.2645530000002,0.0,0.0,0.0,0.0,0.0,512974.5365,333967.7383,123313.4056,0.0,0.0,0.0,0.0,0.0,8496.5,,,,,,,,,,,,,,,,,,,,,,,,,,,,,,,,,,,,,,,,,,,,,,,,,,,,,,,,,
62,0,,1.0,,0.0,0.0,,0.0,0.0,1,0.0,0.0,1.0,1.0,1.0,1.0,1.0,1.0,1.0,1.0,,,,,,,,,1.0,,,,,,,,,,,,,,,,,,,,,,,,,,,,,,,,,,,,,,,,,,,,,,,,,,,,,,,,,
64,0,,1.0,,0.0,0.0,,0.0,0.0,1,0.0,0.0,1.0,1.0,1.0,1.0,1.0,1.0,1.0,1.0,,,,,,,,,1.0,,,,,,,,,,,,,,,,,,,,,,,,,,,,,,,,,,,,,,,,,,,,,,,,,,,,,,,,,
66,0,,1.0,,0.0,0.0,,0.0,0.0,1,0.0,0.0,1.0,1.0,1.0,1.0,1.0,1.0,1.0,1.0,,,,,,,,,1.0,,,,,,,,,,,,,,,,,,,,,,,,,,,,,,,,,,,,,,,,,,,,,,,,,,,,,,,,,
63,0,,1.0,,0.0,0.0,,0.0,0.0,1,0.0,0.0,1.0,1.0,1.0,1.0,1.0,1.0,1.0,1.0,,,,,,,,,1.0,,,,,,,,,,,,,,,,,,,,,,,,,,,,,,,,,,,,,,,,,,,,,,,,,,,,,,,,,
65,0,,1.0,,0.0,0.0,,0.0,0.0,1,0.0,0.0,1.0,1.0,1.0,1.0,1.0,1.0,1.0,1.0,,,,,,,,,1.0,,,,,,,,,,,,,,,,,,,,,,,,,,,,,,,,,,,,,,,,,,,,,,,,,,,,,,,,,
5,0,,1.0,,0.0,0.0,,0.0,0.0,1,2.0,0.2,3987.949199,3989.088634,4065.018285,4178.7625229999985,4449.28723,4678.204922999998,4958.706928000001,5115.183472,,,,,,,,,3842.2,,,,,,,,,,,,,,,,,,,,,,,,,,,,,,,,,,,,,,,,,,,,,,,,,,,,,,,,,
0,0,,1.0,,504.03041950000016,0.0,,0.0,0.0,1,2.0,2.0,1602.0508009999999,1602.5085390000006,1633.011223,1678.7048969999994,1787.380886,1879.342382,1992.02648,2054.886703,,,,,,,,,1543.5,,,,,,,,,,,,,,,,,,,,,,,,,,,,,,,,,,,,,,,,,,,,,,,,,,,,,,,,,
57,0,,1.0,,5.742574257,0.264914822,,0.0,0.0,1,0.0,1.5,8149.2,8149.2,8149.2,8149.2,8149.2,8149.2,8149.2,8149.2,,,,,,,,,8149.2,,,,,,,,,,,,,,,,,,,,,,,,,,,,,,,,,,,,,,,,,,,,,,,,,,,,,,,,,
8,0,,1.0,,0.0,0.0,,0.0,0.0,1,2.0,0.2,4199.869022999998,5334.373793,5381.640396,5408.649884,5455.958689,5503.1830899999995,5577.459181,5651.735272,,,,,,,,,4157.78,,,,,,,,,,,,,,,,,,,,,,,,,,,,,,,,,,,,,,,,,,,,,,,,,,,,,,,,,
2,0,,1.0,,1011.545415,0.0,,0.0,0.0,1,2.0,2.0,7635.721447,9698.348247,9784.282978,9833.388539,9919.399998,10005.258,10140.29829,10275.338590000001,,,,,,,,,7559.2,,,,,,,,,,,,,,,,,,,,,,,,,,,,,,,,,,,,,,,,,,,,,,,,,,,,,,,,,
60,0,,1.0,,20.36253776,0.25,,0.0,0.0,1,0.0,1.5,1917.516407,2435.492443,2457.072756,2469.404363,2491.003944,2512.564989,2546.476909,2580.388829,,,,,,,,,1898.3,,,,,,,,,,,,,,,,,,,,,,,,,,,,,,,,,,,,,,,,,,,,,,,,,,,,,,,,,
6,0,,1.0,,0.0,0.0,,0.0,0.0,1,2.0,0.2,5448.8053340000015,5698.267712,5698.267712,5700.167985,5738.890719,5752.190997,5752.190997,5819.046955,,,,,,,,,5656.0,,,,,,,,,,,,,,,,,,,,,,,,,,,,,,,,,,,,,,,,,,,,,,,,,,,,,,,,,
1,0,,1.0,,504.03041950000016,0.0,,0.0,0.0,1,2.0,2.0,3846.205725,4022.2963670000004,4022.2963670000004,4023.637733,4050.971358,4060.3597649999997,4060.3597649999997,4107.552086,,,,,,,,,3992.460411,,,,,,,,,,,,,,,,,,,,,,,,,,,,,,,,,,,,,,,,,,,,,,,,,,,,,,,,,
58,0,,1.0,,3.4990901539999997,0.29993400800000003,,0.0,0.0,1,0.0,1.5,3853.9889409999996,4030.4359210000002,4030.4359210000002,4031.7800009999996,4059.168939,4068.5763450000004,4068.5763450000004,4115.864164,,,,,,,,,4000.539589,,,,,,,,,,,,,,,,,,,,,,,,,,,,,,,,,,,,,,,,,,,,,,,,,,,,,,,,,
7,0,,1.0,,0.0,0.0,,0.0,0.0,1,2.0,0.2,5228.096178,5311.774188,5311.774188,5348.632932,5423.718011999998,5483.959977,5513.941172999997,5531.954519,,,,,,,,,5203.3,,,,,,,,,,,,,,,,,,,,,,,,,,,,,,,,,,,,,,,,,,,,,,,,,,,,,,,,,
3,0,,1.0,,583.1886695000002,0.0,,0.0,0.0,1,2.0,2.0,13283.90382,13496.518619999999,13496.518619999999,13590.17184,13780.953140000001,13934.020040000001,14010.19831,14055.96785,,,,,,,,,13220.9,,,,,,,,,,,,,,,,,,,,,,,,,,,,,,,,,,,,,,,,,,,,,,,,,,,,,,,,,
59,0,,1.0,,5.742574257,0.249854482,,0.0,0.0,1,0.0,1.5,3795.9,3795.9,3795.9,3795.9,3795.9,3795.9,3795.9,3795.9,,,,,,,,,3795.9,,,,,,,,,,,,,,,,,,,,,,,,,,,,,,,,,,,,,,,,,,,,,,,,,,,,,,,,,
9,0,,1.0,,0.0,0.0,,0.0,0.0,1,2.0,0.2,10381.04285,10381.05255,10381.05255,10381.05255,10518.10008,10884.12915,11271.39384,11665.4508,,,,,,,,,10322.33333,,,,,,,,,,,,,,,,,,,,,,,,,,,,,,,,,,,,,,,,,,,,,,,,,,,,,,,,,
4,0,,1.0,,424.87216950000004,0.0,,0.0,0.0,1,2.0,2.0,8260.718115000001,8260.725836,8260.725836,8260.725836,8369.781451,8661.0492,8969.215199,9282.786144,,,,,,,,,8214.0,,,,,,,,,,,,,,,,,,,,,,,,,,,,,,,,,,,,,,,,,,,,,,,,,,,,,,,,,
61,0,,1.0,,20.36253776,0.278662034,,0.0,0.0,1,0.0,1.5,4993.239036,4993.243703,4993.243703,4993.243703,5059.1630030000015,5235.221485,5421.494213,5611.0339909999975,,,,,,,,,4965.0,,,,,,,,,,,,,,,,,,,,,,,,,,,,,,,,,,,,,,,,,,,,,,,,,,,,,,,,,
69,0,,1.0,,0.0,0.0,,0.0,0.0,1,0.0,0.0,1.0,1.0,1.0,1.0,1.0,1.0,1.0,1.0,,,,,,,,,1.0,,,,,,,,,,,,,,,,,,,,,,,,,,,,,,,,,,,,,,,,,,,,,,,,,,,,,,,,,
71,0,,1.0,,0.0,0.0,,0.0,0.0,1,0.0,0.0,1.0,1.0,1.0,1.0,1.0,1.0,1.0,1.0,,,,,,,,,1.0,,,,,,,,,,,,,,,,,,,,,,,,,,,,,,,,,,,,,,,,,,,,,,,,,,,,,,,,,
70,0,,1.0,,0.0,0.0,,0.0,0.0,1,0.0,0.0,1.0,1.0,1.0,1.0,1.0,1.0,1.0,1.0,,,,,,,,,1.0,,,,,,,,,,,,,,,,,,,,,,,,,,,,,,,,,,,,,,,,,,,,,,,,,,,,,,,,,
67,0,,1.0,,0.0,0.0,,0.0,0.0,1,0.0,0.0,1.0,1.0,1.0,1.0,1.0,1.0,1.0,1.0,,,,,,,,,1.0,,,,,,,,,,,,,,,,,,,,,,,,,,,,,,,,,,,,,,,,,,,,,,,,,,,,,,,,,
68,0,,1.0,,0.0,0.0,,0.0,0.0,1,0.0,0.0,1.0,1.0,1.0,1.0,1.0,1.0,1.0,1.0,,,,,,,,,1.0,,,,,,,,,,,,,,,,,,,,,,,,,,,,,,,,,,,,,,,,,,,,,,,,,,,,,,,,,
72,0,42.0,1.0,,0.0,0.0,,0.0,0.0,1,0.0,0.0,198.2927222,198.2927222,1604.965206,2308.301447,3011.637689,3011.637689,3011.637689,3011.637689,,,,,,,,,198.2927222,29368.052010000003,15500.0,23000.0,23000.0,75179.12887,31084.401158999997,4968.448493,23904.071477999994,22000.0,31758.36277,26977.74125,45445.060527999995,13500.0,38264.730847000006,23500.0,24000.0,17500.0,,,,,,,,,,,,,,,,,,,,,,,,,,,,,,,,,,,,,,,,
102,0,,1.0,,2.0,0.1,,0.0,0.0,1,0.0,0.5,0.0,0.0,0.0,0.0,0.0,0.0,0.0,0.0,,,,,,,,,0.0,34249.571019999996,12237.0,11880.0,11192.5,86415.40924,47291.03058,,34249.571019999996,11000.0,34249.571019999996,34249.571019999996,73373.94967999999,10062.0,60332.49013,11632.5,11385.0,14412.0,,,,,,,,,,,,,,,,,,,,,,,,,,,,,,,,,,,,,,,,
73,0,42.0,1.0,,0.0,0.0,,0.0,0.0,1,0.0,0.0,109.24953719999999,109.24953719999999,1423.310145,2080.340449,2737.370753,2737.370753,2737.370753,2737.370753,,,,,,,,,109.24953719999999,29368.052010000003,15500.0,23000.0,23000.0,75179.12887,31084.401158999997,2737.370753,23904.071477999994,22000.0,31758.36277,26977.74125,45445.060527999995,13500.0,38264.730847000006,23500.0,24000.0,17500.0,,,,,,,,,,,,,,,,,,,,,,,,,,,,,,,,,,,,,,,,
103,0,,1.0,,2.0,0.1,,0.0,0.0,1,0.0,0.5,0.0,0.0,0.0,0.0,0.0,0.0,0.0,0.0,,,,,,,,,0.0,34249.571019999996,12237.0,11880.0,11192.5,86415.40924,47291.03058,,34249.571019999996,11000.0,34249.571019999996,34249.571019999996,73373.94967999999,10062.0,60332.49013,11632.5,11385.0,14412.0,,,,,,,,,,,,,,,,,,,,,,,,,,,,,,,,,,,,,,,,
74,0,42.0,1.0,,0.0,0.0,,0.0,0.0,1,0.0,0.0,66.5655346,66.5655346,867.2201562999999,1267.547467,1667.8747779999999,1667.8747779999999,1667.8747779999999,1667.8747779999999,,,,,,,,,66.5655346,29368.052010000003,15500.0,23000.0,23000.0,75179.12887,31084.401158999997,1667.8747779999999,23904.071477999994,22000.0,31758.36277,26977.74125,45445.060527999995,13500.0,38264.730847000006,23500.0,24000.0,17500.0,,,,,,,,,,,,,,,,,,,,,,,,,,,,,,,,,,,,,,,,
104,0,,1.0,,2.0,0.1,,0.0,0.0,1,0.0,0.5,0.0,0.0,0.0,0.0,0.0,0.0,0.0,0.0,,,,,,,,,0.0,34249.571019999996,12237.0,11880.0,11192.5,86415.40924,47291.03058,,34249.571019999996,11000.0,34249.571019999996,34249.571019999996,73373.94967999999,10062.0,60332.49013,11632.5,11385.0,14412.0,,,,,,,,,,,,,,,,,,,,,,,,,,,,,,,,,,,,,,,,
75,0,42.0,1.0,,0.0,0.0,,0.0,0.0,1,0.0,0.0,5.8647627510000016,5.8647627510000016,28.22699752,39.40811491,50.58923229,82.70891013,114.82858799999998,146.9482658,,,,,,,,,5.8647627510000016,66928.7014,94375.0,28000.0,23000.0,146975.1969,64278.878062,146.9482658,51410.95813,22000.0,70186.46365,63670.93915,90014.71793999999,85750.0,77146.79797999999,26000.0,24000.0,103000.0,,,,,,,,,,,,,,,,,,,,,,,,,,,,,,,,,,,,,,,,
105,0,,1.0,,2.0,0.1,,0.0,0.0,1,0.0,0.5,0.0,0.0,0.0,0.0,0.0,0.0,0.0,0.0,,,,,,,,,0.0,35202.94669,23714.625,12210.69,11504.06,177858.526,70866.84151,,35202.94669,11306.2,35202.94669,35202.94669,142194.6312,17766.75,106530.7363,11956.3,11701.91,29662.5,,,,,,,,,,,,,,,,,,,,,,,,,,,,,,,,,,,,,,,,
79,0,42.0,1.0,,0.0,0.0,,0.0,0.0,1,0.0,0.0,45.55344827,45.55344827,361.25289669999995,519.102621,676.9523452000002,831.7659578,986.5795704,1141.393183,,,,,,,,,45.55344827,66928.7014,94375.0,28000.0,23000.0,146975.1969,64278.878062,1141.393183,51410.95813,22000.0,70186.46365,63670.93915,90014.71793999999,85750.0,77146.79797999999,26000.0,24000.0,103000.0,,,,,,,,,,,,,,,,,,,,,,,,,,,,,,,,,,,,,,,,
109,0,,1.0,,2.0,0.1,,0.0,0.0,1,0.0,0.5,0.0,0.0,0.0,0.0,0.0,0.0,0.0,0.0,,,,,,,,,0.0,35202.94669,23714.625,12210.69,11504.06,177858.526,70866.84151,,35202.94669,11306.2,35202.94669,35202.94669,142194.6312,17766.75,106530.7363,11956.3,11701.91,29662.5,,,,,,,,,,,,,,,,,,,,,,,,,,,,,,,,,,,,,,,,
83,0,42.0,1.0,,0.0,0.0,,0.0,0.0,1,0.0,0.0,54.68481152,54.68481152,245.95288100000002,341.5869158000001,437.2209505,461.39116839999997,485.5613863,509.73160419999994,,,,,,,,,54.68481152,66928.7014,94375.0,28000.0,23000.0,146975.1969,64278.878062,1370.1898199999996,51410.95813,22000.0,70186.46365,63670.93915,90014.71793999999,85750.0,77146.79797999999,26000.0,24000.0,103000.0,,,,,,,,,,,,,,,,,,,,,,,,,,,,,,,,,,,,,,,,
113,0,,1.0,,2.0,0.1,,0.0,0.0,1,0.0,0.5,0.0,0.0,0.0,0.0,0.0,0.0,0.0,0.0,,,,,,,,,0.0,35202.94669,23714.625,12210.69,11504.06,177858.526,70866.84151,,35202.94669,11306.2,35202.94669,35202.94669,142194.6312,17766.75,106530.7363,11956.3,11701.91,29662.5,,,,,,,,,,,,,,,,,,,,,,,,,,,,,,,,,,,,,,,,
87,0,42.0,1.0,,0.0,0.0,,0.0,0.0,1,0.0,0.0,113.84669240000001,113.84669240000001,580.2661082000002,813.4758161,1046.685524,1102.317018,1157.948512,1213.5800060000001,,,,,,,,,113.84669240000001,47237.552639999994,54750.0,31000.0,23500.0,95853.38931,44083.884572,2852.557679,36412.721919,22000.0,49627.86341000001,44847.24188,59426.20987099999,49500.0,51755.04721799999,28000.0,25000.0,60000.0,,,,,,,,,,,,,,,,,,,,,,,,,,,,,,,,,,,,,,,,
117,0,,1.0,,2.0,0.1,,0.0,0.0,1,0.0,0.5,0.0,0.0,0.0,0.0,0.0,0.0,0.0,0.0,,,,,,,,,0.0,34249.571019999996,12237.0,11880.0,11192.5,86415.40924,47291.03058,,34249.571019999996,11000.0,34249.571019999996,34249.571019999996,73373.94967999999,10062.0,60332.49013,11632.5,11385.0,14412.0,,,,,,,,,,,,,,,,,,,,,,,,,,,,,,,,,,,,,,,,
88,0,42.0,1.0,,0.0,0.0,,0.0,0.0,1,0.0,0.0,91.09566396,91.09566396,613.572509,874.8109314999997,1136.049354,1334.90203,1533.754706,1732.6073820000001,,,,,,,,,91.09566396,47237.552639999994,54750.0,31000.0,23500.0,95853.38931,44083.884572,2282.504921,36412.721919,22000.0,49627.86341000001,44847.24188,59426.20987099999,49500.0,51755.04721799999,28000.0,25000.0,60000.0,,,,,,,,,,,,,,,,,,,,,,,,,,,,,,,,,,,,,,,,
118,0,,1.0,,2.0,0.1,,0.0,0.0,1,0.0,0.5,0.0,0.0,0.0,0.0,0.0,0.0,0.0,0.0,,,,,,,,,0.0,34249.571019999996,12237.0,11880.0,11192.5,86415.40924,47291.03058,,34249.571019999996,11000.0,34249.571019999996,34249.571019999996,73373.94967999999,10062.0,60332.49013,11632.5,11385.0,14412.0,,,,,,,,,,,,,,,,,,,,,,,,,,,,,,,,,,,,,,,,
89,0,42.0,1.0,,0.0,0.0,,0.0,0.0,1,0.0,0.0,119.30358059999999,119.30358059999999,536.5851788,745.2259779,953.866777,1006.5979369999999,1059.329097,1112.060257,,,,,,,,,119.30358059999999,47237.552639999994,54750.0,31000.0,23500.0,95853.38931,44083.884572,2989.286186,36412.721919,22000.0,49627.86341000001,44847.24188,59426.20987099999,49500.0,51755.04721799999,28000.0,25000.0,60000.0,,,,,,,,,,,,,,,,,,,,,,,,,,,,,,,,,,,,,,,,
119,0,,1.0,,2.0,0.1,,0.0,0.0,1,0.0,0.5,0.0,0.0,0.0,0.0,0.0,0.0,0.0,0.0,,,,,,,,,0.0,34249.571019999996,12237.0,11880.0,11192.5,86415.40924,47291.03058,,34249.571019999996,11000.0,34249.571019999996,34249.571019999996,73373.94967999999,10062.0,60332.49013,11632.5,11385.0,14412.0,,,,,,,,,,,,,,,,,,,,,,,,,,,,,,,,,,,,,,,,
90,0,42.0,1.0,,0.0,0.0,,0.0,0.0,1,0.0,0.0,125.84478770000001,125.84478770000001,566.0052074,786.0854172,1006.165627,1155.718209,1305.270791,1454.823373,,,,,,,,,125.84478770000001,66928.7014,94375.0,28000.0,23000.0,146975.1969,64278.878062,3153.183529,51410.95813,22000.0,70186.46365,63670.93915,90014.71793999999,85750.0,77146.79797999999,26000.0,24000.0,103000.0,,,,,,,,,,,,,,,,,,,,,,,,,,,,,,,,,,,,,,,,
120,0,,1.0,,2.0,0.1,,0.0,0.0,1,0.0,0.5,0.0,0.0,0.0,0.0,0.0,0.0,0.0,0.0,,,,,,,,,0.0,35202.94669,23714.625,12210.69,11504.06,177858.526,70866.84151,,35202.94669,11306.2,35202.94669,35202.94669,142194.6312,17766.75,106530.7363,11956.3,11701.91,29662.5,,,,,,,,,,,,,,,,,,,,,,,,,,,,,,,,,,,,,,,,
94,0,42.0,1.0,,0.0,0.0,,0.0,0.0,1,0.0,0.0,94.30495768,94.30495768,424.150242,589.0728842,753.9955263999999,1290.3028199999999,1826.610113,2362.917406,,,,,,,,,94.30495768,66928.7014,94375.0,28000.0,23000.0,146975.1969,64278.878062,2362.917406,51410.95813,22000.0,70186.46365,63670.93915,90014.71793999999,85750.0,77146.79797999999,26000.0,24000.0,103000.0,,,,,,,,,,,,,,,,,,,,,,,,,,,,,,,,,,,,,,,,
124,0,,1.0,,2.0,0.1,,0.0,0.0,1,0.0,0.5,0.0,0.0,0.0,0.0,0.0,0.0,0.0,0.0,,,,,,,,,0.0,35202.94669,23714.625,12210.69,11504.06,177858.526,70866.84151,,35202.94669,11306.2,35202.94669,35202.94669,142194.6312,17766.75,106530.7363,11956.3,11701.91,29662.5,,,,,,,,,,,,,,,,,,,,,,,,,,,,,,,,,,,,,,,,
98,0,42.0,1.0,,0.0,0.0,,0.0,0.0,1,0.0,0.0,6.26961632,6.26961632,28.19850988,39.16295665,50.12740343,52.8985201,55.66963676,58.44075343,,,,,,,,,6.26961632,66928.7014,94375.0,28000.0,23000.0,146975.1969,64278.878062,157.09233,51410.95813,22000.0,70186.46365,63670.93915,90014.71793999999,85750.0,77146.79797999999,26000.0,24000.0,103000.0,,,,,,,,,,,,,,,,,,,,,,,,,,,,,,,,,,,,,,,,
128,0,,1.0,,2.0,0.1,,0.0,0.0,1,0.0,0.5,0.0,0.0,0.0,0.0,0.0,0.0,0.0,0.0,,,,,,,,,0.0,35202.94669,23714.625,12210.69,11504.06,177858.526,70866.84151,,35202.94669,11306.2,35202.94669,35202.94669,142194.6312,17766.75,106530.7363,11956.3,11701.91,29662.5,,,,,,,,,,,,,,,,,,,,,,,,,,,,,,,,,,,,,,,,
76,0,42.0,1.0,,0.0,0.0,,0.0,0.0,1,0.0,0.0,22.63302808,22.63302808,101.7953305,141.37648169999997,180.95763290000002,191.14075730000002,201.3238818,211.50700619999998,,,,,,,,,22.63302808,66928.7014,94375.0,28000.0,23000.0,146975.1969,64278.878062,567.0961242999998,51410.95813,22000.0,70186.46365,63670.93915,90014.71793999999,85750.0,77146.79797999999,26000.0,24000.0,103000.0,,,,,,,,,,,,,,,,,,,,,,,,,,,,,,,,,,,,,,,,
106,0,,1.0,,2.0,0.1,,0.0,0.0,1,0.0,0.5,0.0,0.0,0.0,0.0,0.0,0.0,0.0,0.0,,,,,,,,,0.0,35202.94669,23714.625,12210.69,11504.06,177858.526,70866.84151,,35202.94669,11306.2,35202.94669,35202.94669,142194.6312,17766.75,106530.7363,11956.3,11701.91,29662.5,,,,,,,,,,,,,,,,,,,,,,,,,,,,,,,,,,,,,,,,
226,1,,1.0,,1.0,0.0,,0.0,0.0,1,0.0,0.0,1.0,163.2967057,326.5934115,489.8901172,653.1868218,816.4835275,979.7802332999997,1143.076939,,,,,,,,,0.0,,,,,,,,,,,,,,,,,,,0.0,,0.0,,,163.2967057,,113.1280277,,,326.5934115,,226.25605530000004,,,489.8901172,,339.3840830000001,,,653.1868218,,452.51210989999987,,,816.4835275,,565.6401376,,,979.7802332999997,,678.7681652000001,,,1143.076939,,791.8961929,
80,0,42.0,1.0,,0.0,0.0,,0.0,0.0,1,0.0,0.0,20.011338199999997,20.011338199999997,90.0038996,125.00018030000001,159.996461,169.76404480000005,179.53162869999997,189.2992125,,,,,,,,,20.011338199999997,66928.7014,94375.0,28000.0,23000.0,146975.1969,64278.878062,501.40671839999993,51410.95813,22000.0,70186.46365,63670.93915,90014.71793999999,85750.0,77146.79797999999,26000.0,24000.0,103000.0,,,,,,,,,,,,,,,,,,,,,,,,,,,,,,,,,,,,,,,,
110,0,,1.0,,2.0,0.1,,0.0,0.0,1,0.0,0.5,0.0,0.0,0.0,0.0,0.0,0.0,0.0,0.0,,,,,,,,,0.0,35202.94669,23714.625,12210.69,11504.06,177858.526,70866.84151,,35202.94669,11306.2,35202.94669,35202.94669,142194.6312,17766.75,106530.7363,11956.3,11701.91,29662.5,,,,,,,,,,,,,,,,,,,,,,,,,,,,,,,,,,,,,,,,
84,0,42.0,1.0,,0.0,0.0,,0.0,0.0,1,0.0,0.0,4.132353518,4.132353518,18.58586005,25.81261331,33.03936658,34.86583141,36.69229623,38.51876106,,,,,,,,,4.132353518,66928.7014,94375.0,28000.0,23000.0,146975.1969,64278.878062,103.54079250000001,51410.95813,22000.0,70186.46365,63670.93915,90014.71793999999,85750.0,77146.79797999999,26000.0,24000.0,103000.0,,,,,,,,,,,,,,,,,,,,,,,,,,,,,,,,,,,,,,,,
114,0,,1.0,,2.0,0.1,,0.0,0.0,1,0.0,0.5,0.0,0.0,0.0,0.0,0.0,0.0,0.0,0.0,,,,,,,,,0.0,35202.94669,23714.625,12210.69,11504.06,177858.526,70866.84151,,35202.94669,11306.2,35202.94669,35202.94669,142194.6312,17766.75,106530.7363,11956.3,11701.91,29662.5,,,,,,,,,,,,,,,,,,,,,,,,,,,,,,,,,,,,,,,,
77,0,42.0,1.0,,0.0,0.0,,0.0,0.0,1,0.0,0.0,17.84209513,17.84209513,80.24741382,111.4500732,142.65273249999996,178.74444530000005,214.83615809999998,250.92787090000002,,,,,,,,,17.84209513,66928.7014,94375.0,28000.0,23000.0,146975.1969,64278.878062,447.053879,51410.95813,22000.0,70186.46365,63670.93915,90014.71793999999,85750.0,77146.79797999999,26000.0,24000.0,103000.0,,,,,,,,,,,,,,,,,,,,,,,,,,,,,,,,,,,,,,,,
107,0,,1.0,,2.0,0.1,,0.0,0.0,1,0.0,0.5,0.0,0.0,0.0,0.0,0.0,0.0,0.0,0.0,,,,,,,,,0.0,35202.94669,23714.625,12210.69,11504.06,177858.526,70866.84151,,35202.94669,11306.2,35202.94669,35202.94669,142194.6312,17766.75,106530.7363,11956.3,11701.91,29662.5,,,,,,,,,,,,,,,,,,,,,,,,,,,,,,,,,,,,,,,,
81,0,42.0,1.0,,0.0,0.0,,0.0,0.0,1,0.0,0.0,33.48630965,33.48630965,220.41903849999997,313.8854029,407.3517673,551.2469692000002,695.142171,839.0373729,,,,,,,,,33.48630965,66928.7014,94375.0,28000.0,23000.0,146975.1969,64278.878062,839.0373729,51410.95813,22000.0,70186.46365,63670.93915,90014.71793999999,85750.0,77146.79797999999,26000.0,24000.0,103000.0,,,,,,,,,,,,,,,,,,,,,,,,,,,,,,,,,,,,,,,,
111,0,,1.0,,2.0,0.1,,0.0,0.0,1,0.0,0.5,0.0,0.0,0.0,0.0,0.0,0.0,0.0,0.0,,,,,,,,,0.0,35202.94669,23714.625,12210.69,11504.06,177858.526,70866.84151,,35202.94669,11306.2,35202.94669,35202.94669,142194.6312,17766.75,106530.7363,11956.3,11701.91,29662.5,,,,,,,,,,,,,,,,,,,,,,,,,,,,,,,,,,,,,,,,
85,0,42.0,1.0,,0.0,0.0,,0.0,0.0,1,0.0,0.0,65.56667581,65.56667581,294.895646,409.560131,524.2246161,553.2045247000002,582.1844332999998,611.1643419,,,,,,,,,65.56667581,66928.7014,94375.0,28000.0,23000.0,146975.1969,64278.878062,1642.847241,51410.95813,22000.0,70186.46365,63670.93915,90014.71793999999,85750.0,77146.79797999999,26000.0,24000.0,103000.0,,,,,,,,,,,,,,,,,,,,,,,,,,,,,,,,,,,,,,,,
115,0,,1.0,,2.0,0.1,,0.0,0.0,1,0.0,0.5,0.0,0.0,0.0,0.0,0.0,0.0,0.0,0.0,,,,,,,,,0.0,35202.94669,23714.625,12210.69,11504.06,177858.526,70866.84151,,35202.94669,11306.2,35202.94669,35202.94669,142194.6312,17766.75,106530.7363,11956.3,11701.91,29662.5,,,,,,,,,,,,,,,,,,,,,,,,,,,,,,,,,,,,,,,,
78,0,42.0,1.0,,0.0,0.0,,0.0,0.0,1,0.0,0.0,36.262406299999995,36.262406299999995,163.0954383,226.5119543,289.9284703,309.36755960000005,328.80664889999997,348.24573819999995,,,,,,,,,36.262406299999995,66928.7014,94375.0,28000.0,23000.0,146975.1969,64278.878062,908.5956151,51410.95813,22000.0,70186.46365,63670.93915,90014.71793999999,85750.0,77146.79797999999,26000.0,24000.0,103000.0,,,,,,,,,,,,,,,,,,,,,,,,,,,,,,,,,,,,,,,,
108,0,,1.0,,2.0,0.1,,0.0,0.0,1,0.0,0.5,0.0,0.0,0.0,0.0,0.0,0.0,0.0,0.0,,,,,,,,,0.0,35202.94669,23714.625,12210.69,11504.06,177858.526,70866.84151,,35202.94669,11306.2,35202.94669,35202.94669,142194.6312,17766.75,106530.7363,11956.3,11701.91,29662.5,,,,,,,,,,,,,,,,,,,,,,,,,,,,,,,,,,,,,,,,
82,0,42.0,1.0,,0.0,0.0,,0.0,0.0,1,0.0,0.0,1.508392327,1.508392327,19.65143429,28.72295528,37.79447626,37.79447626,37.79447626,37.79447626,,,,,,,,,1.508392327,66928.7014,94375.0,28000.0,23000.0,146975.1969,64278.878062,37.79447626,51410.95813,22000.0,70186.46365,63670.93915,90014.71793999999,85750.0,77146.79797999999,26000.0,24000.0,103000.0,,,,,,,,,,,,,,,,,,,,,,,,,,,,,,,,,,,,,,,,
112,0,,1.0,,2.0,0.1,,0.0,0.0,1,0.0,0.5,0.0,0.0,0.0,0.0,0.0,0.0,0.0,0.0,,,,,,,,,0.0,35202.94669,23714.625,12210.69,11504.06,177858.526,70866.84151,,35202.94669,11306.2,35202.94669,35202.94669,142194.6312,17766.75,106530.7363,11956.3,11701.91,29662.5,,,,,,,,,,,,,,,,,,,,,,,,,,,,,,,,,,,,,,,,
86,0,42.0,1.0,,0.0,0.0,,0.0,0.0,1,0.0,0.0,13.36127637,13.36127637,60.09428079,83.46078299,106.82728519999999,112.7328548,118.63842439999999,124.543994,,,,,,,,,13.36127637,66928.7014,94375.0,28000.0,23000.0,146975.1969,64278.878062,334.7818957,51410.95813,22000.0,70186.46365,63670.93915,90014.71793999999,85750.0,77146.79797999999,26000.0,24000.0,103000.0,,,,,,,,,,,,,,,,,,,,,,,,,,,,,,,,,,,,,,,,
116,0,,1.0,,2.0,0.1,,0.0,0.0,1,0.0,0.5,0.0,0.0,0.0,0.0,0.0,0.0,0.0,0.0,,,,,,,,,0.0,35202.94669,23714.625,12210.69,11504.06,177858.526,70866.84151,,35202.94669,11306.2,35202.94669,35202.94669,142194.6312,17766.75,106530.7363,11956.3,11701.91,29662.5,,,,,,,,,,,,,,,,,,,,,,,,,,,,,,,,,,,,,,,,
91,0,42.0,1.0,,0.0,0.0,,0.0,0.0,1,0.0,0.0,100.3572357,100.3572357,451.37124129999995,626.8782441000002,802.3852469,1148.508582,1494.631918,1840.755253,,,,,,,,,100.3572357,66928.7014,94375.0,28000.0,23000.0,146975.1969,64278.878062,2514.56408,51410.95813,22000.0,70186.46365,63670.93915,90014.71793999999,85750.0,77146.79797999999,26000.0,24000.0,103000.0,,,,,,,,,,,,,,,,,,,,,,,,,,,,,,,,,,,,,,,,
121,0,,1.0,,2.0,0.1,,0.0,0.0,1,0.0,0.5,0.0,0.0,0.0,0.0,0.0,0.0,0.0,0.0,,,,,,,,,0.0,35202.94669,23714.625,12210.69,11504.06,177858.526,70866.84151,,35202.94669,11306.2,35202.94669,35202.94669,142194.6312,17766.75,106530.7363,11956.3,11701.91,29662.5,,,,,,,,,,,,,,,,,,,,,,,,,,,,,,,,,,,,,,,,
92,0,42.0,1.0,,0.0,0.0,,0.0,0.0,1,0.0,0.0,66.26763502,66.26763502,298.0483118,413.9386501,529.8289884999998,559.1187151,588.4084417,617.6981682999998,,,,,,,,,66.26763502,66928.7014,94375.0,28000.0,23000.0,146975.1969,64278.878062,1660.410567,51410.95813,22000.0,70186.46365,63670.93915,90014.71793999999,85750.0,77146.79797999999,26000.0,24000.0,103000.0,,,,,,,,,,,,,,,,,,,,,,,,,,,,,,,,,,,,,,,,
122,0,,1.0,,2.0,0.1,,0.0,0.0,1,0.0,0.5,0.0,0.0,0.0,0.0,0.0,0.0,0.0,0.0,,,,,,,,,0.0,35202.94669,23714.625,12210.69,11504.06,177858.526,70866.84151,,35202.94669,11306.2,35202.94669,35202.94669,142194.6312,17766.75,106530.7363,11956.3,11701.91,29662.5,,,,,,,,,,,,,,,,,,,,,,,,,,,,,,,,,,,,,,,,
93,0,42.0,1.0,,0.0,0.0,,0.0,0.0,1,0.0,0.0,26.44333513,26.44333513,246.494444,356.51999839999996,466.5455528,531.8862613,597.2269698,662.5676783,,,,,,,,,26.44333513,66928.7014,94375.0,28000.0,23000.0,146975.1969,64278.878062,662.5676783,51410.95813,22000.0,70186.46365,63670.93915,90014.71793999999,85750.0,77146.79797999999,26000.0,24000.0,103000.0,,,,,,,,,,,,,,,,,,,,,,,,,,,,,,,,,,,,,,,,
123,0,,1.0,,2.0,0.1,,0.0,0.0,1,0.0,0.5,0.0,0.0,0.0,0.0,0.0,0.0,0.0,0.0,,,,,,,,,0.0,35202.94669,23714.625,12210.69,11504.06,177858.526,70866.84151,,35202.94669,11306.2,35202.94669,35202.94669,142194.6312,17766.75,106530.7363,11956.3,11701.91,29662.5,,,,,,,,,,,,,,,,,,,,,,,,,,,,,,,,,,,,,,,,
95,0,42.0,1.0,,0.0,0.0,,0.0,0.0,1,0.0,0.0,64.25680940000001,64.25680940000001,289.0043315,401.37809260000006,513.7518537,860.5507971000003,1207.349741,1554.148684,,,,,,,,,64.25680940000001,66928.7014,94375.0,28000.0,23000.0,146975.1969,64278.878062,1610.0270560000001,51410.95813,22000.0,70186.46365,63670.93915,90014.71793999999,85750.0,77146.79797999999,26000.0,24000.0,103000.0,,,,,,,,,,,,,,,,,,,,,,,,,,,,,,,,,,,,,,,,
125,0,,1.0,,2.0,0.1,,0.0,0.0,1,0.0,0.5,0.0,0.0,0.0,0.0,0.0,0.0,0.0,0.0,,,,,,,,,0.0,35202.94669,23714.625,12210.69,11504.06,177858.526,70866.84151,,35202.94669,11306.2,35202.94669,35202.94669,142194.6312,17766.75,106530.7363,11956.3,11701.91,29662.5,,,,,,,,,,,,,,,,,,,,,,,,,,,,,,,,,,,,,,,,
230,1,,1.0,,1.0,0.0,,0.0,0.0,1,0.0,0.0,1.0,6.224460985,12.44892197,18.67338295,24.897843899999998,31.12230488,37.34676587,43.57122685,,,,,,,,,0.0,,,,,,,,,,,,,,,,,,,0.0,,0.0,,,6.224460985,,4.2287755539999985,,,12.44892197,,8.457551107999999,,,18.67338295,,12.68632666,,,24.897843899999998,,16.91510219,,,31.12230488,,21.14387774,,,37.34676587,,25.3726533,,,43.57122685,,29.60142885,
96,0,42.0,1.0,,0.0,0.0,,0.0,0.0,1,0.0,0.0,20.57142459,20.57142459,268.0058705,391.7230935,515.4403165,515.4403165,515.4403165,515.4403165,,,,,,,,,20.57142459,66928.7014,94375.0,28000.0,23000.0,146975.1969,64278.878062,515.4403165,51410.95813,22000.0,70186.46365,63670.93915,90014.71793999999,85750.0,77146.79797999999,26000.0,24000.0,103000.0,,,,,,,,,,,,,,,,,,,,,,,,,,,,,,,,,,,,,,,,
126,0,,1.0,,2.0,0.1,,0.0,0.0,1,0.0,0.5,0.0,0.0,0.0,0.0,0.0,0.0,0.0,0.0,,,,,,,,,0.0,35202.94669,23714.625,12210.69,11504.06,177858.526,70866.84151,,35202.94669,11306.2,35202.94669,35202.94669,142194.6312,17766.75,106530.7363,11956.3,11701.91,29662.5,,,,,,,,,,,,,,,,,,,,,,,,,,,,,,,,,,,,,,,,
97,0,42.0,1.0,,0.0,0.0,,0.0,0.0,1,0.0,0.0,52.23755008,52.23755008,234.9459673,326.30017599999996,417.6543846,444.1339556,470.6135266,497.09309759999996,,,,,,,,,52.23755008,66928.7014,94375.0,28000.0,23000.0,146975.1969,64278.878062,1308.870916,51410.95813,22000.0,70186.46365,63670.93915,90014.71793999999,85750.0,77146.79797999999,26000.0,24000.0,103000.0,,,,,,,,,,,,,,,,,,,,,,,,,,,,,,,,,,,,,,,,
127,0,,1.0,,2.0,0.1,,0.0,0.0,1,0.0,0.5,0.0,0.0,0.0,0.0,0.0,0.0,0.0,0.0,,,,,,,,,0.0,35202.94669,23714.625,12210.69,11504.06,177858.526,70866.84151,,35202.94669,11306.2,35202.94669,35202.94669,142194.6312,17766.75,106530.7363,11956.3,11701.91,29662.5,,,,,,,,,,,,,,,,,,,,,,,,,,,,,,,,,,,,,,,,
99,0,42.0,1.0,,0.0,0.0,,0.0,0.0,1,0.0,0.0,30.19061397,30.19061397,135.7866705,188.5846988,241.38272709999998,254.72671969999996,268.0707122,281.4147048,,,,,,,,,30.19061397,66928.7014,94375.0,28000.0,23000.0,146975.1969,64278.878062,756.459989,51410.95813,22000.0,70186.46365,63670.93915,90014.71793999999,85750.0,77146.79797999999,26000.0,24000.0,103000.0,,,,,,,,,,,,,,,,,,,,,,,,,,,,,,,,,,,,,,,,
129,0,,1.0,,2.0,0.1,,0.0,0.0,1,0.0,0.5,0.0,0.0,0.0,0.0,0.0,0.0,0.0,0.0,,,,,,,,,0.0,35202.94669,23714.625,12210.69,11504.06,177858.526,70866.84151,,35202.94669,11306.2,35202.94669,35202.94669,142194.6312,17766.75,106530.7363,11956.3,11701.91,29662.5,,,,,,,,,,,,,,,,,,,,,,,,,,,,,,,,,,,,,,,,
100,0,42.0,1.0,,0.0,0.0,,0.0,0.0,1,0.0,0.0,43.69440298,43.69440298,196.5219226,272.93568239999996,349.3494422,368.6619937,387.97454530000016,407.28709680000003,,,,,,,,,43.69440298,66928.7014,94375.0,28000.0,23000.0,146975.1969,64278.878062,1094.8127,51410.95813,22000.0,70186.46365,63670.93915,90014.71793999999,85750.0,77146.79797999999,26000.0,24000.0,103000.0,,,,,,,,,,,,,,,,,,,,,,,,,,,,,,,,,,,,,,,,
130,0,,1.0,,2.0,0.1,,0.0,0.0,1,0.0,0.5,0.0,0.0,0.0,0.0,0.0,0.0,0.0,0.0,,,,,,,,,0.0,35202.94669,23714.625,12210.69,11504.06,177858.526,70866.84151,,35202.94669,11306.2,35202.94669,35202.94669,142194.6312,17766.75,106530.7363,11956.3,11701.91,29662.5,,,,,,,,,,,,,,,,,,,,,,,,,,,,,,,,,,,,,,,,
101,0,42.0,1.0,,0.0,0.0,,0.0,0.0,1,0.0,0.0,16.30100243,16.30100243,73.31612567,101.8236873,130.33124890000002,137.53615219999998,144.74105559999995,151.94595890000005,,,,,,,,,16.30100243,66928.7014,94375.0,28000.0,23000.0,146975.1969,64278.878062,408.440058,51410.95813,22000.0,70186.46365,63670.93915,90014.71793999999,85750.0,77146.79797999999,26000.0,24000.0,103000.0,,,,,,,,,,,,,,,,,,,,,,,,,,,,,,,,,,,,,,,,
131,0,,1.0,,2.0,0.1,,0.0,0.0,1,0.0,0.5,0.0,0.0,0.0,0.0,0.0,0.0,0.0,0.0,,,,,,,,,0.0,35202.94669,23714.625,12210.69,11504.06,177858.526,70866.84151,,35202.94669,11306.2,35202.94669,35202.94669,142194.6312,17766.75,106530.7363,11956.3,20161.38,29662.5,,,,,,,,,,,,,,,,,,,,,,,,,,,,,,,,,,,,,,,,
132,0,,1.0,,4.0,0.3,,0.0,0.0,1,0.0,0.5,0.0,0.0,0.0,0.0,0.0,0.0,0.0,0.0,,,,,,,,,0.0,54849.02903,32133.75,21037.96,19820.49,180426.8542,86243.48531,,54849.02903,19479.6,54849.02903,54849.02903,149032.3979,25588.5,117637.9416,20599.67,20161.38,38679.0,,,,,,,,,,,,,,,,,,,,,,,,,,,,,,,,,,,,,,,,
133,0,,1.0,,4.0,0.3,,0.0,0.0,1,0.0,0.5,0.0,0.0,0.0,0.0,0.0,0.0,0.0,0.0,,,,,,,,,0.0,54849.02903,32133.75,21037.96,19820.49,180426.8542,86243.48531,,54849.02903,19479.6,54849.02903,54849.02903,149032.3979,25588.5,117637.9416,20599.67,20161.38,38679.0,,,,,,,,,,,,,,,,,,,,,,,,,,,,,,,,,,,,,,,,
134,0,,1.0,,4.0,0.3,,0.0,0.0,1,0.0,0.5,0.0,0.0,0.0,0.0,0.0,0.0,0.0,0.0,,,,,,,,,0.0,54849.02903,32133.75,21037.96,19820.49,180426.8542,86243.48531,,54849.02903,19479.6,54849.02903,54849.02903,149032.3979,25588.5,117637.9416,20599.67,20161.38,38679.0,,,,,,,,,,,,,,,,,,,,,,,,,,,,,,,,,,,,,,,,
147,0,,1.0,,4.0,0.3,,0.0,0.0,1,0.0,0.5,0.0,0.0,0.0,0.0,0.0,0.0,0.0,0.0,,,,,,,,,0.0,54849.02903,32133.75,21037.96,19820.49,180426.8542,86243.48531,,54849.02903,19479.6,54849.02903,54849.02903,149032.3979,25588.5,117637.9416,20599.67,20161.38,38679.0,,,,,,,,,,,,,,,,,,,,,,,,,,,,,,,,,,,,,,,,
148,0,,1.0,,4.0,0.3,,0.0,0.0,1,0.0,0.5,0.0,0.0,0.0,0.0,0.0,0.0,0.0,0.0,,,,,,,,,0.0,54849.02903,32133.75,21037.96,19820.49,180426.8542,86243.48531,,54849.02903,19479.6,54849.02903,54849.02903,149032.3979,25588.5,117637.9416,20599.67,20161.38,38679.0,,,,,,,,,,,,,,,,,,,,,,,,,,,,,,,,,,,,,,,,
149,0,,1.0,,4.0,0.3,,0.0,0.0,1,0.0,0.5,0.0,0.0,0.0,0.0,0.0,0.0,0.0,0.0,,,,,,,,,0.0,54849.02903,32133.75,21037.96,19820.49,180426.8542,86243.48531,,54849.02903,19479.6,54849.02903,54849.02903,149032.3979,25588.5,117637.9416,20599.67,20161.38,38679.0,,,,,,,,,,,,,,,,,,,,,,,,,,,,,,,,,,,,,,,,
135,0,,1.0,,4.0,0.3,,0.0,0.0,1,0.0,0.5,0.0,0.0,0.0,0.0,0.0,0.0,0.0,0.0,,,,,,,,,0.0,56045.24566,42570.75,26520.68,24985.92,249042.5,104294.5592,,56045.24566,24556.18,56045.24566,56045.24566,200793.1864,32613.0,152543.8728,25968.16,25415.65,52528.5,,,,,,,,,,,,,,,,,,,,,,,,,,,,,,,,,,,,,,,,
139,0,,1.0,,4.0,0.3,,0.0,0.0,1,0.0,0.5,0.0,0.0,0.0,0.0,0.0,0.0,0.0,0.0,,,,,,,,,0.0,56045.24566,42570.75,26520.68,24985.92,249042.5,104294.5592,,56045.24566,24556.18,56045.24566,56045.24566,200793.1864,32613.0,152543.8728,25968.16,25415.65,52528.5,,,,,,,,,,,,,,,,,,,,,,,,,,,,,,,,,,,,,,,,
143,0,,1.0,,4.0,0.3,,0.0,0.0,1,0.0,0.5,0.0,0.0,0.0,0.0,0.0,0.0,0.0,0.0,,,,,,,,,0.0,56045.24566,42570.75,26520.68,24985.92,249042.5,104294.5592,,56045.24566,24556.18,56045.24566,56045.24566,200793.1864,32613.0,152543.8728,25968.16,25415.65,52528.5,,,,,,,,,,,,,,,,,,,,,,,,,,,,,,,,,,,,,,,,
150,0,,1.0,,4.0,0.3,,0.0,0.0,1,0.0,0.5,0.0,0.0,0.0,0.0,0.0,0.0,0.0,0.0,,,,,,,,,0.0,56045.24566,42570.75,26520.68,24985.92,249042.5,104294.5592,,56045.24566,24556.18,56045.24566,56045.24566,200793.1864,32613.0,152543.8728,25968.16,25415.65,52528.5,,,,,,,,,,,,,,,,,,,,,,,,,,,,,,,,,,,,,,,,
154,0,,1.0,,4.0,0.3,,0.0,0.0,1,0.0,0.5,0.0,0.0,0.0,0.0,0.0,0.0,0.0,0.0,,,,,,,,,0.0,56045.24566,42570.75,26520.68,24985.92,249042.5,104294.5592,,56045.24566,24556.18,56045.24566,56045.24566,200793.1864,32613.0,152543.8728,25968.16,25415.65,52528.5,,,,,,,,,,,,,,,,,,,,,,,,,,,,,,,,,,,,,,,,
158,0,,1.0,,4.0,0.3,,0.0,0.0,1,0.0,0.5,0.0,0.0,0.0,0.0,0.0,0.0,0.0,0.0,,,,,,,,,0.0,56045.24566,42570.75,26520.68,24985.92,249042.5,104294.5592,,56045.24566,24556.18,56045.24566,56045.24566,200793.1864,32613.0,152543.8728,25968.16,25415.65,52528.5,,,,,,,,,,,,,,,,,,,,,,,,,,,,,,,,,,,,,,,,
210,1,,1.0,,1.0,0.0,,0.0,0.0,1,0.0,0.0,1.0,10.825632,21.65126401,32.47689601,43.30252794,54.12815994,64.95379195,75.77942395,,,,,,,,,0.0,,,,,,,,,,,,,,,,,,,0.0,,0.0,,,10.825632,,7.2377922660000005,,,21.65126401,,14.47558453,,,32.47689601,,21.713376800000002,,,43.30252794,,28.95116901,,,54.12815994,,36.18896128,,,64.95379195,,43.42675354,,,75.77942395,,50.66454581,
214,1,,1.0,,1.0,0.0,,0.0,0.0,1,0.0,0.0,1.0,157.9031926,315.8063852,473.7095778,631.6127692000001,789.5159618,947.4191544,1105.322347,,,,,,,,,0.0,,,,,,,,,,,,,,,,,,,0.0,,0.0,,,157.9031926,,105.0189519,,,315.8063852,,210.0379038,,,473.7095778,,315.0568558,,,631.6127692000001,,420.07580690000003,,,789.5159618,,525.0947589,,,947.4191544,,630.1137107999998,,,1105.322347,,735.1326627000003,
218,1,,1.0,,1.0,0.0,,0.0,0.0,1,0.0,0.0,1.0,84.08678897,168.1735779,252.26036690000004,336.34715530000005,420.4339443,504.52073319999994,588.6075222000002,,,,,,,,,0.0,,,,,,,,,,,,,,,,,,,0.0,,0.0,,,84.08678897,,57.95822463,,,168.1735779,,115.9164493,,,252.26036690000004,,173.8746739,,,336.34715530000005,,231.83289810000002,,,420.4339443,,289.7911227,,,504.52073319999994,,347.7493474,,,588.6075222000002,,405.707572,
222,1,,1.0,,1.0,0.0,,0.0,0.0,1,0.0,0.0,1.0,117.65516709999999,235.3103341,352.9655012,470.62066739999995,588.2758345,705.9310015,823.5861686000003,,,,,,,,,0.0,,,,,,,,,,,,,,,,,,,0.0,,0.0,,,117.65516709999999,,82.81053171,,,235.3103341,,165.6210634,,,352.9655012,,248.43159509999998,,,470.62066739999995,,331.24212630000005,,,588.2758345,,414.052658,,,705.9310015,,496.86318969999996,,,823.5861686000003,,579.6737214,
162,1,,1.0,,0.0,0.0,,0.0,0.0,1,0.0,0.0,1.0,10.825632,21.65126401,32.47689601,43.30252794,54.12815994,64.95379195,75.77942395,,,,,,,,,0.0,,,,,,,,,,,,,,,,,,0.0,0.0,0.0,0.0,0.0,27.0,10.825632,20.0,7.2377922660000005,13.0,54.0,21.65126401,40.0,14.47558453,27.0,80.0,32.47689601,60.0,21.713376800000002,40.0,107.0,43.30252794,80.0,28.95116901,53.0,134.0,54.12815994,100.0,36.18896128,67.0,161.0,64.95379195,120.0,43.42675354,80.0,188.0,75.77942395,139.0,50.66454581,93.0
166,1,,1.0,,0.0,0.0,,0.0,0.0,1,0.0,0.0,1.0,157.9031926,315.8063852,473.7095778,631.6127692000001,789.5159618,947.4191544,1105.322347,,,,,,,,,0.0,,,,,,,,,,,,,,,,,,0.0,0.0,0.0,0.0,0.0,624.0,157.9031926,476.0,105.0189519,316.0,1249.0,315.8063852,951.0,210.0379038,632.0,1873.0,473.7095778,1427.0,315.0568558,948.0,2497.0,631.6127692000001,1902.0,420.07580690000003,1264.0,3121.0,789.5159618,2378.0,525.0947589,1579.0,3746.0,947.4191544,2853.0,630.1137107999998,1895.0,4370.0,1105.322347,3329.0,735.1326627000003,2211.0
170,1,,1.0,,0.0,0.0,,0.0,0.0,1,0.0,0.0,1.0,84.08678897,168.1735779,252.26036690000004,336.34715530000005,420.4339443,504.52073319999994,588.6075222000002,,,,,,,,,0.0,,,,,,,,,,,,,,,,,,0.0,0.0,0.0,0.0,0.0,385.0,84.08678897,295.0,57.95822463,203.0,771.0,168.1735779,589.0,115.9164493,406.0,1156.0,252.26036690000004,884.0,173.8746739,608.0,1542.0,336.34715530000005,1178.0,231.83289810000002,811.0,1927.0,420.4339443,1473.0,289.7911227,1014.0,2313.0,504.52073319999994,1767.0,347.7493474,1217.0,2698.0,588.6075222000002,2062.0,405.707572,1420.0
174,1,,1.0,,0.0,0.0,,0.0,0.0,1,0.0,0.0,1.0,117.65516709999999,235.3103341,352.9655012,470.62066739999995,588.2758345,705.9310015,823.5861686000003,,,,,,,,,0.0,,,,,,,,,,,,,,,,,,0.0,0.0,0.0,0.0,0.0,307.0,117.65516709999999,238.0,82.81053171,167.0,613.0,235.3103341,475.0,165.6210634,334.0,920.0,352.9655012,713.0,248.43159509999998,501.0,1227.0,470.62066739999995,950.0,331.24212630000005,668.0,1533.0,588.2758345,1188.0,414.052658,836.0,1840.0,705.9310015,1426.0,496.86318969999996,1003.0,2147.0,823.5861686000003,1663.0,579.6737214,1170.0
178,1,,1.0,,0.0,0.0,,0.0,0.0,1,0.0,0.0,1.0,163.2967057,326.5934115,489.8901172,653.1868218,816.4835275,979.7802332999997,1143.076939,,,,,,,,,0.0,,,,,,,,,,,,,,,,,,0.0,0.0,0.0,0.0,0.0,542.0,163.2967057,420.0,113.1280277,290.0,1085.0,326.5934115,839.0,226.25605530000004,580.0,1627.0,489.8901172,1259.0,339.3840830000001,870.0,2170.0,653.1868218,1678.0,452.51210989999987,1159.0,2712.0,816.4835275,2098.0,565.6401376,1449.0,3255.0,979.7802332999997,2517.0,678.7681652000001,1739.0,3797.0,1143.076939,2937.0,791.8961929,2029.0
182,1,,1.0,,0.0,0.0,,0.0,0.0,1,0.0,0.0,1.0,6.224460985,12.44892197,18.67338295,24.897843899999998,31.12230488,37.34676587,43.57122685,,,,,,,,,0.0,,,,,,,,,,,,,,,,,,0.0,0.0,0.0,0.0,0.0,22.0,6.224460985,17.0,4.2287755539999985,12.0,44.0,12.44892197,34.0,8.457551107999999,23.0,67.0,18.67338295,52.0,12.68632666,35.0,89.0,24.897843899999998,69.0,16.91510219,46.0,111.0,31.12230488,86.0,21.14387774,58.0,133.0,37.34676587,103.0,25.3726533,70.0,156.0,43.57122685,121.0,29.60142885,81.0
186,2,,4.0,,0.0,0.0,,0.0,0.0,1,0.0,0.0,0.0,7.0,15.0,22.0,30.0,37.0,44.0,52.0,,,,,,,,,0.0,,,,,,,,,,,,,,,,,,0.0,0.0,0.0,0.0,0.0,6.0,6.0,4.0,4.0,3.0,12.0,11.0,9.0,7.0,6.0,18.0,17.0,13.0,11.0,9.0,23.0,22.0,17.0,15.0,12.0,29.0,28.0,22.0,18.0,14.0,35.0,33.0,26.0,22.0,17.0,41.0,39.0,30.0,26.0,20.0
190,2,,4.0,,0.0,0.0,,0.0,0.0,1,0.0,0.0,0.0,106.0,211.0,317.0,422.0,528.0,634.0,739.0,,,,,,,,,0.0,,,,,,,,,,,,,,,,,,0.0,0.0,0.0,0.0,0.0,101.0,80.0,77.0,54.0,51.0,202.0,161.0,154.0,107.0,102.0,303.0,241.0,231.0,161.0,153.0,404.0,322.0,308.0,214.0,205.0,505.0,402.0,385.0,268.0,256.0,607.0,483.0,462.0,321.0,307.0,708.0,563.0,539.0,375.0,358.0
194,2,,4.0,,0.0,0.0,,0.0,0.0,1,0.0,0.0,0.0,56.0,112.0,168.0,224.0,280.0,336.0,392.0,,,,,,,,,0.0,,,,,,,,,,,,,,,,,,0.0,0.0,0.0,0.0,0.0,55.0,43.0,42.0,30.0,29.0,111.0,86.0,85.0,59.0,58.0,166.0,129.0,127.0,89.0,88.0,222.0,171.0,169.0,118.0,117.0,277.0,214.0,212.0,148.0,146.0,333.0,257.0,254.0,177.0,175.0,388.0,300.0,297.0,207.0,204.0
198,2,,4.0,,0.0,0.0,,0.0,0.0,1,0.0,0.0,0.0,77.0,155.0,232.0,310.0,387.0,464.0,542.0,,,,,,,,,0.0,,,,,,,,,,,,,,,,,,0.0,0.0,0.0,0.0,0.0,51.0,60.0,39.0,42.0,28.0,101.0,120.0,78.0,84.0,55.0,152.0,180.0,118.0,127.0,83.0,202.0,240.0,157.0,169.0,110.0,253.0,300.0,196.0,211.0,138.0,304.0,360.0,235.0,253.0,165.0,354.0,420.0,274.0,295.0,193.0
202,2,,4.0,,0.0,0.0,,0.0,0.0,1,0.0,0.0,0.0,108.0,215.0,323.0,430.0,538.0,645.0,753.0,,,,,,,,,0.0,,,,,,,,,,,,,,,,,,0.0,0.0,0.0,0.0,0.0,87.0,83.0,67.0,58.0,46.0,173.0,166.0,134.0,115.0,93.0,260.0,250.0,201.0,173.0,139.0,347.0,333.0,268.0,231.0,185.0,434.0,416.0,335.0,288.0,232.0,520.0,499.0,402.0,346.0,278.0,607.0,582.0,470.0,403.0,324.0
206,2,,4.0,,0.0,0.0,,0.0,0.0,1,0.0,0.0,0.0,4.0,8.0,12.0,16.0,21.0,25.0,29.0,,,,,,,,,0.0,,,,,,,,,,,,,,,,,,0.0,0.0,0.0,0.0,0.0,4.0,3.0,3.0,2.0,2.0,7.0,6.0,6.0,4.0,4.0,11.0,10.0,8.0,6.0,6.0,14.0,13.0,11.0,9.0,8.0,18.0,16.0,14.0,11.0,9.0,22.0,19.0,17.0,13.0,11.0,25.0,22.0,20.0,15.0,13.0
136,0,,1.0,,4.0,0.3,,0.0,0.0,1,0.0,0.5,0.0,0.0,0.0,0.0,0.0,0.0,0.0,0.0,,,,,,,,,0.0,56045.24566,42570.75,26520.68,24985.92,249042.5,104294.5592,,56045.24566,24556.18,56045.24566,56045.24566,200793.1864,32613.0,152543.8728,25968.16,25415.65,52528.5,,,,,,,,,,,,,,,,,,,,,,,,,,,,,,,,,,,,,,,,
140,0,,1.0,,4.0,0.3,,0.0,0.0,1,0.0,0.5,0.0,0.0,0.0,0.0,0.0,0.0,0.0,0.0,,,,,,,,,0.0,56045.24566,42570.75,26520.68,24985.92,249042.5,104294.5592,,56045.24566,24556.18,56045.24566,56045.24566,200793.1864,32613.0,152543.8728,25968.16,25415.65,52528.5,,,,,,,,,,,,,,,,,,,,,,,,,,,,,,,,,,,,,,,,
144,0,,1.0,,4.0,0.3,,0.0,0.0,1,0.0,0.5,0.0,0.0,0.0,0.0,0.0,0.0,0.0,0.0,,,,,,,,,0.0,56045.24566,42570.75,26520.68,24985.92,249042.5,104294.5592,,56045.24566,24556.18,56045.24566,56045.24566,200793.1864,32613.0,152543.8728,25968.16,25415.65,52528.5,,,,,,,,,,,,,,,,,,,,,,,,,,,,,,,,,,,,,,,,
151,0,,1.0,,4.0,0.3,,0.0,0.0,1,0.0,0.5,0.0,0.0,0.0,0.0,0.0,0.0,0.0,0.0,,,,,,,,,0.0,56045.24566,42570.75,26520.68,24985.92,249042.5,104294.5592,,56045.24566,24556.18,56045.24566,56045.24566,200793.1864,32613.0,152543.8728,25968.16,25415.65,52528.5,,,,,,,,,,,,,,,,,,,,,,,,,,,,,,,,,,,,,,,,
155,0,,1.0,,4.0,0.3,,0.0,0.0,1,0.0,0.5,0.0,0.0,0.0,0.0,0.0,0.0,0.0,0.0,,,,,,,,,0.0,56045.24566,42570.75,26520.68,24985.92,249042.5,104294.5592,,56045.24566,24556.18,56045.24566,56045.24566,200793.1864,32613.0,152543.8728,25968.16,25415.65,52528.5,,,,,,,,,,,,,,,,,,,,,,,,,,,,,,,,,,,,,,,,
159,0,,1.0,,4.0,0.3,,0.0,0.0,1,0.0,0.5,0.0,0.0,0.0,0.0,0.0,0.0,0.0,0.0,,,,,,,,,0.0,56045.24566,42570.75,26520.68,24985.92,249042.5,104294.5592,,56045.24566,24556.18,56045.24566,56045.24566,200793.1864,32613.0,152543.8728,25968.16,25415.65,52528.5,,,,,,,,,,,,,,,,,,,,,,,,,,,,,,,,,,,,,,,,
211,1,,1.0,,1.0,0.0,,0.0,0.0,1,0.0,0.0,1.0,23.50777452,47.01554905,70.52332357,94.03109793,117.53887250000001,141.046647,164.55442150000005,,,,,,,,,0.0,,,,,,,,,,,,,,,,,,,0.0,,0.0,,,23.50777452,,18.29518923,,,47.01554905,,36.59037847,,,70.52332357,,54.8855677,,,94.03109793,,73.1807568,,,117.53887250000001,,91.47594603,,,141.046647,,109.77113529999998,,,164.55442150000005,,128.0663245,
215,1,,1.0,,1.0,0.0,,0.0,0.0,1,0.0,0.0,1.0,43.84875534,87.69751069,131.546266,175.39502109999995,219.2437764,263.0925318,306.9412871,,,,,,,,,0.0,,,,,,,,,,,,,,,,,,,0.0,,0.0,,,43.84875534,,35.34390586,,,87.69751069,,70.68781173,,,131.546266,,106.0317176,,,175.39502109999995,,141.37562319999995,,,219.2437764,,176.7195291,,,263.0925318,,212.0634349,,,306.9412871,,247.40734080000004,
219,1,,1.0,,1.0,0.0,,0.0,0.0,1,0.0,0.0,1.0,4.26728914,8.53457828,12.80186742,17.06915653,21.33644567,25.60373481,29.87102395,,,,,,,,,0.0,,,,,,,,,,,,,,,,,,,0.0,,0.0,,,4.26728914,,4.2100289160000015,,,8.53457828,,8.420057831,,,12.80186742,,12.63008675,,,17.06915653,,16.84011563,,,21.33644567,,21.05014455,,,25.60373481,,25.26017346,,,29.87102395,,29.47020238,
223,1,,1.0,,1.0,0.0,,0.0,0.0,1,0.0,0.0,1.0,105.93999140000001,211.87998280000002,317.8199742,423.7599648,529.6999562,635.6399476,741.579939,,,,,,,,,0.0,,,,,,,,,,,,,,,,,,,0.0,,0.0,,,105.93999140000001,,72.87972666,,,211.87998280000002,,145.75945330000005,,,317.8199742,,218.63917999999998,,,423.7599648,,291.5189061000001,,,529.6999562,,364.39863280000003,,,635.6399476,,437.27835939999994,,,741.579939,,510.15808610000016,
227,1,,1.0,,1.0,0.0,,0.0,0.0,1,0.0,0.0,1.0,92.00863945,184.0172789,276.0259183,368.0345572,460.0431966,552.0518361000002,644.0604754999998,,,,,,,,,0.0,,,,,,,,,,,,,,,,,,,0.0,,0.0,,,92.00863945,,65.19751868,,,184.0172789,,130.3950374,,,276.0259183,,195.592556,,,368.0345572,,260.7900743,,,460.0431966,,325.9875929,,,552.0518361000002,,391.1851116,,,644.0604754999998,,456.3826303,
231,1,,1.0,,1.0,0.0,,0.0,0.0,1,0.0,0.0,1.0,23.58157751,47.16315502,70.74473253,94.32630987,117.9078874,141.4894649,165.0710424,,,,,,,,,0.0,,,,,,,,,,,,,,,,,,,0.0,,0.0,,,23.58157751,,15.75163422,,,47.16315502,,31.50326843,,,70.74473253,,47.25490265,,,94.32630987,,63.00653675,,,117.9078874,,78.75817097,,,141.4894649,,94.50980518,,,165.0710424,,110.26143940000001,
163,1,,1.0,,0.0,0.0,,0.0,0.0,1,0.0,0.0,1.0,23.50777452,47.01554905,70.52332357,94.03109793,117.53887250000001,141.046647,164.55442150000005,,,,,,,,,0.0,,,,,,,,,,,,,,,,,,0.0,0.0,0.0,0.0,0.0,74.0,23.50777452,60.0,18.29518923,46.0,148.0,47.01554905,120.0,36.59037847,92.0,222.0,70.52332357,180.0,54.8855677,138.0,296.0,94.03109793,240.0,73.1807568,185.0,370.0,117.53887250000001,300.0,91.47594603,231.0,444.0,141.046647,361.0,109.77113529999998,277.0,518.0,164.55442150000005,421.0,128.0663245,323.0
167,1,,1.0,,0.0,0.0,,0.0,0.0,1,0.0,0.0,1.0,43.84875534,87.69751069,131.546266,175.39502109999995,219.2437764,263.0925318,306.9412871,,,,,,,,,0.0,,,,,,,,,,,,,,,,,,0.0,0.0,0.0,0.0,0.0,148.0,43.84875534,123.0,35.34390586,99.0,295.0,87.69751069,247.0,70.68781173,197.0,443.0,131.546266,370.0,106.0317176,296.0,591.0,175.39502109999995,494.0,141.37562319999995,394.0,739.0,219.2437764,617.0,176.7195291,493.0,886.0,263.0925318,741.0,212.0634349,591.0,1034.0,306.9412871,864.0,247.40734080000004,690.0
171,1,,1.0,,0.0,0.0,,0.0,0.0,1,0.0,0.0,1.0,4.26728914,8.53457828,12.80186742,17.06915653,21.33644567,25.60373481,29.87102395,,,,,,,,,0.0,,,,,,,,,,,,,,,,,,0.0,0.0,0.0,0.0,0.0,12.0,4.26728914,11.0,4.2100289160000015,11.0,24.0,8.53457828,23.0,8.420057831,23.0,36.0,12.80186742,34.0,12.63008675,34.0,48.0,17.06915653,46.0,16.84011563,45.0,60.0,21.33644567,57.0,21.05014455,56.0,72.0,25.60373481,69.0,25.26017346,68.0,84.0,29.87102395,80.0,29.47020238,79.0
175,1,,1.0,,0.0,0.0,,0.0,0.0,1,0.0,0.0,1.0,105.93999140000001,211.87998280000002,317.8199742,423.7599648,529.6999562,635.6399476,741.579939,,,,,,,,,0.0,,,,,,,,,,,,,,,,,,0.0,0.0,0.0,0.0,0.0,236.0,105.93999140000001,179.0,72.87972666,123.0,472.0,211.87998280000002,358.0,145.75945330000005,246.0,708.0,317.8199742,537.0,218.63917999999998,369.0,943.0,423.7599648,716.0,291.5189061000001,492.0,1179.0,529.6999562,895.0,364.39863280000003,615.0,1415.0,635.6399476,1074.0,437.27835939999994,739.0,1651.0,741.579939,1253.0,510.15808610000016,862.0
179,1,,1.0,,0.0,0.0,,0.0,0.0,1,0.0,0.0,1.0,92.00863945,184.0172789,276.0259183,368.0345572,460.0431966,552.0518361000002,644.0604754999998,,,,,,,,,0.0,,,,,,,,,,,,,,,,,,0.0,0.0,0.0,0.0,0.0,291.0,92.00863945,228.0,65.19751868,162.0,581.0,184.0172789,456.0,130.3950374,325.0,872.0,276.0259183,684.0,195.592556,487.0,1163.0,368.0345572,912.0,260.7900743,649.0,1453.0,460.0431966,1141.0,325.9875929,812.0,1744.0,552.0518361000002,1369.0,391.1851116,974.0,2035.0,644.0604754999998,1597.0,456.3826303,1136.0
183,1,,1.0,,0.0,0.0,,0.0,0.0,1,0.0,0.0,1.0,23.58157751,47.16315502,70.74473253,94.32630987,117.9078874,141.4894649,165.0710424,,,,,,,,,0.0,,,,,,,,,,,,,,,,,,0.0,0.0,0.0,0.0,0.0,96.0,23.58157751,76.0,15.75163422,51.0,192.0,47.16315502,152.0,31.50326843,101.0,288.0,70.74473253,227.0,47.25490265,152.0,384.0,94.32630987,303.0,63.00653675,202.0,480.0,117.9078874,379.0,78.75817097,253.0,576.0,141.4894649,455.0,94.50980518,303.0,672.0,165.0710424,531.0,110.26143940000001,354.0
187,2,,4.0,,0.0,0.0,,0.0,0.0,1,0.0,0.0,0.0,15.0,29.0,44.0,58.0,73.0,87.0,102.0,,,,,,,,,0.0,,,,,,,,,,,,,,,,,,0.0,0.0,0.0,0.0,0.0,12.0,12.0,10.0,9.0,8.0,25.0,24.0,20.0,19.0,16.0,37.0,36.0,30.0,28.0,23.0,50.0,48.0,41.0,37.0,31.0,62.0,60.0,51.0,47.0,39.0,75.0,72.0,61.0,56.0,47.0,87.0,84.0,71.0,65.0,54.0
191,2,,4.0,,0.0,0.0,,0.0,0.0,1,0.0,0.0,0.0,27.0,53.0,80.0,106.0,133.0,159.0,186.0,,,,,,,,,0.0,,,,,,,,,,,,,,,,,,0.0,0.0,0.0,0.0,0.0,24.0,22.0,20.0,18.0,16.0,48.0,45.0,40.0,36.0,32.0,71.0,67.0,60.0,54.0,48.0,95.0,89.0,80.0,72.0,64.0,119.0,112.0,100.0,90.0,79.0,143.0,134.0,120.0,108.0,95.0,167.0,156.0,139.0,126.0,111.0
195,2,,4.0,,0.0,0.0,,0.0,0.0,1,0.0,0.0,0.0,2.0,5.0,7.0,9.0,11.0,14.0,16.0,,,,,,,,,0.0,,,,,,,,,,,,,,,,,,0.0,0.0,0.0,0.0,0.0,2.0,2.0,2.0,2.0,2.0,4.0,4.0,4.0,4.0,3.0,6.0,7.0,5.0,6.0,5.0,7.0,9.0,7.0,9.0,7.0,9.0,11.0,9.0,11.0,9.0,11.0,13.0,11.0,13.0,10.0,13.0,15.0,12.0,15.0,12.0
199,2,,4.0,,0.0,0.0,,0.0,0.0,1,0.0,0.0,0.0,71.0,142.0,213.0,283.0,354.0,425.0,496.0,,,,,,,,,0.0,,,,,,,,,,,,,,,,,,0.0,0.0,0.0,0.0,0.0,41.0,54.0,31.0,37.0,22.0,83.0,108.0,63.0,74.0,43.0,124.0,162.0,94.0,111.0,65.0,166.0,216.0,126.0,149.0,87.0,207.0,270.0,157.0,186.0,108.0,249.0,324.0,189.0,223.0,130.0,290.0,378.0,220.0,260.0,152.0
203,2,,4.0,,0.0,0.0,,0.0,0.0,1,0.0,0.0,0.0,60.0,119.0,179.0,239.0,298.0,358.0,418.0,,,,,,,,,0.0,,,,,,,,,,,,,,,,,,0.0,0.0,0.0,0.0,0.0,46.0,47.0,36.0,33.0,26.0,92.0,94.0,73.0,66.0,52.0,139.0,141.0,109.0,100.0,77.0,185.0,187.0,145.0,133.0,103.0,231.0,234.0,181.0,166.0,129.0,277.0,281.0,218.0,199.0,155.0,324.0,328.0,254.0,233.0,181.0
207,2,,4.0,,0.0,0.0,,0.0,0.0,1,0.0,0.0,0.0,15.0,30.0,46.0,61.0,76.0,91.0,106.0,,,,,,,,,0.0,,,,,,,,,,,,,,,,,,0.0,0.0,0.0,0.0,0.0,14.0,12.0,11.0,8.0,7.0,28.0,24.0,22.0,16.0,15.0,41.0,36.0,33.0,24.0,22.0,55.0,48.0,44.0,32.0,29.0,69.0,60.0,54.0,40.0,36.0,83.0,72.0,65.0,48.0,44.0,97.0,84.0,76.0,56.0,51.0
137,0,,1.0,,4.0,0.3,,0.0,0.0,1,0.0,0.5,0.0,0.0,0.0,0.0,0.0,0.0,0.0,0.0,,,,,,,,,0.0,56045.24566,42570.75,26520.68,24985.92,249042.5,104294.5592,,56045.24566,24556.18,56045.24566,56045.24566,200793.1864,32613.0,152543.8728,25968.16,25415.65,52528.5,,,,,,,,,,,,,,,,,,,,,,,,,,,,,,,,,,,,,,,,
141,0,,1.0,,4.0,0.3,,0.0,0.0,1,0.0,0.5,0.0,0.0,0.0,0.0,0.0,0.0,0.0,0.0,,,,,,,,,0.0,56045.24566,42570.75,26520.68,24985.92,249042.5,104294.5592,,56045.24566,24556.18,56045.24566,56045.24566,200793.1864,32613.0,152543.8728,25968.16,25415.65,52528.5,,,,,,,,,,,,,,,,,,,,,,,,,,,,,,,,,,,,,,,,
145,0,,1.0,,4.0,0.3,,0.0,0.0,1,0.0,0.5,0.0,0.0,0.0,0.0,0.0,0.0,0.0,0.0,,,,,,,,,0.0,56045.24566,42570.75,26520.68,24985.92,249042.5,104294.5592,,56045.24566,24556.18,56045.24566,56045.24566,200793.1864,32613.0,152543.8728,25968.16,25415.65,52528.5,,,,,,,,,,,,,,,,,,,,,,,,,,,,,,,,,,,,,,,,
152,0,,1.0,,4.0,0.3,,0.0,0.0,1,0.0,0.5,0.0,0.0,0.0,0.0,0.0,0.0,0.0,0.0,,,,,,,,,0.0,56045.24566,42570.75,26520.68,24985.92,249042.5,104294.5592,,56045.24566,24556.18,56045.24566,56045.24566,200793.1864,32613.0,152543.8728,25968.16,25415.65,52528.5,,,,,,,,,,,,,,,,,,,,,,,,,,,,,,,,,,,,,,,,
156,0,,1.0,,4.0,0.3,,0.0,0.0,1,0.0,0.5,0.0,0.0,0.0,0.0,0.0,0.0,0.0,0.0,,,,,,,,,0.0,56045.24566,42570.75,26520.68,24985.92,249042.5,104294.5592,,56045.24566,24556.18,56045.24566,56045.24566,200793.1864,32613.0,152543.8728,25968.16,25415.65,52528.5,,,,,,,,,,,,,,,,,,,,,,,,,,,,,,,,,,,,,,,,
160,0,,1.0,,4.0,0.3,,0.0,0.0,1,0.0,0.5,0.0,0.0,0.0,0.0,0.0,0.0,0.0,0.0,,,,,,,,,0.0,56045.24566,42570.75,26520.68,24985.92,249042.5,104294.5592,,56045.24566,24556.18,56045.24566,56045.24566,200793.1864,32613.0,152543.8728,25968.16,25415.65,52528.5,,,,,,,,,,,,,,,,,,,,,,,,,,,,,,,,,,,,,,,,
212,1,,1.0,,1.0,0.0,,0.0,0.0,1,0.0,0.0,1.0,29.6487327,59.2974654,88.94619809999998,118.59493059999998,148.2436633,177.892396,207.54112869999997,,,,,,,,,0.0,,,,,,,,,,,,,,,,,,,0.0,,0.0,,,29.6487327,,19.82880143,,,59.2974654,,39.65760287,,,88.94619809999998,,59.4864043,,,118.59493059999998,,79.3152056,,,148.2436633,,99.14400703,,,177.892396,,118.9728085,,,207.54112869999997,,138.80160990000002,
216,1,,1.0,,1.0,0.0,,0.0,0.0,1,0.0,0.0,1.0,95.99425802,191.988516,287.98277410000014,383.9770314,479.97128949999995,575.9655475,671.9598055,,,,,,,,,0.0,,,,,,,,,,,,,,,,,,,0.0,,0.0,,,95.99425802,,68.56077203,,,191.988516,,137.1215441,,,287.98277410000014,,205.68231609999998,,,383.9770314,,274.2430876,,,479.97128949999995,,342.8038596,,,575.9655475,,411.36463169999996,,,671.9598055,,479.92540369999995,
220,1,,1.0,,1.0,0.0,,0.0,0.0,1,0.0,0.0,1.0,113.59723020000001,227.19446040000003,340.7916906000001,454.38892000000004,567.9861502,681.5833804,795.1806106,,,,,,,,,0.0,,,,,,,,,,,,,,,,,,,0.0,,0.0,,,113.59723020000001,,77.69818809,,,227.19446040000003,,155.3963762,,,340.7916906000001,,233.0945643,,,454.38892000000004,,310.7927518,,,567.9861502,,388.4909399,,,681.5833804,,466.18912800000004,,,795.1806106,,543.8873161,
224,1,,1.0,,1.0,0.0,,0.0,0.0,1,0.0,0.0,1.0,43.99636733,87.99273466,131.989102,175.985469,219.9818363,263.9782037,307.97457099999997,,,,,,,,,0.0,,,,,,,,,,,,,,,,,,,0.0,,0.0,,,43.99636733,,34.79480776,,,87.99273466,,69.58961553,,,131.989102,,104.3844233,,,175.985469,,139.17923080000003,,,219.9818363,,173.9740386,,,263.9782037,,208.76884630000004,,,307.97457099999997,,243.56365409999998,
228,1,,1.0,,1.0,0.0,,0.0,0.0,1,0.0,0.0,1.0,39.0713911,78.14278219,117.2141733,156.2855641,195.3569552,234.4283463,273.49973739999996,,,,,,,,,0.0,,,,,,,,,,,,,,,,,,,0.0,,0.0,,,39.0713911,,26.6864972,,,78.14278219,,53.3729944,,,117.2141733,,80.05949159,,,156.2855641,,106.74598859999999,,,195.3569552,,133.4324858,,,234.4283463,,160.11898300000001,,,273.49973739999996,,186.80548019999998,
232,1,,1.0,,1.0,0.0,,0.0,0.0,1,0.0,0.0,1.0,38.74606185,77.49212371,116.2381856,154.98424709999995,193.730309,232.4763708,271.2224327,,,,,,,,,0.0,,,,,,,,,,,,,,,,,,,0.0,,0.0,,,38.74606185,,27.61130783,,,77.49212371,,55.22261566,,,116.2381856,,82.83392348,,,154.98424709999995,,110.4452311,,,193.730309,,138.0565389,,,232.4763708,,165.6678468,,,271.2224327,,193.2791546,
164,1,,1.0,,0.0,0.0,,0.0,0.0,1,0.0,0.0,1.0,29.6487327,59.2974654,88.94619809999998,118.59493059999998,148.2436633,177.892396,207.54112869999997,,,,,,,,,0.0,,,,,,,,,,,,,,,,,,0.0,0.0,0.0,0.0,0.0,87.0,29.6487327,66.0,19.82880143,44.0,174.0,59.2974654,132.0,39.65760287,88.0,261.0,88.94619809999998,198.0,59.4864043,131.0,348.0,118.59493059999998,264.0,79.3152056,175.0,435.0,148.2436633,329.0,99.14400703,219.0,522.0,177.892396,395.0,118.9728085,263.0,610.0,207.54112869999997,461.0,138.80160990000002,306.0
168,1,,1.0,,0.0,0.0,,0.0,0.0,1,0.0,0.0,1.0,95.99425802,191.988516,287.98277410000014,383.9770314,479.97128949999995,575.9655475,671.9598055,,,,,,,,,0.0,,,,,,,,,,,,,,,,,,0.0,0.0,0.0,0.0,0.0,383.0,95.99425802,291.0,68.56077203,208.0,766.0,191.988516,583.0,137.1215441,416.0,1149.0,287.98277410000014,874.0,205.68231609999998,623.0,1532.0,383.9770314,1166.0,274.2430876,831.0,1915.0,479.97128949999995,1457.0,342.8038596,1039.0,2298.0,575.9655475,1748.0,411.36463169999996,1247.0,2681.0,671.9598055,2040.0,479.92540369999995,1455.0
172,1,,1.0,,0.0,0.0,,0.0,0.0,1,0.0,0.0,1.0,113.59723020000001,227.19446040000003,340.7916906000001,454.38892000000004,567.9861502,681.5833804,795.1806106,,,,,,,,,0.0,,,,,,,,,,,,,,,,,,0.0,0.0,0.0,0.0,0.0,489.0,113.59723020000001,364.0,77.69818809,249.0,979.0,227.19446040000003,728.0,155.3963762,498.0,1468.0,340.7916906000001,1092.0,233.0945643,747.0,1957.0,454.38892000000004,1456.0,310.7927518,996.0,2446.0,567.9861502,1820.0,388.4909399,1245.0,2936.0,681.5833804,2184.0,466.18912800000004,1494.0,3425.0,795.1806106,2548.0,543.8873161,1743.0
176,1,,1.0,,0.0,0.0,,0.0,0.0,1,0.0,0.0,1.0,43.99636733,87.99273466,131.989102,175.985469,219.9818363,263.9782037,307.97457099999997,,,,,,,,,0.0,,,,,,,,,,,,,,,,,,0.0,0.0,0.0,0.0,0.0,117.0,43.99636733,97.0,34.79480776,77.0,234.0,87.99273466,195.0,69.58961553,153.0,351.0,131.989102,292.0,104.3844233,230.0,468.0,175.985469,390.0,139.17923080000003,307.0,585.0,219.9818363,487.0,173.9740386,383.0,702.0,263.9782037,584.0,208.76884630000004,460.0,819.0,307.97457099999997,682.0,243.56365409999998,537.0
180,1,,1.0,,0.0,0.0,,0.0,0.0,1,0.0,0.0,1.0,39.0713911,78.14278219,117.2141733,156.2855641,195.3569552,234.4283463,273.49973739999996,,,,,,,,,0.0,,,,,,,,,,,,,,,,,,0.0,0.0,0.0,0.0,0.0,134.0,39.0713911,101.0,26.6864972,69.0,268.0,78.14278219,202.0,53.3729944,138.0,402.0,117.2141733,303.0,80.05949159,207.0,536.0,156.2855641,404.0,106.74598859999999,277.0,670.0,195.3569552,505.0,133.4324858,346.0,804.0,234.4283463,606.0,160.11898300000001,415.0,938.0,273.49973739999996,707.0,186.80548019999998,484.0
184,1,,1.0,,0.0,0.0,,0.0,0.0,1,0.0,0.0,1.0,38.74606185,77.49212371,116.2381856,154.98424709999995,193.730309,232.4763708,271.2224327,,,,,,,,,0.0,,,,,,,,,,,,,,,,,,0.0,0.0,0.0,0.0,0.0,145.0,38.74606185,111.0,27.61130783,79.0,290.0,77.49212371,222.0,55.22261566,158.0,435.0,116.2381856,332.0,82.83392348,237.0,580.0,154.98424709999995,443.0,110.4452311,316.0,725.0,193.730309,554.0,138.0565389,396.0,870.0,232.4763708,665.0,165.6678468,475.0,1015.0,271.2224327,776.0,193.2791546,554.0
188,2,,4.0,,0.0,0.0,,0.0,0.0,1,0.0,0.0,0.0,20.0,40.0,60.0,80.0,100.0,120.0,140.0,,,,,,,,,0.0,,,,,,,,,,,,,,,,,,0.0,0.0,0.0,0.0,0.0,16.0,15.0,12.0,10.0,8.0,32.0,30.0,24.0,20.0,16.0,48.0,45.0,36.0,30.0,24.0,64.0,60.0,48.0,40.0,32.0,80.0,76.0,60.0,51.0,40.0,96.0,91.0,72.0,61.0,48.0,112.0,106.0,84.0,71.0,56.0
192,2,,4.0,,0.0,0.0,,0.0,0.0,1,0.0,0.0,0.0,64.0,128.0,193.0,257.0,321.0,385.0,450.0,,,,,,,,,0.0,,,,,,,,,,,,,,,,,,0.0,0.0,0.0,0.0,0.0,61.0,49.0,46.0,35.0,33.0,122.0,98.0,93.0,70.0,66.0,183.0,147.0,139.0,105.0,99.0,244.0,196.0,186.0,140.0,132.0,305.0,245.0,232.0,175.0,165.0,366.0,293.0,278.0,210.0,199.0,427.0,342.0,325.0,244.0,232.0
196,2,,4.0,,0.0,0.0,,0.0,0.0,1,0.0,0.0,0.0,78.0,156.0,233.0,311.0,389.0,467.0,544.0,,,,,,,,,0.0,,,,,,,,,,,,,,,,,,0.0,0.0,0.0,0.0,0.0,77.0,58.0,57.0,40.0,39.0,153.0,116.0,114.0,79.0,78.0,230.0,174.0,171.0,119.0,117.0,306.0,231.0,228.0,158.0,156.0,383.0,289.0,285.0,198.0,195.0,459.0,347.0,342.0,237.0,234.0,536.0,405.0,399.0,277.0,273.0
200,2,,4.0,,0.0,0.0,,0.0,0.0,1,0.0,0.0,0.0,27.0,54.0,80.0,107.0,134.0,161.0,188.0,,,,,,,,,0.0,,,,,,,,,,,,,,,,,,0.0,0.0,0.0,0.0,0.0,20.0,22.0,17.0,18.0,13.0,40.0,45.0,34.0,35.0,26.0,61.0,67.0,50.0,53.0,40.0,81.0,90.0,67.0,71.0,53.0,101.0,112.0,84.0,89.0,66.0,121.0,134.0,101.0,106.0,79.0,141.0,157.0,118.0,124.0,93.0
204,2,,4.0,,0.0,0.0,,0.0,0.0,1,0.0,0.0,0.0,26.0,53.0,79.0,105.0,132.0,158.0,185.0,,,,,,,,,0.0,,,,,,,,,,,,,,,,,,0.0,0.0,0.0,0.0,0.0,23.0,20.0,17.0,14.0,12.0,46.0,40.0,35.0,27.0,24.0,69.0,60.0,52.0,41.0,35.0,92.0,80.0,69.0,54.0,47.0,115.0,100.0,86.0,68.0,59.0,138.0,119.0,104.0,82.0,71.0,161.0,139.0,121.0,95.0,83.0
208,2,,4.0,,0.0,0.0,,0.0,0.0,1,0.0,0.0,0.0,26.0,52.0,77.0,103.0,129.0,155.0,180.0,,,,,,,,,0.0,,,,,,,,,,,,,,,,,,0.0,0.0,0.0,0.0,0.0,23.0,20.0,17.0,14.0,12.0,45.0,39.0,35.0,28.0,25.0,68.0,59.0,52.0,42.0,37.0,91.0,79.0,70.0,56.0,50.0,114.0,99.0,87.0,70.0,62.0,136.0,118.0,104.0,84.0,74.0,159.0,138.0,122.0,98.0,87.0
138,0,,1.0,,4.0,0.3,,0.0,0.0,1,0.0,0.5,0.0,0.0,0.0,0.0,0.0,0.0,0.0,0.0,,,,,,,,,0.0,56045.24566,42570.75,26520.68,24985.92,249042.5,104294.5592,,56045.24566,24556.18,56045.24566,56045.24566,200793.1864,32613.0,152543.8728,25968.16,25415.65,52528.5,,,,,,,,,,,,,,,,,,,,,,,,,,,,,,,,,,,,,,,,
142,0,,1.0,,4.0,0.3,,0.0,0.0,1,0.0,0.5,0.0,0.0,0.0,0.0,0.0,0.0,0.0,0.0,,,,,,,,,0.0,56045.24566,42570.75,26520.68,24985.92,249042.5,104294.5592,,56045.24566,24556.18,56045.24566,56045.24566,200793.1864,32613.0,152543.8728,25968.16,25415.65,52528.5,,,,,,,,,,,,,,,,,,,,,,,,,,,,,,,,,,,,,,,,
146,0,,1.0,,4.0,0.3,,0.0,0.0,1,0.0,0.5,0.0,0.0,0.0,0.0,0.0,0.0,0.0,0.0,,,,,,,,,0.0,56045.24566,42570.75,26520.68,24985.92,249042.5,104294.5592,,56045.24566,24556.18,56045.24566,56045.24566,200793.1864,32613.0,152543.8728,25968.16,25415.65,52528.5,,,,,,,,,,,,,,,,,,,,,,,,,,,,,,,,,,,,,,,,
153,0,,1.0,,4.0,0.3,,0.0,0.0,1,0.0,0.5,0.0,0.0,0.0,0.0,0.0,0.0,0.0,0.0,,,,,,,,,0.0,56045.24566,42570.75,26520.68,24985.92,249042.5,104294.5592,,56045.24566,24556.18,56045.24566,56045.24566,200793.1864,32613.0,152543.8728,25968.16,25415.65,52528.5,,,,,,,,,,,,,,,,,,,,,,,,,,,,,,,,,,,,,,,,
157,0,,1.0,,4.0,0.3,,0.0,0.0,1,0.0,0.5,0.0,0.0,0.0,0.0,0.0,0.0,0.0,0.0,,,,,,,,,0.0,56045.24566,42570.75,26520.68,24985.92,249042.5,104294.5592,,56045.24566,24556.18,56045.24566,56045.24566,200793.1864,32613.0,152543.8728,25968.16,25415.65,52528.5,,,,,,,,,,,,,,,,,,,,,,,,,,,,,,,,,,,,,,,,
161,0,,1.0,,4.0,0.3,,0.0,0.0,1,0.0,0.5,0.0,0.0,0.0,0.0,0.0,0.0,0.0,0.0,,,,,,,,,0.0,56045.24566,42570.75,26520.68,24985.92,249042.5,104294.5592,,56045.24566,24556.18,56045.24566,56045.24566,200793.1864,32613.0,152543.8728,25968.16,25415.65,52528.5,,,,,,,,,,,,,,,,,,,,,,,,,,,,,,,,,,,,,,,,
213,1,,1.0,,1.0,0.0,,0.0,0.0,1,0.0,0.0,1.0,52.73346678,105.46693359999999,158.2004003,210.9338668,263.6673335,316.4008003,369.1342671,,,,,,,,,0.0,,,,,,,,,,,,,,,,,,,0.0,,0.0,,,52.73346678,,36.16163095,,,105.46693359999999,,72.3232619,,,158.2004003,,108.4848929,,,210.9338668,,144.6465235,,,263.6673335,,180.8081545,,,316.4008003,,216.96978540000003,,,369.1342671,,253.13141639999998,
217,1,,1.0,,1.0,0.0,,0.0,0.0,1,0.0,0.0,1.0,6.436676305,12.87335261,19.31002892,25.74670517,32.18338148,38.62005778,45.05673409,,,,,,,,,0.0,,,,,,,,,,,,,,,,,,,0.0,,0.0,,,6.436676305,,3.868629037,,,12.87335261,,7.737258073,,,19.31002892,,11.60588711,,,25.74670517,,15.47451612,,,32.18338148,,19.34314516,,,38.62005778,,23.21177419,,,45.05673409,,27.08040323,
221,1,,1.0,,1.0,0.0,,0.0,0.0,1,0.0,0.0,1.0,15.24043123,30.48086246,45.72129369,60.96172481,76.20215604,91.44258727,106.6830185,,,,,,,,,0.0,,,,,,,,,,,,,,,,,,,0.0,,0.0,,,15.24043123,,11.55549296,,,30.48086246,,23.11098591,,,45.72129369,,34.66647887,,,60.96172481,,46.22197175,,,76.20215604,,57.77746471,,,91.44258727,,69.33295766,,,106.6830185,,80.88845062,
225,1,,1.0,,1.0,0.0,,0.0,0.0,1,0.0,0.0,1.0,31.01760016,62.03520032,93.05280048,124.0704004,155.08800060000004,186.1056007,217.1232009,,,,,,,,,0.0,,,,,,,,,,,,,,,,,,,0.0,,0.0,,,31.01760016,,21.53561275,,,62.03520032,,43.0712255,,,93.05280048,,64.60683825,,,124.0704004,,86.14245085,,,155.08800060000004,,107.67806359999999,,,186.1056007,,129.2136763,,,217.1232009,,150.74928909999997,
229,1,,1.0,,1.0,0.0,,0.0,0.0,1,0.0,0.0,1.0,56.16361763,112.32723529999998,168.49085290000005,224.6544701,280.8180877,336.9817053999999,393.145323,,,,,,,,,0.0,,,,,,,,,,,,,,,,,,,0.0,,0.0,,,56.16361763,,44.8165677,,,112.32723529999998,,89.6331354,,,168.49085290000005,,134.4497031,,,224.6544701,,179.26627050000005,,,280.8180877,,224.08283819999997,,,336.9817053999999,,268.8994059,,,393.145323,,313.7159736,
233,1,,1.0,,1.0,0.0,,0.0,0.0,1,0.0,0.0,1.0,9.128393566,18.25678713,27.385180699999996,36.5135742,45.64196777,54.77036133,63.8987549,,,,,,,,,0.0,,,,,,,,,,,,,,,,,,,0.0,,0.0,,,9.128393566,,7.3231056589999985,,,18.25678713,,14.64621132,,,27.385180699999996,,21.96931698,,,36.5135742,,29.29242258,,,45.64196777,,36.61552824,,,54.77036133,,43.9386339,,,63.8987549,,51.26173956,
165,1,,1.0,,0.0,0.0,,0.0,0.0,1,0.0,0.0,1.0,52.73346678,105.46693359999999,158.2004003,210.9338668,263.6673335,316.4008003,369.1342671,,,,,,,,,0.0,,,,,,,,,,,,,,,,,,0.0,0.0,0.0,0.0,0.0,188.0,52.73346678,142.0,36.16163095,97.0,376.0,105.46693359999999,285.0,72.3232619,194.0,564.0,158.2004003,427.0,108.4848929,291.0,753.0,210.9338668,569.0,144.6465235,388.0,941.0,263.6673335,711.0,180.8081545,485.0,1129.0,316.4008003,854.0,216.96978540000003,582.0,1317.0,369.1342671,996.0,253.13141639999998,679.0
169,1,,1.0,,0.0,0.0,,0.0,0.0,1,0.0,0.0,1.0,6.436676305,12.87335261,19.31002892,25.74670517,32.18338148,38.62005778,45.05673409,,,,,,,,,0.0,,,,,,,,,,,,,,,,,,0.0,0.0,0.0,0.0,0.0,17.0,6.436676305,13.0,3.868629037,8.0,34.0,12.87335261,27.0,7.737258073,16.0,51.0,19.31002892,40.0,11.60588711,24.0,68.0,25.74670517,54.0,15.47451612,32.0,86.0,32.18338148,67.0,19.34314516,40.0,103.0,38.62005778,81.0,23.21177419,48.0,120.0,45.05673409,94.0,27.08040323,56.0
173,1,,1.0,,0.0,0.0,,0.0,0.0,1,0.0,0.0,1.0,15.24043123,30.48086246,45.72129369,60.96172481,76.20215604,91.44258727,106.6830185,,,,,,,,,0.0,,,,,,,,,,,,,,,,,,0.0,0.0,0.0,0.0,0.0,58.0,15.24043123,46.0,11.55549296,35.0,116.0,30.48086246,92.0,23.11098591,70.0,174.0,45.72129369,139.0,34.66647887,105.0,232.0,60.96172481,185.0,46.22197175,140.0,289.0,76.20215604,231.0,57.77746471,175.0,347.0,91.44258727,277.0,69.33295766,210.0,405.0,106.6830185,324.0,80.88845062,245.0
177,1,,1.0,,0.0,0.0,,0.0,0.0,1,0.0,0.0,1.0,31.01760016,62.03520032,93.05280048,124.0704004,155.08800060000004,186.1056007,217.1232009,,,,,,,,,0.0,,,,,,,,,,,,,,,,,,0.0,0.0,0.0,0.0,0.0,54.0,31.01760016,40.0,21.53561275,28.0,107.0,62.03520032,80.0,43.0712255,55.0,161.0,93.05280048,120.0,64.60683825,83.0,214.0,124.0704004,160.0,86.14245085,110.0,268.0,155.08800060000004,201.0,107.67806359999999,138.0,321.0,186.1056007,241.0,129.2136763,166.0,375.0,217.1232009,281.0,150.74928909999997,193.0
181,1,,1.0,,0.0,0.0,,0.0,0.0,1,0.0,0.0,1.0,56.16361763,112.32723529999998,168.49085290000005,224.6544701,280.8180877,336.9817053999999,393.145323,,,,,,,,,0.0,,,,,,,,,,,,,,,,,,0.0,0.0,0.0,0.0,0.0,189.0,56.16361763,157.0,44.8165677,125.0,379.0,112.32723529999998,313.0,89.6331354,250.0,568.0,168.49085290000005,470.0,134.4497031,375.0,757.0,224.6544701,627.0,179.26627050000005,499.0,946.0,280.8180877,783.0,224.08283819999997,624.0,1136.0,336.9817053999999,940.0,268.8994059,749.0,1325.0,393.145323,1097.0,313.7159736,874.0
185,1,,1.0,,0.0,0.0,,0.0,0.0,1,0.0,0.0,1.0,9.128393566,18.25678713,27.385180699999996,36.5135742,45.64196777,54.77036133,63.8987549,,,,,,,,,0.0,,,,,,,,,,,,,,,,,,0.0,0.0,0.0,0.0,0.0,33.0,9.128393566,27.0,7.3231056589999985,22.0,66.0,18.25678713,55.0,14.64621132,44.0,100.0,27.385180699999996,82.0,21.96931698,66.0,133.0,36.5135742,110.0,29.29242258,88.0,166.0,45.64196777,137.0,36.61552824,110.0,199.0,54.77036133,164.0,43.9386339,132.0,232.0,63.8987549,192.0,51.26173956,154.0
189,2,,4.0,,0.0,0.0,,0.0,0.0,1,0.0,0.0,0.0,36.0,71.0,107.0,142.0,178.0,213.0,249.0,,,,,,,,,0.0,,,,,,,,,,,,,,,,,,0.0,0.0,0.0,0.0,0.0,31.0,27.0,24.0,18.0,16.0,63.0,54.0,47.0,37.0,32.0,94.0,81.0,71.0,55.0,48.0,125.0,107.0,95.0,74.0,64.0,156.0,134.0,118.0,92.0,81.0,188.0,161.0,142.0,111.0,97.0,219.0,188.0,166.0,129.0,113.0
193,2,,4.0,,0.0,0.0,,0.0,0.0,1,0.0,0.0,0.0,4.0,8.0,13.0,17.0,21.0,25.0,29.0,,,,,,,,,0.0,,,,,,,,,,,,,,,,,,0.0,0.0,0.0,0.0,0.0,4.0,3.0,3.0,2.0,2.0,8.0,7.0,6.0,4.0,4.0,12.0,10.0,9.0,6.0,6.0,16.0,13.0,12.0,8.0,7.0,20.0,16.0,16.0,10.0,9.0,24.0,20.0,19.0,12.0,11.0,28.0,23.0,22.0,14.0,13.0
278,3,,1.0,,6.0,0.0,,0.0,0.0,1,0.0,0.0,4.0,4.0,4.0,4.0,4.0,4.0,4.0,4.0,,,,,,,,,,,,,,,,,,,,,,,,,,,,,,,,,,,,,,,,,,,,,,,,,,,,,,,,,,,,,,,,,,
279,3,,1.0,,6.0,0.0,,0.0,0.0,1,0.0,0.0,12.0,12.0,12.0,12.0,12.0,12.0,12.0,12.0,,,,,,,,,,,,,,,,,,,,,,,,,,,,,,,,,,,,,,,,,,,,,,,,,,,,,,,,,,,,,,,,,,
197,2,,4.0,,0.0,0.0,,0.0,0.0,1,0.0,0.0,0.0,10.0,19.0,29.0,39.0,48.0,58.0,68.0,,,,,,,,,0.0,,,,,,,,,,,,,,,,,,0.0,0.0,0.0,0.0,0.0,9.0,8.0,7.0,6.0,6.0,18.0,16.0,15.0,12.0,11.0,27.0,23.0,22.0,18.0,17.0,37.0,31.0,29.0,24.0,22.0,46.0,39.0,37.0,29.0,28.0,55.0,47.0,44.0,35.0,33.0,64.0,54.0,51.0,41.0,39.0
201,2,,4.0,,0.0,0.0,,0.0,0.0,1,0.0,0.0,0.0,21.0,42.0,62.0,83.0,104.0,125.0,146.0,,,,,,,,,0.0,,,,,,,,,,,,,,,,,,0.0,0.0,0.0,0.0,0.0,11.0,16.0,8.0,11.0,6.0,22.0,32.0,17.0,22.0,11.0,33.0,47.0,25.0,33.0,17.0,44.0,63.0,33.0,44.0,23.0,55.0,79.0,41.0,55.0,28.0,66.0,95.0,50.0,66.0,34.0,77.0,111.0,58.0,77.0,40.0
205,2,,4.0,,0.0,0.0,,0.0,0.0,1,0.0,0.0,0.0,35.0,69.0,104.0,138.0,173.0,207.0,242.0,,,,,,,,,0.0,,,,,,,,,,,,,,,,,,0.0,0.0,0.0,0.0,0.0,31.0,29.0,26.0,23.0,20.0,62.0,57.0,51.0,46.0,41.0,92.0,86.0,77.0,68.0,61.0,123.0,114.0,102.0,91.0,81.0,154.0,143.0,128.0,114.0,102.0,185.0,172.0,153.0,137.0,122.0,216.0,200.0,179.0,160.0,142.0
209,2,,4.0,,0.0,0.0,,0.0,0.0,1,0.0,0.0,0.0,6.0,11.0,17.0,22.0,28.0,34.0,39.0,,,,,,,,,0.0,,,,,,,,,,,,,,,,,,0.0,0.0,0.0,0.0,0.0,5.0,5.0,4.0,4.0,3.0,10.0,9.0,9.0,7.0,7.0,16.0,14.0,13.0,11.0,10.0,21.0,19.0,17.0,15.0,14.0,26.0,23.0,22.0,19.0,17.0,31.0,28.0,26.0,22.0,21.0,37.0,33.0,30.0,26.0,24.0
246,3,,1.0,,0.0,0.0,,0.0,0.0,1,0.0,0.0,105.0,105.0,105.0,105.0,105.0,105.0,105.0,105.0,,,,,,,,,,,,,,,,,,,,,,,,,,,,,,,,,,,,,,,,,,,,,,,,,,,,,,,,,,,,,,,,,,
247,3,,1.0,,0.0,0.0,,0.0,0.0,1,0.0,0.0,92.0,92.0,92.0,92.0,92.0,92.0,92.0,92.0,,,,,,,,,,,,,,,,,,,,,,,,,,,,,,,,,,,,,,,,,,,,,,,,,,,,,,,,,,,,,,,,,,
248,3,,1.0,,0.0,0.0,,0.0,0.0,1,0.0,0.0,49.0,49.0,49.0,49.0,49.0,49.0,49.0,49.0,,,,,,,,,,,,,,,,,,,,,,,,,,,,,,,,,,,,,,,,,,,,,,,,,,,,,,,,,,,,,,,,,,
249,3,,1.0,,0.0,0.0,,0.0,0.0,1,0.0,0.0,21.0,21.0,21.0,21.0,21.0,21.0,21.0,21.0,,,,,,,,,,,,,,,,,,,,,,,,,,,,,,,,,,,,,,,,,,,,,,,,,,,,,,,,,,,,,,,,,,
250,3,,1.0,,0.0,0.0,,0.0,0.0,1,0.0,0.0,127.0,127.0,127.0,127.0,127.0,127.0,127.0,127.0,,,,,,,,,,,,,,,,,,,,,,,,,,,,,,,,,,,,,,,,,,,,,,,,,,,,,,,,,,,,,,,,,,
251,3,,1.0,,0.0,0.0,,0.0,0.0,1,0.0,0.0,69.0,69.0,69.0,69.0,69.0,69.0,69.0,69.0,,,,,,,,,,,,,,,,,,,,,,,,,,,,,,,,,,,,,,,,,,,,,,,,,,,,,,,,,,,,,,,,,,
252,3,,1.0,,0.0,0.0,,0.0,0.0,1,0.0,0.0,28.0,28.0,28.0,28.0,28.0,28.0,28.0,28.0,,,,,,,,,,,,,,,,,,,,,,,,,,,,,,,,,,,,,,,,,,,,,,,,,,,,,,,,,,,,,,,,,,
253,3,,1.0,,0.0,0.0,,0.0,0.0,1,0.0,0.0,51.0,51.0,51.0,51.0,51.0,51.0,51.0,51.0,,,,,,,,,,,,,,,,,,,,,,,,,,,,,,,,,,,,,,,,,,,,,,,,,,,,,,,,,,,,,,,,,,
254,3,,1.0,,0.0,0.0,,0.0,0.0,1,0.0,0.0,4.0,4.0,4.0,4.0,4.0,4.0,4.0,4.0,,,,,,,,,,,,,,,,,,,,,,,,,,,,,,,,,,,,,,,,,,,,,,,,,,,,,,,,,,,,,,,,,,
255,3,,1.0,,0.0,0.0,,0.0,0.0,1,0.0,0.0,12.0,12.0,12.0,12.0,12.0,12.0,12.0,12.0,,,,,,,,,,,,,,,,,,,,,,,,,,,,,,,,,,,,,,,,,,,,,,,,,,,,,,,,,,,,,,,,,,
256,3,,1.0,,0.0,0.0,,0.0,0.0,1,0.0,0.0,26.0,26.0,26.0,26.0,26.0,26.0,26.0,26.0,,,,,,,,,,,,,,,,,,,,,,,,,,,,,,,,,,,,,,,,,,,,,,,,,,,,,,,,,,,,,,,,,,
257,3,,1.0,,0.0,0.0,,0.0,0.0,1,0.0,0.0,5.0,5.0,5.0,5.0,5.0,5.0,5.0,5.0,,,,,,,,,,,,,,,,,,,,,,,,,,,,,,,,,,,,,,,,,,,,,,,,,,,,,,,,,,,,,,,,,,
234,3,,1.0,,0.0,0.0,,0.0,0.0,1,0.0,0.0,10.0,10.0,10.0,10.0,10.0,10.0,10.0,10.0,,,,,,,,,,,,,,,,,,,,,,,,,,,,,,,,,,,,,,,,,,,,,,,,,,,,,,,,,,,,,,,,,,
235,3,,1.0,,0.0,0.0,,0.0,0.0,1,0.0,0.0,33.0,33.0,33.0,33.0,33.0,33.0,33.0,33.0,,,,,,,,,,,,,,,,,,,,,,,,,,,,,,,,,,,,,,,,,,,,,,,,,,,,,,,,,,,,,,,,,,
236,3,,1.0,,0.0,0.0,,0.0,0.0,1,0.0,0.0,33.0,33.0,33.0,33.0,33.0,33.0,33.0,33.0,,,,,,,,,,,,,,,,,,,,,,,,,,,,,,,,,,,,,,,,,,,,,,,,,,,,,,,,,,,,,,,,,,
237,3,,1.0,,0.0,0.0,,0.0,0.0,1,0.0,0.0,50.0,50.0,50.0,50.0,50.0,50.0,50.0,50.0,,,,,,,,,,,,,,,,,,,,,,,,,,,,,,,,,,,,,,,,,,,,,,,,,,,,,,,,,,,,,,,,,,
238,3,,1.0,,0.0,0.0,,0.0,0.0,1,0.0,0.0,165.0,165.0,165.0,165.0,165.0,165.0,165.0,165.0,,,,,,,,,,,,,,,,,,,,,,,,,,,,,,,,,,,,,,,,,,,,,,,,,,,,,,,,,,,,,,,,,,
239,3,,1.0,,0.0,0.0,,0.0,0.0,1,0.0,0.0,47.0,47.0,47.0,47.0,47.0,47.0,47.0,47.0,,,,,,,,,,,,,,,,,,,,,,,,,,,,,,,,,,,,,,,,,,,,,,,,,,,,,,,,,,,,,,,,,,
240,3,,1.0,,0.0,0.0,,0.0,0.0,1,0.0,0.0,92.0,92.0,92.0,92.0,92.0,92.0,92.0,92.0,,,,,,,,,,,,,,,,,,,,,,,,,,,,,,,,,,,,,,,,,,,,,,,,,,,,,,,,,,,,,,,,,,
241,3,,1.0,,0.0,0.0,,0.0,0.0,1,0.0,0.0,5.0,5.0,5.0,5.0,5.0,5.0,5.0,5.0,,,,,,,,,,,,,,,,,,,,,,,,,,,,,,,,,,,,,,,,,,,,,,,,,,,,,,,,,,,,,,,,,,
242,3,,1.0,,0.0,0.0,,0.0,0.0,1,0.0,0.0,50.0,50.0,50.0,50.0,50.0,50.0,50.0,50.0,,,,,,,,,,,,,,,,,,,,,,,,,,,,,,,,,,,,,,,,,,,,,,,,,,,,,,,,,,,,,,,,,,
243,3,,1.0,,0.0,0.0,,0.0,0.0,1,0.0,0.0,1.0,1.0,1.0,1.0,1.0,1.0,1.0,1.0,,,,,,,,,,,,,,,,,,,,,,,,,,,,,,,,,,,,,,,,,,,,,,,,,,,,,,,,,,,,,,,,,,
244,3,,1.0,,0.0,0.0,,0.0,0.0,1,0.0,0.0,107.0,107.0,107.0,107.0,107.0,107.0,107.0,107.0,,,,,,,,,,,,,,,,,,,,,,,,,,,,,,,,,,,,,,,,,,,,,,,,,,,,,,,,,,,,,,,,,,
245,3,,1.0,,0.0,0.0,,0.0,0.0,1,0.0,0.0,11.0,11.0,11.0,11.0,11.0,11.0,11.0,11.0,,,,,,,,,,,,,,,,,,,,,,,,,,,,,,,,,,,,,,,,,,,,,,,,,,,,,,,,,,,,,,,,,,
270,3,,1.0,,6.0,0.0,,0.0,0.0,1,0.0,0.0,105.0,105.0,105.0,105.0,105.0,105.0,105.0,105.0,,,,,,,,,,,,,,,,,,,,,,,,,,,,,,,,,,,,,,,,,,,,,,,,,,,,,,,,,,,,,,,,,,
271,3,,1.0,,6.0,0.0,,0.0,0.0,1,0.0,0.0,92.0,92.0,92.0,92.0,92.0,92.0,92.0,92.0,,,,,,,,,,,,,,,,,,,,,,,,,,,,,,,,,,,,,,,,,,,,,,,,,,,,,,,,,,,,,,,,,,
272,3,,1.0,,6.0,0.0,,0.0,0.0,1,0.0,0.0,49.0,49.0,49.0,49.0,49.0,49.0,49.0,49.0,,,,,,,,,,,,,,,,,,,,,,,,,,,,,,,,,,,,,,,,,,,,,,,,,,,,,,,,,,,,,,,,,,
273,3,,1.0,,6.0,0.0,,0.0,0.0,1,0.0,0.0,21.0,21.0,21.0,21.0,21.0,21.0,21.0,21.0,,,,,,,,,,,,,,,,,,,,,,,,,,,,,,,,,,,,,,,,,,,,,,,,,,,,,,,,,,,,,,,,,,
274,3,,1.0,,6.0,0.0,,0.0,0.0,1,0.0,0.0,127.0,127.0,127.0,127.0,127.0,127.0,127.0,127.0,,,,,,,,,,,,,,,,,,,,,,,,,,,,,,,,,,,,,,,,,,,,,,,,,,,,,,,,,,,,,,,,,,
275,3,,1.0,,6.0,0.0,,0.0,0.0,1,0.0,0.0,69.0,69.0,69.0,69.0,69.0,69.0,69.0,69.0,,,,,,,,,,,,,,,,,,,,,,,,,,,,,,,,,,,,,,,,,,,,,,,,,,,,,,,,,,,,,,,,,,
276,3,,1.0,,6.0,0.0,,0.0,0.0,1,0.0,0.0,28.0,28.0,28.0,28.0,28.0,28.0,28.0,28.0,,,,,,,,,,,,,,,,,,,,,,,,,,,,,,,,,,,,,,,,,,,,,,,,,,,,,,,,,,,,,,,,,,
277,3,,1.0,,6.0,0.0,,0.0,0.0,1,0.0,0.0,51.0,51.0,51.0,51.0,51.0,51.0,51.0,51.0,,,,,,,,,,,,,,,,,,,,,,,,,,,,,,,,,,,,,,,,,,,,,,,,,,,,,,,,,,,,,,,,,,
280,3,,1.0,,6.0,0.0,,0.0,0.0,1,0.0,0.0,26.0,26.0,26.0,26.0,26.0,26.0,26.0,26.0,,,,,,,,,,,,,,,,,,,,,,,,,,,,,,,,,,,,,,,,,,,,,,,,,,,,,,,,,,,,,,,,,,
281,3,,1.0,,6.0,0.0,,0.0,0.0,1,0.0,0.0,5.0,5.0,5.0,5.0,5.0,5.0,5.0,5.0,,,,,,,,,,,,,,,,,,,,,,,,,,,,,,,,,,,,,,,,,,,,,,,,,,,,,,,,,,,,,,,,,,
258,3,,1.0,,6.0,0.0,,0.0,0.0,1,0.0,0.0,10.0,10.0,10.0,10.0,10.0,10.0,10.0,10.0,,,,,,,,,,,,,,,,,,,,,,,,,,,,,,,,,,,,,,,,,,,,,,,,,,,,,,,,,,,,,,,,,,
259,3,,1.0,,6.0,0.0,,0.0,0.0,1,0.0,0.0,33.0,33.0,33.0,33.0,33.0,33.0,33.0,33.0,,,,,,,,,,,,,,,,,,,,,,,,,,,,,,,,,,,,,,,,,,,,,,,,,,,,,,,,,,,,,,,,,,
260,3,,1.0,,6.0,0.0,,0.0,0.0,1,0.0,0.0,33.0,33.0,33.0,33.0,33.0,33.0,33.0,33.0,,,,,,,,,,,,,,,,,,,,,,,,,,,,,,,,,,,,,,,,,,,,,,,,,,,,,,,,,,,,,,,,,,
261,3,,1.0,,6.0,0.0,,0.0,0.0,1,0.0,0.0,50.0,50.0,50.0,50.0,50.0,50.0,50.0,50.0,,,,,,,,,,,,,,,,,,,,,,,,,,,,,,,,,,,,,,,,,,,,,,,,,,,,,,,,,,,,,,,,,,
262,3,,1.0,,6.0,0.0,,0.0,0.0,1,0.0,0.0,165.0,165.0,165.0,165.0,165.0,165.0,165.0,165.0,,,,,,,,,,,,,,,,,,,,,,,,,,,,,,,,,,,,,,,,,,,,,,,,,,,,,,,,,,,,,,,,,,
263,3,,1.0,,6.0,0.0,,0.0,0.0,1,0.0,0.0,47.0,47.0,47.0,47.0,47.0,47.0,47.0,47.0,,,,,,,,,,,,,,,,,,,,,,,,,,,,,,,,,,,,,,,,,,,,,,,,,,,,,,,,,,,,,,,,,,
264,3,,1.0,,6.0,0.0,,0.0,0.0,1,0.0,0.0,92.0,92.0,92.0,92.0,92.0,92.0,92.0,92.0,,,,,,,,,,,,,,,,,,,,,,,,,,,,,,,,,,,,,,,,,,,,,,,,,,,,,,,,,,,,,,,,,,
265,3,,1.0,,6.0,0.0,,0.0,0.0,1,0.0,0.0,5.0,5.0,5.0,5.0,5.0,5.0,5.0,5.0,,,,,,,,,,,,,,,,,,,,,,,,,,,,,,,,,,,,,,,,,,,,,,,,,,,,,,,,,,,,,,,,,,
266,3,,1.0,,6.0,0.0,,0.0,0.0,1,0.0,0.0,50.0,50.0,50.0,50.0,50.0,50.0,50.0,50.0,,,,,,,,,,,,,,,,,,,,,,,,,,,,,,,,,,,,,,,,,,,,,,,,,,,,,,,,,,,,,,,,,,
267,3,,1.0,,6.0,0.0,,0.0,0.0,1,0.0,0.0,1.0,1.0,1.0,1.0,1.0,1.0,1.0,1.0,,,,,,,,,,,,,,,,,,,,,,,,,,,,,,,,,,,,,,,,,,,,,,,,,,,,,,,,,,,,,,,,,,
268,3,,1.0,,6.0,0.0,,0.0,0.0,1,0.0,0.0,107.0,107.0,107.0,107.0,107.0,107.0,107.0,107.0,,,,,,,,,,,,,,,,,,,,,,,,,,,,,,,,,,,,,,,,,,,,,,,,,,,,,,,,,,,,,,,,,,
269,3,,1.0,,6.0,0.0,,0.0,0.0,1,0.0,0.0,11.0,11.0,11.0,11.0,11.0,11.0,11.0,11.0,,,,,,,,,,,,,,,,,,,,,,,,,,,,,,,,,,,,,,,,,,,,,,,,,,,,,,,,,,,,,,,,,,
282,4,,1.0,,0.0,0.0,,0.0,0.0,1,,,1.0,34.31,68.63,102.94,137.26,171.57,205.88,240.2,,,,,,,,,,,,,,,,,,,,,,,,,,,0.0,0.0,0.0,0.0,0.0,27.01,25.66,20.1,17.26,13.49,54.02,51.31,40.21,34.52,26.97,81.03,76.97,60.31,51.77,40.46,108.04,102.63,80.42,69.03,53.95,135.04,128.28,100.52,86.29,67.44,162.05,153.94,120.63,103.55,80.92,189.06,179.6,140.73,120.8,94.41
283,4,,1.0,,0.0,0.0,,0.0,0.0,1,,,1.0,86.93,174.86,261.79,349.72,436.65,524.58,611.5,,,,,,,,,,,,,,,,,,,,,,,,,,,0.0,0.0,0.0,0.0,0.0,74.65,72.0,60.81,56.24,46.85,149.3,143.99,121.63,112.48,93.7,223.95,215.99,182.44,168.71,140.56,298.6,287.99,243.26,224.95,187.41,373.25,359.98,304.07,281.19,234.26,447.9,431.98,364.89,337.43,281.11,522.55,503.97,425.7,393.67,327.97
284,4,,1.0,,0.0,0.0,,0.0,0.0,1,,,1.0,109.82,219.64,329.46,439.28,549.1,658.92,768.73,,,,,,,,,,,,,,,,,,,,,,,,,,,0.0,0.0,0.0,0.0,0.0,87.64,83.31,66.45,55.99,44.32,175.28,166.62,132.9,111.98,88.64,262.92,249.93,199.35,167.96,132.96,350.56,333.24,265.8,223.95,177.28,438.2,416.55,332.25,279.94,221.6,525.84,499.86,398.7,335.93,265.92,613.48,583.17,465.16,391.92,310.24
285,4,,1.0,,0.0,0.0,,0.0,0.0,1,,,1.0,215.69,431.37,647.06,862.75,1077.44,1293.12,1508.81,,,,,,,,,,,,,,,,,,,,,,,,,,,0.0,0.0,0.0,0.0,0.0,189.44,163.36,143.6,112.55,98.24,378.89,326.72,287.2,225.11,196.48,568.33,490.08,430.8,337.66,294.71,757.78,653.44,574.4,450.21,392.95,947.22,816.8,718.0,562.77,491.19,1136.66,980.16,861.59,675.32,589.43,1326.11,1143.52,1005.19,787.87,687.66
286,4,,1.0,,0.0,0.0,,0.0,0.0,1,,,1.0,656.58,1313.17,1970.75,2627.33,3283.92,3940.5,4597.09,,,,,,,,,,,,,,,,,,,,,,,,,,,0.0,0.0,0.0,0.0,0.0,628.07,501.34,479.35,334.97,319.67,1256.14,1002.69,958.7,669.94,639.34,1884.22,1504.03,1438.05,1004.92,959.02,2512.29,2005.38,1917.39,1339.89,1278.69,3140.36,2506.72,2396.74,1674.86,1598.36,3768.43,3008.07,2876.09,2009.83,1918.03,4396.51,3509.41,3355.44,2344.8,2237.71
287,4,,1.0,,0.0,0.0,,0.0,0.0,1,,,1.0,167.0,333.0,500.0,667.0,833.01,1000.01,1166.01,,,,,,,,,,,,,,,,,,,,,,,,,,,0.0,0.0,0.0,0.0,0.0,149.46,140.45,125.2,113.6,100.3,298.91,280.91,250.4,227.2,200.6,448.37,421.36,375.61,340.8,300.9,597.83,561.82,500.81,454.4,401.19,747.28,702.27,626.01,568.0,501.49,896.74,842.73,751.21,681.6,601.79,1046.2,983.18,876.42,795.2,702.09
288,4,,1.0,,0.0,0.0,,0.0,0.0,1,,,1.0,406.49,813.98,1220.48,1627.97,2034.46,2440.95,2848.45,,,,,,,,,,,,,,,,,,,,,,,,,,,0.0,0.0,0.0,0.0,0.0,385.94,310.64,294.37,222.86,210.78,771.89,621.27,588.74,445.72,421.57,1157.83,931.91,883.11,668.58,632.35,1543.78,1242.54,1177.48,891.44,843.13,1929.72,1553.18,1471.85,1114.3,1053.92,2315.67,1863.81,1766.22,1337.15,1264.7,2701.61,2174.45,2060.59,1560.01,1475.49
289,4,,1.0,,0.0,0.0,,0.0,0.0,1,,,1.0,18.19,36.37,54.56,72.74,90.93,109.11,127.3,,,,,,,,,,,,,,,,,,,,,,,,,,,0.0,0.0,0.0,0.0,0.0,17.25,14.37,13.61,8.71,8.11,34.51,28.75,27.21,17.42,16.23,51.76,43.12,40.82,26.14,24.34,69.01,57.49,54.43,34.85,32.46,86.26,71.86,68.03,43.56,40.57,103.52,86.24,81.64,52.27,48.69,120.77,100.61,95.25,60.99,56.8
290,4,,1.0,,0.0,0.0,,0.0,0.0,1,,,1.0,393.09,786.18,1178.26,1571.35,1964.44,2357.53,2749.62,,,,,,,,,,,,,,,,,,,,,,,,,,,0.0,0.0,0.0,0.0,0.0,388.23,300.93,297.3,208.38,205.6,776.45,601.85,594.6,416.76,411.2,1164.68,902.78,891.9,625.13,616.8,1552.91,1203.7,1189.21,833.51,822.39,1941.14,1504.63,1486.51,1041.89,1027.99,2329.36,1805.56,1783.81,1250.27,1233.59,2717.59,2106.48,2081.11,1458.65,1439.19
291,4,,1.0,,0.0,0.0,,0.0,0.0,1,,,1.0,15.25,29.5,44.74,59.99,74.24,89.49,104.73,,,,,,,,,,,,,,,,,,,,,,,,,,,0.0,0.0,0.0,0.0,0.0,12.19,14.36,11.65,14.18,11.47,24.38,28.73,23.3,28.35,22.94,36.56,43.09,34.95,42.53,34.41,48.75,57.46,46.6,56.7,45.89,60.94,71.82,58.25,70.88,57.36,73.13,86.19,69.9,85.05,68.83,85.32,100.55,81.55,99.23,80.3
292,4,,1.0,,0.0,0.0,,0.0,0.0,1,,,1.0,500.63,1001.27,1501.9,2002.54,2503.17,3002.8,3503.44,,,,,,,,,,,,,,,,,,,,,,,,,,,0.0,0.0,0.0,0.0,0.0,492.31,373.38,367.03,256.53,252.09,984.62,746.75,734.05,513.06,504.18,1476.94,1120.13,1101.08,769.59,756.27,1969.25,1493.51,1468.1,1026.12,1008.37,2461.56,1866.89,1835.13,1282.66,1260.46,2953.87,2240.26,2202.15,1539.19,1512.55,3446.19,2613.64,2569.18,1795.72,1764.64
293,4,,1.0,,0.0,0.0,,0.0,0.0,1,,,1.0,61.74,124.48,186.22,247.96,310.7,372.44,434.18,,,,,,,,,,,,,,,,,,,,,,,,,,,0.0,0.0,0.0,0.0,0.0,58.54,49.84,46.89,37.97,35.7,117.07,99.67,93.77,75.93,71.39,175.61,149.51,140.66,113.9,107.09,234.14,199.35,187.54,151.86,142.79,292.68,249.18,234.43,189.83,178.48,351.21,299.02,281.32,227.79,214.18,409.75,348.86,328.2,265.76,249.88
294,4,,1.0,,0.0,0.0,,0.0,0.0,1,,,1.0,471.83,943.66,1415.49,1888.31,2360.14,2831.97,3303.8,,,,,,,,,,,,,,,,,,,,,,,,,,,0.0,0.0,0.0,0.0,0.0,307.58,366.15,238.52,258.55,168.04,615.16,732.3,477.05,517.1,336.08,922.74,1098.46,715.57,775.65,504.12,1230.32,1464.61,954.1,1034.2,672.16,1537.9,1830.76,1192.62,1292.75,840.2,1845.48,2196.91,1431.14,1551.3,1008.24,2153.06,2563.06,1669.67,1809.85,1176.28
295,4,,1.0,,0.0,0.0,,0.0,0.0,1,,,1.0,405.15,810.29,1214.44,1619.59,2024.74,2429.88,2835.03,,,,,,,,,,,,,,,,,,,,,,,,,,,0.0,0.0,0.0,0.0,0.0,236.47,308.95,179.62,213.21,123.69,472.93,617.9,359.23,426.42,247.37,709.4,926.86,538.85,639.63,371.06,945.87,1235.81,718.46,852.83,494.74,1182.33,1544.76,898.08,1066.04,618.43,1418.8,1853.71,1077.69,1279.25,742.11,1655.27,2162.66,1257.31,1492.46,865.8
296,4,,1.0,,0.0,0.0,,0.0,0.0,1,,,1.0,156.61,314.22,470.83,628.44,785.05,942.66,1099.28,,,,,,,,,,,,,,,,,,,,,,,,,,,0.0,0.0,0.0,0.0,0.0,117.48,131.59,97.9,104.4,77.2,234.95,263.17,195.8,208.81,154.4,352.43,394.76,293.7,313.21,231.6,469.9,526.35,391.6,417.61,308.8,587.38,657.93,489.5,522.01,386.01,704.85,789.52,587.39,626.42,463.21,822.33,921.11,685.29,730.82,540.41
297,4,,1.0,,0.0,0.0,,0.0,0.0,1,,,1.0,101.67,203.33,305.0,406.66,508.33,609.99,711.66,,,,,,,,,,,,,,,,,,,,,,,,,,,0.0,0.0,0.0,0.0,0.0,53.76,77.31,40.29,53.88,27.79,107.52,154.63,80.57,107.76,55.57,161.28,231.94,120.86,161.65,83.36,215.03,309.25,161.15,215.53,111.15,268.79,386.57,201.43,269.41,138.93,322.55,463.88,241.72,323.29,166.72,376.31,541.19,282.01,377.18,194.51
298,4,,1.0,,0.0,0.0,,0.0,0.0,1,,,1.0,676.89,1353.79,2029.68,2706.57,3383.47,4060.36,4736.25,,,,,,,,,,,,,,,,,,,,,,,,,,,0.0,0.0,0.0,0.0,0.0,543.8,524.24,420.88,364.38,291.18,1087.6,1048.48,841.76,728.75,582.37,1631.4,1572.72,1262.64,1093.13,873.55,2175.2,2096.96,1683.53,1457.51,1164.74,2719.0,2621.2,2104.41,1821.88,1455.92,3262.8,3145.44,2525.29,2186.26,1747.11,3806.6,3669.68,2946.17,2550.64,2038.29
299,4,,1.0,,0.0,0.0,,0.0,0.0,1,,,1.0,378.0,756.99,1134.99,1512.98,1890.98,2269.98,2647.97,,,,,,,,,,,,,,,,,,,,,,,,,,,0.0,0.0,0.0,0.0,0.0,291.75,297.79,229.2,211.89,163.41,583.5,595.57,458.39,423.77,326.82,875.24,893.36,687.59,635.66,490.24,1166.99,1191.15,916.79,847.54,653.65,1458.74,1488.94,1145.98,1059.43,817.06,1750.49,1786.72,1375.18,1271.31,980.47,2042.24,2084.51,1604.38,1483.2,1143.88
300,4,,1.0,,0.0,0.0,,0.0,0.0,1,,,1.0,154.86,309.71,464.57,620.42,775.28,930.13,1084.99,,,,,,,,,,,,,,,,,,,,,,,,,,,0.0,0.0,0.0,0.0,0.0,134.31,117.18,101.36,80.31,69.44,268.61,234.36,202.72,160.62,138.88,402.92,351.55,304.08,240.93,208.32,537.23,468.73,405.44,321.23,277.76,671.54,585.91,506.8,401.54,347.19,805.84,703.09,608.16,481.85,416.63,940.15,820.27,709.52,562.16,486.07
301,4,,1.0,,0.0,0.0,,0.0,0.0,1,,,1.0,214.51,429.03,643.54,858.06,1072.57,1287.09,1501.6,,,,,,,,,,,,,,,,,,,,,,,,,,,0.0,0.0,0.0,0.0,0.0,190.19,178.23,157.59,142.73,125.79,380.38,356.46,315.18,285.46,251.58,570.57,534.69,472.77,428.19,377.37,760.76,712.93,630.36,570.92,503.16,950.95,891.16,787.95,713.65,628.95,1141.14,1069.39,945.54,856.38,754.73,1331.33,1247.62,1103.12,999.11,880.52
302,4,,1.0,,0.0,0.0,,0.0,0.0,1,,,1.0,25.13,51.26,76.38,102.51,127.64,152.77,178.89,,,,,,,,,,,,,,,,,,,,,,,,,,,0.0,0.0,0.0,0.0,0.0,22.28,19.72,17.29,13.44,11.65,44.56,39.43,34.58,26.87,23.29,66.84,59.15,51.86,40.31,34.94,89.12,78.87,69.15,53.75,46.59,111.4,98.59,86.44,67.18,58.23,133.68,118.3,103.73,80.62,69.88,155.96,138.02,121.01,94.05,81.52
303,4,,1.0,,0.0,0.0,,0.0,0.0,1,,,1.0,106.87,213.73,319.6,426.47,533.34,640.2,746.07,,,,,,,,,,,,,,,,,,,,,,,,,,,0.0,0.0,0.0,0.0,0.0,96.37,84.47,76.13,56.71,50.89,192.74,168.94,152.25,113.42,101.77,289.11,253.42,228.38,170.14,152.66,385.48,337.89,304.5,226.85,203.55,481.86,422.36,380.63,283.56,254.44,578.23,506.83,456.76,340.27,305.32,674.6,591.31,532.88,396.99,356.21
304,4,,1.0,,0.0,0.0,,0.0,0.0,1,,,1.0,165.1,331.2,496.3,661.39,826.49,992.59,1157.69,,,,,,,,,,,,,,,,,,,,,,,,,,,0.0,0.0,0.0,0.0,0.0,145.32,126.88,111.2,90.73,79.48,290.64,253.75,222.39,181.46,158.97,435.96,380.63,333.59,272.19,238.45,581.28,507.51,444.79,362.92,317.94,726.6,634.39,555.98,453.66,397.42,871.92,761.26,667.18,544.39,476.9,1017.23,888.14,778.38,635.12,556.39
305,4,,1.0,,0.0,0.0,,0.0,0.0,1,,,1.0,36.5,72.0,108.49,143.99,180.49,215.99,252.49,,,,,,,,,,,,,,,,,,,,,,,,,,,0.0,0.0,0.0,0.0,0.0,33.34,29.94,27.58,24.12,22.14,66.69,59.88,55.16,48.24,44.28,100.03,89.83,82.75,72.36,66.42,133.37,119.77,110.33,96.48,88.56,166.71,149.71,137.91,120.6,110.71,200.06,179.65,165.49,144.72,132.85,233.4,209.6,193.07,168.84,154.99
306,5,,2.7,,,,,,,1,,,0.0,7.14,15.29,22.43,30.57,37.71,44.86,53.0,,,,,,,,,,,,,,,,,,,,,,,,,,,0.0,0.0,0.0,0.0,0.0,5.92,5.66,4.42,3.83,2.98,11.84,11.32,8.83,7.66,5.96,17.76,16.97,13.25,11.49,8.93,23.68,22.63,17.67,15.32,11.91,29.6,28.29,22.09,19.15,14.89,35.52,33.95,26.5,22.98,17.87,41.44,39.6,30.92,26.81,20.84
307,5,,2.7,,,,,,,1,,,0.0,15.45,29.9,45.34,59.79,75.24,89.69,105.14,,,,,,,,,,,,,,,,,,,,,,,,,,,0.0,0.0,0.0,0.0,0.0,12.8,12.42,10.47,9.77,8.12,25.61,24.85,20.95,19.54,16.24,38.41,37.27,31.42,29.31,24.36,51.22,49.7,41.89,39.07,32.48,64.02,62.12,52.37,48.84,40.6,76.83,74.54,62.84,58.61,48.72,89.63,86.97,73.31,68.38,56.84
308,5,,2.7,,,,,,,1,,,0.0,20.39,40.77,61.16,81.55,101.94,122.32,142.71,,,,,,,,,,,,,,,,,,,,,,,,,,,0.0,0.0,0.0,0.0,0.0,16.21,15.49,12.33,10.49,8.28,32.42,30.98,24.66,20.98,16.55,48.63,46.47,36.99,31.47,24.83,64.84,61.97,49.32,41.95,33.11,81.05,77.46,61.65,52.44,41.39,97.26,92.95,73.98,62.93,49.66,113.47,108.44,86.31,73.42,57.94
309,5,,2.7,,,,,,,1,,,0.0,36.81,72.63,109.44,145.26,182.07,217.89,254.7,,,,,,,,,,,,,,,,,,,,,,,,,,,0.0,0.0,0.0,0.0,0.0,31.89,27.68,24.28,19.24,16.74,63.79,55.36,48.55,38.47,33.48,95.68,83.04,72.83,57.71,50.21,127.57,110.72,97.1,76.95,66.95,159.47,138.4,121.38,96.19,83.69,191.36,166.08,145.65,115.42,100.43,223.25,193.76,169.93,134.66,117.17
310,5,,2.7,,,,,,,1,,,0.0,108.2,215.4,323.6,430.8,539.0,647.2,754.4,,,,,,,,,,,,,,,,,,,,,,,,,,,0.0,0.0,0.0,0.0,0.0,102.91,82.64,78.82,55.7,52.97,205.82,165.29,157.65,111.4,105.93,308.72,247.93,236.47,167.1,158.9,411.63,330.57,315.3,222.8,211.87,514.54,413.21,394.12,278.51,264.84,617.45,495.86,472.94,334.21,317.8,720.35,578.5,551.77,389.91,370.77
311,5,,2.7,,,,,,,1,,,0.0,27.98,54.96,82.93,109.91,137.89,164.87,192.84,,,,,,,,,,,,,,,,,,,,,,,,,,,0.0,0.0,0.0,0.0,0.0,24.69,23.32,20.77,18.98,16.76,49.37,46.63,41.55,37.97,33.51,74.06,69.95,62.32,56.95,50.27,98.75,93.26,83.09,75.93,67.02,123.43,116.58,103.87,94.92,83.78,148.12,139.9,124.64,113.9,100.53,172.81,163.21,145.41,132.88,117.29
312,5,,2.7,,,,,,,1,,,0.0,65.71,131.42,198.13,263.84,329.56,395.27,461.98,,,,,,,,,,,,,,,,,,,,,,,,,,,0.0,0.0,0.0,0.0,0.0,62.44,50.61,47.86,36.64,34.55,124.88,101.23,95.72,73.28,69.1,187.32,151.84,143.58,109.92,103.65,249.76,202.46,191.44,146.56,138.2,312.2,253.07,239.3,183.19,172.76,374.64,303.69,287.16,219.83,207.31,437.08,354.3,335.02,256.47,241.86
313,5,,2.7,,,,,,,1,,,0.0,4.08,8.16,13.24,17.33,21.41,25.49,29.57,,,,,,,,,,,,,,,,,,,,,,,,,,,0.0,0.0,0.0,0.0,0.0,4.02,3.36,3.17,2.05,1.9,8.03,6.72,6.35,4.1,3.81,12.05,10.08,9.52,6.16,5.71,16.07,13.44,12.7,8.21,7.62,20.08,16.8,15.87,10.26,9.52,24.1,20.16,19.04,12.31,11.43,28.12,23.52,22.22,14.37,13.33
314,5,,2.7,,,,,,,1,,,0.0,57.53,115.06,172.58,230.11,287.64,345.17,402.69,,,,,,,,,,,,,,,,,,,,,,,,,,,0.0,0.0,0.0,0.0,0.0,56.82,44.37,43.74,31.05,30.55,113.64,88.73,87.49,62.11,61.11,170.46,133.1,131.23,93.16,91.66,227.28,177.46,174.97,124.22,122.21,284.1,221.83,218.71,155.27,152.77,340.92,266.19,262.46,186.32,183.32,397.74,310.56,306.2,217.38,213.87
315,5,,2.7,,,,,,,1,,,0.0,2.12,5.24,7.37,9.49,11.61,14.73,16.86,,,,,,,,,,,,,,,,,,,,,,,,,,,0.0,0.0,0.0,0.0,0.0,1.95,2.3,1.86,2.27,1.84,3.89,4.59,3.73,4.53,3.67,5.84,6.89,5.59,6.8,5.51,7.79,9.18,7.46,9.07,7.35,9.73,11.48,9.32,11.33,9.18,11.68,13.78,11.18,13.6,11.02,13.63,16.07,13.05,15.87,12.86
316,5,,2.7,,,,,,,1,,,0.0,79.75,159.5,238.26,318.01,397.76,477.51,556.26,,,,,,,,,,,,,,,,,,,,,,,,,,,0.0,0.0,0.0,0.0,0.0,78.05,59.62,58.44,41.33,40.45,156.09,119.25,116.87,82.67,80.89,234.14,178.87,175.31,124.0,121.34,312.18,238.49,233.75,165.34,161.79,390.23,298.12,292.18,206.67,202.24,468.28,357.74,350.62,248.01,242.68,546.32,417.36,409.05,289.34,283.13
317,5,,2.7,,,,,,,1,,,0.0,10.37,19.73,30.1,40.47,49.83,60.2,70.57,,,,,,,,,,,,,,,,,,,,,,,,,,,0.0,0.0,0.0,0.0,0.0,9.48,8.13,7.64,6.25,5.87,18.96,16.26,15.27,12.51,11.73,28.44,24.39,22.91,18.76,17.6,37.91,32.52,30.55,25.01,23.47,47.39,40.65,38.18,31.27,29.34,56.87,48.78,45.82,37.52,35.2,66.35,56.92,53.46,43.77,41.07
318,5,,2.7,,,,,,,1,,,0.0,78.36,157.73,236.09,315.46,393.82,472.19,551.55,,,,,,,,,,,,,,,,,,,,,,,,,,,0.0,0.0,0.0,0.0,0.0,51.04,61.3,39.64,43.55,28.02,102.07,122.61,79.29,87.1,56.03,153.11,183.91,118.93,130.66,84.05,204.15,245.21,158.58,174.21,112.07,255.19,306.52,198.22,217.76,140.08,306.22,367.82,237.87,261.31,168.1,357.26,429.12,277.51,304.86,196.12
319,5,,2.7,,,,,,,1,,,0.0,72.02,144.04,216.06,287.07,359.09,431.11,503.13,,,,,,,,,,,,,,,,,,,,,,,,,,,0.0,0.0,0.0,0.0,0.0,41.78,54.99,31.78,38.15,21.94,83.55,109.98,63.55,76.29,43.87,125.33,164.97,95.33,114.44,65.81,167.11,219.96,127.1,152.59,87.75,208.88,274.94,158.88,190.73,109.69,250.66,329.93,190.65,228.88,131.62,292.44,384.92,222.43,267.03,153.56
320,5,,2.7,,,,,,,1,,,0.0,27.77,55.55,82.32,110.1,137.87,165.64,193.42,,,,,,,,,,,,,,,,,,,,,,,,,,,0.0,0.0,0.0,0.0,0.0,20.41,23.19,17.04,18.5,13.47,40.83,46.38,34.08,37.0,26.94,61.24,69.56,51.12,55.5,40.41,81.66,92.75,68.16,74.0,53.88,102.07,115.94,85.19,92.5,67.35,122.49,139.13,102.23,111.0,80.82,142.9,162.31,119.27,129.5,94.29
321,5,,2.7,,,,,,,1,,,0.0,21.31,42.61,62.92,84.22,105.53,126.83,148.14,,,,,,,,,,,,,,,,,,,,,,,,,,,0.0,0.0,0.0,0.0,0.0,11.13,16.11,8.35,11.28,5.77,22.26,32.21,16.7,22.55,11.55,33.38,48.32,25.05,33.83,17.32,44.51,64.43,33.4,45.11,23.09,55.64,80.54,41.75,56.38,28.87,66.77,96.64,50.1,67.66,34.64,77.89,112.75,58.45,78.94,40.41
322,5,,2.7,,,,,,,1,,,0.0,109.87,218.75,328.62,437.5,547.37,656.24,766.12,,,,,,,,,,,,,,,,,,,,,,,,,,,0.0,0.0,0.0,0.0,0.0,87.36,85.06,67.71,59.51,46.97,174.72,170.13,135.42,119.01,93.95,262.08,255.19,203.13,178.52,140.92,349.45,340.26,270.84,238.03,187.9,436.81,425.32,338.55,297.53,234.87,524.17,510.39,406.26,357.04,281.85,611.53,595.45,473.97,416.54,328.82
323,5,,2.7,,,,,,,1,,,0.0,61.47,121.93,183.4,244.87,305.33,366.8,428.27,,,,,,,,,,,,,,,,,,,,,,,,,,,0.0,0.0,0.0,0.0,0.0,46.75,48.34,36.8,34.68,26.34,93.49,96.68,73.6,69.36,52.68,140.24,145.02,110.4,104.04,79.02,186.99,193.36,147.2,138.72,105.36,233.73,241.7,184.0,173.41,131.7,280.48,290.04,220.81,208.09,158.04,327.23,338.38,257.61,242.77,184.39
324,5,,2.7,,,,,,,1,,,0.0,26.41,53.81,80.22,106.63,134.04,160.44,187.85,,,,,,,,,,,,,,,,,,,,,,,,,,,0.0,0.0,0.0,0.0,0.0,23.07,20.31,17.44,14.0,11.97,46.15,40.62,34.87,28.01,23.95,69.22,60.94,52.31,42.01,35.92,92.29,81.25,69.74,56.01,47.89,115.36,101.56,87.18,70.01,59.87,138.44,121.87,104.61,84.02,71.84,161.51,142.18,122.05,98.02,83.81
325,5,,2.7,,,,,,,1,,,0.0,36.22,71.44,107.67,142.89,179.11,214.33,250.56,,,,,,,,,,,,,,,,,,,,,,,,,,,0.0,0.0,0.0,0.0,0.0,31.27,29.83,25.96,24.05,20.78,62.53,59.67,51.92,48.11,41.56,93.8,89.5,77.88,72.16,62.34,125.07,119.34,103.83,96.21,83.12,156.33,149.17,129.79,120.27,103.9,187.6,179.01,155.75,144.32,124.68,218.87,208.84,181.71,168.38,145.46
326,5,,2.7,,,,,,,1,,,0.0,4.06,8.12,12.18,16.24,21.31,25.37,29.43,,,,,,,,,,,,,,,,,,,,,,,,,,,0.0,0.0,0.0,0.0,0.0,3.62,3.23,2.81,2.22,1.9,7.24,6.46,5.62,4.43,3.8,10.86,9.7,8.44,6.65,5.7,14.48,12.93,11.25,8.86,7.59,18.1,16.16,14.06,11.08,9.49,21.72,19.39,16.87,13.29,11.39,25.34,22.62,19.68,15.51,13.29
327,5,,2.7,,,,,,,1,,,0.0,15.43,30.86,47.28,62.71,78.14,93.57,108.99,,,,,,,,,,,,,,,,,,,,,,,,,,,0.0,0.0,0.0,0.0,0.0,13.96,12.44,11.05,8.45,7.43,27.93,24.88,22.11,16.9,14.86,41.89,37.32,33.16,25.36,22.28,55.85,49.76,44.22,33.81,29.71,69.82,62.21,55.27,42.26,37.14,83.78,74.65,66.33,50.71,44.57,97.74,87.09,77.38,59.17,51.99
328,5,,2.7,,,,,,,1,,,0.0,26.53,53.06,78.59,105.12,131.65,158.18,183.71,,,,,,,,,,,,,,,,,,,,,,,,,,,0.0,0.0,0.0,0.0,0.0,22.93,20.27,17.57,14.6,12.6,45.86,40.54,35.15,29.19,25.19,68.79,60.81,52.72,43.79,37.79,91.72,81.07,70.3,58.38,50.39,114.65,101.34,87.87,72.98,62.99,137.57,121.61,105.44,87.58,75.58,160.5,141.88,123.02,102.17,88.18
329,5,,2.7,,,,,,,1,,,0.0,6.24,11.49,17.73,22.98,29.22,35.47,40.71,,,,,,,,,,,,,,,,,,,,,,,,,,,0.0,0.0,0.0,0.0,0.0,5.32,4.89,4.41,3.98,3.55,10.64,9.79,8.82,7.95,7.1,15.96,14.68,13.23,11.93,10.66,21.29,19.58,17.65,15.9,14.21,26.61,24.47,22.06,19.88,17.76,31.93,29.37,26.47,23.85,21.31,37.25,34.26,30.88,27.83,24.87
365,0,,1.0,,2.0,0.1,,0.0,0.0,1,0.0,78.125,0.0099,0.0099,0.0099,0.0099,0.0099,0.0099,0.0099,0.0099,,,,,,,,,,,,,,,,,,,,,,,,,,,,,,,,,,,,,,,,,,,,,,,,,,,,,,,,,,,,,,,,,,
366,0,,1.0,,2.0,0.1,,0.0,0.0,1,0.0,78.125,0.038,0.038,0.038,0.038,0.038,0.038,0.038,0.038,,,,,,,,,,,,,,,,,,,,,,,,,,,,,,,,,,,,,,,,,,,,,,,,,,,,,,,,,,,,,,,,,,
367,0,,1.0,,2.0,0.1,,0.0,0.0,1,0.0,78.125,0.03,0.03,0.03,0.03,0.03,0.03,0.03,0.03,,,,,,,,,,,,,,,,,,,,,,,,,,,,,,,,,,,,,,,,,,,,,,,,,,,,,,,,,,,,,,,,,,
368,0,,1.0,,2.0,0.1,,0.0,0.0,1,0.0,78.125,0.0609,0.0609,0.0609,0.0609,0.0609,0.0609,0.0609,0.0609,,,,,,,,,,,,,,,,,,,,,,,,,,,,,,,,,,,,,,,,,,,,,,,,,,,,,,,,,,,,,,,,,,
369,0,,1.0,,2.0,0.1,,0.0,0.0,1,0.0,78.125,0.0902,0.0902,0.0902,0.0902,0.0902,0.0902,0.0902,0.0902,,,,,,,,,,,,,,,,,,,,,,,,,,,,,,,,,,,,,,,,,,,,,,,,,,,,,,,,,,,,,,,,,,
370,0,,1.0,,2.0,0.1,,0.0,0.0,1,0.0,78.125,0.0396,0.0396,0.0396,0.0396,0.0396,0.0396,0.0396,0.0396,,,,,,,,,,,,,,,,,,,,,,,,,,,,,,,,,,,,,,,,,,,,,,,,,,,,,,,,,,,,,,,,,,
371,0,,1.0,,2.0,0.1,,0.0,0.0,1,0.0,78.125,0.0663,0.0663,0.0663,0.0663,0.0663,0.0663,0.0663,0.0663,,,,,,,,,,,,,,,,,,,,,,,,,,,,,,,,,,,,,,,,,,,,,,,,,,,,,,,,,,,,,,,,,,
372,0,,1.0,,2.0,0.1,,0.0,0.0,1,0.0,78.125,0.003,0.003,0.003,0.003,0.003,0.003,0.003,0.003,,,,,,,,,,,,,,,,,,,,,,,,,,,,,,,,,,,,,,,,,,,,,,,,,,,,,,,,,,,,,,,,,,
373,0,,1.0,,2.0,0.1,,0.0,0.0,1,0.0,78.125,0.0822,0.0822,0.0822,0.0822,0.0822,0.0822,0.0822,0.0822,,,,,,,,,,,,,,,,,,,,,,,,,,,,,,,,,,,,,,,,,,,,,,,,,,,,,,,,,,,,,,,,,,
374,0,,1.0,,2.0,0.1,,0.0,0.0,1,0.0,78.125,0.0062,0.0062,0.0062,0.0062,0.0062,0.0062,0.0062,0.0062,,,,,,,,,,,,,,,,,,,,,,,,,,,,,,,,,,,,,,,,,,,,,,,,,,,,,,,,,,,,,,,,,,
375,0,,1.0,,2.0,0.1,,0.0,0.0,1,0.0,78.125,0.0986,0.0986,0.0986,0.0986,0.0986,0.0986,0.0986,0.0986,,,,,,,,,,,,,,,,,,,,,,,,,,,,,,,,,,,,,,,,,,,,,,,,,,,,,,,,,,,,,,,,,,
376,0,,1.0,,2.0,0.1,,0.0,0.0,1,0.0,78.125,0.0201,0.0201,0.0201,0.0201,0.0201,0.0201,0.0201,0.0201,,,,,,,,,,,,,,,,,,,,,,,,,,,,,,,,,,,,,,,,,,,,,,,,,,,,,,,,,,,,,,,,,,
377,0,,1.0,,2.0,0.1,,0.0,0.0,1,0.0,78.125,0.0791,0.0791,0.0791,0.0791,0.0791,0.0791,0.0791,0.0791,,,,,,,,,,,,,,,,,,,,,,,,,,,,,,,,,,,,,,,,,,,,,,,,,,,,,,,,,,,,,,,,,,
378,0,,1.0,,2.0,0.1,,0.0,0.0,1,0.0,78.125,0.063,0.063,0.063,0.063,0.063,0.063,0.063,0.063,,,,,,,,,,,,,,,,,,,,,,,,,,,,,,,,,,,,,,,,,,,,,,,,,,,,,,,,,,,,,,,,,,
379,0,,1.0,,2.0,0.1,,0.0,0.0,1,0.0,78.125,0.0416,0.0416,0.0416,0.0416,0.0416,0.0416,0.0416,0.0416,,,,,,,,,,,,,,,,,,,,,,,,,,,,,,,,,,,,,,,,,,,,,,,,,,,,,,,,,,,,,,,,,,
380,0,,1.0,,2.0,0.1,,0.0,0.0,1,0.0,78.125,0.0166,0.0166,0.0166,0.0166,0.0166,0.0166,0.0166,0.0166,,,,,,,,,,,,,,,,,,,,,,,,,,,,,,,,,,,,,,,,,,,,,,,,,,,,,,,,,,,,,,,,,,
381,0,,1.0,,2.0,0.1,,0.0,0.0,1,0.0,78.125,0.0691,0.0691,0.0691,0.0691,0.0691,0.0691,0.0691,0.0691,,,,,,,,,,,,,,,,,,,,,,,,,,,,,,,,,,,,,,,,,,,,,,,,,,,,,,,,,,,,,,,,,,
382,0,,1.0,,2.0,0.1,,0.0,0.0,1,0.0,78.125,0.0471,0.0471,0.0471,0.0471,0.0471,0.0471,0.0471,0.0471,,,,,,,,,,,,,,,,,,,,,,,,,,,,,,,,,,,,,,,,,,,,,,,,,,,,,,,,,,,,,,,,,,
383,0,,1.0,,2.0,0.1,,0.0,0.0,1,0.0,78.125,0.0151,0.0151,0.0151,0.0151,0.0151,0.0151,0.0151,0.0151,,,,,,,,,,,,,,,,,,,,,,,,,,,,,,,,,,,,,,,,,,,,,,,,,,,,,,,,,,,,,,,,,,
384,0,,1.0,,2.0,0.1,,0.0,0.0,1,0.0,78.125,0.0383,0.0383,0.0383,0.0383,0.0383,0.0383,0.0383,0.0383,,,,,,,,,,,,,,,,,,,,,,,,,,,,,,,,,,,,,,,,,,,,,,,,,,,,,,,,,,,,,,,,,,
385,0,,1.0,,2.0,0.1,,0.0,0.0,1,0.0,78.125,0.0055,0.0055,0.0055,0.0055,0.0055,0.0055,0.0055,0.0055,,,,,,,,,,,,,,,,,,,,,,,,,,,,,,,,,,,,,,,,,,,,,,,,,,,,,,,,,,,,,,,,,,
386,0,,1.0,,2.0,0.1,,0.0,0.0,1,0.0,78.125,0.0267,0.0267,0.0267,0.0267,0.0267,0.0267,0.0267,0.0267,,,,,,,,,,,,,,,,,,,,,,,,,,,,,,,,,,,,,,,,,,,,,,,,,,,,,,,,,,,,,,,,,,
387,0,,1.0,,2.0,0.1,,0.0,0.0,1,0.0,78.125,0.0386,0.0386,0.0386,0.0386,0.0386,0.0386,0.0386,0.0386,,,,,,,,,,,,,,,,,,,,,,,,,,,,,,,,,,,,,,,,,,,,,,,,,,,,,,,,,,,,,,,,,,
388,0,,1.0,,2.0,0.1,,0.0,0.0,1,0.0,78.125,0.0144,0.0144,0.0144,0.0144,0.0144,0.0144,0.0144,0.0144,,,,,,,,,,,,,,,,,,,,,,,,,,,,,,,,,,,,,,,,,,,,,,,,,,,,,,,,,,,,,,,,,,
389,4,,1.0,,0.0,0.0,,0.0,0.0,1,,,1.0,34.31,68.63,102.94,137.26,171.57,205.88,240.2,,,,,,,,,,,,,,,,,,,,,,,,,,,,0.0,,0.0,,,25.66,,17.26,,,51.31,,34.52,,,76.97,,51.77,,,102.63,,69.03,,,128.28,,86.29,,,153.94,,103.55,,,179.6,,120.8,
390,4,,1.0,,0.0,0.0,,0.0,0.0,1,,,1.0,86.93,174.86,261.79,349.72,436.65,524.58,611.5,,,,,,,,,,,,,,,,,,,,,,,,,,,,0.0,,0.0,,,72.0,,56.24,,,143.99,,112.48,,,215.99,,168.71,,,287.99,,224.95,,,359.98,,281.19,,,431.98,,337.43,,,503.97,,393.67,
391,4,,1.0,,0.0,0.0,,0.0,0.0,1,,,1.0,109.82,219.64,329.46,439.28,549.1,658.92,768.73,,,,,,,,,,,,,,,,,,,,,,,,,,,,0.0,,0.0,,,83.31,,55.99,,,166.62,,111.98,,,249.93,,167.96,,,333.24,,223.95,,,416.55,,279.94,,,499.86,,335.93,,,583.17,,391.92,
392,4,,1.0,,0.0,0.0,,0.0,0.0,1,,,1.0,215.69,431.37,647.06,862.75,1077.44,1293.12,1508.81,,,,,,,,,,,,,,,,,,,,,,,,,,,,0.0,,0.0,,,163.36,,112.55,,,326.72,,225.11,,,490.08,,337.66,,,653.44,,450.21,,,816.8,,562.77,,,980.16,,675.32,,,1143.52,,787.87,
393,4,,1.0,,0.0,0.0,,0.0,0.0,1,,,1.0,656.58,1313.17,1970.75,2627.33,3283.92,3940.5,4597.09,,,,,,,,,,,,,,,,,,,,,,,,,,,,0.0,,0.0,,,501.34,,334.97,,,1002.69,,669.94,,,1504.03,,1004.92,,,2005.38,,1339.89,,,2506.72,,1674.86,,,3008.07,,2009.83,,,3509.41,,2344.8,
394,4,,1.0,,0.0,0.0,,0.0,0.0,1,,,1.0,167.0,333.0,500.0,667.0,833.01,1000.01,1166.01,,,,,,,,,,,,,,,,,,,,,,,,,,,,0.0,,0.0,,,140.45,,113.6,,,280.91,,227.2,,,421.36,,340.8,,,561.82,,454.4,,,702.27,,568.0,,,842.73,,681.6,,,983.18,,795.2,
395,4,,1.0,,0.0,0.0,,0.0,0.0,1,,,1.0,406.49,813.98,1220.48,1627.97,2034.46,2440.95,2848.45,,,,,,,,,,,,,,,,,,,,,,,,,,,,0.0,,0.0,,,310.64,,222.86,,,621.27,,445.72,,,931.91,,668.58,,,1242.54,,891.44,,,1553.18,,1114.3,,,1863.81,,1337.15,,,2174.45,,1560.01,
396,4,,1.0,,0.0,0.0,,0.0,0.0,1,,,1.0,18.19,36.37,54.56,72.74,90.93,109.11,127.3,,,,,,,,,,,,,,,,,,,,,,,,,,,,0.0,,0.0,,,14.37,,8.71,,,28.75,,17.42,,,43.12,,26.14,,,57.49,,34.85,,,71.86,,43.56,,,86.24,,52.27,,,100.61,,60.99,
397,4,,1.0,,0.0,0.0,,0.0,0.0,1,,,1.0,393.09,786.18,1178.26,1571.35,1964.44,2357.53,2749.62,,,,,,,,,,,,,,,,,,,,,,,,,,,,0.0,,0.0,,,300.93,,208.38,,,601.85,,416.76,,,902.78,,625.13,,,1203.7,,833.51,,,1504.63,,1041.89,,,1805.56,,1250.27,,,2106.48,,1458.65,
398,4,,1.0,,0.0,0.0,,0.0,0.0,1,,,1.0,15.25,29.5,44.74,59.99,74.24,89.49,104.73,,,,,,,,,,,,,,,,,,,,,,,,,,,,0.0,,0.0,,,14.36,,14.18,,,28.73,,28.35,,,43.09,,42.53,,,57.46,,56.7,,,71.82,,70.88,,,86.19,,85.05,,,100.55,,99.23,
399,4,,1.0,,0.0,0.0,,0.0,0.0,1,,,1.0,500.63,1001.27,1501.9,2002.54,2503.17,3002.8,3503.44,,,,,,,,,,,,,,,,,,,,,,,,,,,,0.0,,0.0,,,373.38,,256.53,,,746.75,,513.06,,,1120.13,,769.59,,,1493.51,,1026.12,,,1866.89,,1282.66,,,2240.26,,1539.19,,,2613.64,,1795.72,
400,4,,1.0,,0.0,0.0,,0.0,0.0,1,,,1.0,61.74,124.48,186.22,247.96,310.7,372.44,434.18,,,,,,,,,,,,,,,,,,,,,,,,,,,,0.0,,0.0,,,49.84,,37.97,,,99.67,,75.93,,,149.51,,113.9,,,199.35,,151.86,,,249.18,,189.83,,,299.02,,227.79,,,348.86,,265.76,
401,4,,1.0,,0.0,0.0,,0.0,0.0,1,,,1.0,471.83,943.66,1415.49,1888.31,2360.14,2831.97,3303.8,,,,,,,,,,,,,,,,,,,,,,,,,,,,0.0,,0.0,,,366.15,,258.55,,,732.3,,517.1,,,1098.46,,775.65,,,1464.61,,1034.2,,,1830.76,,1292.75,,,2196.91,,1551.3,,,2563.06,,1809.85,
402,4,,1.0,,0.0,0.0,,0.0,0.0,1,,,1.0,405.15,810.29,1214.44,1619.59,2024.74,2429.88,2835.03,,,,,,,,,,,,,,,,,,,,,,,,,,,,0.0,,0.0,,,308.95,,213.21,,,617.9,,426.42,,,926.86,,639.63,,,1235.81,,852.83,,,1544.76,,1066.04,,,1853.71,,1279.25,,,2162.66,,1492.46,
403,4,,1.0,,0.0,0.0,,0.0,0.0,1,,,1.0,156.61,314.22,470.83,628.44,785.05,942.66,1099.28,,,,,,,,,,,,,,,,,,,,,,,,,,,,0.0,,0.0,,,131.59,,104.4,,,263.17,,208.81,,,394.76,,313.21,,,526.35,,417.61,,,657.93,,522.01,,,789.52,,626.42,,,921.11,,730.82,
404,4,,1.0,,0.0,0.0,,0.0,0.0,1,,,1.0,101.67,203.33,305.0,406.66,508.33,609.99,711.66,,,,,,,,,,,,,,,,,,,,,,,,,,,,0.0,,0.0,,,77.31,,53.88,,,154.63,,107.76,,,231.94,,161.65,,,309.25,,215.53,,,386.57,,269.41,,,463.88,,323.29,,,541.19,,377.18,
405,4,,1.0,,0.0,0.0,,0.0,0.0,1,,,1.0,676.89,1353.79,2029.68,2706.57,3383.47,4060.36,4736.25,,,,,,,,,,,,,,,,,,,,,,,,,,,,0.0,,0.0,,,524.24,,364.38,,,1048.48,,728.75,,,1572.72,,1093.13,,,2096.96,,1457.51,,,2621.2,,1821.88,,,3145.44,,2186.26,,,3669.68,,2550.64,
406,4,,1.0,,0.0,0.0,,0.0,0.0,1,,,1.0,378.0,756.99,1134.99,1512.98,1890.98,2269.98,2647.97,,,,,,,,,,,,,,,,,,,,,,,,,,,,0.0,,0.0,,,297.79,,211.89,,,595.57,,423.77,,,893.36,,635.66,,,1191.15,,847.54,,,1488.94,,1059.43,,,1786.72,,1271.31,,,2084.51,,1483.2,
407,4,,1.0,,0.0,0.0,,0.0,0.0,1,,,1.0,154.86,309.71,464.57,620.42,775.28,930.13,1084.99,,,,,,,,,,,,,,,,,,,,,,,,,,,,0.0,,0.0,,,117.18,,80.31,,,234.36,,160.62,,,351.55,,240.93,,,468.73,,321.23,,,585.91,,401.54,,,703.09,,481.85,,,820.27,,562.16,
408,4,,1.0,,0.0,0.0,,0.0,0.0,1,,,1.0,214.51,429.03,643.54,858.06,1072.57,1287.09,1501.6,,,,,,,,,,,,,,,,,,,,,,,,,,,,0.0,,0.0,,,178.23,,142.73,,,356.46,,285.46,,,534.69,,428.19,,,712.93,,570.92,,,891.16,,713.65,,,1069.39,,856.38,,,1247.62,,999.11,
409,4,,1.0,,0.0,0.0,,0.0,0.0,1,,,1.0,25.13,51.26,76.38,102.51,127.64,152.77,178.89,,,,,,,,,,,,,,,,,,,,,,,,,,,,0.0,,0.0,,,19.72,,13.44,,,39.43,,26.87,,,59.15,,40.31,,,78.87,,53.75,,,98.59,,67.18,,,118.3,,80.62,,,138.02,,94.05,
410,4,,1.0,,0.0,0.0,,0.0,0.0,1,,,1.0,106.87,213.73,319.6,426.47,533.34,640.2,746.07,,,,,,,,,,,,,,,,,,,,,,,,,,,,0.0,,0.0,,,84.47,,56.71,,,168.94,,113.42,,,253.42,,170.14,,,337.89,,226.85,,,422.36,,283.56,,,506.83,,340.27,,,591.31,,396.99,
411,4,,1.0,,0.0,0.0,,0.0,0.0,1,,,1.0,165.1,331.2,496.3,661.39,826.49,992.59,1157.69,,,,,,,,,,,,,,,,,,,,,,,,,,,,0.0,,0.0,,,126.88,,90.73,,,253.75,,181.46,,,380.63,,272.19,,,507.51,,362.92,,,634.39,,453.66,,,761.26,,544.39,,,888.14,,635.12,
412,4,,1.0,,0.0,0.0,,0.0,0.0,1,,,1.0,36.5,72.0,108.49,143.99,180.49,215.99,252.49,,,,,,,,,,,,,,,,,,,,,,,,,,,,0.0,,0.0,,,29.94,,24.12,,,59.88,,48.24,,,89.83,,72.36,,,119.77,,96.48,,,149.71,,120.6,,,179.65,,144.72,,,209.6,,168.84,
