hy,price_pf_id,value
0.0,15,43.43
0.0,16,18.29
0.0,17,51.93
1.0,15,38.08
1.0,16,16.04
1.0,17,48.76
2.0,15,35.47
2.0,16,14.6
2.0,17,42.27
3.0,15,30.83
3.0,16,14.95
3.0,17,38.41
4.0,15,28.26
4.0,16,14.5
4.0,17,35.72
5.0,15,25.36
5.0,16,10.76
5.0,17,32.66
6.0,15,26.93
6.0,16,12.01
6.0,17,32.83
7.0,15,24.95
7.0,16,12.39
7.0,17,30.06
8.0,15,26.71
8.0,16,14.04
8.0,17,29.24
9.0,15,30.04
9.0,16,14.68
9.0,17,37.54
10.0,15,31.77
10.0,16,16.08
10.0,17,41.19
11.0,15,35.09
11.0,16,16.08
11.0,17,44.69
12.0,15,35.39
12.0,16,16.05
12.0,17,39.77
13.0,15,31.47
13.0,16,16.04
13.0,17,33.29
14.0,15,29.08
14.0,16,16.1
14.0,17,32.47
15.0,15,31.03
15.0,16,23.93
15.0,17,34.73
16.0,15,39.09
16.0,16,26.9
16.0,17,40.95
17.0,15,47.82
17.0,16,26.36
17.0,17,51.25
18.0,15,50.75
18.0,16,23.98
18.0,17,52.55
19.0,15,49.3
19.0,16,16.09
19.0,17,49.55
20.0,15,48.24
20.0,16,14.08
20.0,17,46.31
21.0,15,49.04
21.0,16,12.44
21.0,17,48.75
22.0,15,46.14
22.0,16,0.04
22.0,17,47.59
23.0,15,42.29
23.0,16,-12.11
23.0,17,38.8
24.0,15,38.1
24.0,16,-19.63
24.0,17,36.73
25.0,15,38.03
25.0,16,-19.37
25.0,17,33.52
26.0,15,32.06
26.0,16,-31.41
26.0,17,27.5
27.0,15,27.66
27.0,16,-46.97
27.0,17,22.84
28.0,15,28.0
28.0,16,-13.48
28.0,17,26.1
29.0,15,33.44
29.0,16,0.08
29.0,17,27.17
30.0,15,37.1
30.0,16,10.06
30.0,17,33.33
31.0,15,39.34
31.0,16,14.25
31.0,17,42.06
32.0,15,41.82
32.0,16,14.56
32.0,17,46.13
33.0,15,42.19
33.0,16,14.64
33.0,17,44.05
34.0,15,43.0
34.0,16,15.08
34.0,17,45.3
35.0,15,44.02
35.0,16,15.41
35.0,17,48.64
36.0,15,42.48
36.0,16,14.52
36.0,17,44.87
37.0,15,39.12
37.0,16,14.7
37.0,17,41.0
38.0,15,38.05
38.0,16,14.66
38.0,17,39.78
39.0,15,39.49
39.0,16,16.09
39.0,17,39.73
40.0,15,47.91
40.0,16,25.1
40.0,17,50.24
41.0,15,52.88
41.0,16,25.06
41.0,17,54.1
42.0,15,52.96
42.0,16,19.08
42.0,17,53.13
43.0,15,49.91
43.0,16,14.26
43.0,17,48.81
44.0,15,48.93
44.0,16,12.22
44.0,17,42.99
45.0,15,50.0
45.0,16,10.4
45.0,17,48.76
46.0,15,49.86
46.0,16,-0.33
46.0,17,48.45
47.0,15,39.48
47.0,16,-0.08
47.0,17,46.97
48.0,15,37.01
48.0,16,-0.07
48.0,17,43.27
49.0,15,35.61
49.0,16,-5.03
49.0,17,41.76
50.0,15,29.28
50.0,16,0.01
50.0,17,37.54
51.0,15,26.24
51.0,16,-0.04
51.0,17,32.99
52.0,15,25.82
52.0,16,0.03
52.0,17,31.24
53.0,15,26.75
53.0,16,-8.67
53.0,17,36.71
54.0,15,30.84
54.0,16,4.46
54.0,17,39.47
55.0,15,35.78
55.0,16,9.9
55.0,17,44.51
56.0,15,37.2
56.0,16,14.29
56.0,17,44.45
57.0,15,36.44
57.0,16,16.73
57.0,17,45.01
58.0,15,36.74
58.0,16,22.31
58.0,17,45.36
59.0,15,37.07
59.0,16,23.03
59.0,17,45.6
60.0,15,37.0
60.0,16,22.4
60.0,17,43.4
61.0,15,33.76
61.0,16,27.07
61.0,17,39.6
62.0,15,31.07
62.0,16,29.33
62.0,17,35.48
63.0,15,31.48
63.0,16,33.85
63.0,17,33.85
64.0,15,40.09
64.0,16,45.96
64.0,17,45.96
65.0,15,46.36
65.0,16,49.82
65.0,17,49.82
66.0,15,48.95
66.0,16,47.62
66.0,17,47.62
67.0,15,48.04
67.0,16,35.98
67.0,17,43.79
68.0,15,46.0
68.0,16,27.26
68.0,17,42.44
69.0,15,43.66
69.0,16,27.7
69.0,17,42.03
70.0,15,37.48
70.0,16,14.27
70.0,17,40.91
71.0,15,36.41
71.0,16,9.32
71.0,17,36.26
72.0,15,31.46
72.0,16,0.02
72.0,17,32.28
73.0,15,24.97
73.0,16,-0.04
73.0,17,27.63
74.0,15,14.42
74.0,16,0.01
74.0,17,23.94
75.0,15,11.03
75.0,16,0.0
75.0,17,15.69
76.0,15,13.77
76.0,16,-0.01
76.0,17,18.14
77.0,15,16.44
77.0,16,-3.18
77.0,17,20.03
78.0,15,17.79
78.0,16,-0.05
78.0,17,19.23
79.0,15,18.86
79.0,16,0.05
79.0,17,27.31
80.0,15,28.83
80.0,16,9.62
80.0,17,34.54
81.0,15,33.02
81.0,16,11.54
81.0,17,36.7
82.0,15,35.64
82.0,16,14.68
82.0,17,37.14
83.0,15,37.3
83.0,16,14.31
83.0,17,42.55
84.0,15,35.41
84.0,16,11.18
84.0,17,38.34
85.0,15,30.34
85.0,16,12.01
85.0,17,32.68
86.0,15,26.52
86.0,16,14.36
86.0,17,25.25
87.0,15,26.51
87.0,16,17.55
87.0,17,30.43
88.0,15,42.98
88.0,16,28.94
88.0,17,43.04
89.0,15,49.85
89.0,16,29.59
89.0,17,54.35
90.0,15,48.61
90.0,16,29.42
90.0,17,51.57
91.0,15,48.14
91.0,16,28.92
91.0,17,49.99
92.0,15,43.99
92.0,16,28.66
92.0,17,41.18
93.0,15,46.03
93.0,16,29.74
93.0,17,44.79
94.0,15,43.04
94.0,16,24.9
94.0,17,42.96
95.0,15,37.8
95.0,16,22.34
95.0,17,36.56
96.0,15,34.09
96.0,16,17.93
96.0,17,34.94
97.0,15,31.89
97.0,16,15.17
97.0,17,32.19
98.0,15,28.5
98.0,16,16.38
98.0,17,23.53
99.0,15,27.23
99.0,16,17.38
99.0,17,22.92
100.0,15,32.26
100.0,16,16.38
100.0,17,34.26
101.0,15,43.72
101.0,16,26.61
101.0,17,44.28
102.0,15,49.94
102.0,16,37.63
102.0,17,50.38
103.0,15,51.98
103.0,16,39.09
103.0,17,53.79
104.0,15,53.0
104.0,16,41.51
104.0,17,52.03
105.0,15,52.71
105.0,16,40.46
105.0,17,50.6
106.0,15,52.35
106.0,16,40.97
106.0,17,50.5
107.0,15,52.02
107.0,16,40.72
107.0,17,48.45
108.0,15,50.4
108.0,16,41.92
108.0,17,44.54
109.0,15,50.55
109.0,16,42.0
109.0,17,42.0
110.0,15,49.46
110.0,16,43.1
110.0,17,43.1
111.0,15,50.79
111.0,16,46.7
111.0,17,46.7
112.0,15,58.08
112.0,16,56.78
112.0,17,56.78
113.0,15,64.63
113.0,16,58.84
113.0,17,58.84
114.0,15,61.17
114.0,16,49.23
114.0,17,53.6
115.0,15,54.19
115.0,16,44.32
115.0,17,46.9
116.0,15,51.16
116.0,16,40.0
116.0,17,44.58
117.0,15,50.64
117.0,16,35.08
117.0,17,48.7
118.0,15,48.78
118.0,16,30.03
118.0,17,46.06
119.0,15,43.4
119.0,16,30.02
119.0,17,45.56
120.0,15,39.86
120.0,16,30.57
120.0,17,40.28
121.0,15,38.04
121.0,16,30.25
121.0,17,39.2
122.0,15,33.14
122.0,16,30.29
122.0,17,36.22
123.0,15,30.21
123.0,16,30.63
123.0,17,34.04
124.0,15,35.88
124.0,16,29.64
124.0,17,38.58
125.0,15,41.41
125.0,16,29.67
125.0,17,43.32
126.0,15,50.67
126.0,16,38.82
126.0,17,50.0
127.0,15,50.26
127.0,16,40.76
127.0,17,49.53
128.0,15,49.79
128.0,16,40.02
128.0,17,50.87
129.0,15,48.34
129.0,16,33.99
129.0,17,50.86
130.0,15,47.43
130.0,16,31.22
130.0,17,50.17
131.0,15,46.26
131.0,16,30.06
131.0,17,47.97
132.0,15,44.25
132.0,16,29.99
132.0,17,45.2
133.0,15,43.79
133.0,16,30.73
133.0,17,41.45
134.0,15,43.94
134.0,16,37.38
134.0,17,40.08
135.0,15,47.01
135.0,16,40.32
135.0,17,43.62
136.0,15,52.45
136.0,16,45.96
136.0,17,48.55
137.0,15,54.26
137.0,16,45.71
137.0,17,52.32
138.0,15,52.98
138.0,16,39.57
138.0,17,53.1
139.0,15,49.96
139.0,16,32.92
139.0,17,48.78
140.0,15,47.92
140.0,16,29.15
140.0,17,43.91
141.0,15,48.94
141.0,16,28.46
141.0,17,44.58
142.0,15,47.98
142.0,16,26.97
142.0,17,45.73
143.0,15,43.5
143.0,16,24.97
143.0,17,40.0
144.0,15,39.46
144.0,16,24.65
144.0,17,36.69
145.0,15,37.08
145.0,16,24.68
145.0,17,37.45
146.0,15,35.06
146.0,16,25.06
146.0,17,32.08
147.0,15,33.69
147.0,16,26.1
147.0,17,29.48
148.0,15,38.02
148.0,16,26.95
148.0,17,34.94
149.0,15,47.98
149.0,16,31.43
149.0,17,41.74
150.0,15,52.41
150.0,16,45.98
150.0,17,49.17
151.0,15,53.9
151.0,16,47.91
151.0,17,54.44
152.0,15,54.95
152.0,16,48.91
152.0,17,50.99
153.0,15,54.22
153.0,16,50.0
153.0,17,50.0
154.0,15,53.76
154.0,16,51.22
154.0,17,51.22
155.0,15,51.98
155.0,16,50.15
155.0,17,50.15
156.0,15,50.42
156.0,16,51.46
156.0,17,51.46
157.0,15,48.95
157.0,16,50.88
157.0,17,50.88
158.0,15,48.92
158.0,16,48.0
158.0,17,48.0
159.0,15,49.79
159.0,16,47.14
159.0,17,47.14
160.0,15,52.85
160.0,16,51.07
160.0,17,51.07
161.0,15,55.86
161.0,16,47.42
161.0,17,52.46
162.0,15,54.04
162.0,16,44.83
162.0,17,48.78
163.0,15,50.3
163.0,16,33.86
163.0,17,47.45
164.0,15,46.47
164.0,16,27.42
164.0,17,42.02
165.0,15,47.86
165.0,16,27.02
165.0,17,45.57
166.0,15,45.55
166.0,16,22.11
166.0,17,45.6
167.0,15,44.19
167.0,16,21.92
167.0,17,43.88
168.0,15,42.18
168.0,16,19.35
168.0,17,35.65
169.0,15,41.09
169.0,16,16.11
169.0,17,35.87
170.0,15,40.98
170.0,16,14.93
170.0,17,30.17
171.0,15,39.18
171.0,16,15.0
171.0,17,24.54
172.0,15,44.2
172.0,16,19.04
172.0,17,32.0
173.0,15,47.02
173.0,16,26.17
173.0,17,40.96
174.0,15,49.44
174.0,16,38.34
174.0,17,49.53
175.0,15,49.99
175.0,16,37.7
175.0,17,48.07
176.0,15,49.43
176.0,16,32.99
176.0,17,48.75
177.0,15,48.76
177.0,16,31.95
177.0,17,49.29
178.0,15,48.04
178.0,16,33.59
178.0,17,49.33
179.0,15,48.09
179.0,16,34.37
179.0,17,48.43
180.0,15,48.35
180.0,16,35.08
180.0,17,47.21
181.0,15,48.41
181.0,16,34.45
181.0,17,43.47
182.0,15,48.42
182.0,16,38.12
182.0,17,38.27
183.0,15,48.47
183.0,16,32.47
183.0,17,41.07
184.0,15,48.1
184.0,16,36.49
184.0,17,47.97
185.0,15,47.42
185.0,16,31.82
185.0,17,51.25
186.0,15,46.75
186.0,16,32.93
186.0,17,50.31
187.0,15,46.69
187.0,16,29.44
187.0,17,47.97
188.0,15,46.31
188.0,16,28.62
188.0,17,40.5
189.0,15,46.91
189.0,16,26.71
189.0,17,43.8
190.0,15,41.0
190.0,16,15.93
190.0,17,44.05
191.0,15,42.44
191.0,16,11.55
191.0,17,32.06
192.0,15,41.31
192.0,16,13.47
192.0,17,29.71
193.0,15,41.98
193.0,16,11.23
193.0,17,28.53
194.0,15,41.06
194.0,16,9.37
194.0,17,23.75
195.0,15,41.07
195.0,16,10.33
195.0,17,16.05
196.0,15,44.07
196.0,16,10.57
196.0,17,21.44
197.0,15,45.48
197.0,16,20.08
197.0,17,31.86
198.0,15,46.98
198.0,16,34.24
198.0,17,44.0
199.0,15,47.93
199.0,16,29.99
199.0,17,45.82
200.0,15,47.28
200.0,16,28.33
200.0,17,45.59
201.0,15,47.95
201.0,16,28.51
201.0,17,42.52
202.0,15,47.95
202.0,16,31.69
202.0,17,41.57
203.0,15,47.9
203.0,16,31.11
203.0,17,41.01
204.0,15,46.98
204.0,16,29.95
204.0,17,39.24
205.0,15,46.92
205.0,16,29.17
205.0,17,36.29
206.0,15,46.95
206.0,16,29.47
206.0,17,29.47
207.0,15,46.95
207.0,16,30.09
207.0,17,30.09
208.0,15,45.96
208.0,16,33.47
208.0,17,35.43
209.0,15,45.91
209.0,16,32.78
209.0,17,41.0
210.0,15,44.94
210.0,16,33.47
210.0,17,38.95
211.0,15,44.58
211.0,16,30.11
211.0,17,32.53
212.0,15,44.95
212.0,16,26.69
212.0,17,26.69
213.0,15,45.66
213.0,16,21.64
213.0,17,26.56
214.0,15,43.28
214.0,16,14.72
214.0,17,25.26
215.0,15,37.06
215.0,16,17.1
215.0,17,19.04
216.0,15,35.08
216.0,16,12.93
216.0,17,15.96
217.0,15,32.04
217.0,16,13.7
217.0,17,13.7
218.0,15,32.0
218.0,16,11.01
218.0,17,11.01
219.0,15,29.86
219.0,16,9.08
219.0,17,9.08
220.0,15,32.0
220.0,16,9.28
220.0,17,9.28
221.0,15,30.99
221.0,16,7.19
221.0,17,11.76
222.0,15,37.08
222.0,16,9.31
222.0,17,15.84
223.0,15,41.06
223.0,16,11.35
223.0,17,16.93
224.0,15,41.47
224.0,16,15.87
224.0,17,18.11
225.0,15,42.01
225.0,16,15.84
225.0,17,19.19
226.0,15,42.75
226.0,16,14.83
226.0,17,19.25
227.0,15,41.81
227.0,16,15.83
227.0,17,20.47
228.0,15,37.06
228.0,16,14.85
228.0,17,18.21
229.0,15,41.1
229.0,16,11.42
229.0,17,16.21
230.0,15,43.71
230.0,16,11.34
230.0,17,11.34
231.0,15,44.92
231.0,16,14.15
231.0,17,14.15
232.0,15,45.83
232.0,16,17.09
232.0,17,18.64
233.0,15,44.96
233.0,16,18.87
233.0,17,24.45
234.0,15,42.05
234.0,16,13.44
234.0,17,27.75
235.0,15,41.42
235.0,16,15.82
235.0,17,24.56
236.0,15,41.4
236.0,16,11.51
236.0,17,18.75
237.0,15,41.45
237.0,16,11.81
237.0,17,25.81
238.0,15,32.07
238.0,16,5.08
238.0,17,27.67
239.0,15,37.63
239.0,16,0.05
239.0,17,26.95
240.0,15,29.37
240.0,16,-2.06
240.0,17,24.22
241.0,15,25.09
241.0,16,-4.11
241.0,17,27.08
242.0,15,12.08
242.0,16,-5.06
242.0,17,20.91
243.0,15,11.02
243.0,16,-4.12
243.0,17,13.09
244.0,15,11.09
244.0,16,-0.74
244.0,17,16.41
245.0,15,21.09
245.0,16,-25.02
245.0,17,18.72
246.0,15,15.5
246.0,16,-16.94
246.0,17,17.21
247.0,15,18.39
247.0,16,-6.86
247.0,17,21.2
248.0,15,28.65
248.0,16,1.53
248.0,17,25.96
249.0,15,33.88
249.0,16,5.61
249.0,17,28.83
250.0,15,33.93
250.0,16,9.91
250.0,17,30.73
251.0,15,36.59
251.0,16,8.71
251.0,17,31.8
252.0,15,20.63
252.0,16,-0.09
252.0,17,30.37
253.0,15,29.58
253.0,16,-0.07
253.0,17,23.39
254.0,15,34.93
254.0,16,-1.8
254.0,17,12.7
255.0,15,43.0
255.0,16,0.61
255.0,17,18.49
256.0,15,45.02
256.0,16,13.51
256.0,17,25.81
257.0,15,45.1
257.0,16,11.44
257.0,17,35.48
258.0,15,44.33
258.0,16,14.88
258.0,17,42.0
259.0,15,42.93
259.0,16,9.63
259.0,17,36.08
260.0,15,43.04
260.0,16,9.29
260.0,17,31.8
261.0,15,41.98
261.0,16,10.18
261.0,17,33.0
262.0,15,38.7
262.0,16,-2.0
262.0,17,32.19
263.0,15,28.08
263.0,16,9.3
263.0,17,27.59
264.0,15,25.06
264.0,16,2.87
264.0,17,26.81
265.0,15,19.66
265.0,16,0.09
265.0,17,25.75
266.0,15,14.67
266.0,16,0.26
266.0,17,17.86
267.0,15,23.45
267.0,16,2.83
267.0,17,15.16
268.0,15,36.37
268.0,16,10.4
268.0,17,19.84
269.0,15,45.86
269.0,16,20.03
269.0,17,33.98
270.0,15,47.95
270.0,16,44.95
270.0,17,45.51
271.0,15,47.72
271.0,16,44.92
271.0,17,48.06
272.0,15,47.17
272.0,16,36.33
272.0,17,46.2
273.0,15,46.34
273.0,16,30.41
273.0,17,45.0
274.0,15,46.82
274.0,16,30.07
274.0,17,45.38
275.0,15,45.18
275.0,16,29.33
275.0,17,42.49
276.0,15,43.92
276.0,16,29.39
276.0,17,41.53
277.0,15,44.86
277.0,16,28.98
277.0,17,36.31
278.0,15,45.0
278.0,16,29.49
278.0,17,32.37
279.0,15,45.8
279.0,16,28.99
279.0,17,33.53
280.0,15,43.32
280.0,16,34.41
280.0,17,41.31
281.0,15,46.95
281.0,16,31.69
281.0,17,47.89
282.0,15,46.42
282.0,16,29.59
282.0,17,48.42
283.0,15,42.68
283.0,16,27.61
283.0,17,41.89
284.0,15,43.97
284.0,16,15.55
284.0,17,35.24
285.0,15,45.27
285.0,16,14.91
285.0,17,37.44
286.0,15,41.93
286.0,16,9.1
286.0,17,35.0
287.0,15,40.88
287.0,16,9.27
287.0,17,33.04
288.0,15,37.99
288.0,16,10.42
288.0,17,26.56
289.0,15,37.02
289.0,16,11.16
289.0,17,26.29
290.0,15,36.57
290.0,16,10.71
290.0,17,17.44
291.0,15,36.54
291.0,16,11.26
291.0,17,11.26
292.0,15,41.0
292.0,16,11.69
292.0,17,22.29
293.0,15,43.92
293.0,16,21.05
293.0,17,33.78
294.0,15,47.97
294.0,16,32.37
294.0,17,44.94
295.0,15,48.6
295.0,16,34.21
295.0,17,49.04
296.0,15,48.05
296.0,16,28.47
296.0,17,49.64
297.0,15,46.92
297.0,16,26.07
297.0,17,48.1
298.0,15,46.91
298.0,16,23.74
298.0,17,46.95
299.0,15,46.23
299.0,16,23.73
299.0,17,46.04
300.0,15,46.94
300.0,16,23.76
300.0,17,43.38
301.0,15,46.9
301.0,16,25.62
301.0,17,36.48
302.0,15,46.07
302.0,16,28.91
302.0,17,33.05
303.0,15,46.63
303.0,16,34.13
303.0,17,34.13
304.0,15,45.98
304.0,16,42.16
304.0,17,43.03
305.0,15,47.98
305.0,16,41.99
305.0,17,49.22
306.0,15,47.01
306.0,16,37.91
306.0,17,46.38
307.0,15,42.98
307.0,16,31.41
307.0,17,42.44
308.0,15,43.3
308.0,16,29.91
308.0,17,33.36
309.0,15,44.3
309.0,16,27.02
309.0,17,33.97
310.0,15,37.92
310.0,16,18.36
310.0,17,31.39
311.0,15,42.01
311.0,16,13.25
311.0,17,34.58
312.0,15,40.04
312.0,16,15.02
312.0,17,29.67
313.0,15,39.15
313.0,16,11.99
313.0,17,27.49
314.0,15,39.58
314.0,16,13.68
314.0,17,21.3
315.0,15,39.57
315.0,16,13.91
315.0,17,15.59
316.0,15,42.0
316.0,16,16.26
316.0,17,18.9
317.0,15,44.62
317.0,16,27.32
317.0,17,34.78
318.0,15,46.93
318.0,16,31.62
318.0,17,48.0
319.0,15,49.97
319.0,16,34.74
319.0,17,47.79
320.0,15,49.94
320.0,16,32.41
320.0,17,48.14
321.0,15,49.64
321.0,16,29.71
321.0,17,45.5
322.0,15,49.49
322.0,16,30.32
322.0,17,45.03
323.0,15,47.12
323.0,16,29.7
323.0,17,45.5
324.0,15,46.91
324.0,16,29.28
324.0,17,40.81
325.0,15,47.11
325.0,16,30.63
325.0,17,42.04
326.0,15,46.96
326.0,16,35.61
326.0,17,38.94
327.0,15,46.98
327.0,16,37.8
327.0,17,41.15
328.0,15,48.45
328.0,16,44.69
328.0,17,48.93
329.0,15,49.99
329.0,16,43.23
329.0,17,50.99
330.0,15,48.56
330.0,16,34.51
330.0,17,50.94
331.0,15,44.95
331.0,16,29.44
331.0,17,44.99
332.0,15,44.68
332.0,16,27.96
332.0,17,38.62
333.0,15,45.09
333.0,16,23.73
333.0,17,39.54
334.0,15,41.95
334.0,16,16.29
334.0,17,38.92
335.0,15,35.1
335.0,16,24.36
335.0,17,30.44
336.0,15,35.1
336.0,16,21.59
336.0,17,24.91
337.0,15,35.03
337.0,16,15.46
337.0,17,22.67
338.0,15,35.05
338.0,16,15.44
338.0,17,16.87
339.0,15,35.06
339.0,16,15.43
339.0,17,15.43
340.0,15,42.03
340.0,16,15.47
340.0,17,16.05
341.0,15,45.06
341.0,16,27.69
341.0,17,32.33
342.0,15,46.0
342.0,16,33.89
342.0,17,48.62
343.0,15,46.08
343.0,16,34.79
343.0,17,49.01
344.0,15,46.08
344.0,16,30.9
344.0,17,47.58
345.0,15,46.08
345.0,16,29.97
345.0,17,45.94
346.0,15,46.4
346.0,16,29.42
346.0,17,46.54
347.0,15,46.44
347.0,16,27.02
347.0,17,45.46
348.0,15,46.29
348.0,16,26.18
348.0,17,42.94
349.0,15,46.17
349.0,16,26.53
349.0,17,38.18
350.0,15,46.07
350.0,16,28.21
350.0,17,35.54
351.0,15,46.1
351.0,16,29.37
351.0,17,35.68
352.0,15,46.09
352.0,16,32.54
352.0,17,41.66
353.0,15,47.37
353.0,16,32.67
353.0,17,50.45
354.0,15,46.04
354.0,16,30.49
354.0,17,49.47
355.0,15,45.95
355.0,16,28.32
355.0,17,42.98
356.0,15,45.88
356.0,16,22.05
356.0,17,35.42
357.0,15,45.79
357.0,16,19.01
357.0,17,35.49
358.0,15,41.91
358.0,16,12.01
358.0,17,34.75
359.0,15,40.03
359.0,16,9.78
359.0,17,35.95
360.0,15,37.1
360.0,16,11.64
360.0,17,30.86
361.0,15,37.06
361.0,16,9.72
361.0,17,29.47
362.0,15,37.0
362.0,16,10.56
362.0,17,24.74
363.0,15,37.02
363.0,16,14.11
363.0,17,22.95
364.0,15,39.72
364.0,16,16.02
364.0,17,29.58
365.0,15,45.97
365.0,16,24.71
365.0,17,39.73
366.0,15,48.94
366.0,16,34.04
366.0,17,49.49
367.0,15,50.01
367.0,16,37.71
367.0,17,50.71
368.0,15,49.46
368.0,16,36.92
368.0,17,48.98
369.0,15,48.75
369.0,16,37.99
369.0,17,50.54
370.0,15,48.96
370.0,16,39.97
370.0,17,49.76
371.0,15,48.96
371.0,16,39.95
371.0,17,48.43
372.0,15,48.93
372.0,16,40.02
372.0,17,46.17
373.0,15,48.47
373.0,16,41.83
373.0,17,44.99
374.0,15,48.4
374.0,16,44.05
374.0,17,44.05
375.0,15,48.09
375.0,16,47.1
375.0,17,47.1
376.0,15,53.25
376.0,16,52.49
376.0,17,52.49
377.0,15,53.58
377.0,16,53.54
377.0,17,53.54
378.0,15,50.98
378.0,16,48.02
378.0,17,48.02
379.0,15,47.34
379.0,16,41.51
379.0,17,41.51
380.0,15,45.98
380.0,16,37.92
380.0,17,37.92
381.0,15,45.95
381.0,16,35.64
381.0,17,40.64
382.0,15,38.1
382.0,16,28.79
382.0,17,43.18
383.0,15,42.0
383.0,16,29.03
383.0,17,36.54
384.0,15,40.34
384.0,16,27.47
384.0,17,33.17
385.0,15,37.09
385.0,16,28.06
385.0,17,32.26
386.0,15,36.86
386.0,16,27.92
386.0,17,27.92
387.0,15,33.89
387.0,16,27.05
387.0,17,27.05
388.0,15,36.2
388.0,16,27.24
388.0,17,27.24
389.0,15,37.06
389.0,16,27.34
389.0,17,27.41
390.0,15,42.1
390.0,16,27.74
390.0,17,33.17
391.0,15,45.0
391.0,16,29.73
391.0,17,41.99
392.0,15,45.94
392.0,16,35.05
392.0,17,47.44
393.0,15,46.25
393.0,16,38.81
393.0,17,46.57
394.0,15,45.03
394.0,16,38.89
394.0,17,43.39
395.0,15,41.06
395.0,16,34.99
395.0,17,43.0
396.0,15,40.01
396.0,16,31.96
396.0,17,38.08
397.0,15,40.03
397.0,16,30.07
397.0,17,34.5
398.0,15,45.82
398.0,16,31.27
398.0,17,31.27
399.0,15,47.0
399.0,16,33.84
399.0,17,33.84
400.0,15,48.99
400.0,16,42.44
400.0,17,42.44
401.0,15,50.03
401.0,16,44.9
401.0,17,45.84
402.0,15,48.99
402.0,16,34.24
402.0,17,46.43
403.0,15,46.04
403.0,16,28.95
403.0,17,39.96
404.0,15,45.92
404.0,16,27.02
404.0,17,32.6
405.0,15,45.29
405.0,16,27.46
405.0,17,37.78
406.0,15,42.01
406.0,16,24.5
406.0,17,37.78
407.0,15,38.49
407.0,16,23.35
407.0,17,36.24
408.0,15,34.24
408.0,16,21.19
408.0,17,33.8
409.0,15,30.46
409.0,16,22.24
409.0,17,28.75
410.0,15,31.32
410.0,16,22.31
410.0,17,27.57
411.0,15,27.31
411.0,16,22.32
411.0,17,24.34
412.0,15,31.96
412.0,16,22.11
412.0,17,25.68
413.0,15,30.6
413.0,16,14.12
413.0,17,28.79
414.0,15,31.66
414.0,16,15.17
414.0,17,31.41
415.0,15,36.11
415.0,16,19.07
415.0,17,33.0
416.0,15,38.31
416.0,16,24.94
416.0,17,37.23
417.0,15,38.49
417.0,16,27.2
417.0,17,39.07
418.0,15,38.52
418.0,16,28.22
418.0,17,42.44
419.0,15,41.85
419.0,16,28.15
419.0,17,43.33
420.0,15,38.13
420.0,16,27.85
420.0,17,38.25
421.0,15,35.35
421.0,16,28.17
421.0,17,33.88
422.0,15,37.06
422.0,16,29.91
422.0,17,29.91
423.0,15,38.5
423.0,16,30.44
423.0,17,30.44
424.0,15,44.77
424.0,16,38.42
424.0,17,38.42
425.0,15,47.91
425.0,16,42.46
425.0,17,48.95
426.0,15,47.91
426.0,16,39.8
426.0,17,51.02
427.0,15,47.79
427.0,16,30.54
427.0,17,50.62
428.0,15,44.53
428.0,16,30.4
428.0,17,42.44
429.0,15,44.58
429.0,16,31.0
429.0,17,44.94
430.0,15,44.37
430.0,16,28.42
430.0,17,42.51
431.0,15,39.16
431.0,16,27.92
431.0,17,38.24
432.0,15,37.1
432.0,16,27.76
432.0,17,34.9
433.0,15,33.72
433.0,16,28.25
433.0,17,33.04
434.0,15,36.51
434.0,16,28.41
434.0,17,29.53
435.0,15,37.06
435.0,16,28.07
435.0,17,28.07
436.0,15,42.61
436.0,16,29.63
436.0,17,31.17
437.0,15,48.07
437.0,16,42.87
437.0,17,42.87
438.0,15,53.59
438.0,16,52.07
438.0,17,52.07
439.0,15,56.26
439.0,16,56.49
439.0,17,56.49
440.0,15,55.14
440.0,16,52.38
440.0,17,52.38
441.0,15,54.6
441.0,16,48.84
441.0,17,52.34
442.0,15,54.59
442.0,16,47.95
442.0,17,50.68
443.0,15,52.9
443.0,16,44.97
443.0,17,49.31
444.0,15,51.97
444.0,16,47.95
444.0,17,48.84
445.0,15,52.0
445.0,16,47.72
445.0,17,47.72
446.0,15,51.79
446.0,16,47.43
446.0,17,47.43
447.0,15,52.07
447.0,16,48.19
447.0,17,48.19
448.0,15,56.91
448.0,16,52.16
448.0,17,52.16
449.0,15,62.6
449.0,16,56.26
449.0,17,64.7
450.0,15,55.62
450.0,16,52.96
450.0,17,54.91
451.0,15,52.81
451.0,16,45.0
451.0,17,51.04
452.0,15,49.93
452.0,16,40.0
452.0,17,44.36
453.0,15,49.99
453.0,16,37.53
453.0,17,49.5
454.0,15,49.56
454.0,16,31.07
454.0,17,49.86
455.0,15,43.24
455.0,16,31.93
455.0,17,43.02
456.0,15,40.58
456.0,16,31.08
456.0,17,41.33
457.0,15,40.04
457.0,16,29.92
457.0,17,42.02
458.0,15,38.24
458.0,16,29.97
458.0,17,36.28
459.0,15,37.05
459.0,16,31.02
459.0,17,33.41
460.0,15,39.79
460.0,16,34.81
460.0,17,38.71
461.0,15,47.6
461.0,16,39.4
461.0,17,44.67
462.0,15,53.61
462.0,16,53.39
462.0,17,53.39
463.0,15,59.1
463.0,16,58.88
463.0,17,58.88
464.0,15,57.16
464.0,16,58.8
464.0,17,58.8
465.0,15,56.54
465.0,16,57.34
465.0,17,57.34
466.0,15,54.03
466.0,16,57.46
466.0,17,57.46
467.0,15,51.62
467.0,16,53.53
467.0,17,53.53
468.0,15,51.22
468.0,16,52.93
468.0,17,52.93
469.0,15,51.28
469.0,16,52.38
469.0,17,52.38
470.0,15,50.15
470.0,16,52.1
470.0,17,52.1
471.0,15,51.21
471.0,16,51.04
471.0,17,51.04
472.0,15,56.39
472.0,16,58.55
472.0,17,58.55
473.0,15,62.41
473.0,16,66.65
473.0,17,66.65
474.0,15,55.24
474.0,16,56.02
474.0,17,56.02
475.0,15,51.28
475.0,16,50.01
475.0,17,50.09
476.0,15,48.98
476.0,16,42.73
476.0,17,42.73
477.0,15,48.79
477.0,16,42.02
477.0,17,46.75
478.0,15,47.64
478.0,16,36.93
478.0,17,45.53
479.0,15,45.77
479.0,16,31.08
479.0,17,44.8
480.0,15,43.52
480.0,16,32.07
480.0,17,44.15
481.0,15,41.82
481.0,16,31.53
481.0,17,44.15
482.0,15,41.14
482.0,16,31.2
482.0,17,38.99
483.0,15,40.07
483.0,16,33.27
483.0,17,37.68
484.0,15,42.26
484.0,16,35.07
484.0,17,39.52
485.0,15,47.64
485.0,16,43.71
485.0,17,44.78
486.0,15,54.41
486.0,16,54.12
486.0,17,54.12
487.0,15,58.65
487.0,16,58.39
487.0,17,58.39
488.0,15,59.01
488.0,16,56.6
488.0,17,61.72
489.0,15,57.61
489.0,16,54.96
489.0,17,61.34
490.0,15,55.64
490.0,16,53.99
490.0,17,62.08
491.0,15,52.64
491.0,16,48.49
491.0,17,55.73
492.0,15,52.24
492.0,16,49.59
492.0,17,52.6
493.0,15,52.06
493.0,16,48.0
493.0,17,48.0
494.0,15,52.78
494.0,16,50.0
494.0,17,50.0
495.0,15,52.97
495.0,16,51.02
495.0,17,51.02
496.0,15,59.0
496.0,16,55.47
496.0,17,55.47
497.0,15,63.97
497.0,16,57.1
497.0,17,59.82
498.0,15,56.34
498.0,16,51.95
498.0,17,57.66
499.0,15,51.56
499.0,16,43.22
499.0,17,50.25
500.0,15,49.39
500.0,16,38.98
500.0,17,45.0
501.0,15,48.06
501.0,16,38.38
501.0,17,42.0
502.0,15,46.3
502.0,16,31.51
502.0,17,43.96
503.0,15,42.89
503.0,16,29.67
503.0,17,43.57
504.0,15,42.45
504.0,16,29.93
504.0,17,42.24
505.0,15,42.11
505.0,16,29.0
505.0,17,39.5
506.0,15,42.02
506.0,16,28.96
506.0,17,35.51
507.0,15,39.65
507.0,16,29.38
507.0,17,35.31
508.0,15,42.3
508.0,16,31.09
508.0,17,41.55
509.0,15,47.94
509.0,16,36.92
509.0,17,45.48
510.0,15,55.75
510.0,16,48.42
510.0,17,53.41
511.0,15,60.89
511.0,16,53.79
511.0,17,59.66
512.0,15,61.78
512.0,16,50.52
512.0,17,61.57
513.0,15,62.85
513.0,16,50.53
513.0,17,63.27
514.0,15,62.04
514.0,16,49.89
514.0,17,61.45
515.0,15,55.81
515.0,16,52.44
515.0,17,55.35
516.0,15,53.36
516.0,16,54.01
516.0,17,54.01
517.0,15,53.44
517.0,16,51.54
517.0,17,51.54
518.0,15,53.92
518.0,16,49.99
518.0,17,49.99
519.0,15,53.94
519.0,16,51.99
519.0,17,51.99
520.0,15,58.33
520.0,16,59.2
520.0,17,59.2
521.0,15,61.8
521.0,16,56.99
521.0,17,64.56
522.0,15,58.65
522.0,16,53.81
522.0,17,64.57
523.0,15,51.78
523.0,16,45.57
523.0,17,56.5
524.0,15,50.8
524.0,16,39.86
524.0,17,48.15
525.0,15,49.02
525.0,16,37.26
525.0,17,49.41
526.0,15,46.26
526.0,16,30.96
526.0,17,48.0
527.0,15,42.5
527.0,16,31.18
527.0,17,42.34
528.0,15,41.95
528.0,16,29.97
528.0,17,42.1
529.0,15,39.26
529.0,16,28.86
529.0,17,39.4
530.0,15,36.01
530.0,16,28.78
530.0,17,38.0
531.0,15,35.11
531.0,16,29.39
531.0,17,35.0
532.0,15,37.95
532.0,16,32.49
532.0,17,38.0
533.0,15,45.94
533.0,16,37.52
533.0,17,43.6
534.0,15,51.98
534.0,16,54.28
534.0,17,54.96
535.0,15,59.75
535.0,16,53.56
535.0,17,60.72
536.0,15,58.95
536.0,16,57.68
536.0,17,61.62
537.0,15,60.28
537.0,16,56.97
537.0,17,61.48
538.0,15,56.98
538.0,16,55.75
538.0,17,56.6
539.0,15,53.33
539.0,16,49.94
539.0,17,52.9
540.0,15,52.4
540.0,16,47.77
540.0,17,50.14
541.0,15,50.93
541.0,16,46.58
541.0,17,46.58
542.0,15,50.52
542.0,16,44.09
542.0,17,44.09
543.0,15,50.45
543.0,16,45.18
543.0,17,45.18
544.0,15,55.22
544.0,16,49.98
544.0,17,49.98
545.0,15,57.1
545.0,16,47.99
545.0,17,57.24
546.0,15,55.09
546.0,16,46.98
546.0,17,55.82
547.0,15,49.6
547.0,16,41.48
547.0,17,49.48
548.0,15,46.54
548.0,16,35.12
548.0,17,44.28
549.0,15,47.4
549.0,16,34.21
549.0,17,46.25
550.0,15,45.32
550.0,16,31.14
550.0,17,46.29
551.0,15,44.78
551.0,16,28.5
551.0,17,44.01
552.0,15,41.3
552.0,16,27.04
552.0,17,43.12
553.0,15,38.47
553.0,16,24.44
553.0,17,40.68
554.0,15,37.39
554.0,16,24.29
554.0,17,36.1
555.0,15,35.8
555.0,16,25.93
555.0,17,35.0
556.0,15,36.29
556.0,16,24.99
556.0,17,35.0
557.0,15,39.06
557.0,16,23.94
557.0,17,39.1
558.0,15,44.33
558.0,16,24.26
558.0,17,41.35
559.0,15,45.34
559.0,16,27.6
559.0,17,42.58
560.0,15,47.94
560.0,16,29.53
560.0,17,46.67
561.0,15,47.97
561.0,16,30.26
561.0,17,45.45
562.0,15,46.55
562.0,16,37.81
562.0,17,46.87
563.0,15,44.43
563.0,16,37.27
563.0,17,45.92
564.0,15,40.01
564.0,16,34.37
564.0,17,41.34
565.0,15,39.07
565.0,16,30.07
565.0,17,38.53
566.0,15,40.99
566.0,16,30.25
566.0,17,35.85
567.0,15,42.45
567.0,16,34.52
567.0,17,34.52
568.0,15,47.46
568.0,16,36.09
568.0,17,40.46
569.0,15,49.93
569.0,16,37.86
569.0,17,50.75
570.0,15,48.99
570.0,16,34.56
570.0,17,51.4
571.0,15,45.9
571.0,16,30.04
571.0,17,47.26
572.0,15,44.47
572.0,16,27.97
572.0,17,42.11
573.0,15,44.96
573.0,16,28.11
573.0,17,47.16
574.0,15,42.93
574.0,16,24.99
574.0,17,45.95
575.0,15,42.16
575.0,16,23.26
575.0,17,44.63
576.0,15,38.68
576.0,16,22.13
576.0,17,39.87
577.0,15,35.91
577.0,16,19.04
577.0,17,39.02
578.0,15,31.59
578.0,16,19.91
578.0,17,33.81
579.0,15,30.01
579.0,16,21.49
579.0,17,29.83
580.0,15,30.79
580.0,16,21.75
580.0,17,28.64
581.0,15,31.36
581.0,16,19.82
581.0,17,31.23
582.0,15,34.17
582.0,16,22.35
582.0,17,35.11
583.0,15,36.52
583.0,16,24.64
583.0,17,39.01
584.0,15,38.36
584.0,16,28.03
584.0,17,41.1
585.0,15,38.59
585.0,16,29.94
585.0,17,41.75
586.0,15,39.15
586.0,16,36.65
586.0,17,41.77
587.0,15,39.08
587.0,16,31.99
587.0,17,43.17
588.0,15,34.99
588.0,16,29.25
588.0,17,40.44
589.0,15,32.07
589.0,16,29.13
589.0,17,38.5
590.0,15,31.67
590.0,16,29.26
590.0,17,34.82
591.0,15,35.02
591.0,16,30.29
591.0,17,35.9
592.0,15,45.1
592.0,16,36.5
592.0,17,40.5
593.0,15,49.61
593.0,16,40.96
593.0,17,51.43
594.0,15,49.9
594.0,16,39.03
594.0,17,51.81
595.0,15,47.62
595.0,16,34.92
595.0,17,48.83
596.0,15,44.8
596.0,16,30.2
596.0,17,44.19
597.0,15,45.02
597.0,16,29.99
597.0,17,45.46
598.0,15,39.14
598.0,16,28.07
598.0,17,45.17
599.0,15,42.02
599.0,16,26.93
599.0,17,40.84
600.0,15,39.07
600.0,16,26.13
600.0,17,38.0
601.0,15,37.64
601.0,16,25.54
601.0,17,35.09
602.0,15,35.6
602.0,16,25.41
602.0,17,32.0
603.0,15,34.56
603.0,16,25.8
603.0,17,30.1
604.0,15,38.44
604.0,16,27.1
604.0,17,36.99
605.0,15,47.94
605.0,16,41.94
605.0,17,45.1
606.0,15,54.08
606.0,16,55.16
606.0,17,55.16
607.0,15,58.7
607.0,16,53.22
607.0,17,56.16
608.0,15,58.55
608.0,16,47.28
608.0,17,55.55
609.0,15,57.02
609.0,16,45.28
609.0,17,53.63
610.0,15,54.42
610.0,16,47.43
610.0,17,53.79
611.0,15,50.43
611.0,16,46.22
611.0,17,51.47
612.0,15,50.33
612.0,16,46.0
612.0,17,51.87
613.0,15,51.44
613.0,16,42.47
613.0,17,52.85
614.0,15,50.47
614.0,16,42.44
614.0,17,49.69
615.0,15,50.44
615.0,16,39.76
615.0,17,45.46
616.0,15,54.93
616.0,16,44.92
616.0,17,50.06
617.0,15,60.39
617.0,16,44.03
617.0,17,58.85
618.0,15,54.68
618.0,16,36.98
618.0,17,54.94
619.0,15,50.5
619.0,16,30.34
619.0,17,48.5
620.0,15,47.98
620.0,16,28.49
620.0,17,43.84
621.0,15,48.07
621.0,16,27.15
621.0,17,44.0
622.0,15,47.44
622.0,16,24.05
622.0,17,47.41
623.0,15,41.55
623.0,16,20.36
623.0,17,41.64
624.0,15,39.45
624.0,16,16.31
624.0,17,40.4
625.0,15,38.85
625.0,16,16.95
625.0,17,41.1
626.0,15,38.11
626.0,16,16.34
626.0,17,38.05
627.0,15,35.89
627.0,16,19.92
627.0,17,33.68
628.0,15,39.6
628.0,16,22.92
628.0,17,39.03
629.0,15,46.69
629.0,16,27.57
629.0,17,45.21
630.0,15,52.94
630.0,16,34.27
630.0,17,51.76
631.0,15,55.92
631.0,16,35.92
631.0,17,54.61
632.0,15,55.34
632.0,16,36.97
632.0,17,55.13
633.0,15,54.71
633.0,16,36.94
633.0,17,55.07
634.0,15,53.62
634.0,16,38.33
634.0,17,52.91
635.0,15,50.1
635.0,16,37.93
635.0,17,49.25
636.0,15,50.04
636.0,16,38.19
636.0,17,49.49
637.0,15,50.49
637.0,16,39.14
637.0,17,49.48
638.0,15,51.02
638.0,16,40.96
638.0,17,46.97
639.0,15,51.98
639.0,16,38.93
639.0,17,45.36
640.0,15,52.94
640.0,16,50.65
640.0,17,52.62
641.0,15,57.67
641.0,16,46.31
641.0,17,63.29
642.0,15,54.73
642.0,16,42.26
642.0,17,60.17
643.0,15,49.97
643.0,16,40.0
643.0,17,52.02
644.0,15,48.45
644.0,16,35.23
644.0,17,47.93
645.0,15,47.04
645.0,16,30.28
645.0,17,47.2
646.0,15,46.12
646.0,16,27.8
646.0,17,45.14
647.0,15,43.51
647.0,16,26.97
647.0,17,42.74
648.0,15,42.02
648.0,16,26.59
648.0,17,40.38
649.0,15,40.94
649.0,16,25.93
649.0,17,39.26
650.0,15,39.03
650.0,16,25.27
650.0,17,36.71
651.0,15,37.45
651.0,16,25.75
651.0,17,30.8
652.0,15,42.0
652.0,16,25.94
652.0,17,29.76
653.0,15,45.66
653.0,16,34.25
653.0,17,42.07
654.0,15,50.03
654.0,16,44.31
654.0,17,48.45
655.0,15,51.48
655.0,16,42.86
655.0,17,52.15
656.0,15,50.99
656.0,16,33.96
656.0,17,52.15
657.0,15,50.92
657.0,16,33.11
657.0,17,51.59
658.0,15,49.0
658.0,16,29.72
658.0,17,51.59
659.0,15,48.52
659.0,16,27.85
659.0,17,49.83
660.0,15,48.54
660.0,16,27.63
660.0,17,48.41
661.0,15,50.04
661.0,16,27.03
661.0,17,44.39
662.0,15,50.06
662.0,16,26.59
662.0,17,40.0
663.0,15,49.92
663.0,16,27.0
663.0,17,40.22
664.0,15,49.06
664.0,16,29.95
664.0,17,44.42
665.0,15,52.07
665.0,16,28.62
665.0,17,51.0
666.0,15,50.26
666.0,16,28.01
666.0,17,50.37
667.0,15,48.26
667.0,16,25.47
667.0,17,52.59
668.0,15,48.93
668.0,16,21.69
668.0,17,49.35
669.0,15,48.49
669.0,16,16.96
669.0,17,49.13
670.0,15,45.33
670.0,16,14.9
670.0,17,45.94
671.0,15,43.06
671.0,16,9.98
671.0,17,45.28
672.0,15,42.02
672.0,16,10.74
672.0,17,42.67
673.0,15,40.77
673.0,16,9.21
673.0,17,42.05
674.0,15,40.94
674.0,16,9.37
674.0,17,41.23
675.0,15,40.07
675.0,16,11.84
675.0,17,38.48
676.0,15,42.02
676.0,16,13.37
676.0,17,40.0
677.0,15,46.8
677.0,16,26.2
677.0,17,44.52
678.0,15,50.93
678.0,16,30.0
678.0,17,49.69
679.0,15,53.52
679.0,16,32.12
679.0,17,57.64
680.0,15,53.44
680.0,16,28.89
680.0,17,59.82
681.0,15,53.93
681.0,16,28.81
681.0,17,61.44
682.0,15,53.08
682.0,16,29.81
682.0,17,56.01
683.0,15,50.41
683.0,16,28.63
683.0,17,50.56
684.0,15,50.34
684.0,16,28.56
684.0,17,51.03
685.0,15,50.94
685.0,16,29.18
685.0,17,54.25
686.0,15,50.98
686.0,16,33.82
686.0,17,52.73
687.0,15,50.91
687.0,16,32.45
687.0,17,50.49
688.0,15,50.98
688.0,16,41.35
688.0,17,61.46
689.0,15,55.0
689.0,16,39.73
689.0,17,67.67
690.0,15,52.88
690.0,16,39.0
690.0,17,58.38
691.0,15,49.77
691.0,16,33.41
691.0,17,47.87
692.0,15,48.77
692.0,16,29.09
692.0,17,39.9
693.0,15,46.06
693.0,16,28.74
693.0,17,36.07
694.0,15,43.18
694.0,16,25.4
694.0,17,41.1
695.0,15,36.01
695.0,16,26.6
695.0,17,33.02
696.0,15,32.54
696.0,16,25.61
696.0,17,28.06
697.0,15,29.82
697.0,16,26.42
697.0,17,26.42
698.0,15,26.48
698.0,16,24.74
698.0,17,24.74
699.0,15,27.73
699.0,16,23.89
699.0,17,23.89
700.0,15,31.42
700.0,16,26.07
700.0,17,26.07
701.0,15,44.91
701.0,16,36.41
701.0,17,38.3
702.0,15,48.75
702.0,16,48.76
702.0,17,48.76
703.0,15,49.07
703.0,16,49.19
703.0,17,49.19
704.0,15,48.9
704.0,16,46.35
704.0,17,49.02
705.0,15,48.98
705.0,16,49.51
705.0,17,49.51
706.0,15,49.97
706.0,16,47.47
706.0,17,48.43
707.0,15,48.57
707.0,16,46.0
707.0,17,47.45
708.0,15,48.49
708.0,16,44.95
708.0,17,44.95
709.0,15,48.95
709.0,16,43.24
709.0,17,43.24
710.0,15,48.72
710.0,16,43.71
710.0,17,43.71
711.0,15,48.49
711.0,16,44.0
711.0,17,44.0
712.0,15,48.56
712.0,16,46.69
712.0,17,46.69
713.0,15,49.52
713.0,16,48.26
713.0,17,50.0
714.0,15,48.71
714.0,16,43.11
714.0,17,52.01
715.0,15,48.06
715.0,16,40.04
715.0,17,49.0
716.0,15,47.44
716.0,16,30.17
716.0,17,42.94
717.0,15,45.42
717.0,16,29.5
717.0,17,45.48
718.0,15,42.08
718.0,16,27.01
718.0,17,45.51
719.0,15,44.33
719.0,16,27.92
719.0,17,48.98
720.0,15,42.08
720.0,16,26.5
720.0,17,41.15
721.0,15,41.95
721.0,16,26.4
721.0,17,39.69
722.0,15,40.31
722.0,16,25.75
722.0,17,33.11
723.0,15,39.6
723.0,16,24.95
723.0,17,29.75
724.0,15,41.74
724.0,16,25.13
724.0,17,33.3
725.0,15,43.01
725.0,16,24.98
725.0,17,37.42
726.0,15,45.51
726.0,16,26.55
726.0,17,38.92
727.0,15,47.95
727.0,16,28.36
727.0,17,44.29
728.0,15,47.98
728.0,16,29.51
728.0,17,47.57
729.0,15,47.97
729.0,16,29.91
729.0,17,48.19
730.0,15,48.0
730.0,16,28.79
730.0,17,47.0
731.0,15,48.34
731.0,16,28.41
731.0,17,48.94
732.0,15,47.93
732.0,16,28.23
732.0,17,47.25
733.0,15,47.94
733.0,16,28.19
733.0,17,40.55
734.0,15,47.96
734.0,16,29.17
734.0,17,37.27
735.0,15,47.96
735.0,16,32.12
735.0,17,37.19
736.0,15,48.52
736.0,16,42.99
736.0,17,42.99
737.0,15,48.97
737.0,16,44.31
737.0,17,50.96
738.0,15,48.93
738.0,16,42.15
738.0,17,48.93
739.0,15,47.91
739.0,16,32.83
739.0,17,43.35
740.0,15,47.68
740.0,16,28.34
740.0,17,37.54
741.0,15,47.52
741.0,16,28.5
741.0,17,40.36
742.0,15,44.16
742.0,16,25.56
742.0,17,43.17
743.0,15,44.17
743.0,16,27.04
743.0,17,39.89
744.0,15,38.1
744.0,16,26.32
744.0,17,33.26
745.0,15,35.84
745.0,16,25.98
745.0,17,29.15
746.0,15,30.01
746.0,16,25.63
746.0,17,25.63
747.0,15,25.83
747.0,16,25.78
747.0,17,25.78
748.0,15,25.03
748.0,16,25.99
748.0,17,25.99
749.0,15,27.23
749.0,16,24.26
749.0,17,24.26
750.0,15,31.63
750.0,16,26.48
750.0,17,26.48
751.0,15,34.47
751.0,16,27.84
751.0,17,31.15
752.0,15,38.06
752.0,16,29.09
752.0,17,36.21
753.0,15,39.92
753.0,16,34.15
753.0,17,38.84
754.0,15,40.07
754.0,16,37.74
754.0,17,39.94
755.0,15,41.08
755.0,16,34.95
755.0,17,41.59
756.0,15,37.42
756.0,16,28.24
756.0,17,35.91
757.0,15,31.98
757.0,16,28.21
757.0,17,30.54
758.0,15,35.06
758.0,16,28.47
758.0,17,28.88
759.0,15,40.95
759.0,16,29.89
759.0,17,29.89
760.0,15,48.14
760.0,16,36.85
760.0,17,36.85
761.0,15,49.99
761.0,16,36.55
761.0,17,50.79
762.0,15,49.93
762.0,16,29.99
762.0,17,52.05
763.0,15,49.32
763.0,16,28.59
763.0,17,52.01
764.0,15,46.98
764.0,16,28.36
764.0,17,47.87
765.0,15,45.02
765.0,16,28.18
765.0,17,45.8
766.0,15,43.8
766.0,16,26.92
766.0,17,41.74
767.0,15,37.04
767.0,16,27.23
767.0,17,42.47
768.0,15,34.28
768.0,16,26.38
768.0,17,36.67
769.0,15,32.69
769.0,16,26.19
769.0,17,36.4
770.0,15,30.98
770.0,16,26.21
770.0,17,31.04
771.0,15,30.7
771.0,16,26.24
771.0,17,29.87
772.0,15,37.0
772.0,16,27.47
772.0,17,34.9
773.0,15,51.59
773.0,16,37.85
773.0,17,43.47
774.0,15,60.77
774.0,16,53.35
774.0,17,58.82
775.0,15,63.61
775.0,16,53.13
775.0,17,60.41
776.0,15,65.01
776.0,16,54.92
776.0,17,61.33
777.0,15,61.84
777.0,16,51.35
777.0,17,63.89
778.0,15,60.02
778.0,16,50.96
778.0,17,62.61
779.0,15,56.47
779.0,16,45.0
779.0,17,59.13
780.0,15,55.1
780.0,16,44.04
780.0,17,57.99
781.0,15,56.34
781.0,16,44.98
781.0,17,54.52
782.0,15,56.49
782.0,16,45.74
782.0,17,45.74
783.0,15,57.97
783.0,16,47.99
783.0,17,47.99
784.0,15,59.94
784.0,16,58.95
784.0,17,58.96
785.0,15,70.24
785.0,16,54.92
785.0,17,97.53
786.0,15,64.95
786.0,16,51.45
786.0,17,95.74
787.0,15,58.5
787.0,16,45.0
787.0,17,61.99
788.0,15,55.82
788.0,16,43.05
788.0,17,54.1
789.0,15,55.09
789.0,16,40.0
789.0,17,51.0
790.0,15,53.02
790.0,16,34.68
790.0,17,51.27
791.0,15,50.09
791.0,16,29.46
791.0,17,45.0
792.0,15,48.06
792.0,16,28.84
792.0,17,40.67
793.0,15,46.51
793.0,16,28.05
793.0,17,43.76
794.0,15,44.15
794.0,16,28.08
794.0,17,40.35
795.0,15,42.47
795.0,16,28.21
795.0,17,40.53
796.0,15,47.25
796.0,16,30.08
796.0,17,42.53
797.0,15,51.86
797.0,16,40.0
797.0,17,47.44
798.0,15,60.97
798.0,16,60.43
798.0,17,61.3
799.0,15,67.46
799.0,16,60.08
799.0,17,63.78
800.0,15,68.09
800.0,16,58.79
800.0,17,68.78
801.0,15,69.75
801.0,16,55.77
801.0,17,72.24
802.0,15,66.36
802.0,16,53.37
802.0,17,65.34
803.0,15,62.75
803.0,16,46.2
803.0,17,66.23
804.0,15,59.74
804.0,16,48.76
804.0,17,57.03
805.0,15,56.08
805.0,16,47.85
805.0,17,57.57
806.0,15,56.02
806.0,16,51.7
806.0,17,55.76
807.0,15,55.43
807.0,16,51.54
807.0,17,54.39
808.0,15,63.93
808.0,16,60.07
808.0,17,60.07
809.0,15,83.31
809.0,16,65.52
809.0,17,95.66
810.0,15,70.03
810.0,16,52.89
810.0,17,68.71
811.0,15,57.99
811.0,16,47.99
811.0,17,61.75
812.0,15,52.99
812.0,16,44.25
812.0,17,53.17
813.0,15,52.88
813.0,16,43.93
813.0,17,51.8
814.0,15,50.01
814.0,16,30.87
814.0,17,46.98
815.0,15,44.84
815.0,16,34.9
815.0,17,44.0
816.0,15,44.03
816.0,16,31.14
816.0,17,44.87
817.0,15,45.03
817.0,16,30.08
817.0,17,45.34
818.0,15,43.08
818.0,16,30.06
818.0,17,42.23
819.0,15,43.08
819.0,16,30.49
819.0,17,40.29
820.0,15,44.35
820.0,16,33.55
820.0,17,44.03
821.0,15,50.85
821.0,16,42.64
821.0,17,47.37
822.0,15,60.44
822.0,16,50.92
822.0,17,58.46
823.0,15,67.55
823.0,16,61.76
823.0,17,61.76
824.0,15,67.26
824.0,16,62.59
824.0,17,62.59
825.0,15,68.81
825.0,16,61.1
825.0,17,62.56
826.0,15,65.91
826.0,16,58.94
826.0,17,63.51
827.0,15,61.28
827.0,16,54.87
827.0,17,56.86
828.0,15,56.1
828.0,16,53.53
828.0,17,53.53
829.0,15,57.28
829.0,16,51.45
829.0,17,51.45
830.0,15,58.4
830.0,16,49.88
830.0,17,49.88
831.0,15,57.96
831.0,16,49.92
831.0,17,49.92
832.0,15,64.81
832.0,16,59.37
832.0,17,59.37
833.0,15,83.48
833.0,16,75.87
833.0,17,77.21
834.0,15,65.7
834.0,16,62.73
834.0,17,62.73
835.0,15,56.0
835.0,16,49.89
835.0,17,56.07
836.0,15,52.48
836.0,16,42.66
836.0,17,50.83
837.0,15,51.94
837.0,16,44.04
837.0,17,50.81
838.0,15,50.45
838.0,16,36.41
838.0,17,49.58
839.0,15,47.75
839.0,16,39.96
839.0,17,46.72
840.0,15,45.05
840.0,16,33.29
840.0,17,46.24
841.0,15,45.06
841.0,16,32.24
841.0,17,46.5
842.0,15,42.67
842.0,16,32.44
842.0,17,41.06
843.0,15,41.15
843.0,16,32.92
843.0,17,40.3
844.0,15,45.06
844.0,16,38.91
844.0,17,42.41
845.0,15,52.67
845.0,16,45.96
845.0,17,48.19
846.0,15,57.54
846.0,16,63.79
846.0,17,63.79
847.0,15,63.32
847.0,16,62.06
847.0,17,62.06
848.0,15,62.89
848.0,16,60.28
848.0,17,63.62
849.0,15,62.3
849.0,16,52.03
849.0,17,63.14
850.0,15,61.69
850.0,16,49.96
850.0,17,59.91
851.0,15,58.04
851.0,16,50.52
851.0,17,60.72
852.0,15,56.08
852.0,16,47.44
852.0,17,58.13
853.0,15,57.95
853.0,16,44.5
853.0,17,52.42
854.0,15,57.91
854.0,16,43.54
854.0,17,47.24
855.0,15,56.05
855.0,16,44.04
855.0,17,44.04
856.0,15,57.13
856.0,16,50.75
856.0,17,50.75
857.0,15,68.22
857.0,16,48.13
857.0,17,62.27
858.0,15,61.79
858.0,16,44.94
858.0,17,61.01
859.0,15,55.33
859.0,16,41.89
859.0,17,57.92
860.0,15,53.06
860.0,16,37.9
860.0,17,50.34
861.0,15,53.0
861.0,16,30.45
861.0,17,47.5
862.0,15,51.09
862.0,16,29.01
862.0,17,46.25
863.0,15,45.98
863.0,16,28.73
863.0,17,44.85
864.0,15,44.0
864.0,16,28.14
864.0,17,41.92
865.0,15,43.09
865.0,16,27.75
865.0,17,40.25
866.0,15,40.26
866.0,16,27.73
866.0,17,39.35
867.0,15,38.94
867.0,16,28.23
867.0,17,35.93
868.0,15,42.92
868.0,16,29.05
868.0,17,39.53
869.0,15,48.58
869.0,16,36.0
869.0,17,48.43
870.0,15,57.13
870.0,16,52.92
870.0,17,59.48
871.0,15,61.21
871.0,16,46.9
871.0,17,68.86
872.0,15,60.94
872.0,16,45.94
872.0,17,69.72
873.0,15,58.45
873.0,16,45.93
873.0,17,70.24
874.0,15,58.22
874.0,16,42.93
874.0,17,62.96
875.0,15,54.91
875.0,16,39.65
875.0,17,54.4
876.0,15,50.9
876.0,16,37.1
876.0,17,50.92
877.0,15,50.94
877.0,16,35.54
877.0,17,50.16
878.0,15,50.53
878.0,16,38.57
878.0,17,47.0
879.0,15,50.45
879.0,16,42.95
879.0,17,45.1
880.0,15,52.01
880.0,16,50.19
880.0,17,50.19
881.0,15,59.91
881.0,16,54.95
881.0,17,58.72
882.0,15,54.97
882.0,16,50.24
882.0,17,57.99
883.0,15,52.96
883.0,16,45.0
883.0,17,52.51
884.0,15,50.92
884.0,16,40.33
884.0,17,50.95
885.0,15,50.92
885.0,16,39.37
885.0,17,51.91
886.0,15,49.03
886.0,16,29.01
886.0,17,50.01
887.0,15,49.01
887.0,16,28.46
887.0,17,53.68
888.0,15,48.05
888.0,16,28.0
888.0,17,51.49
889.0,15,46.42
889.0,16,27.29
889.0,17,50.0
890.0,15,44.01
890.0,16,26.28
890.0,17,44.05
891.0,15,43.02
891.0,16,26.08
891.0,17,42.45
892.0,15,45.19
892.0,16,25.91
892.0,17,43.94
893.0,15,47.16
893.0,16,25.53
893.0,17,45.21
894.0,15,49.48
894.0,16,27.79
894.0,17,49.11
895.0,15,50.24
895.0,16,32.03
895.0,17,49.97
896.0,15,52.29
896.0,16,42.1
896.0,17,53.81
897.0,15,52.5
897.0,16,37.96
897.0,17,56.62
898.0,15,51.93
898.0,16,33.75
898.0,17,55.19
899.0,15,51.72
899.0,16,29.99
899.0,17,52.5
900.0,15,49.03
900.0,16,26.56
900.0,17,49.23
901.0,15,48.02
901.0,16,25.36
901.0,17,48.4
902.0,15,48.93
902.0,16,24.76
902.0,17,48.93
903.0,15,48.98
903.0,16,25.16
903.0,17,44.35
904.0,15,49.06
904.0,16,29.15
904.0,17,48.4
905.0,15,55.1
905.0,16,35.81
905.0,17,65.06
906.0,15,54.68
906.0,16,26.83
906.0,17,70.03
907.0,15,51.48
907.0,16,22.31
907.0,17,63.21
908.0,15,50.0
908.0,16,15.01
908.0,17,56.49
909.0,15,50.27
909.0,16,14.25
909.0,17,55.19
910.0,15,48.94
910.0,16,9.56
910.0,17,53.24
911.0,15,50.61
911.0,16,-5.0
911.0,17,62.86
912.0,15,47.01
912.0,16,-1.12
912.0,17,60.43
913.0,15,44.92
913.0,16,-4.78
913.0,17,57.53
914.0,15,42.39
914.0,16,-2.4
914.0,17,49.63
915.0,15,39.91
915.0,16,-7.32
915.0,17,40.44
916.0,15,40.99
916.0,16,-0.9
916.0,17,40.93
917.0,15,42.99
917.0,16,-9.95
917.0,17,42.82
918.0,15,42.97
918.0,16,-8.51
918.0,17,44.28
919.0,15,43.39
919.0,16,4.86
919.0,17,42.73
920.0,15,45.88
920.0,16,11.6
920.0,17,43.76
921.0,15,46.38
921.0,16,15.01
921.0,17,46.49
922.0,15,45.9
922.0,16,15.05
922.0,17,49.63
923.0,15,46.52
923.0,16,12.21
923.0,17,46.48
924.0,15,43.08
924.0,16,10.6
924.0,17,46.01
925.0,15,42.1
925.0,16,15.1
925.0,17,39.94
926.0,15,39.42
926.0,16,19.94
926.0,17,38.72
927.0,15,43.13
927.0,16,26.66
927.0,17,38.23
928.0,15,46.67
928.0,16,33.41
928.0,17,42.95
929.0,15,50.97
929.0,16,39.55
929.0,17,59.32
930.0,15,53.97
930.0,16,36.35
930.0,17,73.03
931.0,15,52.68
931.0,16,28.12
931.0,17,56.33
932.0,15,49.06
932.0,16,26.93
932.0,17,49.88
933.0,15,48.1
933.0,16,26.35
933.0,17,48.66
934.0,15,43.04
934.0,16,16.84
934.0,17,48.49
935.0,15,48.98
935.0,16,16.42
935.0,17,52.2
936.0,15,46.08
936.0,16,14.95
936.0,17,46.06
937.0,15,46.37
937.0,16,11.5
937.0,17,48.12
938.0,15,42.75
938.0,16,13.86
938.0,17,42.77
939.0,15,41.69
939.0,16,9.81
939.0,17,41.12
940.0,15,49.03
940.0,16,9.88
940.0,17,44.84
941.0,15,53.34
941.0,16,22.28
941.0,17,50.34
942.0,15,74.61
942.0,16,29.17
942.0,17,59.89
943.0,15,80.74
943.0,16,29.96
943.0,17,62.83
944.0,15,80.83
944.0,16,30.0
944.0,17,65.49
945.0,15,79.99
945.0,16,30.0
945.0,17,73.81
946.0,15,79.04
946.0,16,30.06
946.0,17,72.41
947.0,15,69.1
947.0,16,31.21
947.0,17,72.41
948.0,15,67.91
948.0,16,30.96
948.0,17,66.8
949.0,15,62.06
949.0,16,30.69
949.0,17,55.1
950.0,15,60.95
950.0,16,32.81
950.0,17,54.16
951.0,15,61.21
951.0,16,32.3
951.0,17,52.06
952.0,15,65.05
952.0,16,37.66
952.0,17,58.9
953.0,15,89.71
953.0,16,43.93
953.0,17,115.0
954.0,15,79.94
954.0,16,44.57
954.0,17,100.03
955.0,15,67.94
955.0,16,39.91
955.0,17,77.56
956.0,15,57.35
956.0,16,32.84
956.0,17,63.89
957.0,15,55.11
957.0,16,29.43
957.0,17,59.34
958.0,15,52.06
958.0,16,27.12
958.0,17,55.7
959.0,15,49.33
959.0,16,25.36
959.0,17,50.3
960.0,15,48.97
960.0,16,25.32
960.0,17,50.6
961.0,15,48.37
961.0,16,25.19
961.0,17,50.78
962.0,15,44.98
962.0,16,25.57
962.0,17,47.96
963.0,15,43.09
963.0,16,26.02
963.0,17,44.82
964.0,15,47.19
964.0,16,27.75
964.0,17,48.93
965.0,15,53.64
965.0,16,38.22
965.0,17,52.38
966.0,15,66.57
966.0,16,52.95
966.0,17,71.97
967.0,15,76.39
967.0,16,49.0
967.0,17,82.53
968.0,15,74.24
968.0,16,45.97
968.0,17,75.75
969.0,15,68.93
969.0,16,47.97
969.0,17,78.68
970.0,15,70.07
970.0,16,49.97
970.0,17,77.13
971.0,15,64.47
971.0,16,47.27
971.0,17,68.78
972.0,15,57.01
972.0,16,46.95
972.0,17,66.69
973.0,15,57.0
973.0,16,46.0
973.0,17,61.9
974.0,15,54.57
974.0,16,47.0
974.0,17,54.92
975.0,15,54.14
975.0,16,50.38
975.0,17,51.69
976.0,15,59.49
976.0,16,61.41
976.0,17,61.41
977.0,15,84.78
977.0,16,84.94
977.0,17,84.94
978.0,15,74.63
978.0,16,62.82
978.0,17,71.0
979.0,15,64.83
979.0,16,51.66
979.0,17,71.0
980.0,15,55.19
980.0,16,44.09
980.0,17,56.42
981.0,15,54.07
981.0,16,44.54
981.0,17,57.49
982.0,15,51.08
982.0,16,33.95
982.0,17,52.41
983.0,15,49.59
983.0,16,30.57
983.0,17,50.01
984.0,15,48.61
984.0,16,30.67
984.0,17,47.41
985.0,15,46.53
985.0,16,30.52
985.0,17,45.42
986.0,15,44.9
986.0,16,30.62
986.0,17,43.76
987.0,15,43.56
987.0,16,31.39
987.0,17,42.39
988.0,15,46.62
988.0,16,33.1
988.0,17,44.3
989.0,15,55.04
989.0,16,45.97
989.0,17,49.78
990.0,15,69.09
990.0,16,60.14
990.0,17,60.32
991.0,15,77.37
991.0,16,64.91
991.0,17,68.03
992.0,15,74.56
992.0,16,59.91
992.0,17,72.02
993.0,15,73.59
993.0,16,54.22
993.0,17,70.95
994.0,15,71.0
994.0,16,53.85
994.0,17,61.74
995.0,15,65.01
995.0,16,49.06
995.0,17,56.22
996.0,15,60.05
996.0,16,48.82
996.0,17,52.77
997.0,15,59.07
997.0,16,47.93
997.0,17,49.68
998.0,15,53.9
998.0,16,49.8
998.0,17,49.8
999.0,15,55.05
999.0,16,50.86
999.0,17,50.86
1000.0,15,61.8
1000.0,16,58.48
1000.0,17,58.48
1001.0,15,85.22
1001.0,16,81.37
1001.0,17,81.37
1002.0,15,72.88
1002.0,16,65.22
1002.0,17,71.62
1003.0,15,64.92
1003.0,16,55.62
1003.0,17,58.7
1004.0,15,54.46
1004.0,16,46.0
1004.0,17,53.09
1005.0,15,54.12
1005.0,16,47.94
1005.0,17,53.95
1006.0,15,50.87
1006.0,16,32.81
1006.0,17,51.97
1007.0,15,47.46
1007.0,16,36.63
1007.0,17,46.56
1008.0,15,45.32
1008.0,16,34.25
1008.0,17,45.74
1009.0,15,44.82
1009.0,16,31.67
1009.0,17,46.0
1010.0,15,43.06
1010.0,16,32.03
1010.0,17,43.81
1011.0,15,41.28
1011.0,16,32.35
1011.0,17,42.99
1012.0,15,44.06
1012.0,16,36.2
1012.0,17,45.04
1013.0,15,51.61
1013.0,16,49.95
1013.0,17,53.35
1014.0,15,58.5
1014.0,16,63.36
1014.0,17,63.78
1015.0,15,63.03
1015.0,16,70.6
1015.0,17,70.6
1016.0,15,63.09
1016.0,16,60.81
1016.0,17,75.71
1017.0,15,60.9
1017.0,16,53.81
1017.0,17,61.41
1018.0,15,57.9
1018.0,16,49.96
1018.0,17,56.35
1019.0,15,54.35
1019.0,16,44.91
1019.0,17,54.98
1020.0,15,51.78
1020.0,16,43.9
1020.0,17,51.44
1021.0,15,51.94
1021.0,16,43.94
1021.0,17,46.95
1022.0,15,50.89
1022.0,16,45.47
1022.0,17,45.47
1023.0,15,52.93
1023.0,16,49.96
1023.0,17,49.96
1024.0,15,55.43
1024.0,16,57.58
1024.0,17,57.58
1025.0,15,75.91
1025.0,16,72.0
1025.0,17,72.0
1026.0,15,63.02
1026.0,16,69.94
1026.0,17,69.94
1027.0,15,52.99
1027.0,16,54.98
1027.0,17,54.98
1028.0,15,49.13
1028.0,16,46.72
1028.0,17,46.72
1029.0,15,49.24
1029.0,16,43.29
1029.0,17,48.05
1030.0,15,47.03
1030.0,16,36.91
1030.0,17,48.25
1031.0,15,47.34
1031.0,16,31.03
1031.0,17,50.73
1032.0,15,45.54
1032.0,16,31.1
1032.0,17,49.07
1033.0,15,44.31
1033.0,16,31.04
1033.0,17,45.3
1034.0,15,43.08
1034.0,16,31.02
1034.0,17,42.43
1035.0,15,43.05
1035.0,16,31.88
1035.0,17,41.62
1036.0,15,44.17
1036.0,16,33.0
1036.0,17,41.71
1037.0,15,48.97
1037.0,16,45.42
1037.0,17,45.42
1038.0,15,57.94
1038.0,16,58.25
1038.0,17,58.25
1039.0,15,60.15
1039.0,16,57.84
1039.0,17,57.84
1040.0,15,58.08
1040.0,16,50.81
1040.0,17,59.97
1041.0,15,56.16
1041.0,16,45.49
1041.0,17,56.59
1042.0,15,51.34
1042.0,16,42.97
1042.0,17,55.05
1043.0,15,50.08
1043.0,16,38.05
1043.0,17,52.38
1044.0,15,50.03
1044.0,16,33.45
1044.0,17,49.89
1045.0,15,49.49
1045.0,16,32.06
1045.0,17,47.8
1046.0,15,48.91
1046.0,16,38.04
1046.0,17,44.19
1047.0,15,49.01
1047.0,16,43.2
1047.0,17,43.2
1048.0,15,49.0
1048.0,16,45.75
1048.0,17,45.75
1049.0,15,55.06
1049.0,16,46.31
1049.0,17,51.49
1050.0,15,55.1
1050.0,16,41.71
1050.0,17,55.36
1051.0,15,48.23
1051.0,16,31.81
1051.0,17,49.96
1052.0,15,47.87
1052.0,16,29.05
1052.0,17,44.63
1053.0,15,48.31
1053.0,16,30.43
1053.0,17,46.93
1054.0,15,45.07
1054.0,16,29.09
1054.0,17,46.3
1055.0,15,42.07
1055.0,16,28.81
1055.0,17,41.3
1056.0,15,40.62
1056.0,16,30.05
1056.0,17,36.19
1057.0,15,38.79
1057.0,16,28.02
1057.0,17,35.68
1058.0,15,30.23
1058.0,16,27.67
1058.0,17,33.18
1059.0,15,26.41
1059.0,16,27.68
1059.0,17,27.68
1060.0,15,26.95
1060.0,16,29.28
1060.0,17,31.23
1061.0,15,31.28
1061.0,16,27.55
1061.0,17,33.93
1062.0,15,36.93
1062.0,16,26.95
1062.0,17,36.12
1063.0,15,39.03
1063.0,16,31.17
1063.0,17,37.8
1064.0,15,41.5
1064.0,16,33.27
1064.0,17,44.02
1065.0,15,42.06
1065.0,16,34.11
1065.0,17,47.31
1066.0,15,42.82
1066.0,16,32.17
1066.0,17,47.1
1067.0,15,43.08
1067.0,16,31.06
1067.0,17,48.3
1068.0,15,42.08
1068.0,16,31.01
1068.0,17,44.38
1069.0,15,41.35
1069.0,16,31.59
1069.0,17,40.73
1070.0,15,41.61
1070.0,16,35.9
1070.0,17,35.9
1071.0,15,42.07
1071.0,16,36.35
1071.0,17,36.35
1072.0,15,43.08
1072.0,16,40.69
1072.0,17,40.69
1073.0,15,45.83
1073.0,16,44.98
1073.0,17,47.45
1074.0,15,46.83
1074.0,16,40.13
1074.0,17,49.1
1075.0,15,44.39
1075.0,16,37.64
1075.0,17,45.1
1076.0,15,41.84
1076.0,16,32.05
1076.0,17,42.61
1077.0,15,42.05
1077.0,16,34.96
1077.0,17,42.71
1078.0,15,42.18
1078.0,16,30.87
1078.0,17,43.76
1079.0,15,45.43
1079.0,16,30.59
1079.0,17,42.44
1080.0,15,44.24
1080.0,16,30.01
1080.0,17,39.55
1081.0,15,42.07
1081.0,16,30.59
1081.0,17,36.75
1082.0,15,37.97
1082.0,16,30.01
1082.0,17,33.38
1083.0,15,36.11
1083.0,16,29.28
1083.0,17,31.12
1084.0,15,37.65
1084.0,16,30.03
1084.0,17,30.34
1085.0,15,39.24
1085.0,16,27.67
1085.0,17,33.09
1086.0,15,38.33
1086.0,16,27.68
1086.0,17,32.92
1087.0,15,41.08
1087.0,16,30.52
1087.0,17,36.72
1088.0,15,41.67
1088.0,16,27.33
1088.0,17,43.12
1089.0,15,40.71
1089.0,16,26.38
1089.0,17,42.23
1090.0,15,42.05
1090.0,16,26.39
1090.0,17,43.27
1091.0,15,43.68
1091.0,16,25.93
1091.0,17,45.45
1092.0,15,42.05
1092.0,16,24.11
1092.0,17,41.48
1093.0,15,34.8
1093.0,16,23.69
1093.0,17,35.85
1094.0,15,31.06
1094.0,16,25.57
1094.0,17,32.33
1095.0,15,32.53
1095.0,16,26.64
1095.0,17,29.94
1096.0,15,42.08
1096.0,16,31.24
1096.0,17,40.78
1097.0,15,47.8
1097.0,16,40.04
1097.0,17,55.08
1098.0,15,48.53
1098.0,16,39.2
1098.0,17,59.57
1099.0,15,47.41
1099.0,16,31.83
1099.0,17,54.92
1100.0,15,45.66
1100.0,16,30.58
1100.0,17,53.15
1101.0,15,45.64
1101.0,16,32.5
1101.0,17,54.33
1102.0,15,45.33
1102.0,16,28.45
1102.0,17,49.74
1103.0,15,44.78
1103.0,16,26.72
1103.0,17,49.41
1104.0,15,42.12
1104.0,16,26.02
1104.0,17,44.23
1105.0,15,40.27
1105.0,16,25.35
1105.0,17,45.93
1106.0,15,38.2
1106.0,16,26.26
1106.0,17,42.35
1107.0,15,38.03
1107.0,16,25.89
1107.0,17,39.26
1108.0,15,41.99
1108.0,16,27.02
1108.0,17,44.43
1109.0,15,49.88
1109.0,16,39.97
1109.0,17,50.97
1110.0,15,60.28
1110.0,16,47.83
1110.0,17,62.21
1111.0,15,62.03
1111.0,16,44.91
1111.0,17,57.66
1112.0,15,64.93
1112.0,16,41.46
1112.0,17,65.1
1113.0,15,64.95
1113.0,16,35.07
1113.0,17,66.73
1114.0,15,63.03
1114.0,16,32.87
1114.0,17,68.03
1115.0,15,60.07
1115.0,16,30.59
1115.0,17,63.3
1116.0,15,57.86
1116.0,16,30.38
1116.0,17,61.49
1117.0,15,59.01
1117.0,16,30.57
1117.0,17,54.01
1118.0,15,57.91
1118.0,16,35.0
1118.0,17,49.87
1119.0,15,58.01
1119.0,16,40.68
1119.0,17,52.46
1120.0,15,58.54
1120.0,16,46.05
1120.0,17,54.76
1121.0,15,68.14
1121.0,16,54.15
1121.0,17,65.34
1122.0,15,66.62
1122.0,16,47.45
1122.0,17,67.7
1123.0,15,58.68
1123.0,16,42.99
1123.0,17,61.49
1124.0,15,52.72
1124.0,16,34.17
1124.0,17,53.01
1125.0,15,52.04
1125.0,16,31.34
1125.0,17,49.99
1126.0,15,51.09
1126.0,16,30.01
1126.0,17,51.1
1127.0,15,47.16
1127.0,16,29.09
1127.0,17,46.96
1128.0,15,44.41
1128.0,16,29.27
1128.0,17,42.41
1129.0,15,42.9
1129.0,16,29.79
1129.0,17,41.23
1130.0,15,40.88
1130.0,16,30.07
1130.0,17,39.93
1131.0,15,39.54
1131.0,16,30.03
1131.0,17,36.26
1132.0,15,42.34
1132.0,16,31.08
1132.0,17,41.75
1133.0,15,49.91
1133.0,16,44.0
1133.0,17,47.54
1134.0,15,59.97
1134.0,16,55.03
1134.0,17,55.03
1135.0,15,60.41
1135.0,16,55.55
1135.0,17,55.55
1136.0,15,61.92
1136.0,16,49.98
1136.0,17,55.21
1137.0,15,60.05
1137.0,16,47.91
1137.0,17,55.49
1138.0,15,59.03
1138.0,16,45.53
1138.0,17,57.31
1139.0,15,55.51
1139.0,16,43.31
1139.0,17,54.18
1140.0,15,54.31
1140.0,16,43.32
1140.0,17,53.0
1141.0,15,53.01
1141.0,16,43.51
1141.0,17,51.07
1142.0,15,51.88
1142.0,16,44.54
1142.0,17,44.54
1143.0,15,54.28
1143.0,16,44.92
1143.0,17,44.92
1144.0,15,56.01
1144.0,16,49.6
1144.0,17,49.6
1145.0,15,62.96
1145.0,16,62.51
1145.0,17,62.51
1146.0,15,63.23
1146.0,16,56.92
1146.0,17,56.92
1147.0,15,56.03
1147.0,16,49.94
1147.0,17,53.59
1148.0,15,51.78
1148.0,16,42.72
1148.0,17,48.99
1149.0,15,50.46
1149.0,16,40.08
1149.0,17,52.0
1150.0,15,49.99
1150.0,16,31.97
1150.0,17,49.62
1151.0,15,47.22
1151.0,16,30.3
1151.0,17,47.96
1152.0,15,42.97
1152.0,16,30.09
1152.0,17,41.95
1153.0,15,41.58
1153.0,16,30.03
1153.0,17,42.08
1154.0,15,40.07
1154.0,16,29.75
1154.0,17,40.0
1155.0,15,39.44
1155.0,16,31.03
1155.0,17,39.26
1156.0,15,43.61
1156.0,16,33.58
1156.0,17,41.15
1157.0,15,51.08
1157.0,16,47.91
1157.0,17,49.09
1158.0,15,57.27
1158.0,16,54.62
1158.0,17,54.62
1159.0,15,60.24
1159.0,16,57.8
1159.0,17,57.8
1160.0,15,59.72
1160.0,16,53.94
1160.0,17,58.33
1161.0,15,58.1
1161.0,16,54.02
1161.0,17,56.69
1162.0,15,57.35
1162.0,16,50.44
1162.0,17,54.8
1163.0,15,54.01
1163.0,16,47.0
1163.0,17,54.85
1164.0,15,53.37
1164.0,16,42.98
1164.0,17,53.05
1165.0,15,54.03
1165.0,16,42.92
1165.0,17,50.36
1166.0,15,54.01
1166.0,16,43.99
1166.0,17,49.82
1167.0,15,55.07
1167.0,16,44.71
1167.0,17,47.06
1168.0,15,55.06
1168.0,16,51.3
1168.0,17,51.3
1169.0,15,62.04
1169.0,16,58.85
1169.0,17,58.85
1170.0,15,60.01
1170.0,16,56.68
1170.0,17,61.55
1171.0,15,57.97
1171.0,16,44.94
1171.0,17,59.14
1172.0,15,56.25
1172.0,16,37.49
1172.0,17,51.79
1173.0,15,56.14
1173.0,16,32.27
1173.0,17,55.46
1174.0,15,52.06
1174.0,16,30.09
1174.0,17,50.09
1175.0,15,50.26
1175.0,16,30.9
1175.0,17,47.54
1176.0,15,46.34
1176.0,16,29.95
1176.0,17,45.94
1177.0,15,44.59
1177.0,16,28.07
1177.0,17,44.35
1178.0,15,42.97
1178.0,16,28.55
1178.0,17,41.6
1179.0,15,42.35
1179.0,16,29.93
1179.0,17,40.84
1180.0,15,47.07
1180.0,16,30.95
1180.0,17,41.47
1181.0,15,53.94
1181.0,16,36.93
1181.0,17,47.17
1182.0,15,59.26
1182.0,16,47.93
1182.0,17,56.77
1183.0,15,62.24
1183.0,16,50.45
1183.0,17,59.03
1184.0,15,61.65
1184.0,16,49.94
1184.0,17,62.43
1185.0,15,59.97
1185.0,16,47.07
1185.0,17,61.49
1186.0,15,57.62
1186.0,16,43.96
1186.0,17,56.45
1187.0,15,53.1
1187.0,16,37.61
1187.0,17,53.95
1188.0,15,52.36
1188.0,16,36.69
1188.0,17,52.33
1189.0,15,52.69
1189.0,16,36.28
1189.0,17,49.0
1190.0,15,50.67
1190.0,16,40.9
1190.0,17,44.94
1191.0,15,51.02
1191.0,16,44.87
1191.0,17,44.94
1192.0,15,51.36
1192.0,16,49.59
1192.0,17,49.59
1193.0,15,59.69
1193.0,16,48.99
1193.0,17,61.3
1194.0,15,60.25
1194.0,16,40.03
1194.0,17,71.4
1195.0,15,56.1
1195.0,16,37.39
1195.0,17,57.25
1196.0,15,53.08
1196.0,16,31.01
1196.0,17,52.0
1197.0,15,54.09
1197.0,16,30.03
1197.0,17,54.44
1198.0,15,50.27
1198.0,16,27.44
1198.0,17,52.84
1199.0,15,48.3
1199.0,16,25.5
1199.0,17,48.15
1200.0,15,47.0
1200.0,16,24.33
1200.0,17,47.02
1201.0,15,44.1
1201.0,16,22.85
1201.0,17,44.16
1202.0,15,42.07
1202.0,16,23.2
1202.0,17,41.11
1203.0,15,42.0
1203.0,16,23.48
1203.0,17,40.52
1204.0,15,46.17
1204.0,16,25.2
1204.0,17,42.63
1205.0,15,48.34
1205.0,16,29.14
1205.0,17,49.29
1206.0,15,54.93
1206.0,16,31.42
1206.0,17,57.2
1207.0,15,55.97
1207.0,16,32.8
1207.0,17,57.18
1208.0,15,55.95
1208.0,16,31.12
1208.0,17,59.2
1209.0,15,54.94
1209.0,16,30.06
1209.0,17,57.44
1210.0,15,54.09
1210.0,16,28.17
1210.0,17,57.04
1211.0,15,50.38
1211.0,16,26.66
1211.0,17,53.45
1212.0,15,50.04
1212.0,16,26.5
1212.0,17,52.96
1213.0,15,49.62
1213.0,16,27.17
1213.0,17,51.9
1214.0,15,49.13
1214.0,16,31.09
1214.0,17,49.81
1215.0,15,49.01
1215.0,16,32.17
1215.0,17,49.4
1216.0,15,49.08
1216.0,16,42.95
1216.0,17,50.39
1217.0,15,54.08
1217.0,16,49.1
1217.0,17,53.0
1218.0,15,55.2
1218.0,16,44.61
1218.0,17,54.58
1219.0,15,50.93
1219.0,16,39.34
1219.0,17,51.96
1220.0,15,49.14
1220.0,16,31.08
1220.0,17,49.93
1221.0,15,49.95
1221.0,16,31.02
1221.0,17,51.99
1222.0,15,48.07
1222.0,16,29.69
1222.0,17,50.93
1223.0,15,48.35
1223.0,16,28.57
1223.0,17,50.03
1224.0,15,45.28
1224.0,16,25.51
1224.0,17,45.1
1225.0,15,43.03
1225.0,16,25.58
1225.0,17,41.25
1226.0,15,40.06
1226.0,16,24.94
1226.0,17,39.1
1227.0,15,38.58
1227.0,16,24.96
1227.0,17,37.49
1228.0,15,40.23
1228.0,16,24.88
1228.0,17,39.94
1229.0,15,41.82
1229.0,16,25.08
1229.0,17,42.63
1230.0,15,47.04
1230.0,16,25.69
1230.0,17,47.42
1231.0,15,48.14
1231.0,16,26.08
1231.0,17,47.24
1232.0,15,50.53
1232.0,16,27.03
1232.0,17,52.78
1233.0,15,50.93
1233.0,16,28.26
1233.0,17,55.97
1234.0,15,50.43
1234.0,16,27.33
1234.0,17,55.08
1235.0,15,49.72
1235.0,16,26.17
1235.0,17,53.7
1236.0,15,48.1
1236.0,16,25.98
1236.0,17,49.34
1237.0,15,47.1
1237.0,16,25.97
1237.0,17,48.05
1238.0,15,47.04
1238.0,16,29.44
1238.0,17,45.06
1239.0,15,47.82
1239.0,16,31.0
1239.0,17,44.93
1240.0,15,49.03
1240.0,16,40.96
1240.0,17,47.67
1241.0,15,53.93
1241.0,16,49.15
1241.0,17,61.06
1242.0,15,54.57
1242.0,16,43.42
1242.0,17,61.86
1243.0,15,50.48
1243.0,16,38.62
1243.0,17,52.1
1244.0,15,48.99
1244.0,16,37.47
1244.0,17,45.81
1245.0,15,48.67
1245.0,16,34.2
1245.0,17,49.55
1246.0,15,47.71
1246.0,16,31.93
1246.0,17,50.77
1247.0,15,49.03
1247.0,16,36.86
1247.0,17,41.77
1248.0,15,45.64
1248.0,16,31.95
1248.0,17,39.26
1249.0,15,42.62
1249.0,16,31.08
1249.0,17,39.74
1250.0,15,38.96
1250.0,16,31.1
1250.0,17,35.26
1251.0,15,37.07
1251.0,16,32.21
1251.0,17,32.21
1252.0,15,37.96
1252.0,16,31.04
1252.0,17,32.23
1253.0,15,39.29
1253.0,16,28.03
1253.0,17,33.4
1254.0,15,41.59
1254.0,16,29.01
1254.0,17,35.88
1255.0,15,44.75
1255.0,16,35.01
1255.0,17,43.98
1256.0,15,46.79
1256.0,16,40.98
1256.0,17,44.05
1257.0,15,45.4
1257.0,16,41.9
1257.0,17,43.98
1258.0,15,44.36
1258.0,16,40.73
1258.0,17,43.85
1259.0,15,45.02
1259.0,16,36.33
1259.0,17,43.55
1260.0,15,41.25
1260.0,16,29.62
1260.0,17,40.0
1261.0,15,31.79
1261.0,16,26.9
1261.0,17,29.88
1262.0,15,28.97
1262.0,16,25.05
1262.0,17,25.05
1263.0,15,30.03
1263.0,16,28.03
1263.0,17,28.03
1264.0,15,39.55
1264.0,16,39.94
1264.0,17,39.94
1265.0,15,50.48
1265.0,16,49.85
1265.0,17,49.85
1266.0,15,52.91
1266.0,16,44.1
1266.0,17,53.0
1267.0,15,49.78
1267.0,16,31.09
1267.0,17,48.99
1268.0,15,46.67
1268.0,16,28.69
1268.0,17,43.6
1269.0,15,46.68
1269.0,16,30.01
1269.0,17,41.1
1270.0,15,45.49
1270.0,16,25.08
1270.0,17,41.84
1271.0,15,42.22
1271.0,16,18.62
1271.0,17,41.16
1272.0,15,40.38
1272.0,16,16.53
1272.0,17,39.02
1273.0,15,38.08
1273.0,16,14.09
1273.0,17,38.99
1274.0,15,35.41
1274.0,16,11.9
1274.0,17,32.0
1275.0,15,35.07
1275.0,16,12.25
1275.0,17,31.74
1276.0,15,39.62
1276.0,16,18.18
1276.0,17,36.93
1277.0,15,47.98
1277.0,16,29.06
1277.0,17,46.33
1278.0,15,52.17
1278.0,16,32.19
1278.0,17,53.28
1279.0,15,53.78
1279.0,16,30.65
1279.0,17,58.08
1280.0,15,53.97
1280.0,16,35.01
1280.0,17,59.74
1281.0,15,53.99
1281.0,16,35.79
1281.0,17,55.86
1282.0,15,54.04
1282.0,16,38.58
1282.0,17,54.02
1283.0,15,52.29
1283.0,16,39.94
1283.0,17,55.67
1284.0,15,52.04
1284.0,16,40.84
1284.0,17,50.57
1285.0,15,51.99
1285.0,16,39.99
1285.0,17,49.03
1286.0,15,51.56
1286.0,16,40.98
1286.0,17,44.07
1287.0,15,50.03
1287.0,16,40.66
1287.0,17,40.66
1288.0,15,50.03
1288.0,16,42.56
1288.0,17,42.56
1289.0,15,54.93
1289.0,16,53.0
1289.0,17,53.0
1290.0,15,55.02
1290.0,16,46.18
1290.0,17,53.06
1291.0,15,49.99
1291.0,16,37.32
1291.0,17,49.25
1292.0,15,47.69
1292.0,16,30.98
1292.0,17,46.5
1293.0,15,47.64
1293.0,16,30.08
1293.0,17,47.02
1294.0,15,45.91
1294.0,16,24.93
1294.0,17,46.72
1295.0,15,44.07
1295.0,16,25.77
1295.0,17,43.19
1296.0,15,40.14
1296.0,16,25.08
1296.0,17,38.62
1297.0,15,39.05
1297.0,16,23.9
1297.0,17,37.93
1298.0,15,37.68
1298.0,16,24.0
1298.0,17,32.1
1299.0,15,36.81
1299.0,16,24.91
1299.0,17,30.91
1300.0,15,40.04
1300.0,16,24.98
1300.0,17,37.58
1301.0,15,47.97
1301.0,16,30.09
1301.0,17,45.0
1302.0,15,53.45
1302.0,16,40.94
1302.0,17,50.76
1303.0,15,56.94
1303.0,16,42.92
1303.0,17,51.47
1304.0,15,57.21
1304.0,16,37.87
1304.0,17,52.29
1305.0,15,55.88
1305.0,16,30.86
1305.0,17,52.52
1306.0,15,53.48
1306.0,16,30.05
1306.0,17,51.2
1307.0,15,52.23
1307.0,16,29.0
1307.0,17,48.41
1308.0,15,51.16
1308.0,16,29.6
1308.0,17,46.87
1309.0,15,51.07
1309.0,16,31.08
1309.0,17,46.15
1310.0,15,51.9
1310.0,16,40.59
1310.0,17,41.12
1311.0,15,51.2
1311.0,16,42.31
1311.0,17,42.31
1312.0,15,51.18
1312.0,16,47.93
1312.0,17,47.93
1313.0,15,54.14
1313.0,16,54.95
1313.0,17,54.95
1314.0,15,55.04
1314.0,16,52.91
1314.0,17,58.51
1315.0,15,52.59
1315.0,16,44.4
1315.0,17,51.5
1316.0,15,50.19
1316.0,16,38.0
1316.0,17,47.11
1317.0,15,50.8
1317.0,16,31.05
1317.0,17,49.33
1318.0,15,48.73
1318.0,16,28.19
1318.0,17,48.91
1319.0,15,46.17
1319.0,16,29.62
1319.0,17,45.93
1320.0,15,42.92
1320.0,16,30.04
1320.0,17,39.92
1321.0,15,40.93
1321.0,16,28.68
1321.0,17,39.5
1322.0,15,38.06
1322.0,16,29.45
1322.0,17,36.28
1323.0,15,37.08
1323.0,16,30.02
1323.0,17,35.54
1324.0,15,41.86
1324.0,16,30.01
1324.0,17,39.95
1325.0,15,49.54
1325.0,16,42.97
1325.0,17,48.34
1326.0,15,54.61
1326.0,16,51.5
1326.0,17,51.5
1327.0,15,56.06
1327.0,16,49.9
1327.0,17,52.24
1328.0,15,57.35
1328.0,16,49.61
1328.0,17,53.67
1329.0,15,56.6
1329.0,16,50.0
1329.0,17,53.53
1330.0,15,54.94
1330.0,16,51.66
1330.0,17,53.37
1331.0,15,54.05
1331.0,16,44.23
1331.0,17,53.55
1332.0,15,52.82
1332.0,16,43.9
1332.0,17,52.39
1333.0,15,52.42
1333.0,16,46.87
1333.0,17,49.13
1334.0,15,51.61
1334.0,16,46.96
1334.0,17,46.96
1335.0,15,51.14
1335.0,16,49.93
1335.0,17,49.93
1336.0,15,54.51
1336.0,16,49.91
1336.0,17,49.91
1337.0,15,62.25
1337.0,16,68.34
1337.0,17,68.34
1338.0,15,60.26
1338.0,16,62.16
1338.0,17,62.16
1339.0,15,54.35
1339.0,16,52.25
1339.0,17,52.25
1340.0,15,50.64
1340.0,16,47.66
1340.0,17,47.66
1341.0,15,52.05
1341.0,16,42.4
1341.0,17,48.0
1342.0,15,49.92
1342.0,16,34.54
1342.0,17,48.34
1343.0,15,46.42
1343.0,16,30.9
1343.0,17,46.43
1344.0,15,40.76
1344.0,16,30.9
1344.0,17,42.92
1345.0,15,39.92
1345.0,16,29.85
1345.0,17,41.96
1346.0,15,37.03
1346.0,16,29.03
1346.0,17,38.27
1347.0,15,36.91
1347.0,16,29.43
1347.0,17,38.05
1348.0,15,39.93
1348.0,16,30.82
1348.0,17,39.23
1349.0,15,49.66
1349.0,16,47.38
1349.0,17,47.38
1350.0,15,53.95
1350.0,16,55.2
1350.0,17,55.2
1351.0,15,55.37
1351.0,16,55.64
1351.0,17,55.64
1352.0,15,54.95
1352.0,16,46.98
1352.0,17,57.89
1353.0,15,54.93
1353.0,16,39.95
1353.0,17,52.16
1354.0,15,53.92
1354.0,16,38.76
1354.0,17,52.0
1355.0,15,52.08
1355.0,16,30.94
1355.0,17,52.02
1356.0,15,52.03
1356.0,16,30.98
1356.0,17,49.72
1357.0,15,51.08
1357.0,16,31.12
1357.0,17,48.31
1358.0,15,51.02
1358.0,16,35.94
1358.0,17,44.94
1359.0,15,51.03
1359.0,16,39.92
1359.0,17,43.29
1360.0,15,50.97
1360.0,16,44.88
1360.0,17,44.88
1361.0,15,56.06
1361.0,16,45.74
1361.0,17,53.12
1362.0,15,56.54
1362.0,16,45.04
1362.0,17,56.0
1363.0,15,52.18
1363.0,16,37.79
1363.0,17,53.15
1364.0,15,50.47
1364.0,16,30.8
1364.0,17,48.82
1365.0,15,50.91
1365.0,16,30.1
1365.0,17,46.38
1366.0,15,47.97
1366.0,16,27.03
1366.0,17,46.33
1367.0,15,47.51
1367.0,16,26.72
1367.0,17,44.98
1368.0,15,42.06
1368.0,16,27.46
1368.0,17,39.29
1369.0,15,40.51
1369.0,16,27.19
1369.0,17,39.38
1370.0,15,39.22
1370.0,16,27.92
1370.0,17,31.61
1371.0,15,38.02
1371.0,16,28.02
1371.0,17,28.02
1372.0,15,42.25
1372.0,16,29.88
1372.0,17,37.72
1373.0,15,51.91
1373.0,16,41.91
1373.0,17,44.42
1374.0,15,53.44
1374.0,16,44.02
1374.0,17,52.02
1375.0,15,55.86
1375.0,16,43.07
1375.0,17,55.21
1376.0,15,56.0
1376.0,16,42.43
1376.0,17,54.32
1377.0,15,55.9
1377.0,16,39.92
1377.0,17,54.23
1378.0,15,55.09
1378.0,16,39.39
1378.0,17,54.53
1379.0,15,53.91
1379.0,16,35.59
1379.0,17,55.01
1380.0,15,53.53
1380.0,16,35.72
1380.0,17,54.99
1381.0,15,54.09
1381.0,16,34.93
1381.0,17,49.19
1382.0,15,53.41
1382.0,16,40.68
1382.0,17,42.44
1383.0,15,53.1
1383.0,16,41.62
1383.0,17,41.62
1384.0,15,53.01
1384.0,16,47.94
1384.0,17,47.94
1385.0,15,58.76
1385.0,16,64.06
1385.0,17,64.06
1386.0,15,59.93
1386.0,16,57.82
1386.0,17,60.71
1387.0,15,55.56
1387.0,16,47.19
1387.0,17,54.56
1388.0,15,53.16
1388.0,16,40.07
1388.0,17,50.37
1389.0,15,53.01
1389.0,16,37.3
1389.0,17,53.01
1390.0,15,51.96
1390.0,16,31.88
1390.0,17,52.6
1391.0,15,51.43
1391.0,16,28.48
1391.0,17,54.1
1392.0,15,47.72
1392.0,16,28.04
1392.0,17,50.95
1393.0,15,45.43
1393.0,16,27.07
1393.0,17,48.78
1394.0,15,42.25
1394.0,16,28.04
1394.0,17,43.4
1395.0,15,40.53
1395.0,16,27.3
1395.0,17,41.69
1396.0,15,43.14
1396.0,16,27.0
1396.0,17,40.53
1397.0,15,47.09
1397.0,16,25.81
1397.0,17,41.97
1398.0,15,51.0
1398.0,16,29.73
1398.0,17,44.64
1399.0,15,52.83
1399.0,16,38.95
1399.0,17,48.48
1400.0,15,52.85
1400.0,16,40.02
1400.0,17,53.48
1401.0,15,52.8
1401.0,16,35.92
1401.0,17,51.8
1402.0,15,51.36
1402.0,16,29.38
1402.0,17,48.78
1403.0,15,48.93
1403.0,16,25.89
1403.0,17,44.73
1404.0,15,46.29
1404.0,16,24.87
1404.0,17,43.49
1405.0,15,43.02
1405.0,16,24.83
1405.0,17,41.86
1406.0,15,45.03
1406.0,16,25.57
1406.0,17,42.5
1407.0,15,47.52
1407.0,16,30.08
1407.0,17,41.38
1408.0,15,50.96
1408.0,16,40.05
1408.0,17,43.73
1409.0,15,53.97
1409.0,16,44.77
1409.0,17,54.92
1410.0,15,54.32
1410.0,16,37.88
1410.0,17,56.61
1411.0,15,51.18
1411.0,16,27.01
1411.0,17,51.15
1412.0,15,50.07
1412.0,16,23.87
1412.0,17,44.51
1413.0,15,49.06
1413.0,16,22.49
1413.0,17,50.06
1414.0,15,48.19
1414.0,16,15.13
1414.0,17,50.1
1415.0,15,48.95
1415.0,16,11.76
1415.0,17,35.62
1416.0,15,40.98
1416.0,16,4.2
1416.0,17,30.9
1417.0,15,37.69
1417.0,16,-0.05
1417.0,17,26.7
1418.0,15,35.21
1418.0,16,-0.09
1418.0,17,26.66
1419.0,15,26.11
1419.0,16,-2.0
1419.0,17,21.35
1420.0,15,20.4
1420.0,16,-1.91
1420.0,17,19.85
1421.0,15,18.87
1421.0,16,-5.08
1421.0,17,20.14
1422.0,15,14.99
1422.0,16,-0.13
1422.0,17,19.87
1423.0,15,23.77
1423.0,16,3.91
1423.0,17,21.24
1424.0,15,28.18
1424.0,16,9.7
1424.0,17,25.22
1425.0,15,25.39
1425.0,16,12.65
1425.0,17,25.13
1426.0,15,29.89
1426.0,16,18.39
1426.0,17,27.1
1427.0,15,30.76
1427.0,16,14.36
1427.0,17,30.39
1428.0,15,25.41
1428.0,16,11.15
1428.0,17,25.0
1429.0,15,15.25
1429.0,16,10.52
1429.0,17,23.68
1430.0,15,11.06
1430.0,16,11.67
1430.0,17,14.87
1431.0,15,16.19
1431.0,16,11.6
1431.0,17,11.7
1432.0,15,30.0
1432.0,16,15.27
1432.0,17,19.52
1433.0,15,44.92
1433.0,16,25.69
1433.0,17,31.93
1434.0,15,52.4
1434.0,16,25.65
1434.0,17,46.72
1435.0,15,51.17
1435.0,16,24.8
1435.0,17,44.0
1436.0,15,49.93
1436.0,16,15.28
1436.0,17,35.27
1437.0,15,49.22
1437.0,16,23.94
1437.0,17,35.69
1438.0,15,39.72
1438.0,16,16.64
1438.0,17,30.23
1439.0,15,34.83
1439.0,16,18.0
1439.0,17,25.0
1440.0,15,31.4
1440.0,16,15.38
1440.0,17,20.36
1441.0,15,30.6
1441.0,16,15.1
1441.0,17,16.62
1442.0,15,28.48
1442.0,16,13.0
1442.0,17,13.0
1443.0,15,25.28
1443.0,16,12.0
1443.0,17,12.0
1444.0,15,38.05
1444.0,16,17.85
1444.0,17,21.08
1445.0,15,49.67
1445.0,16,31.49
1445.0,17,38.96
1446.0,15,54.0
1446.0,16,38.96
1446.0,17,52.94
1447.0,15,54.82
1447.0,16,35.99
1447.0,17,59.48
1448.0,15,54.06
1448.0,16,30.75
1448.0,17,58.59
1449.0,15,54.21
1449.0,16,28.46
1449.0,17,55.55
1450.0,15,53.85
1450.0,16,27.09
1450.0,17,53.9
1451.0,15,53.06
1451.0,16,25.89
1451.0,17,50.96
1452.0,15,53.34
1452.0,16,26.1
1452.0,17,49.05
1453.0,15,53.96
1453.0,16,25.85
1453.0,17,47.47
1454.0,15,54.93
1454.0,16,26.69
1454.0,17,45.94
1455.0,15,55.61
1455.0,16,28.5
1455.0,17,45.94
1456.0,15,53.93
1456.0,16,38.56
1456.0,17,46.26
1457.0,15,55.45
1457.0,16,47.44
1457.0,17,59.99
1458.0,15,55.53
1458.0,16,45.92
1458.0,17,70.16
1459.0,15,53.94
1459.0,16,29.83
1459.0,17,61.56
1460.0,15,54.0
1460.0,16,26.59
1460.0,17,55.48
1461.0,15,52.33
1461.0,16,24.23
1461.0,17,54.92
1462.0,15,49.61
1462.0,16,12.14
1462.0,17,50.94
1463.0,15,43.07
1463.0,16,13.76
1463.0,17,51.79
1464.0,15,38.97
1464.0,16,9.79
1464.0,17,49.34
1465.0,15,37.8
1465.0,16,8.4
1465.0,17,46.16
1466.0,15,35.94
1466.0,16,9.48
1466.0,17,43.23
1467.0,15,34.1
1467.0,16,13.77
1467.0,17,41.0
1468.0,15,38.05
1468.0,16,15.65
1468.0,17,45.53
1469.0,15,50.05
1469.0,16,27.01
1469.0,17,51.1
1470.0,15,55.84
1470.0,16,31.92
1470.0,17,55.32
1471.0,15,60.91
1471.0,16,30.16
1471.0,17,60.19
1472.0,15,60.05
1472.0,16,26.68
1472.0,17,63.5
1473.0,15,58.9
1473.0,16,24.55
1473.0,17,56.88
1474.0,15,56.89
1474.0,16,23.01
1474.0,17,54.3
1475.0,15,53.61
1475.0,16,21.9
1475.0,17,51.07
1476.0,15,52.43
1476.0,16,24.33
1476.0,17,49.54
1477.0,15,51.98
1477.0,16,26.08
1477.0,17,48.45
1478.0,15,53.4
1478.0,16,29.97
1478.0,17,45.27
1479.0,15,53.39
1479.0,16,34.8
1479.0,17,46.97
1480.0,15,54.04
1480.0,16,44.32
1480.0,17,50.78
1481.0,15,63.21
1481.0,16,55.9
1481.0,17,55.9
1482.0,15,67.87
1482.0,16,57.69
1482.0,17,67.32
1483.0,15,56.31
1483.0,16,40.09
1483.0,17,54.66
1484.0,15,53.6
1484.0,16,30.16
1484.0,17,48.38
1485.0,15,51.63
1485.0,16,28.72
1485.0,17,50.93
1486.0,15,49.09
1486.0,16,24.92
1486.0,17,48.97
1487.0,15,48.65
1487.0,16,23.31
1487.0,17,43.99
1488.0,15,45.28
1488.0,16,16.25
1488.0,17,41.0
1489.0,15,42.15
1489.0,16,15.37
1489.0,17,39.39
1490.0,15,39.43
1490.0,16,15.5
1490.0,17,34.14
1491.0,15,38.51
1491.0,16,18.04
1491.0,17,34.14
1492.0,15,44.4
1492.0,16,25.52
1492.0,17,40.36
1493.0,15,50.07
1493.0,16,29.64
1493.0,17,46.9
1494.0,15,54.62
1494.0,16,38.03
1494.0,17,52.42
1495.0,15,58.02
1495.0,16,34.07
1495.0,17,57.13
1496.0,15,60.81
1496.0,16,28.12
1496.0,17,60.42
1497.0,15,56.94
1497.0,16,25.73
1497.0,17,54.08
1498.0,15,55.25
1498.0,16,17.99
1498.0,17,52.41
1499.0,15,53.1
1499.0,16,15.57
1499.0,17,50.0
1500.0,15,52.85
1500.0,16,15.68
1500.0,17,48.06
1501.0,15,52.4
1501.0,16,21.64
1501.0,17,44.21
1502.0,15,52.08
1502.0,16,25.79
1502.0,17,40.55
1503.0,15,52.06
1503.0,16,26.67
1503.0,17,40.68
1504.0,15,52.04
1504.0,16,34.93
1504.0,17,44.5
1505.0,15,57.15
1505.0,16,47.48
1505.0,17,54.49
1506.0,15,63.29
1506.0,16,43.68
1506.0,17,65.0
1507.0,15,53.96
1507.0,16,31.36
1507.0,17,51.06
1508.0,15,51.92
1508.0,16,26.62
1508.0,17,48.86
1509.0,15,50.91
1509.0,16,26.51
1509.0,17,49.91
1510.0,15,49.04
1510.0,16,23.75
1510.0,17,47.45
1511.0,15,45.9
1511.0,16,25.02
1511.0,17,45.0
1512.0,15,43.03
1512.0,16,24.28
1512.0,17,42.0
1513.0,15,41.49
1513.0,16,24.02
1513.0,17,41.05
1514.0,15,39.2
1514.0,16,24.06
1514.0,17,40.95
1515.0,15,38.62
1515.0,16,24.49
1515.0,17,41.0
1516.0,15,42.43
1516.0,16,25.91
1516.0,17,43.15
1517.0,15,49.92
1517.0,16,33.92
1517.0,17,50.97
1518.0,15,53.73
1518.0,16,42.99
1518.0,17,56.54
1519.0,15,59.49
1519.0,16,42.61
1519.0,17,64.98
1520.0,15,59.92
1520.0,16,37.99
1520.0,17,65.84
1521.0,15,53.95
1521.0,16,33.07
1521.0,17,54.65
1522.0,15,53.02
1522.0,16,30.21
1522.0,17,50.95
1523.0,15,50.83
1523.0,16,28.69
1523.0,17,49.24
1524.0,15,50.29
1524.0,16,28.08
1524.0,17,44.4
1525.0,15,51.0
1525.0,16,29.3
1525.0,17,43.37
1526.0,15,51.55
1526.0,16,33.91
1526.0,17,39.59
1527.0,15,52.36
1527.0,16,37.92
1527.0,17,37.92
1528.0,15,51.78
1528.0,16,45.71
1528.0,17,45.71
1529.0,15,65.48
1529.0,16,66.24
1529.0,17,66.24
1530.0,15,66.47
1530.0,16,68.5
1530.0,17,68.5
1531.0,15,53.96
1531.0,16,53.99
1531.0,17,53.99
1532.0,15,51.42
1532.0,16,41.99
1532.0,17,47.09
1533.0,15,49.98
1533.0,16,39.44
1533.0,17,48.76
1534.0,15,48.41
1534.0,16,30.48
1534.0,17,47.3
1535.0,15,44.97
1535.0,16,30.48
1535.0,17,42.73
1536.0,15,42.04
1536.0,16,29.52
1536.0,17,41.0
1537.0,15,40.66
1537.0,16,27.1
1537.0,17,41.65
1538.0,15,39.91
1538.0,16,26.05
1538.0,17,40.36
1539.0,15,39.62
1539.0,16,27.47
1539.0,17,40.26
1540.0,15,42.65
1540.0,16,32.9
1540.0,17,41.96
1541.0,15,50.71
1541.0,16,42.05
1541.0,17,50.96
1542.0,15,56.07
1542.0,16,50.96
1542.0,17,59.34
1543.0,15,63.8
1543.0,16,49.22
1543.0,17,67.04
1544.0,15,62.94
1544.0,16,49.08
1544.0,17,66.3
1545.0,15,56.02
1545.0,16,48.34
1545.0,17,57.0
1546.0,15,52.31
1546.0,16,46.0
1546.0,17,52.97
1547.0,15,50.02
1547.0,16,39.44
1547.0,17,50.48
1548.0,15,50.03
1548.0,16,36.8
1548.0,17,50.48
1549.0,15,50.06
1549.0,16,33.72
1549.0,17,49.33
1550.0,15,50.53
1550.0,16,39.51
1550.0,17,44.94
1551.0,15,50.98
1551.0,16,41.26
1551.0,17,41.7
1552.0,15,50.02
1552.0,16,45.98
1552.0,17,45.98
1553.0,15,60.83
1553.0,16,59.61
1553.0,17,59.61
1554.0,15,62.51
1554.0,16,62.0
1554.0,17,62.0
1555.0,15,51.96
1555.0,16,42.98
1555.0,17,53.03
1556.0,15,49.47
1556.0,16,34.48
1556.0,17,47.97
1557.0,15,47.1
1557.0,16,34.05
1557.0,17,49.58
1558.0,15,46.17
1558.0,16,29.66
1558.0,17,47.61
1559.0,15,45.43
1559.0,16,34.09
1559.0,17,47.1
1560.0,15,43.05
1560.0,16,29.84
1560.0,17,43.76
1561.0,15,41.03
1561.0,16,26.02
1561.0,17,41.36
1562.0,15,38.09
1562.0,16,24.06
1562.0,17,37.06
1563.0,15,36.36
1563.0,16,24.65
1563.0,17,34.26
1564.0,15,38.0
1564.0,16,25.06
1564.0,17,32.92
1565.0,15,40.08
1565.0,16,25.47
1565.0,17,37.32
1566.0,15,45.03
1566.0,16,27.18
1566.0,17,39.99
1567.0,15,46.19
1567.0,16,28.84
1567.0,17,45.61
1568.0,15,45.04
1568.0,16,26.22
1568.0,17,48.18
1569.0,15,42.83
1569.0,16,24.53
1569.0,17,46.14
1570.0,15,38.96
1570.0,16,24.22
1570.0,17,41.27
1571.0,15,38.01
1571.0,16,22.5
1571.0,17,40.32
1572.0,15,35.8
1572.0,16,22.93
1572.0,17,34.96
1573.0,15,32.19
1573.0,16,24.49
1573.0,17,31.35
1574.0,15,29.31
1574.0,16,26.11
1574.0,17,26.11
1575.0,15,32.0
1575.0,16,29.34
1575.0,17,29.34
1576.0,15,38.07
1576.0,16,38.04
1576.0,17,38.04
1577.0,15,49.02
1577.0,16,45.78
1577.0,17,46.1
1578.0,15,51.08
1578.0,16,44.44
1578.0,17,56.4
1579.0,15,49.05
1579.0,16,34.92
1579.0,17,53.1
1580.0,15,44.02
1580.0,16,28.27
1580.0,17,46.53
1581.0,15,44.47
1581.0,16,28.08
1581.0,17,48.36
1582.0,15,42.5
1582.0,16,23.19
1582.0,17,47.4
1583.0,15,39.45
1583.0,16,17.73
1583.0,17,34.45
1584.0,15,40.36
1584.0,16,15.59
1584.0,17,34.63
1585.0,15,38.01
1585.0,16,15.92
1585.0,17,35.0
1586.0,15,34.92
1586.0,16,15.57
1586.0,17,32.81
1587.0,15,32.58
1587.0,16,16.24
1587.0,17,32.81
1588.0,15,27.25
1588.0,16,16.9
1588.0,17,32.81
1589.0,15,22.08
1589.0,16,15.53
1589.0,17,32.81
1590.0,15,24.05
1590.0,16,15.58
1590.0,17,32.81
1591.0,15,31.88
1591.0,16,15.57
1591.0,17,33.43
1592.0,15,27.24
1592.0,16,21.42
1592.0,17,32.44
1593.0,15,14.13
1593.0,16,20.05
1593.0,17,24.02
1594.0,15,12.76
1594.0,16,21.86
1594.0,17,21.86
1595.0,15,15.97
1595.0,16,20.03
1595.0,17,24.22
1596.0,15,11.85
1596.0,16,14.89
1596.0,17,18.76
1597.0,15,9.9
1597.0,16,14.87
1597.0,17,14.87
1598.0,15,10.99
1598.0,16,12.88
1598.0,17,12.88
1599.0,15,13.99
1599.0,16,15.53
1599.0,17,13.45
1600.0,15,26.13
1600.0,16,26.02
1600.0,17,20.42
1601.0,15,37.43
1601.0,16,36.13
1601.0,17,36.13
1602.0,15,46.02
1602.0,16,44.17
1602.0,17,44.17
1603.0,15,46.0
1603.0,16,38.94
1603.0,17,42.84
1604.0,15,43.67
1604.0,16,32.29
1604.0,17,38.07
1605.0,15,42.67
1605.0,16,39.53
1605.0,17,41.49
1606.0,15,38.3
1606.0,16,36.29
1606.0,17,41.2
1607.0,15,34.32
1607.0,16,25.96
1607.0,17,37.5
1608.0,15,33.01
1608.0,16,26.72
1608.0,17,35.0
1609.0,15,28.97
1609.0,16,26.78
1609.0,17,33.01
1610.0,15,27.57
1610.0,16,25.68
1610.0,17,28.53
1611.0,15,29.28
1611.0,16,26.65
1611.0,17,27.83
1612.0,15,38.8
1612.0,16,29.95
1612.0,17,33.8
1613.0,15,47.19
1613.0,16,42.97
1613.0,17,43.87
1614.0,15,52.75
1614.0,16,50.32
1614.0,17,50.32
1615.0,15,55.1
1615.0,16,56.65
1615.0,17,56.65
1616.0,15,55.15
1616.0,16,43.95
1616.0,17,55.3
1617.0,15,53.46
1617.0,16,39.98
1617.0,17,51.41
1618.0,15,52.37
1618.0,16,37.48
1618.0,17,50.0
1619.0,15,49.82
1619.0,16,31.56
1619.0,17,45.01
1620.0,15,49.74
1620.0,16,34.98
1620.0,17,44.63
1621.0,15,49.52
1621.0,16,35.2
1621.0,17,41.5
1622.0,15,50.73
1622.0,16,39.41
1622.0,17,39.41
1623.0,15,50.59
1623.0,16,40.0
1623.0,17,40.0
1624.0,15,50.0
1624.0,16,45.36
1624.0,17,45.36
1625.0,15,60.02
1625.0,16,59.01
1625.0,17,59.01
1626.0,15,66.04
1626.0,16,65.97
1626.0,17,65.97
1627.0,15,52.56
1627.0,16,50.01
1627.0,17,50.01
1628.0,15,50.72
1628.0,16,39.73
1628.0,17,42.47
1629.0,15,49.37
1629.0,16,33.92
1629.0,17,45.76
1630.0,15,48.33
1630.0,16,26.07
1630.0,17,45.59
1631.0,15,43.14
1631.0,16,29.92
1631.0,17,42.56
1632.0,15,39.99
1632.0,16,28.41
1632.0,17,37.81
1633.0,15,38.38
1633.0,16,27.75
1633.0,17,38.51
1634.0,15,35.03
1634.0,16,28.07
1634.0,17,37.37
1635.0,15,34.58
1635.0,16,30.38
1635.0,17,34.3
1636.0,15,39.46
1636.0,16,31.6
1636.0,17,41.17
1637.0,15,47.59
1637.0,16,44.27
1637.0,17,47.96
1638.0,15,52.62
1638.0,16,48.99
1638.0,17,54.45
1639.0,15,57.83
1639.0,16,42.91
1639.0,17,56.42
1640.0,15,57.0
1640.0,16,36.23
1640.0,17,53.98
1641.0,15,52.65
1641.0,16,32.85
1641.0,17,51.43
1642.0,15,50.44
1642.0,16,32.54
1642.0,17,50.03
1643.0,15,49.01
1643.0,16,30.91
1643.0,17,47.0
1644.0,15,47.05
1644.0,16,33.04
1644.0,17,45.35
1645.0,15,47.1
1645.0,16,32.66
1645.0,17,47.95
1646.0,15,49.48
1646.0,16,36.94
1646.0,17,41.51
1647.0,15,50.02
1647.0,16,40.06
1647.0,17,40.06
1648.0,15,48.07
1648.0,16,44.94
1648.0,17,44.94
1649.0,15,58.05
1649.0,16,57.37
1649.0,17,57.37
1650.0,15,61.99
1650.0,16,65.18
1650.0,17,65.18
1651.0,15,50.71
1651.0,16,50.98
1651.0,17,50.98
1652.0,15,47.08
1652.0,16,39.99
1652.0,17,48.93
1653.0,15,47.92
1653.0,16,33.95
1653.0,17,48.71
1654.0,15,45.94
1654.0,16,29.54
1654.0,17,48.75
1655.0,15,41.37
1655.0,16,27.02
1655.0,17,42.02
1656.0,15,37.02
1656.0,16,27.92
1656.0,17,37.69
1657.0,15,34.48
1657.0,16,26.94
1657.0,17,38.86
1658.0,15,32.15
1658.0,16,26.97
1658.0,17,35.53
1659.0,15,32.07
1659.0,16,27.3
1659.0,17,34.9
1660.0,15,37.07
1660.0,16,29.0
1660.0,17,37.5
1661.0,15,46.92
1661.0,16,39.93
1661.0,17,45.96
1662.0,15,52.42
1662.0,16,45.0
1662.0,17,52.68
1663.0,15,53.28
1663.0,16,39.94
1663.0,17,56.61
1664.0,15,52.73
1664.0,16,30.52
1664.0,17,58.1
1665.0,15,51.1
1665.0,16,28.19
1665.0,17,53.16
1666.0,15,49.02
1666.0,16,27.9
1666.0,17,51.32
1667.0,15,45.96
1667.0,16,26.03
1667.0,17,48.18
1668.0,15,45.96
1668.0,16,25.93
1668.0,17,46.07
1669.0,15,47.95
1669.0,16,26.02
1669.0,17,41.02
1670.0,15,49.81
1670.0,16,28.19
1670.0,17,39.61
1671.0,15,51.42
1671.0,16,32.0
1671.0,17,40.0
1672.0,15,48.68
1672.0,16,42.81
1672.0,17,42.81
1673.0,15,56.05
1673.0,16,52.86
1673.0,17,52.86
1674.0,15,63.63
1674.0,16,66.45
1674.0,17,66.45
1675.0,15,51.24
1675.0,16,47.72
1675.0,17,51.63
1676.0,15,49.02
1676.0,16,40.83
1676.0,17,45.37
1677.0,15,48.99
1677.0,16,40.04
1677.0,17,45.12
1678.0,15,45.45
1678.0,16,31.0
1678.0,17,45.14
1679.0,15,42.96
1679.0,16,29.44
1679.0,17,39.42
1680.0,15,39.72
1680.0,16,29.7
1680.0,17,39.44
1681.0,15,38.19
1681.0,16,29.63
1681.0,17,36.88
1682.0,15,35.69
1682.0,16,29.95
1682.0,17,34.48
1683.0,15,35.02
1683.0,16,30.94
1683.0,17,32.63
1684.0,15,40.08
1684.0,16,32.13
1684.0,17,36.71
1685.0,15,48.99
1685.0,16,46.55
1685.0,17,46.55
1686.0,15,54.82
1686.0,16,55.39
1686.0,17,55.39
1687.0,15,58.62
1687.0,16,58.13
1687.0,17,58.13
1688.0,15,55.93
1688.0,16,46.96
1688.0,17,55.16
1689.0,15,52.52
1689.0,16,43.93
1689.0,17,51.4
1690.0,15,50.33
1690.0,16,41.01
1690.0,17,48.35
1691.0,15,46.04
1691.0,16,33.36
1691.0,17,45.44
1692.0,15,45.05
1692.0,16,31.96
1692.0,17,42.99
1693.0,15,46.97
1693.0,16,32.37
1693.0,17,40.05
1694.0,15,48.03
1694.0,16,37.99
1694.0,17,37.99
1695.0,15,49.11
1695.0,16,37.9
1695.0,17,37.9
1696.0,15,47.05
1696.0,16,42.01
1696.0,17,42.01
1697.0,15,54.02
1697.0,16,52.02
1697.0,17,52.02
1698.0,15,62.1
1698.0,16,62.0
1698.0,17,62.0
1699.0,15,52.42
1699.0,16,44.41
1699.0,17,52.98
1700.0,15,47.63
1700.0,16,36.89
1700.0,17,45.21
1701.0,15,46.8
1701.0,16,32.5
1701.0,17,45.0
1702.0,15,44.68
1702.0,16,29.93
1702.0,17,42.39
1703.0,15,38.99
1703.0,16,27.16
1703.0,17,38.55
1704.0,15,37.41
1704.0,16,27.66
1704.0,17,37.54
1705.0,15,34.34
1705.0,16,27.02
1705.0,17,38.0
1706.0,15,32.04
1706.0,16,27.47
1706.0,17,29.78
1707.0,15,31.31
1707.0,16,28.71
1707.0,17,30.3
1708.0,15,36.91
1708.0,16,30.23
1708.0,17,34.88
1709.0,15,43.91
1709.0,16,42.2
1709.0,17,42.2
1710.0,15,53.18
1710.0,16,52.04
1710.0,17,52.04
1711.0,15,55.36
1711.0,16,49.9
1711.0,17,52.72
1712.0,15,54.38
1712.0,16,40.92
1712.0,17,53.64
1713.0,15,52.05
1713.0,16,37.39
1713.0,17,51.67
1714.0,15,50.05
1714.0,16,35.94
1714.0,17,48.08
1715.0,15,44.96
1715.0,16,33.22
1715.0,17,45.0
1716.0,15,44.29
1716.0,16,30.99
1716.0,17,43.28
1717.0,15,45.95
1717.0,16,32.75
1717.0,17,43.51
1718.0,15,50.02
1718.0,16,32.75
1718.0,17,41.6
1719.0,15,48.98
1719.0,16,37.92
1719.0,17,41.6
1720.0,15,47.02
1720.0,16,42.64
1720.0,17,42.64
1721.0,15,51.05
1721.0,16,48.02
1721.0,17,48.02
1722.0,15,58.6
1722.0,16,51.42
1722.0,17,57.19
1723.0,15,51.93
1723.0,16,42.71
1723.0,17,52.01
1724.0,15,48.08
1724.0,16,34.05
1724.0,17,47.7
1725.0,15,47.09
1725.0,16,35.79
1725.0,17,46.63
1726.0,15,44.13
1726.0,16,31.14
1726.0,17,46.32
1727.0,15,43.04
1727.0,16,30.37
1727.0,17,44.2
1728.0,15,41.68
1728.0,16,28.07
1728.0,17,41.08
1729.0,15,38.01
1729.0,16,28.01
1729.0,17,38.04
1730.0,15,33.86
1730.0,16,29.91
1730.0,17,36.93
1731.0,15,32.05
1731.0,16,30.26
1731.0,17,34.17
1732.0,15,33.9
1732.0,16,28.12
1732.0,17,35.14
1733.0,15,34.91
1733.0,16,27.92
1733.0,17,38.0
1734.0,15,40.52
1734.0,16,30.98
1734.0,17,38.4
1735.0,15,43.03
1735.0,16,35.55
1735.0,17,41.5
1736.0,15,42.09
1736.0,16,39.92
1736.0,17,43.82
1737.0,15,38.09
1737.0,16,35.96
1737.0,17,42.15
1738.0,15,38.02
1738.0,16,33.94
1738.0,17,41.24
1739.0,15,38.02
1739.0,16,31.32
1739.0,17,41.6
1740.0,15,34.81
1740.0,16,29.27
1740.0,17,40.65
1741.0,15,30.61
1741.0,16,27.99
1741.0,17,38.4
1742.0,15,28.85
1742.0,16,26.74
1742.0,17,33.81
1743.0,15,28.86
1743.0,16,28.66
1743.0,17,32.22
1744.0,15,36.12
1744.0,16,35.99
1744.0,17,36.52
1745.0,15,45.94
1745.0,16,43.4
1745.0,17,43.4
1746.0,15,55.81
1746.0,16,42.51
1746.0,17,50.95
1747.0,15,50.03
1747.0,16,37.59
1747.0,17,50.13
1748.0,15,44.26
1748.0,16,30.54
1748.0,17,45.4
1749.0,15,44.9
1749.0,16,29.33
1749.0,17,46.89
1750.0,15,43.04
1750.0,16,24.39
1750.0,17,45.43
1751.0,15,42.89
1751.0,16,31.27
1751.0,17,44.32
1752.0,15,38.68
1752.0,16,26.66
1752.0,17,40.87
1753.0,15,35.92
1753.0,16,25.55
1753.0,17,37.75
1754.0,15,30.81
1754.0,16,25.38
1754.0,17,33.0
1755.0,15,30.02
1755.0,16,25.37
1755.0,17,31.92
1756.0,15,23.5
1756.0,16,25.05
1756.0,17,29.28
1757.0,15,26.84
1757.0,16,23.74
1757.0,17,29.17
1758.0,15,28.97
1758.0,16,24.48
1758.0,17,29.52
1759.0,15,35.88
1759.0,16,26.01
1759.0,17,34.06
1760.0,15,35.67
1760.0,16,29.38
1760.0,17,37.56
1761.0,15,32.01
1761.0,16,26.01
1761.0,17,40.0
1762.0,15,32.01
1762.0,16,26.07
1762.0,17,42.74
1763.0,15,30.31
1763.0,16,24.04
1763.0,17,44.2
1764.0,15,27.65
1764.0,16,23.65
1764.0,17,40.75
1765.0,15,16.88
1765.0,16,22.43
1765.0,17,30.9
1766.0,15,16.76
1766.0,16,23.3
1766.0,17,24.03
1767.0,15,18.47
1767.0,16,24.51
1767.0,17,24.79
1768.0,15,23.94
1768.0,16,31.73
1768.0,17,32.7
1769.0,15,40.0
1769.0,16,42.48
1769.0,17,42.48
1770.0,15,50.23
1770.0,16,41.96
1770.0,17,53.9
1771.0,15,50.0
1771.0,16,34.54
1771.0,17,56.95
1772.0,15,49.92
1772.0,16,27.18
1772.0,17,52.83
1773.0,15,48.93
1773.0,16,27.04
1773.0,17,52.0
1774.0,15,45.2
1774.0,16,23.32
1774.0,17,49.8
1775.0,15,38.57
1775.0,16,22.6
1775.0,17,48.9
1776.0,15,35.96
1776.0,16,22.52
1776.0,17,43.88
1777.0,15,35.26
1777.0,16,21.45
1777.0,17,41.35
1778.0,15,32.06
1778.0,16,21.64
1778.0,17,40.07
1779.0,15,31.46
1779.0,16,22.95
1779.0,17,41.0
1780.0,15,40.05
1780.0,16,25.12
1780.0,17,44.3
1781.0,15,49.98
1781.0,16,40.06
1781.0,17,50.0
1782.0,15,58.05
1782.0,16,43.93
1782.0,17,58.81
1783.0,15,63.54
1783.0,16,40.44
1783.0,17,61.54
1784.0,15,62.21
1784.0,16,31.37
1784.0,17,63.51
1785.0,15,59.91
1785.0,16,26.02
1785.0,17,63.0
1786.0,15,59.14
1786.0,16,25.42
1786.0,17,60.13
1787.0,15,57.02
1787.0,16,24.02
1787.0,17,59.89
1788.0,15,55.29
1788.0,16,23.76
1788.0,17,57.35
1789.0,15,56.43
1789.0,16,23.94
1789.0,17,55.73
1790.0,15,56.0
1790.0,16,25.24
1790.0,17,50.96
1791.0,15,52.39
1791.0,16,27.29
1791.0,17,51.5
1792.0,15,54.69
1792.0,16,38.45
1792.0,17,55.42
1793.0,15,58.05
1793.0,16,49.0
1793.0,17,58.7
1794.0,15,65.19
1794.0,16,56.51
1794.0,17,72.0
1795.0,15,57.72
1795.0,16,40.6
1795.0,17,61.9
1796.0,15,51.41
1796.0,16,33.99
1796.0,17,53.96
1797.0,15,49.67
1797.0,16,30.01
1797.0,17,53.63
1798.0,15,47.2
1798.0,16,23.93
1798.0,17,51.0
1799.0,15,47.05
1799.0,16,22.89
1799.0,17,48.31
1800.0,15,44.65
1800.0,16,22.68
1800.0,17,45.0
1801.0,15,43.09
1801.0,16,22.17
1801.0,17,43.1
1802.0,15,40.02
1802.0,16,23.02
1802.0,17,41.5
1803.0,15,38.72
1803.0,16,23.46
1803.0,17,41.1
1804.0,15,43.95
1804.0,16,25.42
1804.0,17,43.1
1805.0,15,50.86
1805.0,16,33.43
1805.0,17,52.43
1806.0,15,57.65
1806.0,16,43.51
1806.0,17,57.47
1807.0,15,59.38
1807.0,16,40.23
1807.0,17,59.67
1808.0,15,58.45
1808.0,16,29.9
1808.0,17,57.06
1809.0,15,54.69
1809.0,16,27.06
1809.0,17,50.76
1810.0,15,54.19
1810.0,16,26.57
1810.0,17,48.18
1811.0,15,52.58
1811.0,16,25.32
1811.0,17,46.03
1812.0,15,52.18
1812.0,16,25.12
1812.0,17,45.85
1813.0,15,53.31
1813.0,16,26.42
1813.0,17,44.0
1814.0,15,53.28
1814.0,16,29.37
1814.0,17,39.94
1815.0,15,52.37
1815.0,16,32.99
1815.0,17,40.42
1816.0,15,51.98
1816.0,16,43.52
1816.0,17,43.52
1817.0,15,55.68
1817.0,16,47.92
1817.0,17,47.92
1818.0,15,61.05
1818.0,16,55.64
1818.0,17,55.64
1819.0,15,53.76
1819.0,16,44.21
1819.0,17,52.45
1820.0,15,51.94
1820.0,16,33.86
1820.0,17,47.08
1821.0,15,51.42
1821.0,16,33.56
1821.0,17,47.72
1822.0,15,45.91
1822.0,16,28.11
1822.0,17,45.76
1823.0,15,43.02
1823.0,16,27.42
1823.0,17,44.66
1824.0,15,40.08
1824.0,16,28.51
1824.0,17,40.29
1825.0,15,38.07
1825.0,16,27.81
1825.0,17,38.4
1826.0,15,38.06
1826.0,16,27.84
1826.0,17,37.02
1827.0,15,37.45
1827.0,16,27.51
1827.0,17,35.78
1828.0,15,41.74
1828.0,16,29.46
1828.0,17,39.02
1829.0,15,50.08
1829.0,16,38.91
1829.0,17,45.1
1830.0,15,54.15
1830.0,16,47.44
1830.0,17,49.13
1831.0,15,55.92
1831.0,16,43.95
1831.0,17,52.87
1832.0,15,53.92
1832.0,16,33.92
1832.0,17,54.66
1833.0,15,52.06
1833.0,16,30.12
1833.0,17,52.61
1834.0,15,51.34
1834.0,16,32.39
1834.0,17,51.02
1835.0,15,47.93
1835.0,16,30.91
1835.0,17,46.67
1836.0,15,47.93
1836.0,16,30.57
1836.0,17,44.13
1837.0,15,49.96
1837.0,16,31.08
1837.0,17,41.72
1838.0,15,51.39
1838.0,16,35.18
1838.0,17,38.71
1839.0,15,51.91
1839.0,16,39.26
1839.0,17,39.26
1840.0,15,51.03
1840.0,16,43.45
1840.0,17,43.45
1841.0,15,54.99
1841.0,16,52.07
1841.0,17,52.07
1842.0,15,60.6
1842.0,16,60.04
1842.0,17,60.04
1843.0,15,51.06
1843.0,16,50.63
1843.0,17,50.63
1844.0,15,50.99
1844.0,16,41.56
1844.0,17,42.27
1845.0,15,50.03
1845.0,16,35.1
1845.0,17,46.64
1846.0,15,44.61
1846.0,16,29.31
1846.0,17,45.0
1847.0,15,38.82
1847.0,16,29.29
1847.0,17,36.28
1848.0,15,37.02
1848.0,16,29.53
1848.0,17,31.6
1849.0,15,37.02
1849.0,16,28.95
1849.0,17,29.89
1850.0,15,35.96
1850.0,16,28.3
1850.0,17,28.3
1851.0,15,35.41
1851.0,16,28.16
1851.0,17,28.16
1852.0,15,38.07
1852.0,16,31.08
1852.0,17,31.08
1853.0,15,47.96
1853.0,16,41.96
1853.0,17,41.96
1854.0,15,51.97
1854.0,16,50.93
1854.0,17,50.93
1855.0,15,51.43
1855.0,16,46.01
1855.0,17,50.48
1856.0,15,50.97
1856.0,16,33.61
1856.0,17,48.3
1857.0,15,50.96
1857.0,16,30.33
1857.0,17,48.35
1858.0,15,50.33
1858.0,16,29.97
1858.0,17,46.92
1859.0,15,46.2
1859.0,16,29.51
1859.0,17,45.04
1860.0,15,46.83
1860.0,16,29.64
1860.0,17,43.0
1861.0,15,49.84
1861.0,16,30.26
1861.0,17,40.02
1862.0,15,50.8
1862.0,16,31.97
1862.0,17,36.02
1863.0,15,50.94
1863.0,16,35.83
1863.0,17,35.83
1864.0,15,49.93
1864.0,16,43.91
1864.0,17,43.91
1865.0,15,57.48
1865.0,16,54.8
1865.0,17,54.8
1866.0,15,64.19
1866.0,16,65.67
1866.0,17,65.67
1867.0,15,52.78
1867.0,16,48.51
1867.0,17,48.51
1868.0,15,50.1
1868.0,16,42.91
1868.0,17,42.91
1869.0,15,49.5
1869.0,16,41.94
1869.0,17,41.94
1870.0,15,42.52
1870.0,16,30.48
1870.0,17,43.14
1871.0,15,39.32
1871.0,16,32.21
1871.0,17,37.3
1872.0,15,35.61
1872.0,16,32.39
1872.0,17,36.29
1873.0,15,31.69
1873.0,16,30.99
1873.0,17,31.96
1874.0,15,30.0
1874.0,16,29.46
1874.0,17,29.46
1875.0,15,27.27
1875.0,16,28.66
1875.0,17,28.66
1876.0,15,29.9
1876.0,16,29.61
1876.0,17,29.61
1877.0,15,38.84
1877.0,16,39.22
1877.0,17,39.22
1878.0,15,47.94
1878.0,16,45.42
1878.0,17,45.42
1879.0,15,48.9
1879.0,16,42.95
1879.0,17,43.6
1880.0,15,46.99
1880.0,16,31.04
1880.0,17,45.73
1881.0,15,52.3
1881.0,16,49.41
1881.0,17,49.41
1882.0,15,40.32
1882.0,16,30.42
1882.0,17,41.5
1883.0,15,34.45
1883.0,16,25.75
1883.0,17,41.1
1884.0,15,33.45
1884.0,16,25.73
1884.0,17,40.0
1885.0,15,31.61
1885.0,16,25.92
1885.0,17,37.47
1886.0,15,29.28
1886.0,16,28.49
1886.0,17,34.27
1887.0,15,32.02
1887.0,16,30.56
1887.0,17,33.48
1888.0,15,38.67
1888.0,16,38.45
1888.0,17,38.45
1889.0,15,47.34
1889.0,16,46.09
1889.0,17,46.09
1890.0,15,54.74
1890.0,16,55.0
1890.0,17,55.0
1891.0,15,48.57
1891.0,16,49.84
1891.0,17,49.84
1892.0,15,48.99
1892.0,16,37.55
1892.0,17,42.84
1893.0,15,46.1
1893.0,16,32.69
1893.0,17,45.5
1894.0,15,43.99
1894.0,16,29.41
1894.0,17,46.29
1895.0,15,42.58
1895.0,16,32.24
1895.0,17,49.0
1896.0,15,39.0
1896.0,16,29.05
1896.0,17,43.91
1897.0,15,37.03
1897.0,16,27.71
1897.0,17,41.5
1898.0,15,35.0
1898.0,16,28.73
1898.0,17,38.34
1899.0,15,32.04
1899.0,16,28.36
1899.0,17,35.05
1900.0,15,33.05
1900.0,16,27.11
1900.0,17,38.18
1901.0,15,36.06
1901.0,16,29.02
1901.0,17,39.35
1902.0,15,38.62
1902.0,16,29.59
1902.0,17,40.81
1903.0,15,39.98
1903.0,16,35.92
1903.0,17,43.1
1904.0,15,40.81
1904.0,16,33.08
1904.0,17,45.1
1905.0,15,37.73
1905.0,16,34.03
1905.0,17,43.04
1906.0,15,38.27
1906.0,16,39.94
1906.0,17,42.87
1907.0,15,38.51
1907.0,16,37.44
1907.0,17,45.89
1908.0,15,36.99
1908.0,16,30.24
1908.0,17,45.85
1909.0,15,33.91
1909.0,16,29.91
1909.0,17,43.69
1910.0,15,30.07
1910.0,16,29.94
1910.0,17,38.98
1911.0,15,29.06
1911.0,16,29.9
1911.0,17,38.09
1912.0,15,36.07
1912.0,16,30.63
1912.0,17,44.69
1913.0,15,45.0
1913.0,16,36.69
1913.0,17,54.9
1914.0,15,47.44
1914.0,16,33.99
1914.0,17,63.49
1915.0,15,45.1
1915.0,16,32.26
1915.0,17,53.16
1916.0,15,45.01
1916.0,16,26.43
1916.0,17,49.97
1917.0,15,42.75
1917.0,16,27.6
1917.0,17,47.5
1918.0,15,38.81
1918.0,16,23.42
1918.0,17,45.49
1919.0,15,39.27
1919.0,16,20.33
1919.0,17,42.0
1920.0,15,37.37
1920.0,16,15.15
1920.0,17,36.07
1921.0,15,37.03
1921.0,16,21.97
1921.0,17,31.3
1922.0,15,31.55
1922.0,16,23.73
1922.0,17,27.48
1923.0,15,28.85
1923.0,16,23.82
1923.0,17,25.71
1924.0,15,23.03
1924.0,16,23.74
1924.0,17,23.74
1925.0,15,26.58
1925.0,16,16.34
1925.0,17,23.13
1926.0,15,23.98
1926.0,16,20.51
1926.0,17,23.41
1927.0,15,25.71
1927.0,16,23.56
1927.0,17,28.51
1928.0,15,26.07
1928.0,16,24.44
1928.0,17,24.44
1929.0,15,25.42
1929.0,16,23.78
1929.0,17,23.78
1930.0,15,27.31
1930.0,16,24.75
1930.0,17,24.75
1931.0,15,27.6
1931.0,16,24.34
1931.0,17,32.11
1932.0,15,25.28
1932.0,16,21.98
1932.0,17,21.98
1933.0,15,24.03
1933.0,16,16.01
1933.0,17,16.01
1934.0,15,22.53
1934.0,16,17.65
1934.0,17,17.65
1935.0,15,24.08
1935.0,16,22.33
1935.0,17,22.33
1936.0,15,34.05
1936.0,16,26.09
1936.0,17,26.09
1937.0,15,45.01
1937.0,16,39.91
1937.0,17,39.91
1938.0,15,50.82
1938.0,16,46.01
1938.0,17,51.52
1939.0,15,51.0
1939.0,16,41.9
1939.0,17,53.96
1940.0,15,49.46
1940.0,16,36.82
1940.0,17,49.77
1941.0,15,49.33
1941.0,16,38.96
1941.0,17,48.97
1942.0,15,46.57
1942.0,16,29.49
1942.0,17,48.09
1943.0,15,41.04
1943.0,16,28.68
1943.0,17,50.77
1944.0,15,38.01
1944.0,16,29.01
1944.0,17,47.75
1945.0,15,37.37
1945.0,16,28.6
1945.0,17,45.03
1946.0,15,35.93
1946.0,16,28.07
1946.0,17,42.06
1947.0,15,36.68
1947.0,16,28.12
1947.0,17,41.78
1948.0,15,42.15
1948.0,16,31.64
1948.0,17,45.83
1949.0,15,50.97
1949.0,16,46.99
1949.0,17,52.0
1950.0,15,57.44
1950.0,16,57.59
1950.0,17,57.85
1951.0,15,62.41
1951.0,16,55.68
1951.0,17,59.79
1952.0,15,60.94
1952.0,16,44.2
1952.0,17,60.57
1953.0,15,57.94
1953.0,16,36.98
1953.0,17,57.34
1954.0,15,56.39
1954.0,16,34.01
1954.0,17,53.88
1955.0,15,51.75
1955.0,16,30.4
1955.0,17,51.99
1956.0,15,51.63
1956.0,16,29.97
1956.0,17,52.73
1957.0,15,51.93
1957.0,16,30.39
1957.0,17,53.49
1958.0,15,52.56
1958.0,16,36.92
1958.0,17,52.07
1959.0,15,52.9
1959.0,16,41.66
1959.0,17,48.49
1960.0,15,53.05
1960.0,16,51.34
1960.0,17,51.34
1961.0,15,59.55
1961.0,16,55.93
1961.0,17,55.93
1962.0,15,68.24
1962.0,16,75.61
1962.0,17,75.61
1963.0,15,57.2
1963.0,16,58.59
1963.0,17,58.59
1964.0,15,52.93
1964.0,16,49.36
1964.0,17,53.41
1965.0,15,51.07
1965.0,16,44.94
1965.0,17,50.7
1966.0,15,48.93
1966.0,16,34.0
1966.0,17,50.4
1967.0,15,49.31
1967.0,16,32.95
1967.0,17,50.19
1968.0,15,46.69
1968.0,16,31.82
1968.0,17,48.11
1969.0,15,44.06
1969.0,16,31.95
1969.0,17,46.85
1970.0,15,41.85
1970.0,16,32.68
1970.0,17,44.94
1971.0,15,41.44
1971.0,16,34.2
1971.0,17,44.68
1972.0,15,46.97
1972.0,16,36.13
1972.0,17,46.31
1973.0,15,53.07
1973.0,16,48.01
1973.0,17,48.01
1974.0,15,59.5
1974.0,16,57.96
1974.0,17,58.97
1975.0,15,62.76
1975.0,16,58.97
1975.0,17,62.23
1976.0,15,60.13
1976.0,16,50.64
1976.0,17,60.99
1977.0,15,58.67
1977.0,16,44.95
1977.0,17,59.01
1978.0,15,58.85
1978.0,16,44.23
1978.0,17,60.99
1979.0,15,55.25
1979.0,16,44.39
1979.0,17,56.55
1980.0,15,55.1
1980.0,16,46.01
1980.0,17,56.1
1981.0,15,56.06
1981.0,16,47.87
1981.0,17,57.6
1982.0,15,54.09
1982.0,16,50.57
1982.0,17,55.95
1983.0,15,53.97
1983.0,16,54.95
1983.0,17,58.83
1984.0,15,56.0
1984.0,16,58.05
1984.0,17,58.05
1985.0,15,60.8
1985.0,16,66.99
1985.0,17,66.99
1986.0,15,76.66
1986.0,16,98.05
1986.0,17,98.05
1987.0,15,58.96
1987.0,16,62.96
1987.0,17,62.96
1988.0,15,52.9
1988.0,16,52.4
1988.0,17,55.64
1989.0,15,51.91
1989.0,16,40.85
1989.0,17,55.57
1990.0,15,48.87
1990.0,16,31.09
1990.0,17,50.47
1991.0,15,48.49
1991.0,16,31.08
1991.0,17,44.65
1992.0,15,46.2
1992.0,16,30.21
1992.0,17,41.96
1993.0,15,45.31
1993.0,16,30.29
1993.0,17,40.06
1994.0,15,40.49
1994.0,16,29.62
1994.0,17,34.8
1995.0,15,40.05
1995.0,16,30.91
1995.0,17,37.51
1996.0,15,43.28
1996.0,16,32.54
1996.0,17,42.63
1997.0,15,48.97
1997.0,16,43.06
1997.0,17,50.72
1998.0,15,59.05
1998.0,16,48.28
1998.0,17,64.09
1999.0,15,64.45
1999.0,16,49.97
1999.0,17,71.95
2000.0,15,65.01
2000.0,16,43.93
2000.0,17,72.25
2001.0,15,64.34
2001.0,16,38.09
2001.0,17,66.85
2002.0,15,63.05
2002.0,16,37.89
2002.0,17,68.2
2003.0,15,61.1
2003.0,16,30.88
2003.0,17,65.01
2004.0,15,59.36
2004.0,16,33.08
2004.0,17,64.75
2005.0,15,59.95
2005.0,16,36.02
2005.0,17,63.14
2006.0,15,58.92
2006.0,16,42.44
2006.0,17,57.6
2007.0,15,60.05
2007.0,16,44.93
2007.0,17,56.24
2008.0,15,58.12
2008.0,16,48.64
2008.0,17,56.28
2009.0,15,64.18
2009.0,16,55.81
2009.0,17,64.0
2010.0,15,80.96
2010.0,16,65.96
2010.0,17,79.79
2011.0,15,66.02
2011.0,16,46.55
2011.0,17,62.21
2012.0,15,58.94
2012.0,16,39.79
2012.0,17,56.56
2013.0,15,58.91
2013.0,16,31.04
2013.0,17,55.93
2014.0,15,56.06
2014.0,16,27.98
2014.0,17,51.0
2015.0,15,48.39
2015.0,16,25.4
2015.0,17,45.03
2016.0,15,45.12
2016.0,16,26.81
2016.0,17,43.22
2017.0,15,43.53
2017.0,16,26.34
2017.0,17,42.55
2018.0,15,40.84
2018.0,16,27.28
2018.0,17,40.27
2019.0,15,40.08
2019.0,16,28.37
2019.0,17,39.73
2020.0,15,45.1
2020.0,16,30.27
2020.0,17,41.32
2021.0,15,53.37
2021.0,16,40.98
2021.0,17,49.58
2022.0,15,63.03
2022.0,16,46.95
2022.0,17,60.99
2023.0,15,65.67
2023.0,16,49.98
2023.0,17,65.54
2024.0,15,65.04
2024.0,16,52.9
2024.0,17,57.58
2025.0,15,63.95
2025.0,16,53.0
2025.0,17,56.95
2026.0,15,62.93
2026.0,16,53.87
2026.0,17,56.85
2027.0,15,57.58
2027.0,16,50.4
2027.0,17,52.3
2028.0,15,56.11
2028.0,16,48.3
2028.0,17,51.32
2029.0,15,53.95
2029.0,16,46.68
2029.0,17,50.05
2030.0,15,50.95
2030.0,16,46.9
2030.0,17,46.9
2031.0,15,50.33
2031.0,16,43.96
2031.0,17,43.96
2032.0,15,51.41
2032.0,16,43.34
2032.0,17,46.26
2033.0,15,57.71
2033.0,16,46.17
2033.0,17,50.31
2034.0,15,67.7
2034.0,16,52.02
2034.0,17,58.68
2035.0,15,58.02
2035.0,16,42.83
2035.0,17,56.19
2036.0,15,53.98
2036.0,16,37.26
2036.0,17,53.01
2037.0,15,52.49
2037.0,16,31.46
2037.0,17,51.09
2038.0,15,48.24
2038.0,16,26.11
2038.0,17,47.63
2039.0,15,42.43
2039.0,16,27.69
2039.0,17,46.08
2040.0,15,39.68
2040.0,16,27.64
2040.0,17,41.64
2041.0,15,38.53
2041.0,16,26.94
2041.0,17,41.93
2042.0,15,36.48
2042.0,16,26.5
2042.0,17,39.01
2043.0,15,36.11
2043.0,16,27.19
2043.0,17,34.37
2044.0,15,40.19
2044.0,16,29.34
2044.0,17,39.59
2045.0,15,48.1
2045.0,16,32.67
2045.0,17,48.98
2046.0,15,57.18
2046.0,16,36.25
2046.0,17,59.47
2047.0,15,60.91
2047.0,16,43.02
2047.0,17,60.0
2048.0,15,60.66
2048.0,16,39.98
2048.0,17,60.0
2049.0,15,60.04
2049.0,16,40.02
2049.0,17,54.8
2050.0,15,57.01
2050.0,16,38.94
2050.0,17,53.98
2051.0,15,51.2
2051.0,16,32.28
2051.0,17,50.48
2052.0,15,50.07
2052.0,16,29.85
2052.0,17,49.66
2053.0,15,50.94
2053.0,16,29.45
2053.0,17,50.9
2054.0,15,50.23
2054.0,16,29.52
2054.0,17,49.96
2055.0,15,48.99
2055.0,16,30.61
2055.0,17,51.92
2056.0,15,49.46
2056.0,16,40.03
2056.0,17,52.03
2057.0,15,52.49
2057.0,16,45.44
2057.0,17,57.7
2058.0,15,61.09
2058.0,16,46.49
2058.0,17,65.99
2059.0,15,55.66
2059.0,16,38.2
2059.0,17,57.55
2060.0,15,49.94
2060.0,16,32.31
2060.0,17,52.28
2061.0,15,49.42
2061.0,16,30.82
2061.0,17,50.5
2062.0,15,47.97
2062.0,16,27.33
2062.0,17,48.41
2063.0,15,47.37
2063.0,16,25.68
2063.0,17,49.59
2064.0,15,44.55
2064.0,16,24.97
2064.0,17,43.41
2065.0,15,40.08
2065.0,16,24.94
2065.0,17,39.5
2066.0,15,37.69
2066.0,16,27.06
2066.0,17,36.44
2067.0,15,35.56
2067.0,16,28.08
2067.0,17,34.07
2068.0,15,36.01
2068.0,16,30.95
2068.0,17,33.01
2069.0,15,39.4
2069.0,16,32.31
2069.0,17,32.31
2070.0,15,43.02
2070.0,16,32.55
2070.0,17,35.85
2071.0,15,43.42
2071.0,16,38.39
2071.0,17,38.39
2072.0,15,40.04
2072.0,16,30.96
2072.0,17,37.19
2073.0,15,35.35
2073.0,16,32.47
2073.0,17,36.64
2074.0,15,34.08
2074.0,16,28.22
2074.0,17,33.56
2075.0,15,36.29
2075.0,16,25.86
2075.0,17,34.6
2076.0,15,34.05
2076.0,16,23.29
2076.0,17,35.87
2077.0,15,30.22
2077.0,16,23.11
2077.0,17,29.13
2078.0,15,27.12
2078.0,16,23.57
2078.0,17,23.57
2079.0,15,25.71
2079.0,16,23.7
2079.0,17,23.7
2080.0,15,32.34
2080.0,16,26.87
2080.0,17,30.26
2081.0,15,39.04
2081.0,16,32.96
2081.0,17,40.0
2082.0,15,48.02
2082.0,16,34.96
2082.0,17,49.99
2083.0,15,46.9
2083.0,16,25.19
2083.0,17,44.94
2084.0,15,42.16
2084.0,16,22.18
2084.0,17,36.64
2085.0,15,42.47
2085.0,16,19.51
2085.0,17,40.0
2086.0,15,36.7
2086.0,16,11.71
2086.0,17,37.69
2087.0,15,34.1
2087.0,16,9.9
2087.0,17,28.06
2088.0,15,29.65
2088.0,16,8.93
2088.0,17,24.2
2089.0,15,22.35
2089.0,16,5.08
2089.0,17,21.94
2090.0,15,14.2
2090.0,16,6.98
2090.0,17,16.64
2091.0,15,10.52
2091.0,16,5.99
2091.0,17,14.21
2092.0,15,11.39
2092.0,16,-0.08
2092.0,17,13.08
2093.0,15,11.37
2093.0,16,-0.01
2093.0,17,9.83
2094.0,15,12.7
2094.0,16,10.69
2094.0,17,10.69
2095.0,15,15.92
2095.0,16,14.9
2095.0,17,16.74
2096.0,15,14.97
2096.0,16,14.92
2096.0,17,17.7
2097.0,15,15.06
2097.0,16,14.96
2097.0,17,17.93
2098.0,15,14.38
2098.0,16,14.95
2098.0,17,22.09
2099.0,15,13.61
2099.0,16,12.14
2099.0,17,18.63
2100.0,15,8.51
2100.0,16,14.27
2100.0,17,14.27
2101.0,15,5.4
2101.0,16,11.48
2101.0,17,11.48
2102.0,15,6.15
2102.0,16,10.55
2102.0,17,10.55
2103.0,15,13.62
2103.0,16,12.4
2103.0,17,12.4
2104.0,15,22.48
2104.0,16,18.59
2104.0,17,18.59
2105.0,15,32.34
2105.0,16,24.37
2105.0,17,24.77
2106.0,15,37.9
2106.0,16,24.43
2106.0,17,33.05
2107.0,15,39.62
2107.0,16,19.65
2107.0,17,27.76
2108.0,15,37.88
2108.0,16,15.0
2108.0,17,28.85
2109.0,15,37.05
2109.0,16,8.98
2109.0,17,28.37
2110.0,15,16.62
2110.0,16,-19.2
2110.0,17,19.15
2111.0,15,13.98
2111.0,16,-13.87
2111.0,17,15.84
2112.0,15,11.36
2112.0,16,-20.07
2112.0,17,11.86
2113.0,15,8.6
2113.0,16,-12.27
2113.0,17,4.95
2114.0,15,8.59
2114.0,16,-2.49
2114.0,17,3.18
2115.0,15,22.22
2115.0,16,9.37
2115.0,17,12.44
2116.0,15,40.46
2116.0,16,23.76
2116.0,17,30.51
2117.0,15,50.33
2117.0,16,32.39
2117.0,17,50.3
2118.0,15,53.69
2118.0,16,30.25
2118.0,17,52.96
2119.0,15,53.68
2119.0,16,28.45
2119.0,17,55.77
2120.0,15,52.97
2120.0,16,26.7
2120.0,17,54.03
2121.0,15,52.96
2121.0,16,25.27
2121.0,17,53.01
2122.0,15,51.04
2122.0,16,16.06
2122.0,17,49.95
2123.0,15,49.6
2123.0,16,14.92
2123.0,17,49.26
2124.0,15,50.99
2124.0,16,13.01
2124.0,17,46.5
2125.0,15,50.94
2125.0,16,12.7
2125.0,17,39.94
2126.0,15,50.73
2126.0,16,11.41
2126.0,17,36.07
2127.0,15,50.03
2127.0,16,15.19
2127.0,17,34.46
2128.0,15,46.53
2128.0,16,23.99
2128.0,17,42.32
2129.0,15,50.97
2129.0,16,36.34
2129.0,17,50.48
2130.0,15,51.91
2130.0,16,43.54
2130.0,17,57.27
2131.0,15,47.52
2131.0,16,34.94
2131.0,17,49.33
2132.0,15,45.56
2132.0,16,32.36
2132.0,17,47.04
2133.0,15,35.62
2133.0,16,22.51
2133.0,17,43.0
2134.0,15,30.55
2134.0,16,17.96
2134.0,17,38.74
2135.0,15,22.87
2135.0,16,12.48
2135.0,17,26.27
2136.0,15,20.03
2136.0,16,11.79
2136.0,17,21.46
2137.0,15,14.99
2137.0,16,10.22
2137.0,17,10.22
2138.0,15,13.85
2138.0,16,8.88
2138.0,17,8.88
2139.0,15,22.12
2139.0,16,15.23
2139.0,17,21.72
2140.0,15,38.9
2140.0,16,24.95
2140.0,17,40.34
2141.0,15,52.47
2141.0,16,25.99
2141.0,17,45.35
2142.0,15,52.97
2142.0,16,27.05
2142.0,17,54.71
2143.0,15,52.62
2143.0,16,27.29
2143.0,17,55.18
2144.0,15,51.46
2144.0,16,27.07
2144.0,17,53.98
2145.0,15,51.0
2145.0,16,27.05
2145.0,17,52.0
2146.0,15,47.05
2146.0,16,23.23
2146.0,17,46.03
2147.0,15,46.08
2147.0,16,22.39
2147.0,17,44.97
2148.0,15,46.93
2148.0,16,18.01
2148.0,17,45.0
2149.0,15,48.66
2149.0,16,14.96
2149.0,17,41.5
2150.0,15,48.06
2150.0,16,13.87
2150.0,17,38.38
2151.0,15,46.09
2151.0,16,14.57
2151.0,17,41.5
2152.0,15,48.9
2152.0,16,21.94
2152.0,17,43.8
2153.0,15,51.01
2153.0,16,22.09
2153.0,17,49.69
2154.0,15,51.09
2154.0,16,19.23
2154.0,17,53.62
2155.0,15,48.1
2155.0,16,16.99
2155.0,17,48.91
2156.0,15,46.3
2156.0,16,12.59
2156.0,17,47.02
2157.0,15,40.98
2157.0,16,-7.5
2157.0,17,41.5
2158.0,15,37.92
2158.0,16,9.34
2158.0,17,37.0
2159.0,15,27.6
2159.0,16,0.05
2159.0,17,29.7
2160.0,15,23.3
2160.0,16,-8.1
2160.0,17,25.01
2161.0,15,18.75
2161.0,16,-1.07
2161.0,17,21.9
2162.0,15,18.53
2162.0,16,5.06
2162.0,17,14.9
2163.0,15,30.52
2163.0,16,16.99
2163.0,17,30.75
2164.0,15,45.77
2164.0,16,23.77
2164.0,17,49.61
2165.0,15,53.56
2165.0,16,29.55
2165.0,17,57.79
2166.0,15,61.08
2166.0,16,31.0
2166.0,17,62.41
2167.0,15,60.08
2167.0,16,29.0
2167.0,17,60.5
2168.0,15,58.02
2168.0,16,25.21
2168.0,17,57.22
2169.0,15,56.43
2169.0,16,20.66
2169.0,17,51.79
2170.0,15,52.27
2170.0,16,13.55
2170.0,17,47.1
2171.0,15,47.94
2171.0,16,15.3
2171.0,17,44.94
2172.0,15,49.04
2172.0,16,15.18
2172.0,17,46.22
2173.0,15,50.52
2173.0,16,20.07
2173.0,17,41.87
2174.0,15,50.13
2174.0,16,16.97
2174.0,17,38.63
2175.0,15,49.1
2175.0,16,24.27
2175.0,17,37.69
2176.0,15,53.26
2176.0,16,27.09
2176.0,17,41.0
2177.0,15,56.91
2177.0,16,33.99
2177.0,17,49.28
2178.0,15,58.34
2178.0,16,32.76
2178.0,17,49.54
2179.0,15,53.45
2179.0,16,28.36
2179.0,17,42.21
2180.0,15,51.6
2180.0,16,27.19
2180.0,17,48.51
2181.0,15,47.19
2181.0,16,22.25
2181.0,17,49.72
2182.0,15,44.52
2182.0,16,24.34
2182.0,17,48.38
2183.0,15,40.21
2183.0,16,22.95
2183.0,17,41.87
2184.0,15,37.33
2184.0,16,19.9
2184.0,17,37.64
2185.0,15,34.02
2185.0,16,24.0
2185.0,17,32.07
2186.0,15,33.68
2186.0,16,24.31
2186.0,17,27.49
2187.0,15,39.75
2187.0,16,24.93
2187.0,17,37.33
2188.0,15,51.99
2188.0,16,35.14
2188.0,17,51.12
2189.0,15,61.02
2189.0,16,43.98
2189.0,17,58.2
2190.0,15,65.7
2190.0,16,48.3
2190.0,17,63.99
2191.0,15,64.24
2191.0,16,48.24
2191.0,17,60.99
2192.0,15,59.97
2192.0,16,47.65
2192.0,17,57.35
2193.0,15,55.91
2193.0,16,42.92
2193.0,17,53.55
2194.0,15,51.81
2194.0,16,39.13
2194.0,17,49.01
2195.0,15,50.85
2195.0,16,31.92
2195.0,17,48.5
2196.0,15,48.61
2196.0,16,26.31
2196.0,17,49.64
2197.0,15,49.29
2197.0,16,24.64
2197.0,17,50.0
2198.0,15,49.96
2198.0,16,24.03
2198.0,17,50.04
2199.0,15,48.07
2199.0,16,24.65
2199.0,17,50.68
2200.0,15,50.99
2200.0,16,27.4
2200.0,17,52.25
2201.0,15,59.71
2201.0,16,34.62
2201.0,17,60.99
2202.0,15,58.46
2202.0,16,39.06
2202.0,17,63.92
2203.0,15,52.95
2203.0,16,39.03
2203.0,17,55.69
2204.0,15,52.39
2204.0,16,31.99
2204.0,17,54.22
2205.0,15,50.03
2205.0,16,24.47
2205.0,17,51.02
2206.0,15,46.58
2206.0,16,19.46
2206.0,17,43.69
2207.0,15,41.91
2207.0,16,23.19
2207.0,17,41.73
2208.0,15,37.53
2208.0,16,22.78
2208.0,17,36.82
2209.0,15,34.28
2209.0,16,22.98
2209.0,17,31.51
2210.0,15,33.08
2210.0,16,22.01
2210.0,17,32.87
2211.0,15,39.07
2211.0,16,22.6
2211.0,17,38.31
2212.0,15,48.81
2212.0,16,23.55
2212.0,17,52.25
2213.0,15,53.08
2213.0,16,24.33
2213.0,17,56.55
2214.0,15,59.94
2214.0,16,22.58
2214.0,17,60.99
2215.0,15,58.9
2215.0,16,19.46
2215.0,17,60.99
2216.0,15,54.01
2216.0,16,11.95
2216.0,17,54.47
2217.0,15,52.55
2217.0,16,15.39
2217.0,17,51.0
2218.0,15,48.27
2218.0,16,15.35
2218.0,17,45.51
2219.0,15,46.61
2219.0,16,12.91
2219.0,17,43.63
2220.0,15,45.95
2220.0,16,13.08
2220.0,17,43.01
2221.0,15,43.23
2221.0,16,15.31
2221.0,17,38.23
2222.0,15,44.06
2222.0,16,16.95
2222.0,17,38.95
2223.0,15,45.58
2223.0,16,25.07
2223.0,17,42.53
2224.0,15,50.03
2224.0,16,33.97
2224.0,17,47.46
2225.0,15,51.28
2225.0,16,40.49
2225.0,17,53.76
2226.0,15,53.06
2226.0,16,39.97
2226.0,17,56.64
2227.0,15,50.99
2227.0,16,38.95
2227.0,17,53.64
2228.0,15,50.91
2228.0,16,36.96
2228.0,17,54.53
2229.0,15,44.72
2229.0,16,29.7
2229.0,17,52.82
2230.0,15,37.92
2230.0,16,27.58
2230.0,17,44.5
2231.0,15,36.01
2231.0,16,25.47
2231.0,17,31.91
2232.0,15,32.26
2232.0,16,25.51
2232.0,17,30.46
2233.0,15,28.82
2233.0,16,25.38
2233.0,17,25.38
2234.0,15,28.32
2234.0,16,25.1
2234.0,17,25.1
2235.0,15,29.05
2235.0,16,25.29
2235.0,17,25.29
2236.0,15,29.4
2236.0,16,25.4
2236.0,17,26.87
2237.0,15,32.26
2237.0,16,27.32
2237.0,17,29.16
2238.0,15,35.09
2238.0,16,31.1
2238.0,17,31.79
2239.0,15,37.14
2239.0,16,32.84
2239.0,17,36.89
2240.0,15,37.33
2240.0,16,30.94
2240.0,17,35.93
2241.0,15,35.68
2241.0,16,29.03
2241.0,17,35.0
2242.0,15,34.05
2242.0,16,26.07
2242.0,17,34.76
2243.0,15,30.8
2243.0,16,25.12
2243.0,17,31.34
2244.0,15,27.84
2244.0,16,24.91
2244.0,17,28.99
2245.0,15,25.26
2245.0,16,24.81
2245.0,17,24.81
2246.0,15,25.05
2246.0,16,24.45
2246.0,17,24.45
2247.0,15,26.05
2247.0,16,26.01
2247.0,17,26.01
2248.0,15,34.6
2248.0,16,31.29
2248.0,17,31.29
2249.0,15,38.65
2249.0,16,31.09
2249.0,17,31.09
2250.0,15,37.58
2250.0,16,33.18
2250.0,17,33.18
2251.0,15,37.94
2251.0,16,33.21
2251.0,17,33.21
2252.0,15,38.09
2252.0,16,33.15
2252.0,17,33.15
2253.0,15,38.07
2253.0,16,27.32
2253.0,17,32.44
2254.0,15,29.97
2254.0,16,29.62
2254.0,17,30.0
2255.0,15,25.63
2255.0,16,26.08
2255.0,17,27.09
2256.0,15,24.33
2256.0,16,25.42
2256.0,17,26.14
2257.0,15,20.85
2257.0,16,25.08
2257.0,17,25.08
2258.0,15,19.76
2258.0,16,24.6
2258.0,17,24.6
2259.0,15,20.55
2259.0,16,24.72
2259.0,17,24.72
2260.0,15,20.76
2260.0,16,24.18
2260.0,17,24.18
2261.0,15,22.52
2261.0,16,24.72
2261.0,17,24.72
2262.0,15,22.41
2262.0,16,25.41
2262.0,17,26.88
2263.0,15,30.3
2263.0,16,25.33
2263.0,17,29.94
2264.0,15,28.25
2264.0,16,24.33
2264.0,17,28.84
2265.0,15,23.98
2265.0,16,25.34
2265.0,17,28.0
2266.0,15,24.09
2266.0,16,23.1
2266.0,17,27.64
2267.0,15,21.04
2267.0,16,16.39
2267.0,17,24.01
2268.0,15,16.15
2268.0,16,15.23
2268.0,17,16.5
2269.0,15,13.46
2269.0,16,12.0
2269.0,17,12.0
2270.0,15,12.58
2270.0,16,12.2
2270.0,17,12.2
2271.0,15,18.02
2271.0,16,18.45
2271.0,17,18.45
2272.0,15,25.59
2272.0,16,26.22
2272.0,17,26.22
2273.0,15,30.99
2273.0,16,30.57
2273.0,17,30.57
2274.0,15,34.86
2274.0,16,39.0
2274.0,17,39.0
2275.0,15,34.73
2275.0,16,37.63
2275.0,17,40.87
2276.0,15,34.19
2276.0,16,39.06
2276.0,17,45.0
2277.0,15,32.72
2277.0,16,34.97
2277.0,17,42.0
2278.0,15,30.33
2278.0,16,27.01
2278.0,17,43.25
2279.0,15,28.87
2279.0,16,25.17
2279.0,17,37.94
2280.0,15,27.26
2280.0,16,24.09
2280.0,17,31.04
2281.0,15,26.98
2281.0,16,24.07
2281.0,17,31.28
2282.0,15,26.06
2282.0,16,24.62
2282.0,17,28.34
2283.0,15,25.98
2283.0,16,24.79
2283.0,17,30.0
2284.0,15,26.19
2284.0,16,23.07
2284.0,17,33.78
2285.0,15,26.21
2285.0,16,25.05
2285.0,17,35.3
2286.0,15,28.88
2286.0,16,24.03
2286.0,17,41.09
2287.0,15,32.61
2287.0,16,25.13
2287.0,17,43.5
2288.0,15,30.1
2288.0,16,25.93
2288.0,17,41.79
2289.0,15,29.97
2289.0,16,26.14
2289.0,17,40.12
2290.0,15,28.97
2290.0,16,25.98
2290.0,17,31.22
2291.0,15,23.54
2291.0,16,24.03
2291.0,17,25.64
2292.0,15,19.05
2292.0,16,18.06
2292.0,17,18.06
2293.0,15,18.03
2293.0,16,15.35
2293.0,17,15.35
2294.0,15,18.93
2294.0,16,16.68
2294.0,17,16.68
2295.0,15,22.01
2295.0,16,22.82
2295.0,17,22.82
2296.0,15,28.74
2296.0,16,28.27
2296.0,17,29.28
2297.0,15,36.11
2297.0,16,30.41
2297.0,17,40.32
2298.0,15,40.44
2298.0,16,37.99
2298.0,17,43.38
2299.0,15,40.75
2299.0,16,35.18
2299.0,17,45.75
2300.0,15,43.11
2300.0,16,34.44
2300.0,17,46.76
2301.0,15,38.46
2301.0,16,31.93
2301.0,17,46.21
2302.0,15,36.87
2302.0,16,34.67
2302.0,17,41.1
2303.0,15,32.42
2303.0,16,31.64
2303.0,17,38.4
2304.0,15,28.44
2304.0,16,30.68
2304.0,17,34.97
2305.0,15,27.15
2305.0,16,28.01
2305.0,17,28.01
2306.0,15,27.65
2306.0,16,29.28
2306.0,17,29.28
2307.0,15,36.71
2307.0,16,31.88
2307.0,17,36.42
2308.0,15,52.29
2308.0,16,47.58
2308.0,17,54.19
2309.0,15,61.07
2309.0,16,55.26
2309.0,17,63.52
2310.0,15,66.31
2310.0,16,46.62
2310.0,17,82.3
2311.0,15,65.38
2311.0,16,40.08
2311.0,17,82.3
2312.0,15,61.83
2312.0,16,31.12
2312.0,17,64.94
2313.0,15,58.97
2313.0,16,29.7
2313.0,17,60.0
2314.0,15,55.78
2314.0,16,26.8
2314.0,17,51.15
2315.0,15,52.54
2315.0,16,26.41
2315.0,17,50.06
2316.0,15,50.68
2316.0,16,25.9
2316.0,17,49.18
2317.0,15,49.91
2317.0,16,27.58
2317.0,17,43.4
2318.0,15,49.91
2318.0,16,28.91
2318.0,17,40.75
2319.0,15,48.93
2319.0,16,35.07
2319.0,17,42.69
2320.0,15,50.12
2320.0,16,45.0
2320.0,17,50.5
2321.0,15,57.5
2321.0,16,49.94
2321.0,17,56.0
2322.0,15,58.97
2322.0,16,52.23
2322.0,17,62.12
2323.0,15,54.25
2323.0,16,45.16
2323.0,17,59.49
2324.0,15,52.6
2324.0,16,40.9
2324.0,17,60.64
2325.0,15,51.08
2325.0,16,32.36
2325.0,17,52.88
2326.0,15,48.94
2326.0,16,29.45
2326.0,17,50.0
2327.0,15,45.46
2327.0,16,28.74
2327.0,17,46.95
2328.0,15,42.19
2328.0,16,28.23
2328.0,17,44.2
2329.0,15,39.29
2329.0,16,28.28
2329.0,17,37.98
2330.0,15,37.09
2330.0,16,28.92
2330.0,17,38.34
2331.0,15,44.45
2331.0,16,30.86
2331.0,17,45.47
2332.0,15,55.85
2332.0,16,41.96
2332.0,17,54.42
2333.0,15,64.28
2333.0,16,51.0
2333.0,17,67.06
2334.0,15,73.0
2334.0,16,54.8
2334.0,17,86.87
2335.0,15,70.64
2335.0,16,54.09
2335.0,17,96.89
2336.0,15,64.25
2336.0,16,47.42
2336.0,17,66.75
2337.0,15,59.68
2337.0,16,44.43
2337.0,17,59.8
2338.0,15,51.2
2338.0,16,40.39
2338.0,17,50.64
2339.0,15,49.12
2339.0,16,39.91
2339.0,17,50.0
2340.0,15,48.19
2340.0,16,38.62
2340.0,17,48.5
2341.0,15,46.87
2341.0,16,40.45
2341.0,17,45.86
2342.0,15,47.47
2342.0,16,41.11
2342.0,17,42.95
2343.0,15,46.72
2343.0,16,42.94
2343.0,17,42.94
2344.0,15,51.46
2344.0,16,46.01
2344.0,17,46.01
2345.0,15,57.0
2345.0,16,52.92
2345.0,17,52.92
2346.0,15,59.86
2346.0,16,58.24
2346.0,17,58.24
2347.0,15,56.04
2347.0,16,54.64
2347.0,17,58.99
2348.0,15,55.92
2348.0,16,47.0
2348.0,17,57.42
2349.0,15,51.02
2349.0,16,37.17
2349.0,17,52.11
2350.0,15,49.0
2350.0,16,31.77
2350.0,17,50.0
2351.0,15,45.81
2351.0,16,31.06
2351.0,17,42.9
2352.0,15,43.56
2352.0,16,30.97
2352.0,17,40.63
2353.0,15,36.56
2353.0,16,30.47
2353.0,17,36.98
2354.0,15,37.32
2354.0,16,31.24
2354.0,17,37.0
2355.0,15,43.83
2355.0,16,31.74
2355.0,17,41.75
2356.0,15,51.22
2356.0,16,45.0
2356.0,17,53.09
2357.0,15,60.02
2357.0,16,64.99
2357.0,17,66.8
2358.0,15,71.54
2358.0,16,69.03
2358.0,17,74.99
2359.0,15,72.4
2359.0,16,51.92
2359.0,17,81.29
2360.0,15,60.55
2360.0,16,43.11
2360.0,17,60.07
2361.0,15,55.52
2361.0,16,40.98
2361.0,17,57.69
2362.0,15,47.34
2362.0,16,32.22
2362.0,17,50.75
2363.0,15,46.92
2363.0,16,30.89
2363.0,17,49.43
2364.0,15,46.29
2364.0,16,31.01
2364.0,17,49.18
2365.0,15,44.68
2365.0,16,31.23
2365.0,17,47.01
2366.0,15,46.04
2366.0,16,36.05
2366.0,17,48.47
2367.0,15,45.62
2367.0,16,42.09
2367.0,17,48.12
2368.0,15,48.46
2368.0,16,52.11
2368.0,17,52.11
2369.0,15,53.84
2369.0,16,56.18
2369.0,17,56.18
2370.0,15,57.85
2370.0,16,59.98
2370.0,17,59.98
2371.0,15,54.4
2371.0,16,57.85
2371.0,17,57.85
2372.0,15,53.98
2372.0,16,49.38
2372.0,17,52.11
2373.0,15,50.04
2373.0,16,35.6
2373.0,17,50.82
2374.0,15,44.37
2374.0,16,29.99
2374.0,17,47.7
2375.0,15,37.95
2375.0,16,29.92
2375.0,17,42.34
2376.0,15,36.54
2376.0,16,29.36
2376.0,17,40.38
2377.0,15,34.01
2377.0,16,29.44
2377.0,17,36.25
2378.0,15,33.09
2378.0,16,29.47
2378.0,17,32.92
2379.0,15,39.85
2379.0,16,30.1
2379.0,17,41.79
2380.0,15,47.59
2380.0,16,43.95
2380.0,17,51.6
2381.0,15,58.94
2381.0,16,52.44
2381.0,17,57.3
2382.0,15,62.92
2382.0,16,54.25
2382.0,17,61.6
2383.0,15,63.77
2383.0,16,42.6
2383.0,17,60.99
2384.0,15,52.19
2384.0,16,35.13
2384.0,17,50.23
2385.0,15,50.78
2385.0,16,29.77
2385.0,17,48.75
2386.0,15,46.15
2386.0,16,28.21
2386.0,17,43.15
2387.0,15,45.07
2387.0,16,27.51
2387.0,17,40.04
2388.0,15,42.01
2388.0,16,26.43
2388.0,17,38.01
2389.0,15,39.58
2389.0,16,27.22
2389.0,17,40.42
2390.0,15,43.06
2390.0,16,28.23
2390.0,17,42.31
2391.0,15,42.08
2391.0,16,33.84
2391.0,17,40.49
2392.0,15,45.06
2392.0,16,42.96
2392.0,17,42.96
2393.0,15,48.31
2393.0,16,47.08
2393.0,17,47.08
2394.0,15,49.98
2394.0,16,48.56
2394.0,17,48.56
2395.0,15,47.91
2395.0,16,41.92
2395.0,17,52.0
2396.0,15,48.23
2396.0,16,35.97
2396.0,17,56.03
2397.0,15,45.09
2397.0,16,28.25
2397.0,17,52.0
2398.0,15,44.64
2398.0,16,34.02
2398.0,17,51.07
2399.0,15,39.03
2399.0,16,29.22
2399.0,17,42.6
2400.0,15,33.68
2400.0,16,25.91
2400.0,17,37.79
2401.0,15,29.71
2401.0,16,25.16
2401.0,17,33.7
2402.0,15,27.56
2402.0,16,25.14
2402.0,17,25.14
2403.0,15,28.56
2403.0,16,25.22
2403.0,17,29.18
2404.0,15,28.86
2404.0,16,25.43
2404.0,17,34.48
2405.0,15,28.91
2405.0,16,29.32
2405.0,17,32.44
2406.0,15,30.86
2406.0,16,29.0
2406.0,17,35.11
2407.0,15,28.91
2407.0,16,26.94
2407.0,17,35.54
2408.0,15,25.65
2408.0,16,26.26
2408.0,17,32.06
2409.0,15,24.28
2409.0,16,25.09
2409.0,17,29.94
2410.0,15,24.98
2410.0,16,15.58
2410.0,17,33.95
2411.0,15,25.69
2411.0,16,15.08
2411.0,17,32.04
2412.0,15,21.47
2412.0,16,15.05
2412.0,17,26.84
2413.0,15,15.46
2413.0,16,15.35
2413.0,17,20.45
2414.0,15,16.42
2414.0,16,15.74
2414.0,17,15.74
2415.0,15,21.38
2415.0,16,18.97
2415.0,17,24.77
2416.0,15,33.3
2416.0,16,23.94
2416.0,17,33.01
2417.0,15,38.53
2417.0,16,24.02
2417.0,17,42.84
2418.0,15,43.67
2418.0,16,24.5
2418.0,17,51.83
2419.0,15,46.92
2419.0,16,24.33
2419.0,17,56.68
2420.0,15,43.97
2420.0,16,23.93
2420.0,17,57.17
2421.0,15,41.99
2421.0,16,22.11
2421.0,17,55.04
2422.0,15,41.04
2422.0,16,-14.47
2422.0,17,50.74
2423.0,15,31.7
2423.0,16,-16.78
2423.0,17,38.15
2424.0,15,27.48
2424.0,16,-12.2
2424.0,17,36.54
2425.0,15,22.93
2425.0,16,0.1
2425.0,17,26.29
2426.0,15,17.85
2426.0,16,11.37
2426.0,17,23.93
2427.0,15,18.42
2427.0,16,14.3
2427.0,17,22.44
2428.0,15,19.32
2428.0,16,12.99
2428.0,17,22.35
2429.0,15,20.09
2429.0,16,14.27
2429.0,17,21.93
2430.0,15,21.97
2430.0,16,14.87
2430.0,17,21.88
2431.0,15,22.43
2431.0,16,14.25
2431.0,17,21.84
2432.0,15,17.74
2432.0,16,9.27
2432.0,17,21.58
2433.0,15,17.83
2433.0,16,0.08
2433.0,17,21.31
2434.0,15,15.06
2434.0,16,-4.96
2434.0,17,22.72
2435.0,15,11.86
2435.0,16,-65.06
2435.0,17,20.64
2436.0,15,7.19
2436.0,16,-79.94
2436.0,17,16.59
2437.0,15,5.36
2437.0,16,-65.02
2437.0,17,6.73
2438.0,15,8.29
2438.0,16,-19.11
2438.0,17,7.42
2439.0,15,17.98
2439.0,16,10.16
2439.0,17,14.95
2440.0,15,24.58
2440.0,16,20.98
2440.0,17,21.56
2441.0,15,31.88
2441.0,16,27.92
2441.0,17,28.17
2442.0,15,33.09
2442.0,16,31.93
2442.0,17,32.51
2443.0,15,32.83
2443.0,16,29.54
2443.0,17,31.33
2444.0,15,32.74
2444.0,16,26.05
2444.0,17,30.39
2445.0,15,32.23
2445.0,16,20.3
2445.0,17,31.44
2446.0,15,30.06
2446.0,16,0.03
2446.0,17,40.54
2447.0,15,26.62
2447.0,16,-10.1
2447.0,17,33.99
2448.0,15,25.02
2448.0,16,-41.74
2448.0,17,32.01
2449.0,15,18.99
2449.0,16,-19.92
2449.0,17,31.1
2450.0,15,19.94
2450.0,16,-7.72
2450.0,17,30.45
2451.0,15,35.21
2451.0,16,0.44
2451.0,17,38.48
2452.0,15,49.98
2452.0,16,25.85
2452.0,17,53.09
2453.0,15,54.88
2453.0,16,39.97
2453.0,17,60.0
2454.0,15,59.82
2454.0,16,41.81
2454.0,17,69.99
2455.0,15,59.92
2455.0,16,29.67
2455.0,17,62.66
2456.0,15,52.04
2456.0,16,26.01
2456.0,17,57.48
2457.0,15,50.06
2457.0,16,25.67
2457.0,17,53.41
2458.0,15,46.63
2458.0,16,23.24
2458.0,17,50.05
2459.0,15,45.96
2459.0,16,22.73
2459.0,17,48.88
2460.0,15,46.25
2460.0,16,22.12
2460.0,17,47.17
2461.0,15,46.97
2461.0,16,23.08
2461.0,17,44.94
2462.0,15,48.38
2462.0,16,24.32
2462.0,17,44.23
2463.0,15,49.89
2463.0,16,26.54
2463.0,17,46.9
2464.0,15,49.99
2464.0,16,34.06
2464.0,17,49.54
2465.0,15,51.05
2465.0,16,43.58
2465.0,17,53.0
2466.0,15,55.25
2466.0,16,52.32
2466.0,17,57.48
2467.0,15,54.18
2467.0,16,48.19
2467.0,17,60.69
2468.0,15,53.53
2468.0,16,42.97
2468.0,17,55.32
2469.0,15,50.25
2469.0,16,35.05
2469.0,17,47.07
2470.0,15,43.56
2470.0,16,30.06
2470.0,17,40.1
2471.0,15,38.02
2471.0,16,29.49
2471.0,17,33.83
2472.0,15,35.21
2472.0,16,28.74
2472.0,17,33.0
2473.0,15,34.08
2473.0,16,27.58
2473.0,17,27.58
2474.0,15,34.03
2474.0,16,27.08
2474.0,17,27.08
2475.0,15,37.92
2475.0,16,29.47
2475.0,17,29.99
2476.0,15,48.49
2476.0,16,42.23
2476.0,17,42.23
2477.0,15,54.97
2477.0,16,51.41
2477.0,17,51.41
2478.0,15,60.09
2478.0,16,53.84
2478.0,17,54.96
2479.0,15,56.73
2479.0,16,41.54
2479.0,17,55.0
2480.0,15,53.45
2480.0,16,37.9
2480.0,17,52.99
2481.0,15,50.53
2481.0,16,32.57
2481.0,17,51.49
2482.0,15,47.32
2482.0,16,28.2
2482.0,17,46.84
2483.0,15,46.49
2483.0,16,26.01
2483.0,17,45.0
2484.0,15,45.24
2484.0,16,25.13
2484.0,17,44.01
2485.0,15,43.19
2485.0,16,25.08
2485.0,17,43.69
2486.0,15,42.93
2486.0,16,23.5
2486.0,17,42.76
2487.0,15,42.93
2487.0,16,26.32
2487.0,17,41.7
2488.0,15,45.73
2488.0,16,30.05
2488.0,17,43.0
2489.0,15,48.5
2489.0,16,39.18
2489.0,17,47.5
2490.0,15,51.86
2490.0,16,40.95
2490.0,17,50.48
2491.0,15,53.51
2491.0,16,33.42
2491.0,17,55.0
2492.0,15,52.27
2492.0,16,27.59
2492.0,17,50.94
2493.0,15,45.85
2493.0,16,24.26
2493.0,17,45.7
2494.0,15,38.34
2494.0,16,23.05
2494.0,17,42.53
2495.0,15,33.5
2495.0,16,24.07
2495.0,17,37.69
2496.0,15,30.32
2496.0,16,23.63
2496.0,17,34.2
2497.0,15,25.58
2497.0,16,24.06
2497.0,17,30.45
2498.0,15,25.11
2498.0,16,24.7
2498.0,17,24.7
2499.0,15,29.99
2499.0,16,25.74
2499.0,17,34.11
2500.0,15,39.96
2500.0,16,38.15
2500.0,17,41.36
2501.0,15,49.67
2501.0,16,44.97
2501.0,17,48.1
2502.0,15,53.16
2502.0,16,41.93
2502.0,17,51.76
2503.0,15,52.62
2503.0,16,33.52
2503.0,17,52.9
2504.0,15,50.67
2504.0,16,26.5
2504.0,17,51.89
2505.0,15,50.3
2505.0,16,23.54
2505.0,17,52.55
2506.0,15,46.01
2506.0,16,20.09
2506.0,17,49.16
2507.0,15,45.01
2507.0,16,14.04
2507.0,17,49.9
2508.0,15,43.95
2508.0,16,12.3
2508.0,17,50.03
2509.0,15,43.87
2509.0,16,13.73
2509.0,17,48.84
2510.0,15,44.07
2510.0,16,13.13
2510.0,17,47.78
2511.0,15,44.07
2511.0,16,19.92
2511.0,17,48.1
2512.0,15,45.32
2512.0,16,26.46
2512.0,17,52.48
2513.0,15,48.93
2513.0,16,35.78
2513.0,17,52.22
2514.0,15,49.9
2514.0,16,41.59
2514.0,17,50.4
2515.0,15,51.36
2515.0,16,37.96
2515.0,17,47.33
2516.0,15,49.55
2516.0,16,32.61
2516.0,17,50.53
2517.0,15,42.52
2517.0,16,25.62
2517.0,17,49.69
2518.0,15,34.61
2518.0,16,25.31
2518.0,17,43.7
2519.0,15,29.63
2519.0,16,25.08
2519.0,17,43.88
2520.0,15,27.03
2520.0,16,25.0
2520.0,17,41.49
2521.0,15,25.35
2521.0,16,24.99
2521.0,17,28.94
2522.0,15,24.58
2522.0,16,25.07
2522.0,17,25.07
2523.0,15,29.13
2523.0,16,29.79
2523.0,17,33.64
2524.0,15,42.05
2524.0,16,43.13
2524.0,17,45.54
2525.0,15,49.63
2525.0,16,50.03
2525.0,17,50.03
2526.0,15,50.54
2526.0,16,52.0
2526.0,17,52.0
2527.0,15,48.0
2527.0,16,39.9
2527.0,17,55.37
2528.0,15,48.16
2528.0,16,30.61
2528.0,17,51.05
2529.0,15,49.59
2529.0,16,29.29
2529.0,17,52.75
2530.0,15,45.99
2530.0,16,26.94
2530.0,17,50.0
2531.0,15,45.98
2531.0,16,25.51
2531.0,17,50.0
2532.0,15,45.91
2532.0,16,25.33
2532.0,17,50.06
2533.0,15,45.03
2533.0,16,27.63
2533.0,17,47.19
2534.0,15,45.16
2534.0,16,30.04
2534.0,17,45.25
2535.0,15,43.39
2535.0,16,35.04
2535.0,17,41.42
2536.0,15,45.04
2536.0,16,41.56
2536.0,17,44.78
2537.0,15,47.92
2537.0,16,47.23
2537.0,17,47.23
2538.0,15,48.5
2538.0,16,49.49
2538.0,17,49.49
2539.0,15,46.09
2539.0,16,45.1
2539.0,17,45.1
2540.0,15,45.94
2540.0,16,39.37
2540.0,17,44.92
2541.0,15,42.12
2541.0,16,29.59
2541.0,17,44.94
2542.0,15,44.35
2542.0,16,29.22
2542.0,17,42.95
2543.0,15,40.93
2543.0,16,29.43
2543.0,17,38.68
2544.0,15,37.67
2544.0,16,29.02
2544.0,17,30.44
2545.0,15,28.03
2545.0,16,27.8
2545.0,17,27.8
2546.0,15,27.01
2546.0,16,27.72
2546.0,17,27.72
2547.0,15,32.55
2547.0,16,30.03
2547.0,17,30.03
2548.0,15,45.58
2548.0,16,43.23
2548.0,17,43.23
2549.0,15,52.05
2549.0,16,50.0
2549.0,17,50.0
2550.0,15,54.92
2550.0,16,54.9
2550.0,17,54.9
2551.0,15,53.96
2551.0,16,47.1
2551.0,17,53.61
2552.0,15,51.08
2552.0,16,45.28
2552.0,17,54.33
2553.0,15,53.42
2553.0,16,44.3
2553.0,17,54.48
2554.0,15,50.94
2554.0,16,42.11
2554.0,17,51.5
2555.0,15,50.59
2555.0,16,37.98
2555.0,17,50.0
2556.0,15,49.98
2556.0,16,30.09
2556.0,17,46.81
2557.0,15,48.01
2557.0,16,30.52
2557.0,17,42.99
2558.0,15,47.03
2558.0,16,30.07
2558.0,17,40.16
2559.0,15,45.58
2559.0,16,34.09
2559.0,17,39.24
2560.0,15,45.55
2560.0,16,38.7
2560.0,17,43.88
2561.0,15,45.42
2561.0,16,44.12
2561.0,17,44.12
2562.0,15,45.95
2562.0,16,45.7
2562.0,17,45.7
2563.0,15,45.91
2563.0,16,40.07
2563.0,17,42.91
2564.0,15,45.97
2564.0,16,34.66
2564.0,17,45.43
2565.0,15,43.34
2565.0,16,28.85
2565.0,17,44.77
2566.0,15,34.84
2566.0,16,31.89
2566.0,17,31.89
2567.0,15,28.11
2567.0,16,28.13
2567.0,17,28.13
2568.0,15,27.26
2568.0,16,26.99
2568.0,17,26.99
2569.0,15,25.96
2569.0,16,25.04
2569.0,17,25.04
2570.0,15,25.15
2570.0,16,25.04
2570.0,17,25.04
2571.0,15,26.07
2571.0,16,27.95
2571.0,17,27.95
2572.0,15,27.1
2572.0,16,27.54
2572.0,17,27.54
2573.0,15,26.84
2573.0,16,27.68
2573.0,17,25.97
2574.0,15,28.4
2574.0,16,29.19
2574.0,17,29.19
2575.0,15,26.14
2575.0,16,26.8
2575.0,17,26.8
2576.0,15,24.64
2576.0,16,23.31
2576.0,17,23.31
2577.0,15,21.82
2577.0,16,22.27
2577.0,17,22.27
2578.0,15,19.3
2578.0,16,20.38
2578.0,17,20.38
2579.0,15,16.96
2579.0,16,17.38
2579.0,17,17.38
2580.0,15,13.65
2580.0,16,14.03
2580.0,17,14.03
2581.0,15,13.97
2581.0,16,11.94
2581.0,17,11.94
2582.0,15,15.96
2582.0,16,15.11
2582.0,17,15.11
2583.0,15,22.91
2583.0,16,20.37
2583.0,17,20.35
2584.0,15,29.61
2584.0,16,27.41
2584.0,17,24.22
2585.0,15,33.0
2585.0,16,38.54
2585.0,17,28.06
2586.0,15,35.93
2586.0,16,43.94
2586.0,17,31.76
2587.0,15,36.48
2587.0,16,40.8
2587.0,17,35.13
2588.0,15,33.57
2588.0,16,39.58
2588.0,17,39.58
2589.0,15,28.38
2589.0,16,33.31
2589.0,17,33.31
2590.0,15,25.82
2590.0,16,26.4
2590.0,17,26.4
2591.0,15,24.08
2591.0,16,23.87
2591.0,17,23.87
2592.0,15,20.73
2592.0,16,23.29
2592.0,17,23.29
2593.0,15,22.0
2593.0,16,21.94
2593.0,17,21.94
2594.0,15,21.9
2594.0,16,20.44
2594.0,17,20.44
2595.0,15,20.53
2595.0,16,21.31
2595.0,17,21.31
2596.0,15,19.82
2596.0,16,19.98
2596.0,17,19.98
2597.0,15,18.81
2597.0,16,20.3
2597.0,17,20.3
2598.0,15,18.07
2598.0,16,23.01
2598.0,17,23.01
2599.0,15,14.51
2599.0,16,22.89
2599.0,17,22.89
2600.0,15,10.3
2600.0,16,20.3
2600.0,17,20.3
2601.0,15,9.14
2601.0,16,19.98
2601.0,17,20.02
2602.0,15,8.44
2602.0,16,19.94
2602.0,17,23.36
2603.0,15,6.46
2603.0,16,11.52
2603.0,17,19.75
2604.0,15,3.86
2604.0,16,10.1
2604.0,17,10.1
2605.0,15,1.12
2605.0,16,11.85
2605.0,17,11.85
2606.0,15,5.08
2606.0,16,16.14
2606.0,17,16.14
2607.0,15,15.04
2607.0,16,20.92
2607.0,17,20.92
2608.0,15,22.55
2608.0,16,25.22
2608.0,17,25.22
2609.0,15,28.1
2609.0,16,35.12
2609.0,17,35.12
2610.0,15,32.49
2610.0,16,39.51
2610.0,17,39.51
2611.0,15,33.08
2611.0,16,39.64
2611.0,17,39.64
2612.0,15,32.38
2612.0,16,36.62
2612.0,17,36.62
2613.0,15,27.06
2613.0,16,28.2
2613.0,17,36.15
2614.0,15,24.52
2614.0,16,29.18
2614.0,17,29.18
2615.0,15,23.03
2615.0,16,26.13
2615.0,17,26.13
2616.0,15,21.02
2616.0,16,24.95
2616.0,17,24.95
2617.0,15,20.66
2617.0,16,22.71
2617.0,17,22.71
2618.0,15,22.17
2618.0,16,22.73
2618.0,17,22.73
2619.0,15,28.97
2619.0,16,28.8
2619.0,17,28.8
2620.0,15,43.41
2620.0,16,45.02
2620.0,17,45.02
2621.0,15,49.68
2621.0,16,50.04
2621.0,17,51.58
2622.0,15,52.38
2622.0,16,44.0
2622.0,17,56.11
2623.0,15,51.36
2623.0,16,36.0
2623.0,17,54.14
2624.0,15,51.04
2624.0,16,29.18
2624.0,17,52.0
2625.0,15,50.08
2625.0,16,28.27
2625.0,17,52.02
2626.0,15,47.62
2626.0,16,26.74
2626.0,17,46.29
2627.0,15,46.1
2627.0,16,25.41
2627.0,17,44.45
2628.0,15,44.28
2628.0,16,25.07
2628.0,17,43.9
2629.0,15,43.15
2629.0,16,25.83
2629.0,17,42.01
2630.0,15,42.19
2630.0,16,26.45
2630.0,17,39.25
2631.0,15,39.35
2631.0,16,29.53
2631.0,17,35.26
2632.0,15,40.63
2632.0,16,37.64
2632.0,17,37.64
2633.0,15,44.43
2633.0,16,44.96
2633.0,17,44.96
2634.0,15,47.04
2634.0,16,45.39
2634.0,17,45.39
2635.0,15,45.01
2635.0,16,42.22
2635.0,17,42.22
2636.0,15,43.95
2636.0,16,37.06
2636.0,17,44.21
2637.0,15,41.03
2637.0,16,31.34
2637.0,17,44.2
2638.0,15,33.0
2638.0,16,27.48
2638.0,17,42.9
2639.0,15,31.11
2639.0,16,27.5
2639.0,17,41.0
2640.0,15,28.03
2640.0,16,26.53
2640.0,17,38.5
2641.0,15,26.56
2641.0,16,25.99
2641.0,17,27.95
2642.0,15,27.34
2642.0,16,26.87
2642.0,17,28.17
2643.0,15,31.64
2643.0,16,29.95
2643.0,17,35.3
2644.0,15,42.68
2644.0,16,40.57
2644.0,17,42.7
2645.0,15,46.93
2645.0,16,46.92
2645.0,17,48.21
2646.0,15,52.09
2646.0,16,42.97
2646.0,17,53.98
2647.0,15,50.96
2647.0,16,33.71
2647.0,17,52.81
2648.0,15,47.09
2648.0,16,28.26
2648.0,17,50.13
2649.0,15,46.95
2649.0,16,27.31
2649.0,17,50.25
2650.0,15,44.37
2650.0,16,24.35
2650.0,17,44.94
2651.0,15,42.58
2651.0,16,19.05
2651.0,17,43.37
2652.0,15,42.08
2652.0,16,14.94
2652.0,17,43.73
2653.0,15,39.46
2653.0,16,17.65
2653.0,17,41.16
2654.0,15,39.06
2654.0,16,22.13
2654.0,17,39.26
2655.0,15,37.04
2655.0,16,25.5
2655.0,17,40.5
2656.0,15,39.12
2656.0,16,34.9
2656.0,17,40.79
2657.0,15,42.94
2657.0,16,41.4
2657.0,17,43.3
2658.0,15,42.81
2658.0,16,43.34
2658.0,17,43.34
2659.0,15,41.05
2659.0,16,40.34
2659.0,17,40.99
2660.0,15,41.23
2660.0,16,35.32
2660.0,17,44.83
2661.0,15,38.96
2661.0,16,26.94
2661.0,17,42.26
2662.0,15,36.01
2662.0,16,25.32
2662.0,17,39.36
2663.0,15,30.17
2663.0,16,24.53
2663.0,17,30.07
2664.0,15,27.5
2664.0,16,23.55
2664.0,17,25.52
2665.0,15,25.02
2665.0,16,22.06
2665.0,17,22.06
2666.0,15,25.13
2666.0,16,22.96
2666.0,17,22.96
2667.0,15,29.51
2667.0,16,26.98
2667.0,17,26.98
2668.0,15,41.11
2668.0,16,34.01
2668.0,17,34.01
2669.0,15,47.57
2669.0,16,45.97
2669.0,17,45.97
2670.0,15,50.58
2670.0,16,50.39
2670.0,17,50.39
2671.0,15,48.08
2671.0,16,44.91
2671.0,17,47.05
2672.0,15,44.72
2672.0,16,39.14
2672.0,17,43.94
2673.0,15,44.91
2673.0,16,33.21
2673.0,17,43.75
2674.0,15,42.25
2674.0,16,30.03
2674.0,17,39.91
2675.0,15,41.76
2675.0,16,29.71
2675.0,17,40.09
2676.0,15,40.92
2676.0,16,29.57
2676.0,17,41.0
2677.0,15,38.4
2677.0,16,29.69
2677.0,17,40.51
2678.0,15,37.74
2678.0,16,30.05
2678.0,17,38.03
2679.0,15,38.9
2679.0,16,39.2
2679.0,17,39.2
2680.0,15,43.22
2680.0,16,45.08
2680.0,17,45.08
2681.0,15,47.55
2681.0,16,50.34
2681.0,17,50.34
2682.0,15,47.98
2682.0,16,50.44
2682.0,17,50.44
2683.0,15,46.07
2683.0,16,47.05
2683.0,17,47.05
2684.0,15,42.86
2684.0,16,44.2
2684.0,17,44.2
2685.0,15,40.07
2685.0,16,38.42
2685.0,17,38.42
2686.0,15,35.8
2686.0,16,31.09
2686.0,17,32.29
2687.0,15,32.12
2687.0,16,29.04
2687.0,17,29.04
2688.0,15,28.74
2688.0,16,27.31
2688.0,17,27.31
2689.0,15,27.15
2689.0,16,25.07
2689.0,17,25.07
2690.0,15,27.63
2690.0,16,25.94
2690.0,17,25.94
2691.0,15,31.75
2691.0,16,30.07
2691.0,17,30.07
2692.0,15,40.98
2692.0,16,38.97
2692.0,17,38.97
2693.0,15,47.55
2693.0,16,44.27
2693.0,17,44.27
2694.0,15,50.74
2694.0,16,46.37
2694.0,17,46.37
2695.0,15,43.98
2695.0,16,41.0
2695.0,17,46.01
2696.0,15,41.98
2696.0,16,33.73
2696.0,17,45.65
2697.0,15,42.49
2697.0,16,29.75
2697.0,17,46.02
2698.0,15,41.98
2698.0,16,28.79
2698.0,17,45.9
2699.0,15,41.93
2699.0,16,28.88
2699.0,17,46.08
2700.0,15,41.64
2700.0,16,28.08
2700.0,17,42.8
2701.0,15,38.98
2701.0,16,29.15
2701.0,17,38.6
2702.0,15,37.89
2702.0,16,30.01
2702.0,17,34.98
2703.0,15,38.95
2703.0,16,34.15
2703.0,17,34.15
2704.0,15,43.94
2704.0,16,40.95
2704.0,17,40.95
2705.0,15,49.01
2705.0,16,45.99
2705.0,17,45.99
2706.0,15,48.54
2706.0,16,46.47
2706.0,17,46.47
2707.0,15,47.01
2707.0,16,44.42
2707.0,17,44.42
2708.0,15,42.19
2708.0,16,41.08
2708.0,17,44.01
2709.0,15,38.0
2709.0,16,32.56
2709.0,17,41.88
2710.0,15,30.34
2710.0,16,28.9
2710.0,17,32.86
2711.0,15,29.22
2711.0,16,27.33
2711.0,17,29.31
2712.0,15,28.44
2712.0,16,26.21
2712.0,17,31.87
2713.0,15,26.67
2713.0,16,25.4
2713.0,17,25.4
2714.0,15,27.08
2714.0,16,25.31
2714.0,17,25.31
2715.0,15,30.71
2715.0,16,29.1
2715.0,17,29.1
2716.0,15,39.63
2716.0,16,39.97
2716.0,17,39.97
2717.0,15,45.46
2717.0,16,46.78
2717.0,17,46.78
2718.0,15,45.38
2718.0,16,47.44
2718.0,17,47.44
2719.0,15,40.47
2719.0,16,42.0
2719.0,17,42.0
2720.0,15,39.94
2720.0,16,38.93
2720.0,17,40.46
2721.0,15,39.96
2721.0,16,30.87
2721.0,17,40.82
2722.0,15,39.45
2722.0,16,28.16
2722.0,17,40.81
2723.0,15,39.03
2723.0,16,26.23
2723.0,17,39.05
2724.0,15,36.02
2724.0,16,25.2
2724.0,17,36.08
2725.0,15,30.9
2725.0,16,26.24
2725.0,17,32.2
2726.0,15,29.07
2726.0,16,27.32
2726.0,17,27.51
2727.0,15,31.93
2727.0,16,31.95
2727.0,17,31.95
2728.0,15,37.87
2728.0,16,37.73
2728.0,17,37.73
2729.0,15,40.47
2729.0,16,41.04
2729.0,17,41.04
2730.0,15,42.07
2730.0,16,41.52
2730.0,17,41.52
2731.0,15,40.18
2731.0,16,40.63
2731.0,17,40.63
2732.0,15,37.64
2732.0,16,37.68
2732.0,17,37.68
2733.0,15,30.28
2733.0,16,29.98
2733.0,17,29.98
2734.0,15,29.12
2734.0,16,28.08
2734.0,17,31.82
2735.0,15,25.93
2735.0,16,25.01
2735.0,17,25.01
2736.0,15,24.86
2736.0,16,24.0
2736.0,17,24.0
2737.0,15,24.09
2737.0,16,22.64
2737.0,17,22.64
2738.0,15,23.96
2738.0,16,21.98
2738.0,17,21.98
2739.0,15,24.18
2739.0,16,21.68
2739.0,17,21.68
2740.0,15,25.06
2740.0,16,21.74
2740.0,17,21.74
2741.0,15,26.04
2741.0,16,22.71
2741.0,17,22.71
2742.0,15,29.92
2742.0,16,24.96
2742.0,17,24.96
2743.0,15,30.41
2743.0,16,28.47
2743.0,17,28.47
2744.0,15,30.97
2744.0,16,29.6
2744.0,17,29.6
2745.0,15,30.38
2745.0,16,28.87
2745.0,17,28.87
2746.0,15,30.46
2746.0,16,28.22
2746.0,17,29.69
2747.0,15,28.2
2747.0,16,25.95
2747.0,17,27.78
2748.0,15,26.14
2748.0,16,24.51
2748.0,17,26.02
2749.0,15,27.01
2749.0,16,23.65
2749.0,17,23.65
2750.0,15,27.08
2750.0,16,23.9
2750.0,17,23.9
2751.0,15,30.08
2751.0,16,26.5
2751.0,17,26.5
2752.0,15,32.23
2752.0,16,31.24
2752.0,17,31.24
2753.0,15,35.48
2753.0,16,32.98
2753.0,17,32.98
2754.0,15,36.8
2754.0,16,33.23
2754.0,17,33.23
2755.0,15,35.57
2755.0,16,30.29
2755.0,17,30.29
2756.0,15,33.23
2756.0,16,31.17
2756.0,17,31.17
2757.0,15,29.04
2757.0,16,27.37
2757.0,17,29.8
2758.0,15,25.16
2758.0,16,22.39
2758.0,17,22.39
2759.0,15,22.45
2759.0,16,20.87
2759.0,17,20.87
2760.0,15,21.82
2760.0,16,19.48
2760.0,17,21.28
2761.0,15,18.08
2761.0,16,18.87
2761.0,17,18.87
2762.0,15,17.34
2762.0,16,17.79
2762.0,17,17.79
2763.0,15,17.78
2763.0,16,18.26
2763.0,17,18.26
2764.0,15,17.93
2764.0,16,18.75
2764.0,17,18.75
2765.0,15,19.67
2765.0,16,19.17
2765.0,17,19.17
2766.0,15,23.29
2766.0,16,20.14
2766.0,17,20.14
2767.0,15,24.04
2767.0,16,23.05
2767.0,17,23.05
2768.0,15,23.57
2768.0,16,23.19
2768.0,17,23.19
2769.0,15,24.13
2769.0,16,23.26
2769.0,17,23.26
2770.0,15,23.9
2770.0,16,22.81
2770.0,17,22.81
2771.0,15,20.0
2771.0,16,19.8
2771.0,17,19.8
2772.0,15,16.28
2772.0,16,18.45
2772.0,17,18.45
2773.0,15,16.01
2773.0,16,16.3
2773.0,17,16.3
2774.0,15,18.79
2774.0,16,18.13
2774.0,17,18.13
2775.0,15,24.62
2775.0,16,21.57
2775.0,17,21.57
2776.0,15,27.1
2776.0,16,24.98
2776.0,17,23.35
2777.0,15,31.39
2777.0,16,29.57
2777.0,17,27.84
2778.0,15,32.86
2778.0,16,34.97
2778.0,17,29.77
2779.0,15,32.73
2779.0,16,33.28
2779.0,17,31.9
2780.0,15,31.17
2780.0,16,33.55
2780.0,17,33.55
2781.0,15,26.46
2781.0,16,32.63
2781.0,17,32.63
2782.0,15,25.61
2782.0,16,29.72
2782.0,17,29.72
2783.0,15,23.36
2783.0,16,24.45
2783.0,17,24.45
2784.0,15,18.72
2784.0,16,23.21
2784.0,17,23.21
2785.0,15,16.9
2785.0,16,23.06
2785.0,17,18.62
2786.0,15,16.55
2786.0,16,23.07
2786.0,17,16.73
2787.0,15,22.3
2787.0,16,25.18
2787.0,17,25.18
2788.0,15,32.19
2788.0,16,38.0
2788.0,17,38.0
2789.0,15,40.16
2789.0,16,43.94
2789.0,17,43.94
2790.0,15,44.38
2790.0,16,48.57
2790.0,17,48.57
2791.0,15,42.03
2791.0,16,46.0
2791.0,17,46.0
2792.0,15,42.38
2792.0,16,44.44
2792.0,17,48.28
2793.0,15,40.49
2793.0,16,42.63
2793.0,17,48.43
2794.0,15,40.28
2794.0,16,39.03
2794.0,17,50.35
2795.0,15,40.09
2795.0,16,36.64
2795.0,17,50.1
2796.0,15,37.21
2796.0,16,33.46
2796.0,17,44.19
2797.0,15,34.72
2797.0,16,33.42
2797.0,17,41.49
2798.0,15,32.56
2798.0,16,31.57
2798.0,17,40.41
2799.0,15,34.36
2799.0,16,32.99
2799.0,17,43.18
2800.0,15,38.28
2800.0,16,34.97
2800.0,17,44.97
2801.0,15,42.04
2801.0,16,38.35
2801.0,17,44.11
2802.0,15,41.06
2802.0,16,40.8
2802.0,17,40.8
2803.0,15,39.61
2803.0,16,39.96
2803.0,17,44.56
2804.0,15,36.03
2804.0,16,37.6
2804.0,17,46.11
2805.0,15,31.88
2805.0,16,29.79
2805.0,17,42.02
2806.0,15,32.01
2806.0,16,29.81
2806.0,17,34.93
2807.0,15,28.29
2807.0,16,29.91
2807.0,17,29.91
2808.0,15,26.57
2808.0,16,27.87
2808.0,17,27.87
2809.0,15,25.09
2809.0,16,25.13
2809.0,17,25.13
2810.0,15,25.7
2810.0,16,25.5
2810.0,17,25.5
2811.0,15,30.01
2811.0,16,29.91
2811.0,17,29.91
2812.0,15,41.34
2812.0,16,38.74
2812.0,17,38.74
2813.0,15,49.28
2813.0,16,49.05
2813.0,17,49.05
2814.0,15,53.54
2814.0,16,57.79
2814.0,17,57.79
2815.0,15,51.97
2815.0,16,55.04
2815.0,17,57.61
2816.0,15,51.2
2816.0,16,49.97
2816.0,17,49.97
2817.0,15,47.56
2817.0,16,47.92
2817.0,17,49.62
2818.0,15,43.56
2818.0,16,40.99
2818.0,17,47.44
2819.0,15,43.7
2819.0,16,37.17
2819.0,17,45.05
2820.0,15,42.98
2820.0,16,33.9
2820.0,17,42.04
2821.0,15,40.78
2821.0,16,30.62
2821.0,17,40.57
2822.0,15,39.96
2822.0,16,29.65
2822.0,17,40.0
2823.0,15,38.98
2823.0,16,31.39
2823.0,17,38.51
2824.0,15,42.38
2824.0,16,34.53
2824.0,17,40.69
2825.0,15,44.09
2825.0,16,41.11
2825.0,17,43.84
2826.0,15,43.96
2826.0,16,42.23
2826.0,17,43.86
2827.0,15,42.14
2827.0,16,40.9
2827.0,17,44.83
2828.0,15,41.44
2828.0,16,34.83
2828.0,17,47.62
2829.0,15,38.07
2829.0,16,27.2
2829.0,17,44.29
2830.0,15,35.06
2830.0,16,25.77
2830.0,17,34.85
2831.0,15,28.68
2831.0,16,26.45
2831.0,17,26.45
2832.0,15,28.49
2832.0,16,25.75
2832.0,17,26.86
2833.0,15,26.09
2833.0,16,25.4
2833.0,17,25.4
2834.0,15,26.05
2834.0,16,25.94
2834.0,17,25.94
2835.0,15,29.52
2835.0,16,28.94
2835.0,17,28.94
2836.0,15,38.84
2836.0,16,38.9
2836.0,17,38.9
2837.0,15,48.09
2837.0,16,42.01
2837.0,17,54.0
2838.0,15,49.93
2838.0,16,41.39
2838.0,17,60.99
2839.0,15,47.66
2839.0,16,31.9
2839.0,17,60.99
2840.0,15,46.35
2840.0,16,28.83
2840.0,17,52.83
2841.0,15,42.3
2841.0,16,28.23
2841.0,17,44.28
2842.0,15,42.98
2842.0,16,27.51
2842.0,17,46.05
2843.0,15,42.9
2843.0,16,26.45
2843.0,17,44.35
2844.0,15,41.59
2844.0,16,26.92
2844.0,17,40.53
2845.0,15,38.98
2845.0,16,28.75
2845.0,17,38.87
2846.0,15,38.16
2846.0,16,28.99
2846.0,17,38.29
2847.0,15,37.8
2847.0,16,34.91
2847.0,17,35.27
2848.0,15,41.08
2848.0,16,41.1
2848.0,17,41.1
2849.0,15,45.19
2849.0,16,44.94
2849.0,17,44.94
2850.0,15,44.81
2850.0,16,43.17
2850.0,17,43.17
2851.0,15,42.98
2851.0,16,41.39
2851.0,17,45.28
2852.0,15,43.68
2852.0,16,35.46
2852.0,17,42.99
2853.0,15,40.26
2853.0,16,27.79
2853.0,17,41.55
2854.0,15,32.65
2854.0,16,25.95
2854.0,17,39.0
2855.0,15,26.3
2855.0,16,25.26
2855.0,17,34.98
2856.0,15,25.76
2856.0,16,25.93
2856.0,17,34.1
2857.0,15,24.96
2857.0,16,25.81
2857.0,17,27.66
2858.0,15,25.05
2858.0,16,26.47
2858.0,17,26.47
2859.0,15,27.53
2859.0,16,29.17
2859.0,17,31.96
2860.0,15,36.52
2860.0,16,38.7
2860.0,17,41.68
2861.0,15,46.45
2861.0,16,44.99
2861.0,17,47.35
2862.0,15,50.97
2862.0,16,43.91
2862.0,17,55.08
2863.0,15,50.05
2863.0,16,39.95
2863.0,17,55.52
2864.0,15,47.98
2864.0,16,39.24
2864.0,17,51.02
2865.0,15,46.02
2865.0,16,37.97
2865.0,17,49.58
2866.0,15,42.92
2866.0,16,33.12
2866.0,17,43.32
2867.0,15,41.43
2867.0,16,29.4
2867.0,17,44.03
2868.0,15,39.38
2868.0,16,29.92
2868.0,17,45.88
2869.0,15,38.09
2869.0,16,29.96
2869.0,17,44.0
2870.0,15,38.01
2870.0,16,33.91
2870.0,17,41.23
2871.0,15,35.54
2871.0,16,37.91
2871.0,17,37.91
2872.0,15,38.88
2872.0,16,41.13
2872.0,17,41.13
2873.0,15,40.92
2873.0,16,44.92
2873.0,17,44.92
2874.0,15,40.92
2874.0,16,42.12
2874.0,17,42.12
2875.0,15,38.54
2875.0,16,41.98
2875.0,17,41.98
2876.0,15,34.64
2876.0,16,38.41
2876.0,17,38.41
2877.0,15,28.22
2877.0,16,33.3
2877.0,17,33.3
2878.0,15,26.09
2878.0,16,24.34
2878.0,17,24.34
2879.0,15,24.0
2879.0,16,24.09
2879.0,17,24.09
2880.0,15,22.03
2880.0,16,23.79
2880.0,17,23.79
2881.0,15,21.08
2881.0,16,23.42
2881.0,17,21.38
2882.0,15,19.58
2882.0,16,22.83
2882.0,17,18.63
2883.0,15,19.5
2883.0,16,22.01
2883.0,17,17.56
2884.0,15,18.01
2884.0,16,19.09
2884.0,17,12.12
2885.0,15,18.82
2885.0,16,20.92
2885.0,17,15.56
2886.0,15,21.59
2886.0,16,19.83
2886.0,17,19.83
2887.0,15,24.05
2887.0,16,21.11
2887.0,17,21.11
2888.0,15,24.71
2888.0,16,22.81
2888.0,17,22.81
2889.0,15,25.64
2889.0,16,23.21
2889.0,17,23.21
2890.0,15,24.49
2890.0,16,24.57
2890.0,17,24.57
2891.0,15,22.7
2891.0,16,21.4
2891.0,17,21.4
2892.0,15,21.37
2892.0,16,20.09
2892.0,17,20.09
2893.0,15,19.58
2893.0,16,19.12
2893.0,17,19.12
2894.0,15,21.41
2894.0,16,19.97
2894.0,17,19.97
2895.0,15,22.62
2895.0,16,21.69
2895.0,17,21.31
2896.0,15,24.45
2896.0,16,24.83
2896.0,17,22.64
2897.0,15,25.55
2897.0,16,25.92
2897.0,17,24.0
2898.0,15,27.96
2898.0,16,28.69
2898.0,17,23.19
2899.0,15,28.11
2899.0,16,28.65
2899.0,17,26.89
2900.0,15,28.56
2900.0,16,28.7
2900.0,17,28.7
2901.0,15,26.79
2901.0,16,25.88
2901.0,17,25.88
2902.0,15,25.52
2902.0,16,23.94
2902.0,17,23.94
2903.0,15,24.39
2903.0,16,21.62
2903.0,17,21.62
2904.0,15,23.01
2904.0,16,19.37
2904.0,17,19.37
2905.0,15,21.66
2905.0,16,17.68
2905.0,17,17.68
2906.0,15,20.68
2906.0,16,17.96
2906.0,17,17.57
2907.0,15,21.29
2907.0,16,20.04
2907.0,17,18.06
2908.0,15,24.66
2908.0,16,22.07
2908.0,17,18.2
2909.0,15,26.66
2909.0,16,23.22
2909.0,17,19.32
2910.0,15,27.99
2910.0,16,26.05
2910.0,17,26.05
2911.0,15,26.3
2911.0,16,27.18
2911.0,17,27.18
2912.0,15,26.34
2912.0,16,26.02
2912.0,17,26.02
2913.0,15,25.22
2913.0,16,25.67
2913.0,17,25.67
2914.0,15,24.24
2914.0,16,24.22
2914.0,17,24.22
2915.0,15,22.81
2915.0,16,22.66
2915.0,17,22.66
2916.0,15,21.06
2916.0,16,23.15
2916.0,17,23.15
2917.0,15,20.16
2917.0,16,22.09
2917.0,17,22.09
2918.0,15,21.52
2918.0,16,21.09
2918.0,17,21.09
2919.0,15,24.9
2919.0,16,24.83
2919.0,17,23.53
2920.0,15,29.05
2920.0,16,34.96
2920.0,17,32.08
2921.0,15,32.74
2921.0,16,36.93
2921.0,17,36.09
2922.0,15,34.16
2922.0,16,37.95
2922.0,17,33.83
2923.0,15,32.52
2923.0,16,36.93
2923.0,17,34.96
2924.0,15,33.05
2924.0,16,37.33
2924.0,17,37.33
2925.0,15,28.06
2925.0,16,33.57
2925.0,17,33.57
2926.0,15,21.22
2926.0,16,22.97
2926.0,17,22.97
2927.0,15,19.06
2927.0,16,19.58
2927.0,17,19.58
2928.0,15,17.05
2928.0,16,16.7
2928.0,17,16.7
2929.0,15,14.88
2929.0,16,17.0
2929.0,17,15.12
2930.0,15,13.78
2930.0,16,16.96
2930.0,17,14.54
2931.0,15,13.71
2931.0,16,17.05
2931.0,17,14.84
2932.0,15,12.41
2932.0,16,13.34
2932.0,17,5.99
2933.0,15,11.95
2933.0,16,14.55
2933.0,17,10.08
2934.0,15,15.31
2934.0,16,13.88
2934.0,17,13.88
2935.0,15,18.43
2935.0,16,18.94
2935.0,17,17.31
2936.0,15,20.29
2936.0,16,20.09
2936.0,17,19.27
2937.0,15,21.96
2937.0,16,22.7
2937.0,17,20.7
2938.0,15,20.92
2938.0,16,21.39
2938.0,17,21.39
2939.0,15,18.01
2939.0,16,17.43
2939.0,17,17.43
2940.0,15,14.56
2940.0,16,13.01
2940.0,17,13.01
2941.0,15,13.02
2941.0,16,12.03
2941.0,17,12.03
2942.0,15,13.0
2942.0,16,12.16
2942.0,17,12.16
2943.0,15,15.11
2943.0,16,13.29
2943.0,17,13.29
2944.0,15,18.65
2944.0,16,16.01
2944.0,17,16.01
2945.0,15,20.6
2945.0,16,18.81
2945.0,17,18.81
2946.0,15,21.28
2946.0,16,19.96
2946.0,17,19.96
2947.0,15,21.6
2947.0,16,20.5
2947.0,17,20.5
2948.0,15,21.65
2948.0,16,20.48
2948.0,17,20.48
2949.0,15,18.01
2949.0,16,12.17
2949.0,17,20.04
2950.0,15,13.55
2950.0,16,9.59
2950.0,17,18.68
2951.0,15,10.84
2951.0,16,9.52
2951.0,17,16.57
2952.0,15,7.52
2952.0,16,10.39
2952.0,17,10.39
2953.0,15,6.99
2953.0,16,4.89
2953.0,17,8.47
2954.0,15,11.13
2954.0,16,9.6
2954.0,17,9.6
2955.0,15,19.18
2955.0,16,19.11
2955.0,17,19.11
2956.0,15,27.01
2956.0,16,30.48
2956.0,17,30.48
2957.0,15,33.92
2957.0,16,36.64
2957.0,17,48.69
2958.0,15,36.04
2958.0,16,39.85
2958.0,17,39.85
2959.0,15,34.98
2959.0,16,38.46
2959.0,17,41.6
2960.0,15,34.4
2960.0,16,37.93
2960.0,17,50.11
2961.0,15,35.24
2961.0,16,39.5
2961.0,17,55.1
2962.0,15,33.95
2962.0,16,38.9
2962.0,17,51.4
2963.0,15,33.99
2963.0,16,37.65
2963.0,17,41.6
2964.0,15,33.86
2964.0,16,35.95
2964.0,17,39.25
2965.0,15,33.96
2965.0,16,37.35
2965.0,17,37.7
2966.0,15,34.03
2966.0,16,37.13
2966.0,17,37.13
2967.0,15,33.94
2967.0,16,38.57
2967.0,17,38.57
2968.0,15,37.92
2968.0,16,40.07
2968.0,17,40.07
2969.0,15,39.94
2969.0,16,42.45
2969.0,17,42.45
2970.0,15,37.32
2970.0,16,40.9
2970.0,17,40.9
2971.0,15,37.52
2971.0,16,40.06
2971.0,17,40.06
2972.0,15,36.2
2972.0,16,38.31
2972.0,17,38.31
2973.0,15,31.19
2973.0,16,27.19
2973.0,17,27.19
2974.0,15,24.03
2974.0,16,24.0
2974.0,17,24.0
2975.0,15,20.91
2975.0,16,21.22
2975.0,17,21.22
2976.0,15,17.97
2976.0,16,17.08
2976.0,17,17.08
2977.0,15,16.24
2977.0,16,14.95
2977.0,17,14.95
2978.0,15,16.03
2978.0,16,13.91
2978.0,17,13.91
2979.0,15,20.41
2979.0,16,17.83
2979.0,17,17.83
2980.0,15,26.95
2980.0,16,24.49
2980.0,17,23.39
2981.0,15,32.93
2981.0,16,31.01
2981.0,17,31.01
2982.0,15,33.97
2982.0,16,34.66
2982.0,17,34.66
2983.0,15,33.63
2983.0,16,34.49
2983.0,17,34.49
2984.0,15,31.77
2984.0,16,33.27
2984.0,17,33.27
2985.0,15,33.53
2985.0,16,33.62
2985.0,17,33.62
2986.0,15,30.66
2986.0,16,30.0
2986.0,17,30.0
2987.0,15,29.95
2987.0,16,26.99
2987.0,17,26.99
2988.0,15,29.51
2988.0,16,25.21
2988.0,17,25.21
2989.0,15,27.09
2989.0,16,24.87
2989.0,17,24.87
2990.0,15,26.14
2990.0,16,24.85
2990.0,17,24.85
2991.0,15,26.54
2991.0,16,24.99
2991.0,17,24.99
2992.0,15,29.83
2992.0,16,29.25
2992.0,17,29.25
2993.0,15,32.4
2993.0,16,33.36
2993.0,17,33.36
2994.0,15,30.98
2994.0,16,33.3
2994.0,17,33.3
2995.0,15,31.23
2995.0,16,35.22
2995.0,17,35.22
2996.0,15,28.79
2996.0,16,30.77
2996.0,17,38.31
2997.0,15,23.31
2997.0,16,23.23
2997.0,17,35.29
2998.0,15,22.92
2998.0,16,22.93
2998.0,17,30.2
2999.0,15,21.08
2999.0,16,22.1
2999.0,17,22.1
3000.0,15,19.82
3000.0,16,17.97
3000.0,17,17.97
3001.0,15,17.97
3001.0,16,15.9
3001.0,17,15.9
3002.0,15,18.14
3002.0,16,17.1
3002.0,17,17.1
3003.0,15,21.51
3003.0,16,22.84
3003.0,17,22.84
3004.0,15,29.05
3004.0,16,33.97
3004.0,17,33.97
3005.0,15,37.33
3005.0,16,39.98
3005.0,17,39.98
3006.0,15,39.5
3006.0,16,42.0
3006.0,17,42.0
3007.0,15,36.02
3007.0,16,35.52
3007.0,17,38.54
3008.0,15,32.7
3008.0,16,32.9
3008.0,17,32.9
3009.0,15,31.61
3009.0,16,29.01
3009.0,17,31.0
3010.0,15,27.62
3010.0,16,24.0
3010.0,17,30.63
3011.0,15,24.56
3011.0,16,20.09
3011.0,17,29.92
3012.0,15,22.51
3012.0,16,17.91
3012.0,17,32.33
3013.0,15,22.91
3013.0,16,14.92
3013.0,17,30.52
3014.0,15,22.74
3014.0,16,17.59
3014.0,17,23.85
3015.0,15,25.24
3015.0,16,23.09
3015.0,17,27.2
3016.0,15,30.19
3016.0,16,28.21
3016.0,17,28.21
3017.0,15,34.08
3017.0,16,33.99
3017.0,17,34.48
3018.0,15,34.37
3018.0,16,32.53
3018.0,17,32.53
3019.0,15,33.99
3019.0,16,31.91
3019.0,17,31.91
3020.0,15,31.37
3020.0,16,28.42
3020.0,17,42.23
3021.0,15,22.96
3021.0,16,19.11
3021.0,17,37.5
3022.0,15,20.03
3022.0,16,18.2
3022.0,17,30.9
3023.0,15,16.51
3023.0,16,13.95
3023.0,17,24.48
3024.0,15,12.57
3024.0,16,12.11
3024.0,17,20.46
3025.0,15,10.89
3025.0,16,11.3
3025.0,17,13.76
3026.0,15,11.72
3026.0,16,12.64
3026.0,17,12.64
3027.0,15,16.93
3027.0,16,15.65
3027.0,17,20.32
3028.0,15,26.04
3028.0,16,26.32
3028.0,17,26.94
3029.0,15,32.69
3029.0,16,38.35
3029.0,17,51.72
3030.0,15,31.53
3030.0,16,39.11
3030.0,17,57.98
3031.0,15,29.76
3031.0,16,29.68
3031.0,17,58.5
3032.0,15,26.04
3032.0,16,24.67
3032.0,17,55.1
3033.0,15,25.81
3033.0,16,24.17
3033.0,17,46.16
3034.0,15,22.97
3034.0,16,23.65
3034.0,17,44.18
3035.0,15,21.26
3035.0,16,23.61
3035.0,17,41.83
3036.0,15,21.08
3036.0,16,23.09
3036.0,17,42.1
3037.0,15,21.54
3037.0,16,23.51
3037.0,17,37.77
3038.0,15,23.03
3038.0,16,23.86
3038.0,17,35.81
3039.0,15,29.51
3039.0,16,29.83
3039.0,17,38.32
3040.0,15,36.41
3040.0,16,35.27
3040.0,17,39.67
3041.0,15,39.77
3041.0,16,42.94
3041.0,17,44.79
3042.0,15,39.22
3042.0,16,46.9
3042.0,17,46.9
3043.0,15,39.22
3043.0,16,47.65
3043.0,17,47.65
3044.0,15,38.47
3044.0,16,44.83
3044.0,17,44.83
3045.0,15,31.54
3045.0,16,37.47
3045.0,17,43.76
3046.0,15,28.67
3046.0,16,29.08
3046.0,17,29.08
3047.0,15,26.31
3047.0,16,25.11
3047.0,17,25.11
3048.0,15,24.38
3048.0,16,23.14
3048.0,17,23.14
3049.0,15,22.96
3049.0,16,22.18
3049.0,17,22.18
3050.0,15,23.56
3050.0,16,22.05
3050.0,17,22.05
3051.0,15,26.54
3051.0,16,23.23
3051.0,17,23.23
3052.0,15,33.94
3052.0,16,31.12
3052.0,17,21.76
3053.0,15,40.17
3053.0,16,39.33
3053.0,17,23.28
3054.0,15,39.46
3054.0,16,38.0
3054.0,17,26.01
3055.0,15,37.07
3055.0,16,34.63
3055.0,17,29.68
3056.0,15,33.59
3056.0,16,32.32
3056.0,17,32.32
3057.0,15,32.58
3057.0,16,33.12
3057.0,17,33.12
3058.0,15,31.09
3058.0,16,32.23
3058.0,17,32.23
3059.0,15,29.28
3059.0,16,27.45
3059.0,17,27.45
3060.0,15,27.98
3060.0,16,25.08
3060.0,17,25.08
3061.0,15,27.7
3061.0,16,25.43
3061.0,17,21.41
3062.0,15,27.56
3062.0,16,25.86
3062.0,17,19.99
3063.0,15,30.36
3063.0,16,30.07
3063.0,17,17.77
3064.0,15,32.86
3064.0,16,33.93
3064.0,17,20.55
3065.0,15,33.84
3065.0,16,37.09
3065.0,17,25.72
3066.0,15,35.0
3066.0,16,35.82
3066.0,17,25.49
3067.0,15,34.45
3067.0,16,33.16
3067.0,17,30.59
3068.0,15,32.87
3068.0,16,31.2
3068.0,17,31.2
3069.0,15,29.6
3069.0,16,26.47
3069.0,17,26.47
3070.0,15,22.91
3070.0,16,21.99
3070.0,17,21.99
3071.0,15,21.3
3071.0,16,20.04
3071.0,17,20.04
3072.0,15,18.9
3072.0,16,18.41
3072.0,17,18.41
3073.0,15,16.63
3073.0,16,15.72
3073.0,17,15.72
3074.0,15,15.81
3074.0,16,15.75
3074.0,17,13.37
3075.0,15,16.08
3075.0,16,15.66
3075.0,17,15.55
3076.0,15,17.02
3076.0,16,16.86
3076.0,17,16.86
3077.0,15,19.07
3077.0,16,18.42
3077.0,17,17.54
3078.0,15,20.75
3078.0,16,22.06
3078.0,17,18.5
3079.0,15,21.62
3079.0,16,21.11
3079.0,17,19.71
3080.0,15,19.74
3080.0,16,19.01
3080.0,17,18.67
3081.0,15,19.25
3081.0,16,17.86
3081.0,17,17.86
3082.0,15,16.05
3082.0,16,17.2
3082.0,17,17.2
3083.0,15,13.38
3083.0,16,13.92
3083.0,17,15.84
3084.0,15,9.47
3084.0,16,9.85
3084.0,17,13.63
3085.0,15,8.96
3085.0,16,7.99
3085.0,17,7.99
3086.0,15,9.09
3086.0,16,9.89
3086.0,17,9.89
3087.0,15,12.03
3087.0,16,14.23
3087.0,17,14.23
3088.0,15,18.03
3088.0,16,17.7
3088.0,17,17.7
3089.0,15,20.08
3089.0,16,19.79
3089.0,17,19.79
3090.0,15,20.53
3090.0,16,20.28
3090.0,17,20.28
3091.0,15,20.69
3091.0,16,20.95
3091.0,17,20.95
3092.0,15,21.0
3092.0,16,20.99
3092.0,17,21.47
3093.0,15,17.77
3093.0,16,19.03
3093.0,17,21.78
3094.0,15,15.04
3094.0,16,8.1
3094.0,17,16.04
3095.0,15,10.85
3095.0,16,-5.81
3095.0,17,15.55
3096.0,15,5.96
3096.0,16,-5.4
3096.0,17,13.96
3097.0,15,8.83
3097.0,16,-11.11
3097.0,17,7.47
3098.0,15,6.26
3098.0,16,-14.16
3098.0,17,6.22
3099.0,15,2.07
3099.0,16,-11.41
3099.0,17,4.05
3100.0,15,0.24
3100.0,16,-5.13
3100.0,17,0.39
3101.0,15,0.96
3101.0,16,-4.85
3101.0,17,0.73
3102.0,15,0.96
3102.0,16,-0.08
3102.0,17,4.83
3103.0,15,2.0
3103.0,16,-9.11
3103.0,17,6.96
3104.0,15,3.62
3104.0,16,-10.31
3104.0,17,8.79
3105.0,15,0.09
3105.0,16,-5.39
3105.0,17,10.71
3106.0,15,-1.99
3106.0,16,-7.45
3106.0,17,12.55
3107.0,15,-6.53
3107.0,16,-6.55
3107.0,17,10.09
3108.0,15,-11.62
3108.0,16,-14.93
3108.0,17,4.78
3109.0,15,-11.66
3109.0,16,-4.23
3109.0,17,0.02
3110.0,15,-1.88
3110.0,16,1.19
3110.0,17,1.19
3111.0,15,13.86
3111.0,16,11.76
3111.0,17,11.76
3112.0,15,17.01
3112.0,16,19.88
3112.0,17,19.02
3113.0,15,21.29
3113.0,16,25.26
3113.0,17,24.65
3114.0,15,28.79
3114.0,16,27.08
3114.0,17,26.75
3115.0,15,29.09
3115.0,16,26.56
3115.0,17,26.56
3116.0,15,28.75
3116.0,16,28.01
3116.0,17,28.01
3117.0,15,23.96
3117.0,16,25.45
3117.0,17,25.45
3118.0,15,22.96
3118.0,16,22.2
3118.0,17,22.2
3119.0,15,20.04
3119.0,16,18.35
3119.0,17,18.35
3120.0,15,20.02
3120.0,16,17.06
3120.0,17,17.04
3121.0,15,17.74
3121.0,16,15.02
3121.0,17,13.27
3122.0,15,18.39
3122.0,16,15.96
3122.0,17,15.13
3123.0,15,21.88
3123.0,16,18.62
3123.0,17,17.71
3124.0,15,30.25
3124.0,16,28.96
3124.0,17,28.96
3125.0,15,38.26
3125.0,16,38.17
3125.0,17,38.17
3126.0,15,39.6
3126.0,16,39.16
3126.0,17,39.16
3127.0,15,36.47
3127.0,16,37.72
3127.0,17,37.72
3128.0,15,34.23
3128.0,16,33.0
3128.0,17,33.0
3129.0,15,34.58
3129.0,16,31.92
3129.0,17,31.92
3130.0,15,32.2
3130.0,16,29.3
3130.0,17,32.42
3131.0,15,30.05
3131.0,16,27.91
3131.0,17,32.37
3132.0,15,29.05
3132.0,16,25.41
3132.0,17,31.86
3133.0,15,28.87
3133.0,16,27.03
3133.0,17,40.23
3134.0,15,29.19
3134.0,16,27.74
3134.0,17,35.35
3135.0,15,32.13
3135.0,16,32.6
3135.0,17,32.6
3136.0,15,35.75
3136.0,16,37.96
3136.0,17,37.96
3137.0,15,39.47
3137.0,16,42.11
3137.0,17,42.11
3138.0,15,38.65
3138.0,16,39.72
3138.0,17,39.72
3139.0,15,37.01
3139.0,16,38.01
3139.0,17,38.01
3140.0,15,35.24
3140.0,16,34.92
3140.0,17,34.92
3141.0,15,28.9
3141.0,16,22.95
3141.0,17,34.01
3142.0,15,22.74
3142.0,16,23.59
3142.0,17,23.59
3143.0,15,20.16
3143.0,16,23.0
3143.0,17,23.0
3144.0,15,17.84
3144.0,16,18.87
3144.0,17,18.87
3145.0,15,17.07
3145.0,16,17.94
3145.0,17,17.94
3146.0,15,17.17
3146.0,16,18.98
3146.0,17,14.26
3147.0,15,20.53
3147.0,16,22.93
3147.0,17,21.68
3148.0,15,28.07
3148.0,16,30.14
3148.0,17,23.92
3149.0,15,34.42
3149.0,16,37.98
3149.0,17,33.69
3150.0,15,36.9
3150.0,16,45.44
3150.0,17,45.44
3151.0,15,34.42
3151.0,16,38.84
3151.0,17,38.84
3152.0,15,32.58
3152.0,16,38.96
3152.0,17,38.96
3153.0,15,31.5
3153.0,16,37.92
3153.0,17,37.92
3154.0,15,28.82
3154.0,16,31.31
3154.0,17,31.31
3155.0,15,26.56
3155.0,16,27.39
3155.0,17,27.39
3156.0,15,26.07
3156.0,16,24.6
3156.0,17,24.6
3157.0,15,25.93
3157.0,16,24.54
3157.0,17,24.54
3158.0,15,25.6
3158.0,16,24.88
3158.0,17,24.88
3159.0,15,27.12
3159.0,16,25.56
3159.0,17,25.56
3160.0,15,29.42
3160.0,16,27.64
3160.0,17,27.64
3161.0,15,31.03
3161.0,16,33.93
3161.0,17,33.93
3162.0,15,28.0
3162.0,16,34.0
3162.0,17,34.0
3163.0,15,29.49
3163.0,16,34.35
3163.0,17,34.35
3164.0,15,28.09
3164.0,16,34.58
3164.0,17,34.58
3165.0,15,23.74
3165.0,16,27.37
3165.0,17,27.37
3166.0,15,19.91
3166.0,16,21.03
3166.0,17,21.72
3167.0,15,18.53
3167.0,16,18.09
3167.0,17,18.27
3168.0,15,16.61
3168.0,16,18.01
3168.0,17,19.08
3169.0,15,15.02
3169.0,16,16.17
3169.0,17,16.17
3170.0,15,15.16
3170.0,16,16.52
3170.0,17,16.52
3171.0,15,18.94
3171.0,16,19.99
3171.0,17,19.99
3172.0,15,23.44
3172.0,16,27.93
3172.0,17,22.86
3173.0,15,32.05
3173.0,16,32.96
3173.0,17,32.96
3174.0,15,36.02
3174.0,16,36.55
3174.0,17,36.55
3175.0,15,29.84
3175.0,16,30.61
3175.0,17,30.61
3176.0,15,27.65
3176.0,16,24.55
3176.0,17,24.55
3177.0,15,25.86
3177.0,16,23.07
3177.0,17,23.44
3178.0,15,22.05
3178.0,16,22.06
3178.0,17,28.88
3179.0,15,21.53
3179.0,16,22.04
3179.0,17,30.45
3180.0,15,20.19
3180.0,16,21.94
3180.0,17,29.93
3181.0,15,20.04
3181.0,16,22.93
3181.0,17,23.09
3182.0,15,23.48
3182.0,16,23.76
3182.0,17,23.76
3183.0,15,26.21
3183.0,16,27.75
3183.0,17,27.75
3184.0,15,29.74
3184.0,16,32.91
3184.0,17,32.91
3185.0,15,34.07
3185.0,16,36.97
3185.0,17,36.97
3186.0,15,33.52
3186.0,16,37.21
3186.0,17,29.85
3187.0,15,34.95
3187.0,16,36.71
3187.0,17,33.13
3188.0,15,33.26
3188.0,16,35.82
3188.0,17,35.82
3189.0,15,27.56
3189.0,16,27.99
3189.0,17,27.99
3190.0,15,21.02
3190.0,16,25.9
3190.0,17,25.9
3191.0,15,18.39
3191.0,16,21.02
3191.0,17,21.02
3192.0,15,17.85
3192.0,16,18.89
3192.0,17,18.89
3193.0,15,17.03
3193.0,16,18.96
3193.0,17,18.96
3194.0,15,15.96
3194.0,16,17.87
3194.0,17,17.87
3195.0,15,15.74
3195.0,16,17.64
3195.0,17,17.64
3196.0,15,14.92
3196.0,16,16.26
3196.0,17,16.26
3197.0,15,15.21
3197.0,16,18.05
3197.0,17,18.05
3198.0,15,17.21
3198.0,16,18.56
3198.0,17,18.56
3199.0,15,16.82
3199.0,16,18.5
3199.0,17,18.5
3200.0,15,16.65
3200.0,16,18.83
3200.0,17,18.83
3201.0,15,17.82
3201.0,16,19.1
3201.0,17,19.1
3202.0,15,18.32
3202.0,16,18.33
3202.0,17,20.17
3203.0,15,16.83
3203.0,16,16.36
3203.0,17,18.97
3204.0,15,15.44
3204.0,16,17.01
3204.0,17,17.01
3205.0,15,14.75
3205.0,16,16.75
3205.0,17,16.75
3206.0,15,15.55
3206.0,16,17.64
3206.0,17,17.64
3207.0,15,18.85
3207.0,16,17.96
3207.0,17,17.96
3208.0,15,22.32
3208.0,16,23.05
3208.0,17,21.47
3209.0,15,24.92
3209.0,16,25.48
3209.0,17,24.18
3210.0,15,25.81
3210.0,16,25.66
3210.0,17,23.02
3211.0,15,27.53
3211.0,16,25.84
3211.0,17,22.94
3212.0,15,27.18
3212.0,16,27.39
3212.0,17,27.39
3213.0,15,23.76
3213.0,16,24.0
3213.0,17,24.0
3214.0,15,21.25
3214.0,16,24.99
3214.0,17,24.99
3215.0,15,20.45
3215.0,16,23.42
3215.0,17,23.42
3216.0,15,18.85
3216.0,16,21.04
3216.0,17,21.04
3217.0,15,17.67
3217.0,16,19.63
3217.0,17,19.63
3218.0,15,18.46
3218.0,16,20.63
3218.0,17,20.63
3219.0,15,21.69
3219.0,16,24.28
3219.0,17,23.3
3220.0,15,26.4
3220.0,16,29.91
3220.0,17,24.67
3221.0,15,32.17
3221.0,16,37.95
3221.0,17,28.55
3222.0,15,35.56
3222.0,16,36.98
3222.0,17,36.71
3223.0,15,35.43
3223.0,16,34.98
3223.0,17,34.98
3224.0,15,34.04
3224.0,16,32.36
3224.0,17,32.36
3225.0,15,34.77
3225.0,16,35.04
3225.0,17,35.04
3226.0,15,33.24
3226.0,16,33.62
3226.0,17,33.62
3227.0,15,29.94
3227.0,16,29.27
3227.0,17,29.27
3228.0,15,29.29
3228.0,16,25.63
3228.0,17,25.63
3229.0,15,28.56
3229.0,16,25.08
3229.0,17,25.08
3230.0,15,28.09
3230.0,16,24.85
3230.0,17,24.85
3231.0,15,29.2
3231.0,16,28.08
3231.0,17,28.08
3232.0,15,32.4
3232.0,16,36.55
3232.0,17,36.55
3233.0,15,34.15
3233.0,16,39.92
3233.0,17,39.92
3234.0,15,34.04
3234.0,16,36.69
3234.0,17,36.69
3235.0,15,33.7
3235.0,16,36.62
3235.0,17,36.62
3236.0,15,34.09
3236.0,16,39.48
3236.0,17,39.48
3237.0,15,29.92
3237.0,16,36.85
3237.0,17,36.85
3238.0,15,26.24
3238.0,16,26.03
3238.0,17,26.03
3239.0,15,24.85
3239.0,16,22.66
3239.0,17,22.66
3240.0,15,22.97
3240.0,16,21.25
3240.0,17,21.25
3241.0,15,21.09
3241.0,16,21.14
3241.0,17,21.14
3242.0,15,20.44
3242.0,16,21.03
3242.0,17,20.54
3243.0,15,20.98
3243.0,16,21.07
3243.0,17,21.05
3244.0,15,21.52
3244.0,16,21.08
3244.0,17,20.7
3245.0,15,22.04
3245.0,16,21.3
3245.0,17,21.3
3246.0,15,22.94
3246.0,16,21.55
3246.0,17,21.55
3247.0,15,20.89
3247.0,16,21.67
3247.0,17,21.67
3248.0,15,19.66
3248.0,16,20.02
3248.0,17,20.02
3249.0,15,18.69
3249.0,16,18.2
3249.0,17,18.2
3250.0,15,18.02
3250.0,16,17.92
3250.0,17,21.14
3251.0,15,15.4
3251.0,16,16.37
3251.0,17,18.51
3252.0,15,13.09
3252.0,16,13.93
3252.0,17,17.77
3253.0,15,12.89
3253.0,16,14.82
3253.0,17,14.82
3254.0,15,14.09
3254.0,16,14.3
3254.0,17,14.3
3255.0,15,15.42
3255.0,16,17.59
3255.0,17,18.05
3256.0,15,20.39
3256.0,16,20.05
3256.0,17,20.05
3257.0,15,22.72
3257.0,16,24.5
3257.0,17,24.5
3258.0,15,23.08
3258.0,16,26.0
3258.0,17,26.0
3259.0,15,23.63
3259.0,16,26.37
3259.0,17,28.84
3260.0,15,23.59
3260.0,16,25.94
3260.0,17,32.06
3261.0,15,19.72
3261.0,16,17.01
3261.0,17,30.25
3262.0,15,12.11
3262.0,16,12.35
3262.0,17,17.11
3263.0,15,9.03
3263.0,16,10.06
3263.0,17,16.91
3264.0,15,7.09
3264.0,16,10.13
3264.0,17,14.84
3265.0,15,7.52
3265.0,16,10.07
3265.0,17,10.07
3266.0,15,5.5
3266.0,16,6.18
3266.0,17,6.18
3267.0,15,5.84
3267.0,16,3.98
3267.0,17,3.98
3268.0,15,6.09
3268.0,16,3.53
3268.0,17,3.53
3269.0,15,7.89
3269.0,16,8.57
3269.0,17,8.57
3270.0,15,9.01
3270.0,16,11.97
3270.0,17,11.97
3271.0,15,11.06
3271.0,16,13.47
3271.0,17,13.47
3272.0,15,9.55
3272.0,16,14.44
3272.0,17,14.44
3273.0,15,5.91
3273.0,16,13.41
3273.0,17,16.93
3274.0,15,3.2
3274.0,16,10.1
3274.0,17,18.11
3275.0,15,-3.5
3275.0,16,5.19
3275.0,17,14.39
3276.0,15,-10.13
3276.0,16,-2.02
3276.0,17,8.04
3277.0,15,-9.96
3277.0,16,-2.92
3277.0,17,2.65
3278.0,15,-3.72
3278.0,16,3.17
3278.0,17,3.17
3279.0,15,6.58
3279.0,16,10.11
3279.0,17,10.11
3280.0,15,15.42
3280.0,16,16.88
3280.0,17,16.88
3281.0,15,19.84
3281.0,16,21.24
3281.0,17,21.24
3282.0,15,24.03
3282.0,16,25.95
3282.0,17,23.9
3283.0,15,24.92
3283.0,16,30.94
3283.0,17,23.77
3284.0,15,25.91
3284.0,16,30.98
3284.0,17,30.55
3285.0,15,23.03
3285.0,16,26.61
3285.0,17,26.61
3286.0,15,21.6
3286.0,16,22.24
3286.0,17,22.24
3287.0,15,18.54
3287.0,16,20.45
3287.0,17,20.45
3288.0,15,17.24
3288.0,16,18.15
3288.0,17,18.15
3289.0,15,15.3
3289.0,16,17.9
3289.0,17,15.01
3290.0,15,18.88
3290.0,16,17.8
3290.0,17,16.65
3291.0,15,23.8
3291.0,16,21.51
3291.0,17,21.51
3292.0,15,33.97
3292.0,16,37.46
3292.0,17,37.46
3293.0,15,39.88
3293.0,16,44.45
3293.0,17,44.45
3294.0,15,42.95
3294.0,16,43.99
3294.0,17,43.99
3295.0,15,38.51
3295.0,16,39.94
3295.0,17,39.94
3296.0,15,34.99
3296.0,16,34.59
3296.0,17,34.59
3297.0,15,32.96
3297.0,16,35.71
3297.0,17,35.71
3298.0,15,29.86
3298.0,16,31.91
3298.0,17,31.91
3299.0,15,29.15
3299.0,16,29.9
3299.0,17,29.9
3300.0,15,27.59
3300.0,16,27.15
3300.0,17,27.15
3301.0,15,26.93
3301.0,16,27.35
3301.0,17,27.35
3302.0,15,26.51
3302.0,16,27.29
3302.0,17,27.29
3303.0,15,28.66
3303.0,16,28.42
3303.0,17,28.42
3304.0,15,34.33
3304.0,16,31.99
3304.0,17,31.99
3305.0,15,39.01
3305.0,16,36.92
3305.0,17,36.92
3306.0,15,37.86
3306.0,16,32.75
3306.0,17,32.75
3307.0,15,36.94
3307.0,16,31.96
3307.0,17,31.52
3308.0,15,34.74
3308.0,16,34.14
3308.0,17,34.14
3309.0,15,27.44
3309.0,16,27.98
3309.0,17,27.98
3310.0,15,25.03
3310.0,16,20.81
3310.0,17,20.81
3311.0,15,23.52
3311.0,16,20.04
3311.0,17,17.29
3312.0,15,22.02
3312.0,16,18.0
3312.0,17,18.0
3313.0,15,18.22
3313.0,16,15.97
3313.0,17,14.73
3314.0,15,18.56
3314.0,16,19.16
3314.0,17,14.51
3315.0,15,22.8
3315.0,16,23.35
3315.0,17,16.83
3316.0,15,31.47
3316.0,16,29.92
3316.0,17,20.59
3317.0,15,40.19
3317.0,16,39.1
3317.0,17,39.1
3318.0,15,40.91
3318.0,16,39.21
3318.0,17,39.21
3319.0,15,37.37
3319.0,16,36.73
3319.0,17,36.73
3320.0,15,32.53
3320.0,16,31.44
3320.0,17,40.93
3321.0,15,33.43
3321.0,16,31.88
3321.0,17,38.09
3322.0,15,31.08
3322.0,16,27.4
3322.0,17,38.0
3323.0,15,29.7
3323.0,16,26.25
3323.0,17,31.85
3324.0,15,26.07
3324.0,16,25.49
3324.0,17,25.49
3325.0,15,25.54
3325.0,16,24.99
3325.0,17,24.99
3326.0,15,25.09
3326.0,16,25.04
3326.0,17,25.04
3327.0,15,26.63
3327.0,16,26.42
3327.0,17,26.42
3328.0,15,30.5
3328.0,16,30.94
3328.0,17,30.94
3329.0,15,34.61
3329.0,16,35.92
3329.0,17,35.92
3330.0,15,35.11
3330.0,16,37.7
3330.0,17,37.7
3331.0,15,35.01
3331.0,16,37.11
3331.0,17,37.11
3332.0,15,36.22
3332.0,16,36.99
3332.0,17,36.99
3333.0,15,31.33
3333.0,16,30.08
3333.0,17,30.08
3334.0,15,27.43
3334.0,16,28.41
3334.0,17,28.41
3335.0,15,24.88
3335.0,16,24.94
3335.0,17,24.94
3336.0,15,22.57
3336.0,16,22.38
3336.0,17,22.38
3337.0,15,20.61
3337.0,16,21.08
3337.0,17,21.08
3338.0,15,21.89
3338.0,16,21.26
3338.0,17,20.41
3339.0,15,25.43
3339.0,16,24.79
3339.0,17,24.79
3340.0,15,32.48
3340.0,16,31.67
3340.0,17,31.67
3341.0,15,44.35
3341.0,16,47.17
3341.0,17,50.23
3342.0,15,48.81
3342.0,16,56.11
3342.0,17,56.11
3343.0,15,46.18
3343.0,16,47.11
3343.0,17,55.19
3344.0,15,45.07
3344.0,16,49.1
3344.0,17,49.1
3345.0,15,44.39
3345.0,16,47.0
3345.0,17,47.0
3346.0,15,41.08
3346.0,16,42.77
3346.0,17,42.77
3347.0,15,38.86
3347.0,16,38.55
3347.0,17,38.55
3348.0,15,36.09
3348.0,16,33.53
3348.0,17,33.53
3349.0,15,34.71
3349.0,16,31.45
3349.0,17,31.45
3350.0,15,33.55
3350.0,16,29.78
3350.0,17,29.78
3351.0,15,33.84
3351.0,16,32.01
3351.0,17,32.01
3352.0,15,37.52
3352.0,16,34.77
3352.0,17,34.77
3353.0,15,40.92
3353.0,16,37.47
3353.0,17,37.47
3354.0,15,39.29
3354.0,16,36.53
3354.0,17,36.53
3355.0,15,38.47
3355.0,16,33.93
3355.0,17,33.93
3356.0,15,36.91
3356.0,16,35.17
3356.0,17,35.17
3357.0,15,31.16
3357.0,16,27.4
3357.0,17,34.91
3358.0,15,29.0
3358.0,16,27.2
3358.0,17,27.2
3359.0,15,25.27
3359.0,16,26.02
3359.0,17,26.02
3360.0,15,23.78
3360.0,16,25.89
3360.0,17,25.89
3361.0,15,22.57
3361.0,16,23.77
3361.0,17,23.77
3362.0,15,22.84
3362.0,16,24.7
3362.0,17,24.7
3363.0,15,25.04
3363.0,16,27.1
3363.0,17,27.1
3364.0,15,32.83
3364.0,16,34.03
3364.0,17,34.03
3365.0,15,45.08
3365.0,16,43.0
3365.0,17,43.0
3366.0,15,48.44
3366.0,16,49.97
3366.0,17,49.97
3367.0,15,44.9
3367.0,16,42.82
3367.0,17,45.5
3368.0,15,41.15
3368.0,16,40.01
3368.0,17,44.71
3369.0,15,39.93
3369.0,16,40.28
3369.0,17,46.17
3370.0,15,37.0
3370.0,16,36.09
3370.0,17,40.46
3371.0,15,34.37
3371.0,16,33.44
3371.0,17,40.45
3372.0,15,32.3
3372.0,16,31.61
3372.0,17,34.12
3373.0,15,30.91
3373.0,16,29.93
3373.0,17,30.38
3374.0,15,30.18
3374.0,16,29.62
3374.0,17,29.85
3375.0,15,30.87
3375.0,16,30.97
3375.0,17,31.35
3376.0,15,33.55
3376.0,16,34.98
3376.0,17,34.98
3377.0,15,36.58
3377.0,16,39.96
3377.0,17,39.96
3378.0,15,34.92
3378.0,16,39.64
3378.0,17,39.64
3379.0,15,33.47
3379.0,16,37.0
3379.0,17,37.0
3380.0,15,36.66
3380.0,16,37.76
3380.0,17,37.76
3381.0,15,31.93
3381.0,16,30.02
3381.0,17,34.2
3382.0,15,29.01
3382.0,16,29.95
3382.0,17,29.95
3383.0,15,25.35
3383.0,16,26.33
3383.0,17,26.33
3384.0,15,24.25
3384.0,16,24.33
3384.0,17,24.33
3385.0,15,23.5
3385.0,16,23.74
3385.0,17,23.74
3386.0,15,23.79
3386.0,16,23.79
3386.0,17,23.79
3387.0,15,25.63
3387.0,16,25.28
3387.0,17,25.28
3388.0,15,33.02
3388.0,16,33.99
3388.0,17,33.99
3389.0,15,40.56
3389.0,16,40.72
3389.0,17,40.72
3390.0,15,45.65
3390.0,16,40.52
3390.0,17,43.52
3391.0,15,41.35
3391.0,16,35.25
3391.0,17,41.09
3392.0,15,38.78
3392.0,16,31.41
3392.0,17,36.15
3393.0,15,38.97
3393.0,16,31.0
3393.0,17,35.9
3394.0,15,35.3
3394.0,16,28.53
3394.0,17,33.07
3395.0,15,33.28
3395.0,16,28.13
3395.0,17,32.61
3396.0,15,31.52
3396.0,16,26.97
3396.0,17,33.44
3397.0,15,29.49
3397.0,16,27.93
3397.0,17,31.18
3398.0,15,26.91
3398.0,16,28.42
3398.0,17,30.49
3399.0,15,28.75
3399.0,16,30.21
3399.0,17,31.39
3400.0,15,33.04
3400.0,16,33.97
3400.0,17,33.97
3401.0,15,36.1
3401.0,16,36.17
3401.0,17,36.17
3402.0,15,34.6
3402.0,16,35.92
3402.0,17,35.92
3403.0,15,33.17
3403.0,16,35.68
3403.0,17,35.68
3404.0,15,35.06
3404.0,16,36.12
3404.0,17,36.12
3405.0,15,30.15
3405.0,16,34.2
3405.0,17,34.2
3406.0,15,27.73
3406.0,16,30.11
3406.0,17,30.11
3407.0,15,25.31
3407.0,16,25.54
3407.0,17,26.05
3408.0,15,23.43
3408.0,16,24.23
3408.0,17,24.23
3409.0,15,21.84
3409.0,16,20.96
3409.0,17,20.96
3410.0,15,21.78
3410.0,16,20.53
3410.0,17,20.53
3411.0,15,22.03
3411.0,16,20.22
3411.0,17,20.22
3412.0,15,22.03
3412.0,16,20.21
3412.0,17,20.21
3413.0,15,24.53
3413.0,16,22.61
3413.0,17,22.61
3414.0,15,27.49
3414.0,16,24.92
3414.0,17,24.92
3415.0,15,27.05
3415.0,16,26.08
3415.0,17,26.08
3416.0,15,25.74
3416.0,16,25.6
3416.0,17,27.54
3417.0,15,25.9
3417.0,16,25.53
3417.0,17,27.01
3418.0,15,26.2
3418.0,16,24.3
3418.0,17,26.21
3419.0,15,24.14
3419.0,16,22.18
3419.0,17,24.14
3420.0,15,22.02
3420.0,16,20.42
3420.0,17,21.97
3421.0,15,20.48
3421.0,16,19.48
3421.0,17,22.07
3422.0,15,19.88
3422.0,16,19.42
3422.0,17,20.25
3423.0,15,22.03
3423.0,16,21.9
3423.0,17,21.9
3424.0,15,26.39
3424.0,16,25.76
3424.0,17,25.76
3425.0,15,28.65
3425.0,16,29.57
3425.0,17,29.57
3426.0,15,28.59
3426.0,16,29.35
3426.0,17,29.35
3427.0,15,29.6
3427.0,16,29.58
3427.0,17,29.58
3428.0,15,29.93
3428.0,16,30.0
3428.0,17,30.0
3429.0,15,27.05
3429.0,16,27.67
3429.0,17,27.67
3430.0,15,21.68
3430.0,16,25.24
3430.0,17,26.78
3431.0,15,18.03
3431.0,16,19.84
3431.0,17,21.14
3432.0,15,16.84
3432.0,16,19.06
3432.0,17,19.06
3433.0,15,15.5
3433.0,16,17.88
3433.0,17,17.88
3434.0,15,14.45
3434.0,16,17.55
3434.0,17,17.55
3435.0,15,12.71
3435.0,16,15.96
3435.0,17,15.96
3436.0,15,11.2
3436.0,16,14.94
3436.0,17,14.94
3437.0,15,12.56
3437.0,16,16.15
3437.0,17,16.15
3438.0,15,13.97
3438.0,16,17.48
3438.0,17,17.48
3439.0,15,15.59
3439.0,16,19.3
3439.0,17,19.3
3440.0,15,17.44
3440.0,16,19.86
3440.0,17,19.86
3441.0,15,17.88
3441.0,16,20.08
3441.0,17,20.08
3442.0,15,16.57
3442.0,16,19.42
3442.0,17,19.42
3443.0,15,14.71
3443.0,16,18.1
3443.0,17,18.1
3444.0,15,10.42
3444.0,16,15.76
3444.0,17,15.76
3445.0,15,9.47
3445.0,16,14.78
3445.0,17,14.78
3446.0,15,10.46
3446.0,16,14.97
3446.0,17,14.97
3447.0,15,15.23
3447.0,16,16.01
3447.0,17,16.01
3448.0,15,22.15
3448.0,16,20.12
3448.0,17,20.12
3449.0,15,25.74
3449.0,16,23.71
3449.0,17,22.17
3450.0,15,27.45
3450.0,16,24.5
3450.0,17,22.94
3451.0,15,28.73
3451.0,16,27.8
3451.0,17,22.29
3452.0,15,30.54
3452.0,16,29.99
3452.0,17,29.99
3453.0,15,27.88
3453.0,16,24.7
3453.0,17,27.63
3454.0,15,23.16
3454.0,16,21.1
3454.0,17,21.1
3455.0,15,19.93
3455.0,16,19.31
3455.0,17,19.31
3456.0,15,18.6
3456.0,16,17.92
3456.0,17,17.92
3457.0,15,16.58
3457.0,16,16.1
3457.0,17,16.1
3458.0,15,15.86
3458.0,16,15.91
3458.0,17,15.73
3459.0,15,16.12
3459.0,16,18.58
3459.0,17,16.95
3460.0,15,16.93
3460.0,16,20.98
3460.0,17,19.56
3461.0,15,17.79
3461.0,16,22.09
3461.0,17,20.89
3462.0,15,19.92
3462.0,16,22.94
3462.0,17,21.95
3463.0,15,21.36
3463.0,16,24.09
3463.0,17,24.09
3464.0,15,22.02
3464.0,16,23.99
3464.0,17,23.99
3465.0,15,22.61
3465.0,16,25.01
3465.0,17,25.01
3466.0,15,22.01
3466.0,16,25.0
3466.0,17,25.0
3467.0,15,20.75
3467.0,16,21.74
3467.0,17,21.74
3468.0,15,18.28
3468.0,16,21.09
3468.0,17,21.09
3469.0,15,16.63
3469.0,16,19.9
3469.0,17,19.9
3470.0,15,16.68
3470.0,16,20.44
3470.0,17,20.44
3471.0,15,19.41
3471.0,16,21.99
3471.0,17,21.99
3472.0,15,22.67
3472.0,16,26.58
3472.0,17,25.96
3473.0,15,24.36
3473.0,16,30.81
3473.0,17,28.55
3474.0,15,25.62
3474.0,16,32.89
3474.0,17,28.65
3475.0,15,26.07
3475.0,16,32.94
3475.0,17,29.85
3476.0,15,28.5
3476.0,16,33.64
3476.0,17,33.64
3477.0,15,24.9
3477.0,16,29.46
3477.0,17,31.24
3478.0,15,24.01
3478.0,16,29.43
3478.0,17,29.43
3479.0,15,22.56
3479.0,16,26.69
3479.0,17,26.69
3480.0,15,21.36
3480.0,16,23.93
3480.0,17,23.93
3481.0,15,20.03
3481.0,16,22.73
3481.0,17,22.73
3482.0,15,20.69
3482.0,16,22.47
3482.0,17,22.47
3483.0,15,23.97
3483.0,16,23.4
3483.0,17,23.4
3484.0,15,31.11
3484.0,16,37.23
3484.0,17,37.23
3485.0,15,38.98
3485.0,16,47.97
3485.0,17,47.97
3486.0,15,39.78
3486.0,16,50.73
3486.0,17,46.33
3487.0,15,37.95
3487.0,16,44.81
3487.0,17,44.81
3488.0,15,37.09
3488.0,16,42.01
3488.0,17,42.01
3489.0,15,37.01
3489.0,16,39.98
3489.0,17,40.36
3490.0,15,33.75
3490.0,16,38.18
3490.0,17,39.76
3491.0,15,32.7
3491.0,16,33.53
3491.0,17,38.2
3492.0,15,31.04
3492.0,16,30.66
3492.0,17,35.2
3493.0,15,30.26
3493.0,16,28.9
3493.0,17,32.03
3494.0,15,28.87
3494.0,16,28.47
3494.0,17,31.28
3495.0,15,29.33
3495.0,16,28.42
3495.0,17,32.82
3496.0,15,31.63
3496.0,16,32.63
3496.0,17,33.96
3497.0,15,32.32
3497.0,16,35.32
3497.0,17,35.4
3498.0,15,32.87
3498.0,16,34.41
3498.0,17,34.36
3499.0,15,32.2
3499.0,16,34.47
3499.0,17,32.61
3500.0,15,32.53
3500.0,16,33.16
3500.0,17,33.16
3501.0,15,28.39
3501.0,16,27.23
3501.0,17,30.66
3502.0,15,27.28
3502.0,16,25.25
3502.0,17,24.76
3503.0,15,25.06
3503.0,16,23.7
3503.0,17,23.7
3504.0,15,23.26
3504.0,16,22.61
3504.0,17,21.03
3505.0,15,21.84
3505.0,16,20.79
3505.0,17,18.93
3506.0,15,22.08
3506.0,16,20.66
3506.0,17,18.79
3507.0,15,25.01
3507.0,16,23.63
3507.0,17,23.63
3508.0,15,30.95
3508.0,16,27.97
3508.0,17,26.8
3509.0,15,38.47
3509.0,16,33.09
3509.0,17,28.7
3510.0,15,41.6
3510.0,16,34.94
3510.0,17,31.6
3511.0,15,36.98
3511.0,16,34.0
3511.0,17,30.42
3512.0,15,36.07
3512.0,16,34.87
3512.0,17,30.64
3513.0,15,36.22
3513.0,16,34.75
3513.0,17,37.3
3514.0,15,34.92
3514.0,16,35.9
3514.0,17,38.05
3515.0,15,33.34
3515.0,16,35.0
3515.0,17,35.0
3516.0,15,32.15
3516.0,16,33.82
3516.0,17,34.29
3517.0,15,31.6
3517.0,16,32.13
3517.0,17,33.09
3518.0,15,31.73
3518.0,16,31.97
3518.0,17,34.63
3519.0,15,32.48
3519.0,16,36.84
3519.0,17,36.84
3520.0,15,35.98
3520.0,16,38.02
3520.0,17,37.15
3521.0,15,39.52
3521.0,16,39.98
3521.0,17,39.88
3522.0,15,37.43
3522.0,16,38.17
3522.0,17,38.17
3523.0,15,36.42
3523.0,16,37.96
3523.0,17,37.96
3524.0,15,36.44
3524.0,16,38.19
3524.0,17,38.19
3525.0,15,30.88
3525.0,16,32.89
3525.0,17,32.89
3526.0,15,27.26
3526.0,16,27.04
3526.0,17,28.33
3527.0,15,25.09
3527.0,16,27.66
3527.0,17,27.66
3528.0,15,24.04
3528.0,16,25.09
3528.0,17,25.09
3529.0,15,22.02
3529.0,16,23.77
3529.0,17,23.77
3530.0,15,20.67
3530.0,16,23.95
3530.0,17,23.95
3531.0,15,23.08
3531.0,16,25.08
3531.0,17,25.08
3532.0,15,28.16
3532.0,16,28.91
3532.0,17,28.91
3533.0,15,33.46
3533.0,16,38.0
3533.0,17,38.0
3534.0,15,33.65
3534.0,16,37.88
3534.0,17,38.74
3535.0,15,31.91
3535.0,16,32.91
3535.0,17,37.85
3536.0,15,30.81
3536.0,16,31.05
3536.0,17,36.22
3537.0,15,29.85
3537.0,16,31.04
3537.0,17,38.69
3538.0,15,28.72
3538.0,16,27.95
3538.0,17,34.15
3539.0,15,28.59
3539.0,16,25.16
3539.0,17,34.14
3540.0,15,27.56
3540.0,16,25.07
3540.0,17,34.23
3541.0,15,28.29
3541.0,16,26.18
3541.0,17,29.26
3542.0,15,28.55
3542.0,16,26.29
3542.0,17,29.81
3543.0,15,29.01
3543.0,16,30.58
3543.0,17,31.78
3544.0,15,31.95
3544.0,16,34.08
3544.0,17,35.15
3545.0,15,34.97
3545.0,16,37.99
3545.0,17,37.99
3546.0,15,34.96
3546.0,16,37.82
3546.0,17,37.82
3547.0,15,35.41
3547.0,16,37.95
3547.0,17,36.4
3548.0,15,35.58
3548.0,16,37.34
3548.0,17,39.86
3549.0,15,32.67
3549.0,16,33.03
3549.0,17,38.77
3550.0,15,27.57
3550.0,16,27.81
3550.0,17,31.09
3551.0,15,26.23
3551.0,16,26.53
3551.0,17,27.92
3552.0,15,25.08
3552.0,16,25.57
3552.0,17,26.28
3553.0,15,23.27
3553.0,16,25.01
3553.0,17,25.01
3554.0,15,24.44
3554.0,16,26.01
3554.0,17,26.01
3555.0,15,26.31
3555.0,16,26.6
3555.0,17,26.6
3556.0,15,32.06
3556.0,16,34.27
3556.0,17,34.27
3557.0,15,41.33
3557.0,16,39.29
3557.0,17,43.99
3558.0,15,43.51
3558.0,16,40.56
3558.0,17,47.35
3559.0,15,40.01
3559.0,16,36.02
3559.0,17,46.08
3560.0,15,37.25
3560.0,16,34.46
3560.0,17,42.04
3561.0,15,35.89
3561.0,16,35.64
3561.0,17,40.63
3562.0,15,33.8
3562.0,16,31.08
3562.0,17,37.7
3563.0,15,31.91
3563.0,16,29.64
3563.0,17,34.96
3564.0,15,30.58
3564.0,16,28.69
3564.0,17,31.52
3565.0,15,29.53
3565.0,16,28.24
3565.0,17,29.5
3566.0,15,29.79
3566.0,16,28.44
3566.0,17,29.62
3567.0,15,31.06
3567.0,16,30.86
3567.0,17,32.08
3568.0,15,33.12
3568.0,16,32.48
3568.0,17,32.48
3569.0,15,34.86
3569.0,16,34.84
3569.0,17,34.84
3570.0,15,33.17
3570.0,16,34.97
3570.0,17,34.97
3571.0,15,32.49
3571.0,16,32.52
3571.0,17,32.52
3572.0,15,32.37
3572.0,16,31.37
3572.0,17,31.37
3573.0,15,28.54
3573.0,16,26.08
3573.0,17,30.45
3574.0,15,23.38
3574.0,16,22.21
3574.0,17,22.21
3575.0,15,20.23
3575.0,16,18.92
3575.0,17,18.92
3576.0,15,18.03
3576.0,16,17.53
3576.0,17,17.53
3577.0,15,15.99
3577.0,16,18.01
3577.0,17,18.01
3578.0,15,16.82
3578.0,16,17.29
3578.0,17,17.29
3579.0,15,15.31
3579.0,16,17.1
3579.0,17,17.1
3580.0,15,16.55
3580.0,16,17.71
3580.0,17,17.71
3581.0,15,20.21
3581.0,16,17.06
3581.0,17,19.43
3582.0,15,21.16
3582.0,16,24.04
3582.0,17,20.24
3583.0,15,21.27
3583.0,16,24.08
3583.0,17,20.51
3584.0,15,19.44
3584.0,16,18.6
3584.0,17,20.96
3585.0,15,18.57
3585.0,16,18.67
3585.0,17,19.98
3586.0,15,17.09
3586.0,16,15.34
3586.0,17,20.64
3587.0,15,16.3
3587.0,16,15.01
3587.0,17,19.01
3588.0,15,14.87
3588.0,16,15.16
3588.0,17,18.84
3589.0,15,14.22
3589.0,16,14.98
3589.0,17,18.05
3590.0,15,14.48
3590.0,16,14.51
3590.0,17,16.68
3591.0,15,18.53
3591.0,16,18.05
3591.0,17,19.21
3592.0,15,22.28
3592.0,16,27.03
3592.0,17,21.97
3593.0,15,26.33
3593.0,16,30.96
3593.0,17,24.98
3594.0,15,27.01
3594.0,16,34.22
3594.0,17,25.79
3595.0,15,28.3
3595.0,16,34.4
3595.0,17,26.24
3596.0,15,28.85
3596.0,16,34.94
3596.0,17,30.53
3597.0,15,26.04
3597.0,16,31.3
3597.0,17,31.3
3598.0,15,23.54
3598.0,16,22.09
3598.0,17,23.65
3599.0,15,20.59
3599.0,16,19.26
3599.0,17,19.26
3600.0,15,19.48
3600.0,16,17.23
3600.0,17,17.23
3601.0,15,17.66
3601.0,16,15.94
3601.0,17,15.94
3602.0,15,15.96
3602.0,16,15.11
3602.0,17,15.11
3603.0,15,15.63
3603.0,16,14.23
3603.0,17,14.23
3604.0,15,14.78
3604.0,16,12.07
3604.0,17,12.07
3605.0,15,15.97
3605.0,16,11.12
3605.0,17,11.12
3606.0,15,15.49
3606.0,16,13.89
3606.0,17,13.89
3607.0,15,16.64
3607.0,16,15.92
3607.0,17,15.92
3608.0,15,15.99
3608.0,16,15.55
3608.0,17,16.33
3609.0,15,16.68
3609.0,16,15.88
3609.0,17,18.16
3610.0,15,14.05
3610.0,16,14.3
3610.0,17,17.08
3611.0,15,10.7
3611.0,16,13.24
3611.0,17,14.85
3612.0,15,9.24
3612.0,16,11.15
3612.0,17,12.75
3613.0,15,7.89
3613.0,16,10.14
3613.0,17,11.86
3614.0,15,10.5
3614.0,16,10.69
3614.0,17,10.69
3615.0,15,14.94
3615.0,16,13.58
3615.0,17,13.58
3616.0,15,19.97
3616.0,16,16.22
3616.0,17,17.13
3617.0,15,22.72
3617.0,16,18.0
3617.0,17,18.98
3618.0,15,23.02
3618.0,16,17.4
3618.0,17,19.37
3619.0,15,24.08
3619.0,16,18.14
3619.0,17,19.59
3620.0,15,24.93
3620.0,16,20.18
3620.0,17,22.96
3621.0,15,22.5
3621.0,16,15.96
3621.0,17,20.33
3622.0,15,21.14
3622.0,16,13.42
3622.0,17,18.4
3623.0,15,17.23
3623.0,16,14.53
3623.0,17,14.53
3624.0,15,16.71
3624.0,16,11.16
3624.0,17,14.39
3625.0,15,16.2
3625.0,16,14.51
3625.0,17,14.51
3626.0,15,17.79
3626.0,16,14.0
3626.0,17,14.0
3627.0,15,21.76
3627.0,16,15.91
3627.0,17,15.91
3628.0,15,30.07
3628.0,16,25.95
3628.0,17,24.03
3629.0,15,38.46
3629.0,16,34.52
3629.0,17,26.98
3630.0,15,39.5
3630.0,16,37.98
3630.0,17,31.95
3631.0,15,40.04
3631.0,16,37.86
3631.0,17,32.93
3632.0,15,40.75
3632.0,16,39.01
3632.0,17,35.96
3633.0,15,39.56
3633.0,16,38.92
3633.0,17,46.68
3634.0,15,37.0
3634.0,16,38.79
3634.0,17,44.47
3635.0,15,35.86
3635.0,16,39.72
3635.0,17,41.33
3636.0,15,35.13
3636.0,16,38.2
3636.0,17,44.52
3637.0,15,33.98
3637.0,16,35.75
3637.0,17,33.96
3638.0,15,33.9
3638.0,16,35.73
3638.0,17,27.95
3639.0,15,35.97
3639.0,16,39.22
3639.0,17,33.34
3640.0,15,37.92
3640.0,16,40.59
3640.0,17,41.92
3641.0,15,39.17
3641.0,16,43.98
3641.0,17,46.34
3642.0,15,37.08
3642.0,16,41.65
3642.0,17,41.65
3643.0,15,36.97
3643.0,16,37.23
3643.0,17,33.99
3644.0,15,35.66
3644.0,16,36.98
3644.0,17,39.26
3645.0,15,32.0
3645.0,16,28.91
3645.0,17,24.94
3646.0,15,26.06
3646.0,16,24.24
3646.0,17,23.2
3647.0,15,24.58
3647.0,16,22.05
3647.0,17,20.46
3648.0,15,23.17
3648.0,16,20.37
3648.0,17,20.37
3649.0,15,21.67
3649.0,16,16.75
3649.0,17,16.75
3650.0,15,20.84
3650.0,16,16.0
3650.0,17,16.0
3651.0,15,21.56
3651.0,16,17.73
3651.0,17,17.73
3652.0,15,25.85
3652.0,16,24.33
3652.0,17,23.62
3653.0,15,33.49
3653.0,16,30.75
3653.0,17,28.34
3654.0,15,33.49
3654.0,16,31.72
3654.0,17,27.79
3655.0,15,29.57
3655.0,16,27.67
3655.0,17,25.81
3656.0,15,26.52
3656.0,16,24.23
3656.0,17,22.16
3657.0,15,25.58
3657.0,16,23.02
3657.0,17,22.05
3658.0,15,23.37
3658.0,16,18.72
3658.0,17,25.26
3659.0,15,22.51
3659.0,16,18.05
3659.0,17,23.25
3660.0,15,20.44
3660.0,16,17.46
3660.0,17,23.19
3661.0,15,20.69
3661.0,16,17.32
3661.0,17,22.91
3662.0,15,21.09
3662.0,16,17.4
3662.0,17,23.78
3663.0,15,22.72
3663.0,16,17.55
3663.0,17,30.62
3664.0,15,24.18
3664.0,16,24.03
3664.0,17,23.35
3665.0,15,25.97
3665.0,16,27.97
3665.0,17,27.24
3666.0,15,25.02
3666.0,16,27.1
3666.0,17,24.97
3667.0,15,23.83
3667.0,16,25.2
3667.0,17,25.2
3668.0,15,22.74
3668.0,16,23.62
3668.0,17,33.74
3669.0,15,15.92
3669.0,16,15.44
3669.0,17,35.46
3670.0,15,10.59
3670.0,16,14.92
3670.0,17,15.21
3671.0,15,8.97
3671.0,16,11.17
3671.0,17,11.17
3672.0,15,8.67
3672.0,16,8.7
3672.0,17,8.7
3673.0,15,8.16
3673.0,16,4.89
3673.0,17,4.89
3674.0,15,10.72
3674.0,16,8.25
3674.0,17,8.25
3675.0,15,16.6
3675.0,16,16.15
3675.0,17,16.15
3676.0,15,25.4
3676.0,16,26.34
3676.0,17,23.92
3677.0,15,32.51
3677.0,16,39.46
3677.0,17,38.95
3678.0,15,34.93
3678.0,16,39.36
3678.0,17,39.36
3679.0,15,31.57
3679.0,16,33.94
3679.0,17,40.76
3680.0,15,30.21
3680.0,16,29.92
3680.0,17,43.9
3681.0,15,29.66
3681.0,16,29.9
3681.0,17,41.99
3682.0,15,28.0
3682.0,16,26.44
3682.0,17,38.86
3683.0,15,28.02
3683.0,16,25.06
3683.0,17,34.72
3684.0,15,27.78
3684.0,16,24.88
3684.0,17,35.2
3685.0,15,27.25
3685.0,16,25.06
3685.0,17,34.98
3686.0,15,28.86
3686.0,16,25.99
3686.0,17,34.95
3687.0,15,31.72
3687.0,16,33.12
3687.0,17,30.07
3688.0,15,35.25
3688.0,16,38.1
3688.0,17,36.18
3689.0,15,39.43
3689.0,16,42.08
3689.0,17,38.92
3690.0,15,38.68
3690.0,16,43.48
3690.0,17,40.47
3691.0,15,38.37
3691.0,16,41.57
3691.0,17,39.49
3692.0,15,37.58
3692.0,16,40.79
3692.0,17,38.62
3693.0,15,32.51
3693.0,16,36.43
3693.0,17,32.21
3694.0,15,29.34
3694.0,16,37.45
3694.0,17,31.59
3695.0,15,27.76
3695.0,16,30.78
3695.0,17,25.69
3696.0,15,25.99
3696.0,16,30.04
3696.0,17,24.85
3697.0,15,24.15
3697.0,16,29.33
3697.0,17,21.62
3698.0,15,23.04
3698.0,16,28.64
3698.0,17,23.29
3699.0,15,25.02
3699.0,16,26.89
3699.0,17,26.18
3700.0,15,27.6
3700.0,16,31.47
3700.0,17,24.61
3701.0,15,33.04
3701.0,16,34.06
3701.0,17,34.06
3702.0,15,31.37
3702.0,16,31.63
3702.0,17,31.5
3703.0,15,27.58
3703.0,16,28.08
3703.0,17,32.16
3704.0,15,27.85
3704.0,16,24.99
3704.0,17,34.27
3705.0,15,28.0
3705.0,16,23.02
3705.0,17,35.5
3706.0,15,26.03
3706.0,16,21.12
3706.0,17,33.62
3707.0,15,25.98
3707.0,16,19.72
3707.0,17,32.84
3708.0,15,25.93
3708.0,16,18.73
3708.0,17,30.93
3709.0,15,25.91
3709.0,16,19.03
3709.0,17,29.12
3710.0,15,25.89
3710.0,16,20.01
3710.0,17,29.92
3711.0,15,29.25
3711.0,16,27.94
3711.0,17,33.39
3712.0,15,33.59
3712.0,16,33.79
3712.0,17,35.77
3713.0,15,38.48
3713.0,16,36.92
3713.0,17,36.86
3714.0,15,39.71
3714.0,16,37.79
3714.0,17,37.34
3715.0,15,38.38
3715.0,16,36.34
3715.0,17,34.94
3716.0,15,36.12
3716.0,16,36.63
3716.0,17,41.68
3717.0,15,30.93
3717.0,16,29.9
3717.0,17,39.21
3718.0,15,28.3
3718.0,16,25.37
3718.0,17,27.97
3719.0,15,24.92
3719.0,16,24.01
3719.0,17,27.2
3720.0,15,22.98
3720.0,16,22.89
3720.0,17,23.78
3721.0,15,20.65
3721.0,16,20.13
3721.0,17,20.06
3722.0,15,21.1
3722.0,16,22.01
3722.0,17,19.12
3723.0,15,22.42
3723.0,16,23.78
3723.0,17,23.78
3724.0,15,29.17
3724.0,16,30.66
3724.0,17,29.17
3725.0,15,36.53
3725.0,16,35.96
3725.0,17,41.38
3726.0,15,35.9
3726.0,16,37.91
3726.0,17,48.01
3727.0,15,35.24
3727.0,16,34.95
3727.0,17,48.91
3728.0,15,31.91
3728.0,16,28.75
3728.0,17,52.11
3729.0,15,31.03
3729.0,16,27.18
3729.0,17,54.0
3730.0,15,29.11
3730.0,16,24.23
3730.0,17,51.31
3731.0,15,27.46
3731.0,16,22.95
3731.0,17,50.05
3732.0,15,26.72
3732.0,16,22.29
3732.0,17,53.05
3733.0,15,27.57
3733.0,16,23.3
3733.0,17,54.93
3734.0,15,27.14
3734.0,16,25.96
3734.0,17,45.76
3735.0,15,30.98
3735.0,16,32.97
3735.0,17,41.67
3736.0,15,35.07
3736.0,16,39.96
3736.0,17,39.96
3737.0,15,35.22
3737.0,16,45.14
3737.0,17,42.79
3738.0,15,37.53
3738.0,16,42.5
3738.0,17,34.17
3739.0,15,35.86
3739.0,16,36.14
3739.0,17,34.33
3740.0,15,35.41
3740.0,16,35.06
3740.0,17,39.91
3741.0,15,30.34
3741.0,16,26.58
3741.0,17,34.01
3742.0,15,26.0
3742.0,16,24.24
3742.0,17,29.88
3743.0,15,23.8
3743.0,16,21.94
3743.0,17,24.9
3744.0,15,22.04
3744.0,16,18.13
3744.0,17,24.42
3745.0,15,21.54
3745.0,16,18.01
3745.0,17,22.29
3746.0,15,21.31
3746.0,16,20.02
3746.0,17,20.55
3747.0,15,22.08
3747.0,16,19.42
3747.0,17,19.42
3748.0,15,22.69
3748.0,16,20.85
3748.0,17,20.85
3749.0,15,25.06
3749.0,16,23.95
3749.0,17,23.95
3750.0,15,26.44
3750.0,16,24.77
3750.0,17,24.77
3751.0,15,25.99
3751.0,16,26.21
3751.0,17,26.21
3752.0,15,25.0
3752.0,16,25.07
3752.0,17,25.07
3753.0,15,24.02
3753.0,16,24.72
3753.0,17,24.72
3754.0,15,22.55
3754.0,16,19.76
3754.0,17,23.85
3755.0,15,22.09
3755.0,16,18.47
3755.0,17,21.72
3756.0,15,20.81
3756.0,16,20.18
3756.0,17,20.18
3757.0,15,20.58
3757.0,16,18.07
3757.0,17,19.81
3758.0,15,21.58
3758.0,16,18.57
3758.0,17,20.71
3759.0,15,24.35
3759.0,16,23.07
3759.0,17,23.07
3760.0,15,28.15
3760.0,16,26.5
3760.0,17,26.5
3761.0,15,32.53
3761.0,16,30.93
3761.0,17,30.93
3762.0,15,33.96
3762.0,16,32.05
3762.0,17,32.05
3763.0,15,33.92
3763.0,16,31.48
3763.0,17,31.39
3764.0,15,33.99
3764.0,16,32.76
3764.0,17,35.2
3765.0,15,30.94
3765.0,16,27.92
3765.0,17,33.18
3766.0,15,24.74
3766.0,16,18.59
3766.0,17,23.87
3767.0,15,21.46
3767.0,16,15.58
3767.0,17,20.0
3768.0,15,19.89
3768.0,16,17.35
3768.0,17,17.35
3769.0,15,18.63
3769.0,16,15.67
3769.0,17,15.67
3770.0,15,14.26
3770.0,16,15.26
3770.0,17,15.26
3771.0,15,12.29
3771.0,16,14.21
3771.0,17,14.21
3772.0,15,12.82
3772.0,16,13.13
3772.0,17,13.13
3773.0,15,13.71
3773.0,16,12.02
3773.0,17,12.02
3774.0,15,16.54
3774.0,16,13.0
3774.0,17,13.0
3775.0,15,18.51
3775.0,16,16.89
3775.0,17,16.89
3776.0,15,17.33
3776.0,16,14.66
3776.0,17,14.66
3777.0,15,18.99
3777.0,16,17.03
3777.0,17,17.03
3778.0,15,18.24
3778.0,16,14.0
3778.0,17,17.65
3779.0,15,15.89
3779.0,16,9.73
3779.0,17,17.12
3780.0,15,14.57
3780.0,16,11.98
3780.0,17,15.38
3781.0,15,13.15
3781.0,16,12.45
3781.0,17,12.45
3782.0,15,13.61
3782.0,16,13.58
3782.0,17,13.58
3783.0,15,17.98
3783.0,16,16.66
3783.0,17,16.66
3784.0,15,22.94
3784.0,16,22.69
3784.0,17,22.03
3785.0,15,25.98
3785.0,16,30.03
3785.0,17,21.83
3786.0,15,25.7
3786.0,16,29.98
3786.0,17,25.19
3787.0,15,26.28
3787.0,16,29.9
3787.0,17,24.34
3788.0,15,28.39
3788.0,16,32.39
3788.0,17,32.39
3789.0,15,24.53
3789.0,16,25.54
3789.0,17,29.95
3790.0,15,24.09
3790.0,16,24.29
3790.0,17,24.29
3791.0,15,21.77
3791.0,16,21.53
3791.0,17,21.53
3792.0,15,20.4
3792.0,16,18.94
3792.0,17,18.94
3793.0,15,18.47
3793.0,16,16.23
3793.0,17,16.18
3794.0,15,19.16
3794.0,16,16.22
3794.0,17,15.13
3795.0,15,22.19
3795.0,16,18.1
3795.0,17,18.1
3796.0,15,30.05
3796.0,16,31.54
3796.0,17,31.54
3797.0,15,41.72
3797.0,16,40.39
3797.0,17,38.89
3798.0,15,43.74
3798.0,16,44.91
3798.0,17,45.51
3799.0,15,43.57
3799.0,16,39.6
3799.0,17,48.08
3800.0,15,38.64
3800.0,16,37.49
3800.0,17,42.67
3801.0,15,40.17
3801.0,16,38.19
3801.0,17,45.98
3802.0,15,36.51
3802.0,16,32.61
3802.0,17,40.52
3803.0,15,34.78
3803.0,16,31.98
3803.0,17,40.25
3804.0,15,34.62
3804.0,16,30.62
3804.0,17,36.31
3805.0,15,33.16
3805.0,16,30.28
3805.0,17,32.78
3806.0,15,32.8
3806.0,16,29.98
3806.0,17,31.56
3807.0,15,35.06
3807.0,16,32.92
3807.0,17,32.92
3808.0,15,36.9
3808.0,16,34.73
3808.0,17,34.73
3809.0,15,37.88
3809.0,16,36.97
3809.0,17,36.97
3810.0,15,35.44
3810.0,16,34.97
3810.0,17,34.97
3811.0,15,33.93
3811.0,16,33.99
3811.0,17,33.99
3812.0,15,34.42
3812.0,16,32.91
3812.0,17,36.4
3813.0,15,28.74
3813.0,16,25.87
3813.0,17,33.27
3814.0,15,25.09
3814.0,16,25.01
3814.0,17,25.01
3815.0,15,23.02
3815.0,16,22.68
3815.0,17,20.88
3816.0,15,20.89
3816.0,16,19.05
3816.0,17,19.05
3817.0,15,19.24
3817.0,16,17.94
3817.0,17,17.94
3818.0,15,19.71
3818.0,16,17.34
3818.0,17,17.34
3819.0,15,22.17
3819.0,16,22.04
3819.0,17,21.65
3820.0,15,29.19
3820.0,16,31.61
3820.0,17,18.76
3821.0,15,40.44
3821.0,16,38.06
3821.0,17,29.15
3822.0,15,45.93
3822.0,16,40.49
3822.0,17,41.62
3823.0,15,43.46
3823.0,16,39.92
3823.0,17,42.75
3824.0,15,42.2
3824.0,16,40.33
3824.0,17,41.66
3825.0,15,42.67
3825.0,16,47.01
3825.0,17,47.01
3826.0,15,38.43
3826.0,16,44.94
3826.0,17,44.94
3827.0,15,37.96
3827.0,16,41.73
3827.0,17,43.42
3828.0,15,37.34
3828.0,16,40.91
3828.0,17,44.2
3829.0,15,36.44
3829.0,16,39.46
3829.0,17,40.35
3830.0,15,35.06
3830.0,16,34.96
3830.0,17,36.75
3831.0,15,36.46
3831.0,16,35.04
3831.0,17,35.04
3832.0,15,37.71
3832.0,16,36.13
3832.0,17,36.13
3833.0,15,39.08
3833.0,16,38.1
3833.0,17,38.1
3834.0,15,36.9
3834.0,16,38.16
3834.0,17,38.16
3835.0,15,34.33
3835.0,16,35.29
3835.0,17,35.29
3836.0,15,33.69
3836.0,16,34.91
3836.0,17,34.91
3837.0,15,29.64
3837.0,16,29.65
3837.0,17,33.14
3838.0,15,26.84
3838.0,16,27.99
3838.0,17,27.99
3839.0,15,24.33
3839.0,16,25.59
3839.0,17,25.59
3840.0,15,22.39
3840.0,16,24.59
3840.0,17,24.59
3841.0,15,20.68
3841.0,16,23.05
3841.0,17,22.09
3842.0,15,21.02
3842.0,16,23.75
3842.0,17,21.23
3843.0,15,23.59
3843.0,16,24.1
3843.0,17,22.79
3844.0,15,33.92
3844.0,16,32.97
3844.0,17,30.32
3845.0,15,40.47
3845.0,16,41.44
3845.0,17,41.02
3846.0,15,43.53
3846.0,16,41.96
3846.0,17,40.59
3847.0,15,40.56
3847.0,16,36.67
3847.0,17,35.77
3848.0,15,38.09
3848.0,16,35.06
3848.0,17,34.66
3849.0,15,38.49
3849.0,16,34.26
3849.0,17,33.97
3850.0,15,35.09
3850.0,16,31.16
3850.0,17,34.44
3851.0,15,33.08
3851.0,16,31.13
3851.0,17,34.05
3852.0,15,32.92
3852.0,16,29.7
3852.0,17,32.67
3853.0,15,32.78
3853.0,16,30.77
3853.0,17,31.61
3854.0,15,32.59
3854.0,16,32.94
3854.0,17,32.94
3855.0,15,34.38
3855.0,16,34.96
3855.0,17,34.96
3856.0,15,38.1
3856.0,16,38.46
3856.0,17,38.46
3857.0,15,39.92
3857.0,16,39.7
3857.0,17,39.7
3858.0,15,38.4
3858.0,16,37.08
3858.0,17,37.08
3859.0,15,36.14
3859.0,16,35.13
3859.0,17,35.13
3860.0,15,34.96
3860.0,16,35.92
3860.0,17,35.92
3861.0,15,31.24
3861.0,16,29.95
3861.0,17,29.95
3862.0,15,27.63
3862.0,16,28.31
3862.0,17,28.31
3863.0,15,25.5
3863.0,16,25.98
3863.0,17,25.98
3864.0,15,24.03
3864.0,16,25.91
3864.0,17,25.91
3865.0,15,22.95
3865.0,16,24.02
3865.0,17,22.92
3866.0,15,22.97
3866.0,16,24.06
3866.0,17,23.95
3867.0,15,24.55
3867.0,16,26.69
3867.0,17,26.69
3868.0,15,31.99
3868.0,16,31.52
3868.0,17,31.52
3869.0,15,40.09
3869.0,16,42.29
3869.0,17,41.21
3870.0,15,40.79
3870.0,16,45.97
3870.0,17,44.32
3871.0,15,37.47
3871.0,16,42.96
3871.0,17,43.13
3872.0,15,35.68
3872.0,16,40.4
3872.0,17,41.92
3873.0,15,36.02
3873.0,16,39.9
3873.0,17,42.88
3874.0,15,33.94
3874.0,16,35.21
3874.0,17,40.18
3875.0,15,33.91
3875.0,16,34.04
3875.0,17,39.76
3876.0,15,33.21
3876.0,16,32.77
3876.0,17,38.62
3877.0,15,33.54
3877.0,16,33.94
3877.0,17,41.53
3878.0,15,34.97
3878.0,16,35.94
3878.0,17,40.48
3879.0,15,37.94
3879.0,16,43.06
3879.0,17,43.28
3880.0,15,42.04
3880.0,16,42.91
3880.0,17,42.91
3881.0,15,43.0
3881.0,16,44.96
3881.0,17,44.96
3882.0,15,40.09
3882.0,16,41.79
3882.0,17,41.79
3883.0,15,37.4
3883.0,16,41.19
3883.0,17,41.19
3884.0,15,37.69
3884.0,16,40.96
3884.0,17,40.96
3885.0,15,32.34
3885.0,16,33.39
3885.0,17,33.39
3886.0,15,29.61
3886.0,16,30.03
3886.0,17,30.03
3887.0,15,27.1
3887.0,16,29.46
3887.0,17,29.46
3888.0,15,26.09
3888.0,16,26.9
3888.0,17,26.88
3889.0,15,25.03
3889.0,16,25.88
3889.0,17,25.88
3890.0,15,25.16
3890.0,16,24.89
3890.0,17,24.25
3891.0,15,26.28
3891.0,16,26.54
3891.0,17,26.54
3892.0,15,32.98
3892.0,16,33.14
3892.0,17,31.48
3893.0,15,40.68
3893.0,16,42.41
3893.0,17,39.62
3894.0,15,41.97
3894.0,16,44.92
3894.0,17,42.36
3895.0,15,40.41
3895.0,16,44.45
3895.0,17,44.45
3896.0,15,37.94
3896.0,16,41.85
3896.0,17,42.8
3897.0,15,37.98
3897.0,16,40.75
3897.0,17,42.79
3898.0,15,34.75
3898.0,16,35.15
3898.0,17,38.16
3899.0,15,34.35
3899.0,16,32.02
3899.0,17,39.36
3900.0,15,34.09
3900.0,16,30.14
3900.0,17,38.6
3901.0,15,33.38
3901.0,16,31.95
3901.0,17,34.85
3902.0,15,34.25
3902.0,16,32.18
3902.0,17,35.04
3903.0,15,36.53
3903.0,16,35.4
3903.0,17,36.33
3904.0,15,38.76
3904.0,16,40.72
3904.0,17,40.72
3905.0,15,40.4
3905.0,16,40.05
3905.0,17,36.79
3906.0,15,38.51
3906.0,16,40.08
3906.0,17,36.08
3907.0,15,37.29
3907.0,16,40.91
3907.0,17,36.21
3908.0,15,36.29
3908.0,16,41.02
3908.0,17,41.02
3909.0,15,31.25
3909.0,16,34.0
3909.0,17,42.48
3910.0,15,27.59
3910.0,16,27.3
3910.0,17,27.3
3911.0,15,25.81
3911.0,16,26.59
3911.0,17,26.59
3912.0,15,24.01
3912.0,16,25.09
3912.0,17,25.09
3913.0,15,22.99
3913.0,16,23.52
3913.0,17,23.52
3914.0,15,22.72
3914.0,16,23.08
3914.0,17,23.08
3915.0,15,22.07
3915.0,16,23.58
3915.0,17,23.58
3916.0,15,22.82
3916.0,16,24.92
3916.0,17,19.45
3917.0,15,25.23
3917.0,16,24.9
3917.0,17,20.93
3918.0,15,27.41
3918.0,16,27.97
3918.0,17,27.97
3919.0,15,28.26
3919.0,16,30.61
3919.0,17,30.61
3920.0,15,26.58
3920.0,16,29.63
3920.0,17,29.63
3921.0,15,25.14
3921.0,16,29.49
3921.0,17,29.49
3922.0,15,23.77
3922.0,16,28.24
3922.0,17,28.84
3923.0,15,21.83
3923.0,16,26.08
3923.0,17,26.08
3924.0,15,21.0
3924.0,16,23.5
3924.0,17,23.5
3925.0,15,19.64
3925.0,16,21.99
3925.0,17,21.99
3926.0,15,21.69
3926.0,16,21.82
3926.0,17,21.82
3927.0,15,24.02
3927.0,16,23.33
3927.0,17,23.33
3928.0,15,26.74
3928.0,16,27.59
3928.0,17,27.59
3929.0,15,30.03
3929.0,16,29.63
3929.0,17,29.63
3930.0,15,29.56
3930.0,16,29.73
3930.0,17,29.73
3931.0,15,28.96
3931.0,16,29.05
3931.0,17,29.05
3932.0,15,30.34
3932.0,16,31.43
3932.0,17,31.43
3933.0,15,25.06
3933.0,16,27.07
3933.0,17,27.07
3934.0,15,19.38
3934.0,16,19.08
3934.0,17,20.15
3935.0,15,15.62
3935.0,16,13.55
3935.0,17,18.47
3936.0,15,15.57
3936.0,16,15.77
3936.0,17,18.48
3937.0,15,13.17
3937.0,16,14.86
3937.0,17,15.21
3938.0,15,12.86
3938.0,16,13.38
3938.0,17,13.38
3939.0,15,11.08
3939.0,16,10.24
3939.0,17,10.24
3940.0,15,10.15
3940.0,16,10.24
3940.0,17,10.24
3941.0,15,11.19
3941.0,16,14.53
3941.0,17,14.53
3942.0,15,14.0
3942.0,16,15.66
3942.0,17,15.66
3943.0,15,15.9
3943.0,16,16.64
3943.0,17,16.64
3944.0,15,15.97
3944.0,16,16.74
3944.0,17,19.23
3945.0,15,18.14
3945.0,16,17.61
3945.0,17,20.44
3946.0,15,16.6
3946.0,16,15.09
3946.0,17,20.87
3947.0,15,15.28
3947.0,16,17.03
3947.0,17,19.97
3948.0,15,14.52
3948.0,16,15.74
3948.0,17,16.93
3949.0,15,14.98
3949.0,16,13.93
3949.0,17,13.93
3950.0,15,16.01
3950.0,16,14.59
3950.0,17,14.59
3951.0,15,19.51
3951.0,16,18.02
3951.0,17,18.02
3952.0,15,25.07
3952.0,16,24.85
3952.0,17,24.85
3953.0,15,29.74
3953.0,16,27.06
3953.0,17,27.06
3954.0,15,28.55
3954.0,16,29.93
3954.0,17,27.31
3955.0,15,28.44
3955.0,16,30.21
3955.0,17,27.73
3956.0,15,30.75
3956.0,16,31.97
3956.0,17,31.97
3957.0,15,26.25
3957.0,16,27.04
3957.0,17,27.04
3958.0,15,24.84
3958.0,16,22.87
3958.0,17,22.87
3959.0,15,23.22
3959.0,16,20.01
3959.0,17,20.01
3960.0,15,20.97
3960.0,16,17.34
3960.0,17,17.34
3961.0,15,19.43
3961.0,16,16.35
3961.0,17,16.35
3962.0,15,19.39
3962.0,16,16.0
3962.0,17,16.0
3963.0,15,22.21
3963.0,16,18.55
3963.0,17,18.55
3964.0,15,31.53
3964.0,16,29.78
3964.0,17,29.78
3965.0,15,39.8
3965.0,16,37.64
3965.0,17,37.64
3966.0,15,43.22
3966.0,16,40.34
3966.0,17,40.34
3967.0,15,41.83
3967.0,16,40.1
3967.0,17,42.48
3968.0,15,41.19
3968.0,16,38.99
3968.0,17,46.83
3969.0,15,42.08
3969.0,16,38.4
3969.0,17,48.25
3970.0,15,38.24
3970.0,16,39.9
3970.0,17,42.99
3971.0,15,35.48
3971.0,16,38.85
3971.0,17,44.44
3972.0,15,34.1
3972.0,16,34.0
3972.0,17,46.63
3973.0,15,34.09
3973.0,16,30.38
3973.0,17,45.1
3974.0,15,34.79
3974.0,16,31.01
3974.0,17,40.69
3975.0,15,36.03
3975.0,16,36.09
3975.0,17,40.0
3976.0,15,37.93
3976.0,16,40.54
3976.0,17,40.54
3977.0,15,38.02
3977.0,16,40.54
3977.0,17,40.54
3978.0,15,37.02
3978.0,16,37.05
3978.0,17,37.05
3979.0,15,34.68
3979.0,16,35.2
3979.0,17,34.34
3980.0,15,33.96
3980.0,16,36.86
3980.0,17,37.08
3981.0,15,29.83
3981.0,16,28.89
3981.0,17,32.57
3982.0,15,26.51
3982.0,16,27.64
3982.0,17,27.38
3983.0,15,23.98
3983.0,16,26.02
3983.0,17,25.17
3984.0,15,23.18
3984.0,16,25.22
3984.0,17,23.6
3985.0,15,23.06
3985.0,16,24.42
3985.0,17,23.14
3986.0,15,23.03
3986.0,16,25.03
3986.0,17,23.42
3987.0,15,24.76
3987.0,16,26.04
3987.0,17,24.19
3988.0,15,31.88
3988.0,16,35.65
3988.0,17,35.37
3989.0,15,40.05
3989.0,16,48.15
3989.0,17,48.15
3990.0,15,44.51
3990.0,16,50.97
3990.0,17,50.97
3991.0,15,42.85
3991.0,16,46.66
3991.0,17,46.66
3992.0,15,42.58
3992.0,16,46.77
3992.0,17,48.15
3993.0,15,42.51
3993.0,16,49.7
3993.0,17,49.7
3994.0,15,38.94
3994.0,16,42.73
3994.0,17,51.36
3995.0,15,38.3
3995.0,16,40.67
3995.0,17,51.01
3996.0,15,36.53
3996.0,16,39.49
3996.0,17,47.94
3997.0,15,35.32
3997.0,16,36.94
3997.0,17,43.08
3998.0,15,33.92
3998.0,16,36.41
3998.0,17,40.0
3999.0,15,36.22
3999.0,16,38.18
3999.0,17,39.27
4000.0,15,38.95
4000.0,16,40.02
4000.0,17,40.02
4001.0,15,40.43
4001.0,16,44.0
4001.0,17,44.0
4002.0,15,37.68
4002.0,16,40.6
4002.0,17,40.6
4003.0,15,36.33
4003.0,16,38.94
4003.0,17,38.81
4004.0,15,37.32
4004.0,16,38.92
4004.0,17,39.45
4005.0,15,31.46
4005.0,16,30.02
4005.0,17,33.04
4006.0,15,29.01
4006.0,16,26.2
4006.0,17,24.69
4007.0,15,26.05
4007.0,16,24.92
4007.0,17,23.45
4008.0,15,25.49
4008.0,16,24.57
4008.0,17,23.8
4009.0,15,24.39
4009.0,16,22.56
4009.0,17,21.06
4010.0,15,25.1
4010.0,16,24.09
4010.0,17,19.63
4011.0,15,26.16
4011.0,16,24.91
4011.0,17,23.34
4012.0,15,32.34
4012.0,16,30.96
4012.0,17,23.21
4013.0,15,41.65
4013.0,16,41.3
4013.0,17,28.61
4014.0,15,42.19
4014.0,16,43.21
4014.0,17,36.05
4015.0,15,38.69
4015.0,16,38.65
4015.0,17,37.65
4016.0,15,37.47
4016.0,16,30.43
4016.0,17,35.68
4017.0,15,36.47
4017.0,16,30.92
4017.0,17,38.16
4018.0,15,32.36
4018.0,16,29.21
4018.0,17,37.02
4019.0,15,32.08
4019.0,16,28.45
4019.0,17,33.05
4020.0,15,31.1
4020.0,16,27.09
4020.0,17,32.18
4021.0,15,30.35
4021.0,16,26.92
4021.0,17,34.32
4022.0,15,30.09
4022.0,16,27.72
4022.0,17,33.62
4023.0,15,34.71
4023.0,16,31.96
4023.0,17,37.06
4024.0,15,38.13
4024.0,16,36.6
4024.0,17,36.6
4025.0,15,40.28
4025.0,16,38.13
4025.0,17,38.13
4026.0,15,38.57
4026.0,16,39.73
4026.0,17,39.46
4027.0,15,35.6
4027.0,16,39.26
4027.0,17,31.01
4028.0,15,35.03
4028.0,16,36.46
4028.0,17,36.52
4029.0,15,28.85
4029.0,16,28.41
4029.0,17,30.18
4030.0,15,25.31
4030.0,16,28.88
4030.0,17,28.88
4031.0,15,22.86
4031.0,16,26.06
4031.0,17,26.06
4032.0,15,21.65
4032.0,16,24.57
4032.0,17,24.57
4033.0,15,19.92
4033.0,16,22.91
4033.0,17,20.38
4034.0,15,19.86
4034.0,16,22.95
4034.0,17,17.18
4035.0,15,22.9
4035.0,16,24.92
4035.0,17,23.94
4036.0,15,29.26
4036.0,16,32.76
4036.0,17,32.37
4037.0,15,38.52
4037.0,16,39.86
4037.0,17,39.41
4038.0,15,43.33
4038.0,16,40.64
4038.0,17,42.36
4039.0,15,44.33
4039.0,16,40.01
4039.0,17,43.31
4040.0,15,43.57
4040.0,16,36.46
4040.0,17,49.91
4041.0,15,44.78
4041.0,16,38.96
4041.0,17,48.19
4042.0,15,41.1
4042.0,16,35.68
4042.0,17,42.69
4043.0,15,39.5
4043.0,16,38.31
4043.0,17,42.99
4044.0,15,36.54
4044.0,16,37.42
4044.0,17,44.11
4045.0,15,35.0
4045.0,16,32.98
4045.0,17,39.25
4046.0,15,32.22
4046.0,16,31.92
4046.0,17,38.51
4047.0,15,33.3
4047.0,16,29.53
4047.0,17,46.55
4048.0,15,34.55
4048.0,16,32.34
4048.0,17,45.29
4049.0,15,36.23
4049.0,16,35.22
4049.0,17,41.43
4050.0,15,34.34
4050.0,16,35.09
4050.0,17,34.91
4051.0,15,32.11
4051.0,16,34.19
4051.0,17,33.88
4052.0,15,33.04
4052.0,16,32.58
4052.0,17,42.68
4053.0,15,26.84
4053.0,16,27.56
4053.0,17,37.27
4054.0,15,26.66
4054.0,16,27.91
4054.0,17,29.37
4055.0,15,24.52
4055.0,16,26.79
4055.0,17,26.79
4056.0,15,23.08
4056.0,16,24.77
4056.0,17,25.51
4057.0,15,21.34
4057.0,16,23.95
4057.0,17,24.73
4058.0,15,21.71
4058.0,16,23.72
4058.0,17,23.7
4059.0,15,24.21
4059.0,16,26.02
4059.0,17,26.02
4060.0,15,30.94
4060.0,16,31.99
4060.0,17,31.99
4061.0,15,36.8
4061.0,16,37.88
4061.0,17,37.73
4062.0,15,40.45
4062.0,16,41.8
4062.0,17,41.8
4063.0,15,38.17
4063.0,16,40.71
4063.0,17,42.33
4064.0,15,36.52
4064.0,16,36.01
4064.0,17,42.9
4065.0,15,36.73
4065.0,16,34.33
4065.0,17,46.58
4066.0,15,32.85
4066.0,16,33.29
4066.0,17,44.59
4067.0,15,33.0
4067.0,16,34.99
4067.0,17,40.76
4068.0,15,31.97
4068.0,16,30.46
4068.0,17,40.14
4069.0,15,30.68
4069.0,16,29.44
4069.0,17,37.41
4070.0,15,29.19
4070.0,16,29.88
4070.0,17,33.97
4071.0,15,31.82
4071.0,16,30.68
4071.0,17,36.84
4072.0,15,34.66
4072.0,16,35.07
4072.0,17,38.46
4073.0,15,35.2
4073.0,16,37.47
4073.0,17,39.26
4074.0,15,33.82
4074.0,16,36.81
4074.0,17,36.91
4075.0,15,33.97
4075.0,16,35.51
4075.0,17,35.51
4076.0,15,34.96
4076.0,16,38.03
4076.0,17,38.43
4077.0,15,31.1
4077.0,16,30.01
4077.0,17,40.65
4078.0,15,26.94
4078.0,16,33.22
4078.0,17,35.79
4079.0,15,25.46
4079.0,16,27.05
4079.0,17,27.05
4080.0,15,23.67
4080.0,16,25.97
4080.0,17,23.57
4081.0,15,22.6
4081.0,16,24.88
4081.0,17,22.69
4082.0,15,22.47
4082.0,16,24.72
4082.0,17,22.7
4083.0,15,23.02
4083.0,16,22.44
4083.0,17,22.08
4084.0,15,24.57
4084.0,16,24.69
4084.0,17,22.46
4085.0,15,25.47
4085.0,16,26.48
4085.0,17,23.1
4086.0,15,28.35
4086.0,16,30.86
4086.0,17,26.35
4087.0,15,29.84
4087.0,16,32.83
4087.0,17,29.51
4088.0,15,29.08
4088.0,16,32.11
4088.0,17,28.45
4089.0,15,29.11
4089.0,16,30.94
4089.0,17,29.25
4090.0,15,26.54
4090.0,16,28.71
4090.0,17,27.94
4091.0,15,24.72
4091.0,16,24.64
4091.0,17,23.89
4092.0,15,22.41
4092.0,16,20.09
4092.0,17,23.54
4093.0,15,20.11
4093.0,16,21.9
4093.0,17,20.8
4094.0,15,20.53
4094.0,16,22.02
4094.0,17,21.08
4095.0,15,23.31
4095.0,16,24.73
4095.0,17,23.49
4096.0,15,29.11
4096.0,16,30.23
4096.0,17,27.27
4097.0,15,31.89
4097.0,16,33.74
4097.0,17,31.13
4098.0,15,33.05
4098.0,16,33.67
4098.0,17,31.05
4099.0,15,32.59
4099.0,16,34.05
4099.0,17,31.48
4100.0,15,34.0
4100.0,16,36.17
4100.0,17,35.3
4101.0,15,30.29
4101.0,16,27.73
4101.0,17,36.43
4102.0,15,25.69
4102.0,16,25.97
4102.0,17,26.9
4103.0,15,23.05
4103.0,16,22.65
4103.0,17,22.65
4104.0,15,22.17
4104.0,16,20.02
4104.0,17,20.02
4105.0,15,21.97
4105.0,16,18.15
4105.0,17,18.15
4106.0,15,19.48
4106.0,16,18.96
4106.0,17,14.77
4107.0,15,15.57
4107.0,16,15.84
4107.0,17,6.24
4108.0,15,16.44
4108.0,16,15.84
4108.0,17,2.74
4109.0,15,17.63
4109.0,16,18.96
4109.0,17,8.21
4110.0,15,19.36
4110.0,16,20.48
4110.0,17,15.53
4111.0,15,19.36
4111.0,16,22.63
4111.0,17,17.64
4112.0,15,19.24
4112.0,16,23.77
4112.0,17,17.56
4113.0,15,22.05
4113.0,16,26.21
4113.0,17,17.12
4114.0,15,18.8
4114.0,16,23.71
4114.0,17,20.43
4115.0,15,17.55
4115.0,16,15.52
4115.0,17,18.71
4116.0,15,17.27
4116.0,16,15.53
4116.0,17,15.13
4117.0,15,16.06
4117.0,16,16.94
4117.0,17,13.3
4118.0,15,17.41
4118.0,16,15.33
4118.0,17,15.33
4119.0,15,21.56
4119.0,16,22.47
4119.0,17,17.29
4120.0,15,28.57
4120.0,16,28.99
4120.0,17,18.77
4121.0,15,31.14
4121.0,16,31.95
4121.0,17,22.35
4122.0,15,32.86
4122.0,16,37.88
4122.0,17,22.81
4123.0,15,34.1
4123.0,16,36.47
4123.0,17,21.84
4124.0,15,34.02
4124.0,16,36.99
4124.0,17,34.99
4125.0,15,29.68
4125.0,16,31.95
4125.0,17,35.26
4126.0,15,25.43
4126.0,16,24.87
4126.0,17,33.43
4127.0,15,23.36
4127.0,16,24.33
4127.0,17,24.33
4128.0,15,21.45
4128.0,16,22.3
4128.0,17,23.81
4129.0,15,19.96
4129.0,16,19.08
4129.0,17,19.08
4130.0,15,20.17
4130.0,16,18.88
4130.0,17,18.51
4131.0,15,22.93
4131.0,16,21.0
4131.0,17,21.0
4132.0,15,32.85
4132.0,16,30.35
4132.0,17,30.35
4133.0,15,40.49
4133.0,16,41.09
4133.0,17,37.22
4134.0,15,47.02
4134.0,16,43.47
4134.0,17,42.75
4135.0,15,45.07
4135.0,16,43.53
4135.0,17,47.57
4136.0,15,43.29
4136.0,16,43.72
4136.0,17,47.55
4137.0,15,43.7
4137.0,16,43.52
4137.0,17,47.61
4138.0,15,41.29
4138.0,16,38.24
4138.0,17,43.57
4139.0,15,40.94
4139.0,16,39.7
4139.0,17,40.54
4140.0,15,39.42
4140.0,16,35.31
4140.0,17,39.47
4141.0,15,37.36
4141.0,16,34.66
4141.0,17,36.56
4142.0,15,36.37
4142.0,16,33.04
4142.0,17,32.16
4143.0,15,37.47
4143.0,16,35.09
4143.0,17,32.98
4144.0,15,40.2
4144.0,16,35.59
4144.0,17,35.67
4145.0,15,42.5
4145.0,16,37.69
4145.0,17,39.05
4146.0,15,40.67
4146.0,16,38.99
4146.0,17,35.47
4147.0,15,37.99
4147.0,16,35.5
4147.0,17,29.69
4148.0,15,38.32
4148.0,16,31.04
4148.0,17,35.1
4149.0,15,34.51
4149.0,16,27.05
4149.0,17,28.58
4150.0,15,30.32
4150.0,16,27.07
4150.0,17,36.24
4151.0,15,28.82
4151.0,16,26.87
4151.0,17,29.95
4152.0,15,25.6
4152.0,16,26.36
4152.0,17,28.04
4153.0,15,24.32
4153.0,16,24.88
4153.0,17,24.9
4154.0,15,24.52
4154.0,16,24.87
4154.0,17,24.87
4155.0,15,25.59
4155.0,16,26.85
4155.0,17,26.85
4156.0,15,33.47
4156.0,16,30.46
4156.0,17,30.96
4157.0,15,40.37
4157.0,16,38.28
4157.0,17,38.56
4158.0,15,44.66
4158.0,16,42.28
4158.0,17,42.91
4159.0,15,44.06
4159.0,16,40.28
4159.0,17,46.53
4160.0,15,41.05
4160.0,16,40.42
4160.0,17,48.05
4161.0,15,40.09
4161.0,16,40.39
4161.0,17,48.86
4162.0,15,36.53
4162.0,16,32.84
4162.0,17,48.43
4163.0,15,35.81
4163.0,16,31.0
4163.0,17,43.65
4164.0,15,33.37
4164.0,16,30.35
4164.0,17,46.04
4165.0,15,32.6
4165.0,16,29.34
4165.0,17,37.76
4166.0,15,29.98
4166.0,16,27.51
4166.0,17,37.67
4167.0,15,30.62
4167.0,16,29.88
4167.0,17,36.14
4168.0,15,33.11
4168.0,16,33.92
4168.0,17,38.49
4169.0,15,35.99
4169.0,16,35.9
4169.0,17,37.99
4170.0,15,35.44
4170.0,16,35.0
4170.0,17,38.39
4171.0,15,32.87
4171.0,16,33.4
4171.0,17,34.66
4172.0,15,32.53
4172.0,16,29.95
4172.0,17,41.33
4173.0,15,27.7
4173.0,16,26.68
4173.0,17,43.15
4174.0,15,25.88
4174.0,16,24.85
4174.0,17,31.25
4175.0,15,24.89
4175.0,16,23.05
4175.0,17,25.77
4176.0,15,23.87
4176.0,16,20.36
4176.0,17,24.38
4177.0,15,22.47
4177.0,16,17.94
4177.0,17,19.31
4178.0,15,22.92
4178.0,16,22.08
4178.0,17,23.55
4179.0,15,25.6
4179.0,16,25.65
4179.0,17,25.65
4180.0,15,31.03
4180.0,16,29.12
4180.0,17,31.96
4181.0,15,36.11
4181.0,16,36.34
4181.0,17,37.17
4182.0,15,38.92
4182.0,16,34.93
4182.0,17,36.76
4183.0,15,36.65
4183.0,16,33.63
4183.0,17,36.43
4184.0,15,35.9
4184.0,16,31.04
4184.0,17,36.83
4185.0,15,35.41
4185.0,16,30.83
4185.0,17,37.55
4186.0,15,32.12
4186.0,16,29.46
4186.0,17,35.33
4187.0,15,32.01
4187.0,16,29.43
4187.0,17,36.83
4188.0,15,31.08
4188.0,16,29.45
4188.0,17,36.81
4189.0,15,31.1
4189.0,16,30.65
4189.0,17,34.3
4190.0,15,31.38
4190.0,16,29.5
4190.0,17,34.85
4191.0,15,34.89
4191.0,16,32.64
4191.0,17,44.45
4192.0,15,40.85
4192.0,16,36.42
4192.0,17,41.99
4193.0,15,43.0
4193.0,16,37.86
4193.0,17,41.37
4194.0,15,42.19
4194.0,16,38.04
4194.0,17,40.09
4195.0,15,41.09
4195.0,16,39.04
4195.0,17,40.91
4196.0,15,38.99
4196.0,16,38.99
4196.0,17,45.32
4197.0,15,33.88
4197.0,16,32.8
4197.0,17,47.48
4198.0,15,30.09
4198.0,16,31.15
4198.0,17,32.58
4199.0,15,28.18
4199.0,16,29.62
4199.0,17,31.01
4200.0,15,27.31
4200.0,16,27.8
4200.0,17,27.81
4201.0,15,26.19
4201.0,16,26.1
4201.0,17,26.1
4202.0,15,26.06
4202.0,16,26.86
4202.0,17,26.9
4203.0,15,29.37
4203.0,16,29.67
4203.0,17,29.67
4204.0,15,35.54
4204.0,16,35.04
4204.0,17,35.04
4205.0,15,43.3
4205.0,16,45.97
4205.0,17,45.97
4206.0,15,43.96
4206.0,16,48.96
4206.0,17,53.24
4207.0,15,42.34
4207.0,16,43.21
4207.0,17,51.83
4208.0,15,39.86
4208.0,16,38.89
4208.0,17,54.4
4209.0,15,38.62
4209.0,16,40.04
4209.0,17,52.78
4210.0,15,36.72
4210.0,16,34.96
4210.0,17,53.0
4211.0,15,35.77
4211.0,16,35.22
4211.0,17,49.99
4212.0,15,35.09
4212.0,16,33.7
4212.0,17,52.37
4213.0,15,35.58
4213.0,16,37.81
4213.0,17,51.46
4214.0,15,35.47
4214.0,16,35.59
4214.0,17,42.42
4215.0,15,38.05
4215.0,16,39.22
4215.0,17,40.43
4216.0,15,42.31
4216.0,16,42.17
4216.0,17,43.77
4217.0,15,43.75
4217.0,16,42.99
4217.0,17,46.19
4218.0,15,43.52
4218.0,16,43.03
4218.0,17,46.0
4219.0,15,40.95
4219.0,16,39.4
4219.0,17,39.4
4220.0,15,41.83
4220.0,16,37.06
4220.0,17,40.28
4221.0,15,36.51
4221.0,16,30.7
4221.0,17,36.84
4222.0,15,33.59
4222.0,16,31.91
4222.0,17,34.82
4223.0,15,30.77
4223.0,16,31.0
4223.0,17,32.01
4224.0,15,28.66
4224.0,16,30.69
4224.0,17,32.82
4225.0,15,27.49
4225.0,16,28.91
4225.0,17,29.97
4226.0,15,27.73
4226.0,16,28.91
4226.0,17,28.91
4227.0,15,29.85
4227.0,16,31.72
4227.0,17,31.72
4228.0,15,35.43
4228.0,16,37.42
4228.0,17,37.42
4229.0,15,43.33
4229.0,16,44.51
4229.0,17,44.65
4230.0,15,45.72
4230.0,16,45.05
4230.0,17,46.84
4231.0,15,43.52
4231.0,16,41.33
4231.0,17,47.81
4232.0,15,41.85
4232.0,16,37.91
4232.0,17,44.59
4233.0,15,39.87
4233.0,16,36.97
4233.0,17,49.88
4234.0,15,36.74
4234.0,16,35.98
4234.0,17,47.7
4235.0,15,36.77
4235.0,16,35.44
4235.0,17,45.52
4236.0,15,34.46
4236.0,16,33.93
4236.0,17,45.25
4237.0,15,35.57
4237.0,16,35.01
4237.0,17,43.76
4238.0,15,35.93
4238.0,16,36.6
4238.0,17,43.98
4239.0,15,37.9
4239.0,16,39.56
4239.0,17,42.87
4240.0,15,40.86
4240.0,16,41.26
4240.0,17,44.27
4241.0,15,40.24
4241.0,16,41.03
4241.0,17,41.03
4242.0,15,38.45
4242.0,16,37.28
4242.0,17,41.36
4243.0,15,36.53
4243.0,16,35.7
4243.0,17,38.8
4244.0,15,36.61
4244.0,16,37.94
4244.0,17,41.91
4245.0,15,32.68
4245.0,16,34.38
4245.0,17,41.21
4246.0,15,34.07
4246.0,16,30.28
4246.0,17,30.3
4247.0,15,30.06
4247.0,16,27.2
4247.0,17,27.2
4248.0,15,28.37
4248.0,16,26.73
4248.0,17,26.73
4249.0,15,27.96
4249.0,16,25.54
4249.0,17,25.54
4250.0,15,27.9
4250.0,16,25.1
4250.0,17,25.1
4251.0,15,27.45
4251.0,16,24.07
4251.0,17,24.07
4252.0,15,28.72
4252.0,16,25.13
4252.0,17,25.13
4253.0,15,29.48
4253.0,16,26.08
4253.0,17,26.08
4254.0,15,32.58
4254.0,16,33.21
4254.0,17,33.21
4255.0,15,32.59
4255.0,16,35.48
4255.0,17,35.48
4256.0,15,30.84
4256.0,16,34.91
4256.0,17,33.57
4257.0,15,30.38
4257.0,16,34.13
4257.0,17,34.13
4258.0,15,29.01
4258.0,16,32.34
4258.0,17,32.34
4259.0,15,27.68
4259.0,16,28.14
4259.0,17,29.34
4260.0,15,25.54
4260.0,16,26.43
4260.0,17,26.43
4261.0,15,24.5
4261.0,16,25.05
4261.0,17,25.05
4262.0,15,24.79
4262.0,16,25.06
4262.0,17,25.06
4263.0,15,26.01
4263.0,16,27.01
4263.0,17,27.6
4264.0,15,29.53
4264.0,16,29.41
4264.0,17,30.28
4265.0,15,31.81
4265.0,16,32.5
4265.0,17,33.59
4266.0,15,32.39
4266.0,16,32.76
4266.0,17,33.77
4267.0,15,31.92
4267.0,16,32.65
4267.0,17,32.65
4268.0,15,33.65
4268.0,16,34.98
4268.0,17,37.69
4269.0,15,30.69
4269.0,16,30.9
4269.0,17,39.72
4270.0,15,28.11
4270.0,16,21.26
4270.0,17,30.6
4271.0,15,23.63
4271.0,16,18.59
4271.0,17,22.05
4272.0,15,21.09
4272.0,16,16.94
4272.0,17,20.74
4273.0,15,20.91
4273.0,16,19.08
4273.0,17,19.08
4274.0,15,18.53
4274.0,16,16.3
4274.0,17,16.3
4275.0,15,14.38
4275.0,16,15.27
4275.0,17,15.27
4276.0,15,14.33
4276.0,16,15.08
4276.0,17,15.08
4277.0,15,17.67
4277.0,16,15.06
4277.0,17,15.06
4278.0,15,20.01
4278.0,16,15.3
4278.0,17,15.3
4279.0,15,20.66
4279.0,16,15.56
4279.0,17,18.5
4280.0,15,19.59
4280.0,16,15.04
4280.0,17,20.74
4281.0,15,20.31
4281.0,16,16.07
4281.0,17,19.19
4282.0,15,18.47
4282.0,16,15.23
4282.0,17,22.35
4283.0,15,16.25
4283.0,16,14.94
4283.0,17,21.1
4284.0,15,15.22
4284.0,16,14.3
4284.0,17,19.94
4285.0,15,15.03
4285.0,16,14.68
4285.0,17,19.45
4286.0,15,16.04
4286.0,16,15.55
4286.0,17,19.35
4287.0,15,24.32
4287.0,16,17.42
4287.0,17,24.36
4288.0,15,29.21
4288.0,16,28.72
4288.0,17,33.99
4289.0,15,33.76
4289.0,16,35.02
4289.0,17,39.72
4290.0,15,35.66
4290.0,16,36.92
4290.0,17,37.08
4291.0,15,35.89
4291.0,16,35.53
4291.0,17,36.08
4292.0,15,38.41
4292.0,16,38.92
4292.0,17,46.54
4293.0,15,35.82
4293.0,16,36.86
4293.0,17,44.46
4294.0,15,29.34
4294.0,16,33.51
4294.0,17,33.51
4295.0,15,27.91
4295.0,16,29.23
4295.0,17,29.23
4296.0,15,26.04
4296.0,16,26.9
4296.0,17,26.9
4297.0,15,25.2
4297.0,16,25.94
4297.0,17,25.94
4298.0,15,25.49
4298.0,16,25.34
4298.0,17,25.34
4299.0,15,27.94
4299.0,16,27.08
4299.0,17,27.08
4300.0,15,35.01
4300.0,16,34.98
4300.0,17,34.98
4301.0,15,41.87
4301.0,16,43.93
4301.0,17,43.93
4302.0,15,45.11
4302.0,16,47.62
4302.0,17,48.44
4303.0,15,43.01
4303.0,16,43.93
4303.0,17,49.03
4304.0,15,41.43
4304.0,16,41.55
4304.0,17,41.55
4305.0,15,41.06
4305.0,16,40.02
4305.0,17,41.69
4306.0,15,38.97
4306.0,16,34.55
4306.0,17,37.56
4307.0,15,38.55
4307.0,16,32.62
4307.0,17,38.16
4308.0,15,36.04
4308.0,16,31.69
4308.0,17,37.45
4309.0,15,36.85
4309.0,16,32.17
4309.0,17,36.19
4310.0,15,37.73
4310.0,16,34.5
4310.0,17,38.53
4311.0,15,39.75
4311.0,16,39.46
4311.0,17,39.76
4312.0,15,43.68
4312.0,16,39.13
4312.0,17,39.06
4313.0,15,44.86
4313.0,16,43.96
4313.0,17,43.96
4314.0,15,42.96
4314.0,16,43.94
4314.0,17,43.94
4315.0,15,40.56
4315.0,16,41.8
4315.0,17,41.8
4316.0,15,40.54
4316.0,16,41.18
4316.0,17,42.47
4317.0,15,35.44
4317.0,16,31.96
4317.0,17,39.38
4318.0,15,33.8
4318.0,16,29.44
4318.0,17,31.48
4319.0,15,31.79
4319.0,16,29.36
4319.0,17,31.03
4320.0,15,30.45
4320.0,16,29.49
4320.0,17,29.49
4321.0,15,29.28
4321.0,16,27.52
4321.0,17,27.52
4322.0,15,29.45
4322.0,16,27.58
4322.0,17,27.58
4323.0,15,31.73
4323.0,16,29.91
4323.0,17,29.91
4324.0,15,37.99
4324.0,16,36.07
4324.0,17,36.07
4325.0,15,45.09
4325.0,16,42.55
4325.0,17,42.55
4326.0,15,45.77
4326.0,16,42.61
4326.0,17,47.04
4327.0,15,41.5
4327.0,16,37.93
4327.0,17,40.11
4328.0,15,38.22
4328.0,16,36.07
4328.0,17,37.92
4329.0,15,37.85
4329.0,16,35.72
4329.0,17,40.05
4330.0,15,34.72
4330.0,16,32.91
4330.0,17,40.73
4331.0,15,35.21
4331.0,16,31.88
4331.0,17,41.1
4332.0,15,34.94
4332.0,16,31.23
4332.0,17,41.36
4333.0,15,35.68
4333.0,16,31.97
4333.0,17,39.98
4334.0,15,36.96
4334.0,16,33.92
4334.0,17,40.92
4335.0,15,40.53
4335.0,16,40.02
4335.0,17,47.91
4336.0,15,43.22
4336.0,16,43.9
4336.0,17,52.0
4337.0,15,45.28
4337.0,16,46.79
4337.0,17,49.21
4338.0,15,44.66
4338.0,16,44.54
4338.0,17,44.54
4339.0,15,42.37
4339.0,16,41.34
4339.0,17,41.34
4340.0,15,41.02
4340.0,16,36.93
4340.0,17,49.43
4341.0,15,34.58
4341.0,16,33.62
4341.0,17,38.36
4342.0,15,30.04
4342.0,16,30.62
4342.0,17,40.06
4343.0,15,29.05
4343.0,16,29.98
4343.0,17,32.45
4344.0,15,29.27
4344.0,16,28.05
4344.0,17,31.32
4345.0,15,28.16
4345.0,16,27.7
4345.0,17,27.7
4346.0,15,28.06
4346.0,16,28.36
4346.0,17,28.36
4347.0,15,30.13
4347.0,16,28.67
4347.0,17,30.52
4348.0,15,36.55
4348.0,16,35.32
4348.0,17,35.32
4349.0,15,42.59
4349.0,16,42.02
4349.0,17,42.02
4350.0,15,42.79
4350.0,16,41.54
4350.0,17,43.97
4351.0,15,38.77
4351.0,16,36.9
4351.0,17,44.08
4352.0,15,37.52
4352.0,16,34.22
4352.0,17,44.21
4353.0,15,37.98
4353.0,16,31.99
4353.0,17,44.02
4354.0,15,36.35
4354.0,16,30.04
4354.0,17,43.67
4355.0,15,36.98
4355.0,16,28.77
4355.0,17,44.06
4356.0,15,36.47
4356.0,16,29.43
4356.0,17,47.98
4357.0,15,36.97
4357.0,16,29.99
4357.0,17,47.47
4358.0,15,36.55
4358.0,16,30.04
4358.0,17,53.83
4359.0,15,38.02
4359.0,16,34.94
4359.0,17,52.24
4360.0,15,40.65
4360.0,16,37.28
4360.0,17,52.02
4361.0,15,42.08
4361.0,16,42.58
4361.0,17,54.04
4362.0,15,40.2
4362.0,16,42.42
4362.0,17,44.07
4363.0,15,37.9
4363.0,16,39.68
4363.0,17,40.87
4364.0,15,34.79
4364.0,16,36.98
4364.0,17,53.11
4365.0,15,31.14
4365.0,16,28.39
4365.0,17,46.72
4366.0,15,29.71
4366.0,16,28.74
4366.0,17,39.1
4367.0,15,28.02
4367.0,16,28.08
4367.0,17,35.68
4368.0,15,25.89
4368.0,16,27.31
4368.0,17,40.34
4369.0,15,24.86
4369.0,16,26.07
4369.0,17,29.82
4370.0,15,25.91
4370.0,16,27.49
4370.0,17,27.85
4371.0,15,27.94
4371.0,16,28.19
4371.0,17,30.22
4372.0,15,33.97
4372.0,16,35.11
4372.0,17,36.46
4373.0,15,40.76
4373.0,16,42.45
4373.0,17,47.19
4374.0,15,41.45
4374.0,16,43.12
4374.0,17,46.06
4375.0,15,38.13
4375.0,16,35.91
4375.0,17,56.95
4376.0,15,37.18
4376.0,16,32.52
4376.0,17,53.83
4377.0,15,38.13
4377.0,16,28.72
4377.0,17,56.08
4378.0,15,35.67
4378.0,16,28.15
4378.0,17,59.99
4379.0,15,38.98
4379.0,16,27.54
4379.0,17,64.75
4380.0,15,36.74
4380.0,16,26.73
4380.0,17,65.0
4381.0,15,37.09
4381.0,16,28.49
4381.0,17,62.02
4382.0,15,36.38
4382.0,16,33.1
4382.0,17,58.26
4383.0,15,39.13
4383.0,16,40.0
4383.0,17,56.59
4384.0,15,41.49
4384.0,16,44.28
4384.0,17,55.26
4385.0,15,43.98
4385.0,16,48.26
4385.0,17,53.09
4386.0,15,44.11
4386.0,16,44.2
4386.0,17,44.2
4387.0,15,42.3
4387.0,16,40.97
4387.0,17,42.45
4388.0,15,39.13
4388.0,16,37.95
4388.0,17,54.52
4389.0,15,32.84
4389.0,16,30.14
4389.0,17,50.07
4390.0,15,30.03
4390.0,16,29.72
4390.0,17,44.87
4391.0,15,29.07
4391.0,16,30.07
4391.0,17,33.05
4392.0,15,28.7
4392.0,16,29.18
4392.0,17,36.65
4393.0,15,28.23
4393.0,16,30.38
4393.0,17,35.59
4394.0,15,29.33
4394.0,16,31.84
4394.0,17,31.84
4395.0,15,32.66
4395.0,16,35.39
4395.0,17,36.16
4396.0,15,41.17
4396.0,16,46.39
4396.0,17,46.39
4397.0,15,51.19
4397.0,16,53.02
4397.0,17,53.02
4398.0,15,54.79
4398.0,16,56.62
4398.0,17,56.62
4399.0,15,47.53
4399.0,16,55.78
4399.0,17,58.64
4400.0,15,44.25
4400.0,16,47.56
4400.0,17,56.68
4401.0,15,42.68
4401.0,16,41.64
4401.0,17,59.0
4402.0,15,39.0
4402.0,16,39.03
4402.0,17,55.62
4403.0,15,38.03
4403.0,16,33.95
4403.0,17,57.26
4404.0,15,36.99
4404.0,16,35.34
4404.0,17,55.24
4405.0,15,38.9
4405.0,16,39.75
4405.0,17,54.99
4406.0,15,40.68
4406.0,16,47.43
4406.0,17,51.7
4407.0,15,45.29
4407.0,16,60.0
4407.0,17,60.0
4408.0,15,53.34
4408.0,16,58.94
4408.0,17,58.94
4409.0,15,55.08
4409.0,16,57.34
4409.0,17,57.34
4410.0,15,49.54
4410.0,16,55.99
4410.0,17,55.99
4411.0,15,47.31
4411.0,16,53.79
4411.0,17,53.79
4412.0,15,46.06
4412.0,16,57.09
4412.0,17,57.09
4413.0,15,38.78
4413.0,16,47.99
4413.0,17,47.99
4414.0,15,41.03
4414.0,16,37.04
4414.0,17,37.04
4415.0,15,37.37
4415.0,16,31.76
4415.0,17,31.76
4416.0,15,34.86
4416.0,16,31.0
4416.0,17,31.0
4417.0,15,33.14
4417.0,16,32.09
4417.0,17,32.09
4418.0,15,32.85
4418.0,16,29.74
4418.0,17,29.74
4419.0,15,33.52
4419.0,16,28.46
4419.0,17,28.46
4420.0,15,36.08
4420.0,16,27.58
4420.0,17,27.58
4421.0,15,39.24
4421.0,16,30.82
4421.0,17,30.82
4422.0,15,41.87
4422.0,16,35.03
4422.0,17,35.03
4423.0,15,42.51
4423.0,16,38.94
4423.0,17,38.94
4424.0,15,39.15
4424.0,16,31.35
4424.0,17,33.74
4425.0,15,37.17
4425.0,16,28.68
4425.0,17,32.6
4426.0,15,35.48
4426.0,16,28.15
4426.0,17,35.05
4427.0,15,33.99
4427.0,16,28.12
4427.0,17,31.63
4428.0,15,33.71
4428.0,16,27.67
4428.0,17,31.37
4429.0,15,33.99
4429.0,16,28.68
4429.0,17,31.76
4430.0,15,37.8
4430.0,16,30.91
4430.0,17,34.42
4431.0,15,42.63
4431.0,16,39.29
4431.0,17,40.88
4432.0,15,45.81
4432.0,16,43.99
4432.0,17,43.99
4433.0,15,49.27
4433.0,16,44.14
4433.0,17,44.14
4434.0,15,47.89
4434.0,16,40.05
4434.0,17,40.05
4435.0,15,47.98
4435.0,16,38.99
4435.0,17,38.99
4436.0,15,48.63
4436.0,16,39.89
4436.0,17,42.38
4437.0,15,41.88
4437.0,16,34.5
4437.0,17,39.76
4438.0,15,36.13
4438.0,16,30.44
4438.0,17,33.58
4439.0,15,31.61
4439.0,16,29.47
4439.0,17,29.75
4440.0,15,29.96
4440.0,16,29.43
4440.0,17,29.43
4441.0,15,27.69
4441.0,16,27.94
4441.0,17,27.94
4442.0,15,26.46
4442.0,16,28.97
4442.0,17,24.16
4443.0,15,25.01
4443.0,16,26.06
4443.0,17,22.21
4444.0,15,24.91
4444.0,16,25.25
4444.0,17,22.29
4445.0,15,26.13
4445.0,16,25.58
4445.0,17,25.58
4446.0,15,28.0
4446.0,16,26.08
4446.0,17,26.08
4447.0,15,28.82
4447.0,16,26.1
4447.0,17,26.1
4448.0,15,26.48
4448.0,16,24.77
4448.0,17,26.89
4449.0,15,27.17
4449.0,16,24.01
4449.0,17,27.62
4450.0,15,26.94
4450.0,16,24.36
4450.0,17,29.52
4451.0,15,25.3
4451.0,16,23.08
4451.0,17,27.01
4452.0,15,24.28
4452.0,16,22.72
4452.0,17,25.92
4453.0,15,24.57
4453.0,16,24.02
4453.0,17,26.24
4454.0,15,25.39
4454.0,16,24.74
4454.0,17,26.74
4455.0,15,27.92
4455.0,16,28.65
4455.0,17,29.17
4456.0,15,34.0
4456.0,16,32.56
4456.0,17,32.56
4457.0,15,38.02
4457.0,16,33.91
4457.0,17,33.91
4458.0,15,39.25
4458.0,16,34.95
4458.0,17,34.95
4459.0,15,38.84
4459.0,16,35.07
4459.0,17,35.07
4460.0,15,40.01
4460.0,16,39.98
4460.0,17,41.86
4461.0,15,36.06
4461.0,16,30.55
4461.0,17,37.09
4462.0,15,29.59
4462.0,16,28.78
4462.0,17,29.24
4463.0,15,27.31
4463.0,16,24.55
4463.0,17,24.55
4464.0,15,25.42
4464.0,16,20.8
4464.0,17,20.8
4465.0,15,24.64
4465.0,16,15.94
4465.0,17,16.95
4466.0,15,24.13
4466.0,16,15.51
4466.0,17,19.13
4467.0,15,26.73
4467.0,16,24.08
4467.0,17,24.08
4468.0,15,34.94
4468.0,16,29.72
4468.0,17,29.72
4469.0,15,42.91
4469.0,16,43.16
4469.0,17,43.16
4470.0,15,46.81
4470.0,16,44.2
4470.0,17,49.93
4471.0,15,45.26
4471.0,16,37.95
4471.0,17,50.29
4472.0,15,45.54
4472.0,16,34.99
4472.0,17,49.32
4473.0,15,42.99
4473.0,16,31.48
4473.0,17,48.1
4474.0,15,40.53
4474.0,16,28.72
4474.0,17,52.08
4475.0,15,40.04
4475.0,16,27.11
4475.0,17,54.82
4476.0,15,37.65
4476.0,16,26.03
4476.0,17,60.14
4477.0,15,38.69
4477.0,16,28.23
4477.0,17,58.51
4478.0,15,43.62
4478.0,16,29.08
4478.0,17,59.26
4479.0,15,49.51
4479.0,16,44.01
4479.0,17,49.4
4480.0,15,53.84
4480.0,16,50.51
4480.0,17,52.59
4481.0,15,57.86
4481.0,16,65.0
4481.0,17,65.0
4482.0,15,58.17
4482.0,16,65.05
4482.0,17,65.05
4483.0,15,55.13
4483.0,16,59.94
4483.0,17,59.94
4484.0,15,55.11
4484.0,16,61.95
4484.0,17,61.95
4485.0,15,45.34
4485.0,16,52.49
4485.0,17,53.63
4486.0,15,38.05
4486.0,16,51.68
4486.0,17,51.68
4487.0,15,34.81
4487.0,16,40.83
4487.0,17,40.83
4488.0,15,33.17
4488.0,16,38.9
4488.0,17,38.9
4489.0,15,31.76
4489.0,16,34.92
4489.0,17,34.92
4490.0,15,31.77
4490.0,16,35.32
4490.0,17,35.32
4491.0,15,34.31
4491.0,16,38.97
4491.0,17,38.97
4492.0,15,43.09
4492.0,16,47.97
4492.0,17,47.97
4493.0,15,54.7
4493.0,16,62.06
4493.0,17,62.06
4494.0,15,57.19
4494.0,16,65.0
4494.0,17,65.0
4495.0,15,51.93
4495.0,16,62.95
4495.0,17,62.95
4496.0,15,47.77
4496.0,16,56.91
4496.0,17,56.91
4497.0,15,46.03
4497.0,16,57.42
4497.0,17,57.42
4498.0,15,42.98
4498.0,16,46.35
4498.0,17,56.95
4499.0,15,41.45
4499.0,16,45.4
4499.0,17,54.85
4500.0,15,41.83
4500.0,16,45.01
4500.0,17,53.51
4501.0,15,42.85
4501.0,16,46.95
4501.0,17,53.28
4502.0,15,45.55
4502.0,16,51.51
4502.0,17,51.51
4503.0,15,50.46
4503.0,16,54.06
4503.0,17,54.06
4504.0,15,52.76
4504.0,16,56.77
4504.0,17,56.77
4505.0,15,54.82
4505.0,16,57.65
4505.0,17,57.65
4506.0,15,50.43
4506.0,16,49.46
4506.0,17,49.46
4507.0,15,45.09
4507.0,16,44.9
4507.0,17,44.9
4508.0,15,43.08
4508.0,16,47.06
4508.0,17,49.25
4509.0,15,37.3
4509.0,16,38.33
4509.0,17,38.33
4510.0,15,31.01
4510.0,16,28.48
4510.0,17,28.48
4511.0,15,27.1
4511.0,16,27.96
4511.0,17,27.96
4512.0,15,26.41
4512.0,16,29.03
4512.0,17,29.03
4513.0,15,24.46
4513.0,16,25.65
4513.0,17,25.65
4514.0,15,23.93
4514.0,16,25.29
4514.0,17,25.29
4515.0,15,26.96
4515.0,16,24.92
4515.0,17,24.92
4516.0,15,30.96
4516.0,16,32.94
4516.0,17,32.94
4517.0,15,38.79
4517.0,16,37.96
4517.0,17,37.96
4518.0,15,38.45
4518.0,16,41.2
4518.0,17,41.2
4519.0,15,37.4
4519.0,16,38.47
4519.0,17,42.25
4520.0,15,37.9
4520.0,16,35.92
4520.0,17,37.22
4521.0,15,38.48
4521.0,16,32.83
4521.0,17,40.5
4522.0,15,34.94
4522.0,16,24.67
4522.0,17,49.42
4523.0,15,35.17
4523.0,16,20.79
4523.0,17,47.28
4524.0,15,34.89
4524.0,16,15.87
4524.0,17,46.5
4525.0,15,34.91
4525.0,16,15.84
4525.0,17,37.89
4526.0,15,32.13
4526.0,16,15.9
4526.0,17,32.74
4527.0,15,30.9
4527.0,16,27.42
4527.0,17,30.74
4528.0,15,31.04
4528.0,16,29.07
4528.0,17,40.03
4529.0,15,32.61
4529.0,16,37.81
4529.0,17,41.51
4530.0,15,32.63
4530.0,16,39.27
4530.0,17,39.27
4531.0,15,31.79
4531.0,16,38.02
4531.0,17,38.02
4532.0,15,33.64
4532.0,16,35.93
4532.0,17,53.33
4533.0,15,27.06
4533.0,16,28.49
4533.0,17,42.23
4534.0,15,23.59
4534.0,16,26.47
4534.0,17,38.08
4535.0,15,21.27
4535.0,16,25.23
4535.0,17,34.37
4536.0,15,21.82
4536.0,16,25.41
4536.0,17,29.88
4537.0,15,19.65
4537.0,16,20.55
4537.0,17,20.55
4538.0,15,20.54
4538.0,16,22.1
4538.0,17,21.77
4539.0,15,22.6
4539.0,16,24.5
4539.0,17,24.5
4540.0,15,31.44
4540.0,16,34.51
4540.0,17,38.43
4541.0,15,37.02
4541.0,16,37.71
4541.0,17,48.69
4542.0,15,37.39
4542.0,16,40.46
4542.0,17,49.87
4543.0,15,36.76
4543.0,16,34.46
4543.0,17,40.63
4544.0,15,36.94
4544.0,16,32.71
4544.0,17,40.25
4545.0,15,37.49
4545.0,16,31.79
4545.0,17,40.26
4546.0,15,34.06
4546.0,16,26.02
4546.0,17,46.04
4547.0,15,36.15
4547.0,16,26.04
4547.0,17,43.05
4548.0,15,34.17
4548.0,16,24.43
4548.0,17,47.89
4549.0,15,34.47
4549.0,16,22.08
4549.0,17,40.3
4550.0,15,33.74
4550.0,16,22.01
4550.0,17,41.3
4551.0,15,31.54
4551.0,16,24.85
4551.0,17,39.05
4552.0,15,30.93
4552.0,16,26.93
4552.0,17,37.7
4553.0,15,35.61
4553.0,16,30.17
4553.0,17,44.86
4554.0,15,36.51
4554.0,16,32.73
4554.0,17,46.56
4555.0,15,36.99
4555.0,16,34.68
4555.0,17,37.27
4556.0,15,36.11
4556.0,16,36.92
4556.0,17,45.84
4557.0,15,29.91
4557.0,16,26.1
4557.0,17,45.99
4558.0,15,28.31
4558.0,16,28.03
4558.0,17,37.56
4559.0,15,27.08
4559.0,16,25.91
4559.0,17,30.81
4560.0,15,27.02
4560.0,16,25.02
4560.0,17,26.77
4561.0,15,24.01
4561.0,16,24.03
4561.0,17,25.6
4562.0,15,24.56
4562.0,16,22.11
4562.0,17,24.03
4563.0,15,26.7
4563.0,16,24.71
4563.0,17,24.71
4564.0,15,33.98
4564.0,16,30.9
4564.0,17,30.9
4565.0,15,37.85
4565.0,16,33.15
4565.0,17,42.82
4566.0,15,37.94
4566.0,16,33.4
4566.0,17,40.73
4567.0,15,35.59
4567.0,16,29.98
4567.0,17,40.15
4568.0,15,36.55
4568.0,16,29.08
4568.0,17,37.05
4569.0,15,36.59
4569.0,16,28.63
4569.0,17,40.0
4570.0,15,36.55
4570.0,16,26.34
4570.0,17,44.27
4571.0,15,36.84
4571.0,16,25.29
4571.0,17,44.12
4572.0,15,36.59
4572.0,16,25.15
4572.0,17,46.08
4573.0,15,36.52
4573.0,16,25.92
4573.0,17,42.68
4574.0,15,35.88
4574.0,16,28.48
4574.0,17,39.87
4575.0,15,39.28
4575.0,16,34.63
4575.0,17,41.38
4576.0,15,42.09
4576.0,16,42.4
4576.0,17,42.4
4577.0,15,45.01
4577.0,16,50.17
4577.0,17,50.17
4578.0,15,46.99
4578.0,16,46.31
4578.0,17,46.31
4579.0,15,45.62
4579.0,16,44.85
4579.0,17,44.85
4580.0,15,46.01
4580.0,16,47.05
4580.0,17,47.05
4581.0,15,39.93
4581.0,16,39.9
4581.0,17,43.67
4582.0,15,34.2
4582.0,16,42.84
4582.0,17,42.84
4583.0,15,31.75
4583.0,16,35.93
4583.0,17,35.93
4584.0,15,29.47
4584.0,16,33.0
4584.0,17,33.0
4585.0,15,28.87
4585.0,16,29.15
4585.0,17,29.15
4586.0,15,28.26
4586.0,16,28.74
4586.0,17,28.74
4587.0,15,28.39
4587.0,16,28.7
4587.0,17,28.7
4588.0,15,29.22
4588.0,16,30.62
4588.0,17,30.62
4589.0,15,31.63
4589.0,16,31.29
4589.0,17,31.29
4590.0,15,34.04
4590.0,16,32.49
4590.0,17,32.49
4591.0,15,34.31
4591.0,16,30.71
4591.0,17,35.34
4592.0,15,30.94
4592.0,16,28.64
4592.0,17,37.95
4593.0,15,30.34
4593.0,16,29.88
4593.0,17,38.81
4594.0,15,27.95
4594.0,16,29.91
4594.0,17,40.47
4595.0,15,26.62
4595.0,16,28.56
4595.0,17,36.18
4596.0,15,26.67
4596.0,16,27.46
4596.0,17,33.9
4597.0,15,26.95
4597.0,16,27.1
4597.0,17,30.1
4598.0,15,28.0
4598.0,16,27.49
4598.0,17,27.84
4599.0,15,33.28
4599.0,16,30.4
4599.0,17,30.92
4600.0,15,38.26
4600.0,16,36.82
4600.0,17,37.29
4601.0,15,39.92
4601.0,16,39.9
4601.0,17,39.9
4602.0,15,38.38
4602.0,16,40.05
4602.0,17,40.05
4603.0,15,37.79
4603.0,16,42.02
4603.0,17,42.02
4604.0,15,38.16
4604.0,16,45.42
4604.0,17,45.96
4605.0,15,34.18
4605.0,16,40.01
4605.0,17,46.7
4606.0,15,30.58
4606.0,16,35.0
4606.0,17,35.0
4607.0,15,28.08
4607.0,16,29.95
4607.0,17,29.95
4608.0,15,26.85
4608.0,16,28.49
4608.0,17,28.49
4609.0,15,25.02
4609.0,16,27.03
4609.0,17,27.03
4610.0,15,25.06
4610.0,16,27.44
4610.0,17,27.44
4611.0,15,21.3
4611.0,16,25.62
4611.0,17,25.62
4612.0,15,21.42
4612.0,16,25.05
4612.0,17,25.05
4613.0,15,22.87
4613.0,16,24.07
4613.0,17,24.07
4614.0,15,22.72
4614.0,16,23.9
4614.0,17,23.9
4615.0,15,22.81
4615.0,16,24.09
4615.0,17,24.09
4616.0,15,21.6
4616.0,16,21.06
4616.0,17,20.36
4617.0,15,22.85
4617.0,16,22.98
4617.0,17,25.24
4618.0,15,23.01
4618.0,16,24.08
4618.0,17,26.52
4619.0,15,21.93
4619.0,16,22.92
4619.0,17,24.61
4620.0,15,20.06
4620.0,16,19.42
4620.0,17,20.56
4621.0,15,20.26
4621.0,16,20.08
4621.0,17,20.8
4622.0,15,21.02
4622.0,16,23.91
4622.0,17,23.91
4623.0,15,24.08
4623.0,16,27.07
4623.0,17,27.46
4624.0,15,28.44
4624.0,16,30.03
4624.0,17,30.03
4625.0,15,32.87
4625.0,16,35.74
4625.0,17,35.74
4626.0,15,35.27
4626.0,16,36.58
4626.0,17,36.58
4627.0,15,34.39
4627.0,16,36.6
4627.0,17,36.6
4628.0,15,37.91
4628.0,16,39.99
4628.0,17,39.99
4629.0,15,33.46
4629.0,16,38.49
4629.0,17,38.49
4630.0,15,29.46
4630.0,16,32.24
4630.0,17,32.24
4631.0,15,27.26
4631.0,16,28.94
4631.0,17,28.94
4632.0,15,25.87
4632.0,16,26.86
4632.0,17,26.86
4633.0,15,23.73
4633.0,16,24.79
4633.0,17,24.79
4634.0,15,24.03
4634.0,16,24.98
4634.0,17,24.98
4635.0,15,26.2
4635.0,16,27.43
4635.0,17,27.43
4636.0,15,34.17
4636.0,16,36.52
4636.0,17,36.41
4637.0,15,41.56
4637.0,16,44.81
4637.0,17,42.81
4638.0,15,46.32
4638.0,16,45.84
4638.0,17,44.3
4639.0,15,44.81
4639.0,16,45.97
4639.0,17,45.15
4640.0,15,43.83
4640.0,16,46.69
4640.0,17,43.56
4641.0,15,43.44
4641.0,16,52.38
4641.0,17,52.38
4642.0,15,40.69
4642.0,16,52.87
4642.0,17,49.25
4643.0,15,40.07
4643.0,16,47.67
4643.0,17,44.96
4644.0,15,42.18
4644.0,16,48.19
4644.0,17,46.14
4645.0,15,38.39
4645.0,16,47.06
4645.0,17,46.07
4646.0,15,39.02
4646.0,16,45.98
4646.0,17,45.98
4647.0,15,39.96
4647.0,16,44.97
4647.0,17,44.97
4648.0,15,42.19
4648.0,16,46.73
4648.0,17,46.73
4649.0,15,43.12
4649.0,16,47.02
4649.0,17,47.02
4650.0,15,42.8
4650.0,16,44.62
4650.0,17,44.62
4651.0,15,40.56
4651.0,16,42.14
4651.0,17,42.14
4652.0,15,40.0
4652.0,16,44.98
4652.0,17,42.6
4653.0,15,35.42
4653.0,16,33.77
4653.0,17,37.94
4654.0,15,33.63
4654.0,16,32.43
4654.0,17,32.43
4655.0,15,31.31
4655.0,16,28.47
4655.0,17,28.47
4656.0,15,29.72
4656.0,16,27.91
4656.0,17,27.91
4657.0,15,28.1
4657.0,16,26.4
4657.0,17,21.28
4658.0,15,28.16
4658.0,16,26.93
4658.0,17,18.86
4659.0,15,31.26
4659.0,16,28.03
4659.0,17,19.62
4660.0,15,39.72
4660.0,16,35.04
4660.0,17,18.62
4661.0,15,49.41
4661.0,16,50.1
4661.0,17,25.3
4662.0,15,50.87
4662.0,16,60.15
4662.0,17,30.19
4663.0,15,49.34
4663.0,16,54.95
4663.0,17,35.61
4664.0,15,49.42
4664.0,16,53.84
4664.0,17,40.78
4665.0,15,50.73
4665.0,16,53.59
4665.0,17,43.52
4666.0,15,46.6
4666.0,16,49.99
4666.0,17,49.99
4667.0,15,44.68
4667.0,16,44.98
4667.0,17,44.7
4668.0,15,42.85
4668.0,16,40.79
4668.0,17,35.12
4669.0,15,41.0
4669.0,16,38.52
4669.0,17,31.06
4670.0,15,40.58
4670.0,16,38.51
4670.0,17,31.17
4671.0,15,41.97
4671.0,16,41.94
4671.0,17,32.09
4672.0,15,45.91
4672.0,16,42.92
4672.0,17,37.64
4673.0,15,46.25
4673.0,16,45.9
4673.0,17,45.9
4674.0,15,45.42
4674.0,16,47.32
4674.0,17,47.32
4675.0,15,44.73
4675.0,16,46.1
4675.0,17,46.1
4676.0,15,44.46
4676.0,16,46.89
4676.0,17,48.66
4677.0,15,37.86
4677.0,16,37.03
4677.0,17,39.62
4678.0,15,37.0
4678.0,16,43.06
4678.0,17,43.06
4679.0,15,32.79
4679.0,16,36.13
4679.0,17,34.04
4680.0,15,30.86
4680.0,16,31.07
4680.0,17,29.4
4681.0,15,29.34
4681.0,16,30.01
4681.0,17,25.55
4682.0,15,29.02
4682.0,16,30.01
4682.0,17,28.15
4683.0,15,31.23
4683.0,16,36.62
4683.0,17,36.62
4684.0,15,39.34
4684.0,16,44.92
4684.0,17,44.92
4685.0,15,53.19
4685.0,16,56.25
4685.0,17,53.3
4686.0,15,56.22
4686.0,16,54.01
4686.0,17,54.01
4687.0,15,54.79
4687.0,16,58.62
4687.0,17,58.62
4688.0,15,51.79
4688.0,16,57.82
4688.0,17,57.82
4689.0,15,50.5
4689.0,16,59.29
4689.0,17,59.29
4690.0,15,48.42
4690.0,16,52.32
4690.0,17,52.32
4691.0,15,46.09
4691.0,16,46.99
4691.0,17,46.99
4692.0,15,44.2
4692.0,16,46.07
4692.0,17,46.07
4693.0,15,44.47
4693.0,16,45.23
4693.0,17,45.23
4694.0,15,44.85
4694.0,16,45.54
4694.0,17,45.54
4695.0,15,49.11
4695.0,16,49.94
4695.0,17,49.94
4696.0,15,52.61
4696.0,16,56.36
4696.0,17,56.36
4697.0,15,56.6
4697.0,16,59.15
4697.0,17,59.15
4698.0,15,56.55
4698.0,16,54.97
4698.0,17,54.97
4699.0,15,54.6
4699.0,16,52.34
4699.0,17,52.34
4700.0,15,55.05
4700.0,16,53.98
4700.0,17,53.98
4701.0,15,43.53
4701.0,16,44.73
4701.0,17,44.73
4702.0,15,46.69
4702.0,16,40.01
4702.0,17,42.83
4703.0,15,41.93
4703.0,16,36.44
4703.0,17,36.89
4704.0,15,38.36
4704.0,16,33.36
4704.0,17,35.01
4705.0,15,34.87
4705.0,16,31.86
4705.0,17,32.0
4706.0,15,34.51
4706.0,16,31.29
4706.0,17,33.18
4707.0,15,39.98
4707.0,16,38.06
4707.0,17,38.06
4708.0,15,46.21
4708.0,16,43.09
4708.0,17,43.09
4709.0,15,59.07
4709.0,16,55.92
4709.0,17,55.92
4710.0,15,58.01
4710.0,16,54.38
4710.0,17,54.38
4711.0,15,57.6
4711.0,16,53.88
4711.0,17,53.88
4712.0,15,56.21
4712.0,16,52.5
4712.0,17,52.5
4713.0,15,56.23
4713.0,16,52.06
4713.0,17,54.83
4714.0,15,51.1
4714.0,16,45.98
4714.0,17,51.4
4715.0,15,46.45
4715.0,16,42.91
4715.0,17,49.88
4716.0,15,45.62
4716.0,16,42.01
4716.0,17,48.63
4717.0,15,45.58
4717.0,16,42.07
4717.0,17,47.24
4718.0,15,46.43
4718.0,16,42.05
4718.0,17,47.64
4719.0,15,51.56
4719.0,16,49.38
4719.0,17,53.53
4720.0,15,55.74
4720.0,16,56.14
4720.0,17,56.14
4721.0,15,58.98
4721.0,16,55.63
4721.0,17,55.63
4722.0,15,55.75
4722.0,16,53.45
4722.0,17,53.45
4723.0,15,53.09
4723.0,16,51.21
4723.0,17,51.21
4724.0,15,54.56
4724.0,16,50.48
4724.0,17,50.48
4725.0,15,44.12
4725.0,16,39.93
4725.0,17,39.93
4726.0,15,38.44
4726.0,16,37.22
4726.0,17,37.51
4727.0,15,34.78
4727.0,16,34.25
4727.0,17,34.25
4728.0,15,31.93
4728.0,16,32.91
4728.0,17,32.91
4729.0,15,30.84
4729.0,16,30.01
4729.0,17,30.01
4730.0,15,30.14
4730.0,16,29.94
4730.0,17,29.94
4731.0,15,33.02
4731.0,16,31.11
4731.0,17,31.11
4732.0,15,38.92
4732.0,16,38.76
4732.0,17,38.76
4733.0,15,47.01
4733.0,16,45.28
4733.0,17,45.28
4734.0,15,47.11
4734.0,16,46.04
4734.0,17,46.04
4735.0,15,47.01
4735.0,16,44.97
4735.0,17,44.97
4736.0,15,44.57
4736.0,16,43.91
4736.0,17,45.54
4737.0,15,43.67
4737.0,16,42.05
4737.0,17,44.68
4738.0,15,42.22
4738.0,16,32.94
4738.0,17,46.62
4739.0,15,40.09
4739.0,16,29.76
4739.0,17,45.68
4740.0,15,37.85
4740.0,16,29.92
4740.0,17,45.76
4741.0,15,36.09
4741.0,16,29.95
4741.0,17,42.8
4742.0,15,37.57
4742.0,16,30.55
4742.0,17,41.39
4743.0,15,41.25
4743.0,16,36.6
4743.0,17,39.95
4744.0,15,45.65
4744.0,16,40.86
4744.0,17,44.08
4745.0,15,48.55
4745.0,16,45.45
4745.0,17,46.29
4746.0,15,46.68
4746.0,16,44.71
4746.0,17,44.71
4747.0,15,46.32
4747.0,16,46.91
4747.0,17,46.91
4748.0,15,45.85
4748.0,16,47.09
4748.0,17,49.32
4749.0,15,37.53
4749.0,16,41.97
4749.0,17,45.84
4750.0,15,38.84
4750.0,16,41.85
4750.0,17,41.85
4751.0,15,35.2
4751.0,16,38.18
4751.0,17,38.18
4752.0,15,33.35
4752.0,16,35.04
4752.0,17,35.04
4753.0,15,30.75
4753.0,16,33.31
4753.0,17,33.31
4754.0,15,30.12
4754.0,16,32.08
4754.0,17,32.08
4755.0,15,29.7
4755.0,16,31.23
4755.0,17,31.23
4756.0,15,31.93
4756.0,16,30.71
4756.0,17,30.71
4757.0,15,34.24
4757.0,16,34.43
4757.0,17,34.43
4758.0,15,36.99
4758.0,16,36.93
4758.0,17,36.93
4759.0,15,37.77
4759.0,16,41.93
4759.0,17,41.93
4760.0,15,35.98
4760.0,16,36.92
4760.0,17,36.92
4761.0,15,36.86
4761.0,16,36.57
4761.0,17,37.88
4762.0,15,36.32
4762.0,16,35.05
4762.0,17,38.75
4763.0,15,35.44
4763.0,16,31.26
4763.0,17,35.45
4764.0,15,34.03
4764.0,16,31.72
4764.0,17,36.29
4765.0,15,32.52
4765.0,16,32.52
4765.0,17,32.52
4766.0,15,33.22
4766.0,16,34.33
4766.0,17,34.33
4767.0,15,34.02
4767.0,16,38.1
4767.0,17,38.1
4768.0,15,39.37
4768.0,16,43.37
4768.0,17,43.37
4769.0,15,40.79
4769.0,16,46.93
4769.0,17,46.93
4770.0,15,41.43
4770.0,16,45.92
4770.0,17,45.92
4771.0,15,41.69
4771.0,16,44.92
4771.0,17,44.92
4772.0,15,42.96
4772.0,16,46.94
4772.0,17,52.56
4773.0,15,38.18
4773.0,16,43.0
4773.0,17,49.01
4774.0,15,38.08
4774.0,16,40.52
4774.0,17,45.05
4775.0,15,33.76
4775.0,16,35.87
4775.0,17,36.72
4776.0,15,31.05
4776.0,16,31.05
4776.0,17,31.05
4777.0,15,28.95
4777.0,16,28.88
4777.0,17,28.88
4778.0,15,27.25
4778.0,16,27.1
4778.0,17,27.1
4779.0,15,25.42
4779.0,16,25.45
4779.0,17,25.45
4780.0,15,23.69
4780.0,16,25.4
4780.0,17,25.4
4781.0,15,25.98
4781.0,16,27.07
4781.0,17,27.07
4782.0,15,26.42
4782.0,16,29.5
4782.0,17,29.5
4783.0,15,28.56
4783.0,16,33.1
4783.0,17,33.1
4784.0,15,28.45
4784.0,16,34.97
4784.0,17,34.97
4785.0,15,28.61
4785.0,16,34.97
4785.0,17,36.29
4786.0,15,28.98
4786.0,16,30.79
4786.0,17,38.42
4787.0,15,26.14
4787.0,16,27.58
4787.0,17,31.79
4788.0,15,23.38
4788.0,16,25.44
4788.0,17,27.71
4789.0,15,23.63
4789.0,16,22.74
4789.0,17,23.57
4790.0,15,24.04
4790.0,16,21.42
4790.0,17,21.42
4791.0,15,29.25
4791.0,16,22.24
4791.0,17,22.24
4792.0,15,32.79
4792.0,16,26.76
4792.0,17,26.76
4793.0,15,35.52
4793.0,16,31.9
4793.0,17,31.9
4794.0,15,37.32
4794.0,16,32.83
4794.0,17,32.83
4795.0,15,37.5
4795.0,16,33.45
4795.0,17,33.45
4796.0,15,40.31
4796.0,16,36.03
4796.0,17,41.47
4797.0,15,35.57
4797.0,16,31.04
4797.0,17,35.74
4798.0,15,30.78
4798.0,16,25.41
4798.0,17,40.31
4799.0,15,26.87
4799.0,16,23.26
4799.0,17,35.65
4800.0,15,25.49
4800.0,16,24.24
4800.0,17,29.93
4801.0,15,25.74
4801.0,16,23.12
4801.0,17,24.98
4802.0,15,25.85
4802.0,16,22.63
4802.0,17,24.24
4803.0,15,30.09
4803.0,16,25.44
4803.0,17,25.44
4804.0,15,36.83
4804.0,16,37.34
4804.0,17,37.34
4805.0,15,47.52
4805.0,16,45.12
4805.0,17,45.12
4806.0,15,49.43
4806.0,16,47.99
4806.0,17,47.99
4807.0,15,48.84
4807.0,16,47.11
4807.0,17,47.11
4808.0,15,48.26
4808.0,16,45.92
4808.0,17,47.53
4809.0,15,48.54
4809.0,16,48.19
4809.0,17,52.49
4810.0,15,46.07
4810.0,16,48.82
4810.0,17,51.71
4811.0,15,44.66
4811.0,16,48.73
4811.0,17,52.22
4812.0,15,44.29
4812.0,16,47.94
4812.0,17,50.77
4813.0,15,43.73
4813.0,16,48.05
4813.0,17,48.05
4814.0,15,43.59
4814.0,16,49.54
4814.0,17,49.54
4815.0,15,48.16
4815.0,16,50.94
4815.0,17,50.94
4816.0,15,50.73
4816.0,16,49.93
4816.0,17,49.93
4817.0,15,53.88
4817.0,16,56.0
4817.0,17,56.0
4818.0,15,53.61
4818.0,16,50.03
4818.0,17,50.03
4819.0,15,50.48
4819.0,16,48.19
4819.0,17,48.19
4820.0,15,50.1
4820.0,16,46.54
4820.0,17,46.54
4821.0,15,41.23
4821.0,16,41.95
4821.0,17,41.95
4822.0,15,39.51
4822.0,16,40.17
4822.0,17,40.17
4823.0,15,36.49
4823.0,16,35.08
4823.0,17,35.08
4824.0,15,34.21
4824.0,16,32.0
4824.0,17,32.0
4825.0,15,31.6
4825.0,16,28.8
4825.0,17,28.8
4826.0,15,31.57
4826.0,16,28.78
4826.0,17,28.78
4827.0,15,31.95
4827.0,16,32.15
4827.0,17,32.15
4828.0,15,40.49
4828.0,16,41.32
4828.0,17,41.32
4829.0,15,48.14
4829.0,16,48.77
4829.0,17,48.77
4830.0,15,49.18
4830.0,16,55.77
4830.0,17,55.77
4831.0,15,48.63
4831.0,16,52.58
4831.0,17,52.58
4832.0,15,48.32
4832.0,16,52.63
4832.0,17,52.63
4833.0,15,48.7
4833.0,16,50.94
4833.0,17,56.08
4834.0,15,46.16
4834.0,16,45.82
4834.0,17,59.23
4835.0,15,45.08
4835.0,16,37.88
4835.0,17,60.43
4836.0,15,44.07
4836.0,16,36.08
4836.0,17,62.64
4837.0,15,44.28
4837.0,16,39.27
4837.0,17,62.46
4838.0,15,45.3
4838.0,16,43.97
4838.0,17,62.45
4839.0,15,47.95
4839.0,16,48.92
4839.0,17,66.71
4840.0,15,51.09
4840.0,16,56.55
4840.0,17,56.55
4841.0,15,54.34
4841.0,16,66.39
4841.0,17,66.39
4842.0,15,51.04
4842.0,16,60.83
4842.0,17,60.83
4843.0,15,50.06
4843.0,16,55.92
4843.0,17,55.92
4844.0,15,49.35
4844.0,16,55.13
4844.0,17,55.13
4845.0,15,43.39
4845.0,16,48.65
4845.0,17,48.65
4846.0,15,44.24
4846.0,16,37.83
4846.0,17,37.83
4847.0,15,39.95
4847.0,16,37.61
4847.0,17,37.61
4848.0,15,35.22
4848.0,16,35.64
4848.0,17,35.64
4849.0,15,32.1
4849.0,16,31.82
4849.0,17,31.82
4850.0,15,33.09
4850.0,16,32.22
4850.0,17,32.22
4851.0,15,35.89
4851.0,16,35.0
4851.0,17,35.0
4852.0,15,45.19
4852.0,16,44.24
4852.0,17,26.82
4853.0,15,54.35
4853.0,16,53.64
4853.0,17,49.69
4854.0,15,59.6
4854.0,16,56.92
4854.0,17,56.92
4855.0,15,59.89
4855.0,16,52.51
4855.0,17,52.51
4856.0,15,57.49
4856.0,16,55.09
4856.0,17,55.09
4857.0,15,56.58
4857.0,16,54.15
4857.0,17,54.15
4858.0,15,52.86
4858.0,16,49.96
4858.0,17,49.96
4859.0,15,48.97
4859.0,16,48.07
4859.0,17,48.07
4860.0,15,47.95
4860.0,16,48.02
4860.0,17,50.33
4861.0,15,49.46
4861.0,16,49.15
4861.0,17,49.15
4862.0,15,52.01
4862.0,16,51.27
4862.0,17,51.27
4863.0,15,56.14
4863.0,16,52.9
4863.0,17,52.9
4864.0,15,61.95
4864.0,16,50.72
4864.0,17,50.72
4865.0,15,65.4
4865.0,16,51.7
4865.0,17,51.7
4866.0,15,58.09
4866.0,16,50.56
4866.0,17,50.56
4867.0,15,54.38
4867.0,16,49.98
4867.0,17,49.98
4868.0,15,54.49
4868.0,16,49.94
4868.0,17,49.94
4869.0,15,47.06
4869.0,16,41.89
4869.0,17,41.89
4870.0,15,36.65
4870.0,16,36.06
4870.0,17,37.3
4871.0,15,35.14
4871.0,16,35.5
4871.0,17,35.5
4872.0,15,33.8
4872.0,16,33.1
4872.0,17,33.1
4873.0,15,31.54
4873.0,16,30.52
4873.0,17,30.52
4874.0,15,32.21
4874.0,16,32.3
4874.0,17,32.3
4875.0,15,34.85
4875.0,16,35.2
4875.0,17,35.2
4876.0,15,42.55
4876.0,16,39.99
4876.0,17,39.99
4877.0,15,51.74
4877.0,16,49.94
4877.0,17,49.94
4878.0,15,55.99
4878.0,16,50.66
4878.0,17,50.66
4879.0,15,55.17
4879.0,16,54.87
4879.0,17,54.87
4880.0,15,55.79
4880.0,16,51.91
4880.0,17,51.91
4881.0,15,55.95
4881.0,16,52.92
4881.0,17,52.92
4882.0,15,51.85
4882.0,16,54.91
4882.0,17,58.67
4883.0,15,50.36
4883.0,16,54.72
4883.0,17,58.64
4884.0,15,49.52
4884.0,16,51.83
4884.0,17,58.33
4885.0,15,50.48
4885.0,16,51.5
4885.0,17,54.95
4886.0,15,50.95
4886.0,16,51.94
4886.0,17,51.94
4887.0,15,52.93
4887.0,16,51.37
4887.0,17,51.37
4888.0,15,53.67
4888.0,16,51.94
4888.0,17,51.94
4889.0,15,55.22
4889.0,16,53.37
4889.0,17,53.37
4890.0,15,52.02
4890.0,16,55.93
4890.0,17,55.93
4891.0,15,48.97
4891.0,16,52.95
4891.0,17,52.95
4892.0,15,48.95
4892.0,16,53.39
4892.0,17,54.26
4893.0,15,42.77
4893.0,16,45.46
4893.0,17,47.38
4894.0,15,39.14
4894.0,16,41.97
4894.0,17,41.97
4895.0,15,38.01
4895.0,16,36.59
4895.0,17,36.59
4896.0,15,35.57
4896.0,16,34.36
4896.0,17,34.36
4897.0,15,33.99
4897.0,16,32.43
4897.0,17,32.43
4898.0,15,34.14
4898.0,16,33.05
4898.0,17,33.05
4899.0,15,36.67
4899.0,16,34.0
4899.0,17,34.0
4900.0,15,42.03
4900.0,16,42.96
4900.0,17,42.96
4901.0,15,50.77
4901.0,16,55.25
4901.0,17,55.25
4902.0,15,52.24
4902.0,16,55.17
4902.0,17,55.17
4903.0,15,52.66
4903.0,16,56.91
4903.0,17,56.91
4904.0,15,50.86
4904.0,16,53.45
4904.0,17,53.45
4905.0,15,51.16
4905.0,16,52.62
4905.0,17,52.62
4906.0,15,49.72
4906.0,16,51.92
4906.0,17,51.92
4907.0,15,48.32
4907.0,16,49.95
4907.0,17,49.95
4908.0,15,47.22
4908.0,16,48.78
4908.0,17,48.78
4909.0,15,46.58
4909.0,16,47.92
4909.0,17,47.92
4910.0,15,47.09
4910.0,16,48.0
4910.0,17,48.0
4911.0,15,48.55
4911.0,16,49.6
4911.0,17,49.6
4912.0,15,47.79
4912.0,16,51.28
4912.0,17,51.28
4913.0,15,48.01
4913.0,16,49.94
4913.0,17,49.94
4914.0,15,46.04
4914.0,16,45.93
4914.0,17,45.93
4915.0,15,43.76
4915.0,16,43.1
4915.0,17,43.1
4916.0,15,42.98
4916.0,16,42.75
4916.0,17,42.75
4917.0,15,37.01
4917.0,16,34.05
4917.0,17,36.69
4918.0,15,27.94
4918.0,16,22.41
4918.0,17,22.41
4919.0,15,24.63
4919.0,16,19.6
4919.0,17,20.79
4920.0,15,22.89
4920.0,16,16.19
4920.0,17,19.9
4921.0,15,21.14
4921.0,16,16.12
4921.0,17,17.88
4922.0,15,19.09
4922.0,16,16.15
4922.0,17,16.55
4923.0,15,19.51
4923.0,16,15.62
4923.0,17,15.62
4924.0,15,21.07
4924.0,16,15.08
4924.0,17,15.08
4925.0,15,24.24
4925.0,16,22.62
4925.0,17,14.69
4926.0,15,24.52
4926.0,16,25.3
4926.0,17,18.08
4927.0,15,27.11
4927.0,16,24.71
4927.0,17,20.97
4928.0,15,25.94
4928.0,16,20.85
4928.0,17,20.85
4929.0,15,23.57
4929.0,16,16.78
4929.0,17,19.93
4930.0,15,20.53
4930.0,16,16.19
4930.0,17,21.04
4931.0,15,17.91
4931.0,16,12.92
4931.0,17,19.76
4932.0,15,16.1
4932.0,16,6.1
4932.0,17,19.34
4933.0,15,14.64
4933.0,16,5.57
4933.0,17,19.28
4934.0,15,12.81
4934.0,16,10.57
4934.0,17,19.74
4935.0,15,13.53
4935.0,16,14.7
4935.0,17,20.21
4936.0,15,18.52
4936.0,16,16.17
4936.0,17,22.35
4937.0,15,20.34
4937.0,16,15.76
4937.0,17,23.89
4938.0,15,18.24
4938.0,16,15.97
4938.0,17,21.33
4939.0,15,18.72
4939.0,16,15.06
4939.0,17,21.01
4940.0,15,24.12
4940.0,16,12.95
4940.0,17,25.22
4941.0,15,18.46
4941.0,16,6.53
4941.0,17,25.7
4942.0,15,18.13
4942.0,16,-0.09
4942.0,17,18.18
4943.0,15,12.89
4943.0,16,-5.31
4943.0,17,16.8
4944.0,15,8.59
4944.0,16,-1.84
4944.0,17,16.04
4945.0,15,7.59
4945.0,16,0.01
4945.0,17,14.4
4946.0,15,4.69
4946.0,16,0.03
4946.0,17,14.2
4947.0,15,4.1
4947.0,16,0.03
4947.0,17,14.22
4948.0,15,6.16
4948.0,16,1.15
4948.0,17,7.1
4949.0,15,6.0
4949.0,16,1.66
4949.0,17,6.47
4950.0,15,8.76
4950.0,16,2.12
4950.0,17,12.68
4951.0,15,11.99
4951.0,16,2.18
4951.0,17,14.46
4952.0,15,10.93
4952.0,16,0.04
4952.0,17,16.0
4953.0,15,10.84
4953.0,16,2.52
4953.0,17,15.26
4954.0,15,12.27
4954.0,16,2.07
4954.0,17,16.12
4955.0,15,13.4
4955.0,16,0.06
4955.0,17,16.49
4956.0,15,10.6
4956.0,16,0.1
4956.0,17,15.05
4957.0,15,12.77
4957.0,16,4.37
4957.0,17,14.14
4958.0,15,16.73
4958.0,16,10.65
4958.0,17,16.87
4959.0,15,22.15
4959.0,16,24.08
4959.0,17,18.37
4960.0,15,27.5
4960.0,16,35.92
4960.0,17,19.05
4961.0,15,32.04
4961.0,16,36.29
4961.0,17,21.55
4962.0,15,32.98
4962.0,16,36.96
4962.0,17,21.11
4963.0,15,33.41
4963.0,16,39.0
4963.0,17,21.29
4964.0,15,34.02
4964.0,16,39.96
4964.0,17,24.44
4965.0,15,29.95
4965.0,16,32.96
4965.0,17,23.63
4966.0,15,29.08
4966.0,16,25.5
4966.0,17,23.93
4967.0,15,25.55
4967.0,16,20.2
4967.0,17,20.2
4968.0,15,23.84
4968.0,16,16.81
4968.0,17,16.81
4969.0,15,20.59
4969.0,16,15.85
4969.0,17,14.28
4970.0,15,20.56
4970.0,16,15.88
4970.0,17,14.18
4971.0,15,22.96
4971.0,16,23.04
4971.0,17,16.89
4972.0,15,30.08
4972.0,16,35.75
4972.0,17,19.16
4973.0,15,34.97
4973.0,16,42.06
4973.0,17,24.66
4974.0,15,35.98
4974.0,16,43.61
4974.0,17,30.82
4975.0,15,35.95
4975.0,16,44.98
4975.0,17,32.67
4976.0,15,35.93
4976.0,16,42.95
4976.0,17,27.31
4977.0,15,35.47
4977.0,16,41.79
4977.0,17,27.51
4978.0,15,33.06
4978.0,16,40.02
4978.0,17,32.03
4979.0,15,31.88
4979.0,16,35.96
4979.0,17,28.3
4980.0,15,31.72
4980.0,16,31.56
4980.0,17,29.34
4981.0,15,31.66
4981.0,16,29.01
4981.0,17,25.04
4982.0,15,31.74
4982.0,16,26.48
4982.0,17,25.15
4983.0,15,31.61
4983.0,16,29.03
4983.0,17,26.46
4984.0,15,33.53
4984.0,16,31.34
4984.0,17,31.34
4985.0,15,34.79
4985.0,16,34.86
4985.0,17,28.91
4986.0,15,33.5
4986.0,16,33.05
4986.0,17,30.04
4987.0,15,33.63
4987.0,16,30.99
4987.0,17,30.99
4988.0,15,31.67
4988.0,16,30.55
4988.0,17,30.55
4989.0,15,28.32
4989.0,16,25.46
4989.0,17,26.59
4990.0,15,21.47
4990.0,16,19.13
4990.0,17,19.13
4991.0,15,17.5
4991.0,16,16.27
4991.0,17,16.27
4992.0,15,15.12
4992.0,16,15.47
4992.0,17,15.47
4993.0,15,11.95
4993.0,16,10.54
4993.0,17,10.54
4994.0,15,13.15
4994.0,16,12.6
4994.0,17,12.6
4995.0,15,16.53
4995.0,16,16.61
4995.0,17,16.61
4996.0,15,23.99
4996.0,16,23.09
4996.0,17,23.09
4997.0,15,29.47
4997.0,16,30.54
4997.0,17,28.84
4998.0,15,32.46
4998.0,16,31.0
4998.0,17,31.0
4999.0,15,31.04
4999.0,16,31.34
4999.0,17,31.34
5000.0,15,29.88
5000.0,16,27.07
5000.0,17,29.84
5001.0,15,29.14
5001.0,16,26.42
5001.0,17,31.14
5002.0,15,28.98
5002.0,16,23.88
5002.0,17,29.89
5003.0,15,29.71
5003.0,16,22.87
5003.0,17,28.62
5004.0,15,28.47
5004.0,16,19.98
5004.0,17,26.73
5005.0,15,27.99
5005.0,16,20.08
5005.0,17,26.26
5006.0,15,27.66
5006.0,16,23.29
5006.0,17,28.53
5007.0,15,29.05
5007.0,16,27.51
5007.0,17,30.1
5008.0,15,31.18
5008.0,16,32.96
5008.0,17,32.96
5009.0,15,34.7
5009.0,16,33.82
5009.0,17,34.04
5010.0,15,33.65
5010.0,16,31.88
5010.0,17,31.88
5011.0,15,34.22
5011.0,16,32.18
5011.0,17,32.18
5012.0,15,34.07
5012.0,16,34.42
5012.0,17,35.3
5013.0,15,29.56
5013.0,16,26.42
5013.0,17,32.01
5014.0,15,22.1
5014.0,16,21.05
5014.0,17,21.05
5015.0,15,20.34
5015.0,16,19.02
5015.0,17,20.67
5016.0,15,19.0
5016.0,16,16.36
5016.0,17,17.71
5017.0,15,15.93
5017.0,16,15.5
5017.0,17,15.5
5018.0,15,16.66
5018.0,16,16.13
5018.0,17,16.13
5019.0,15,21.13
5019.0,16,18.68
5019.0,17,18.68
5020.0,15,28.79
5020.0,16,27.05
5020.0,17,27.05
5021.0,15,35.47
5021.0,16,34.79
5021.0,17,34.79
5022.0,15,37.09
5022.0,16,37.93
5022.0,17,37.93
5023.0,15,36.19
5023.0,16,37.09
5023.0,17,37.09
5024.0,15,34.11
5024.0,16,34.88
5024.0,17,34.88
5025.0,15,33.61
5025.0,16,36.92
5025.0,17,37.02
5026.0,15,31.03
5026.0,16,35.44
5026.0,17,35.58
5027.0,15,30.03
5027.0,16,30.96
5027.0,17,31.99
5028.0,15,28.57
5028.0,16,29.33
5028.0,17,30.47
5029.0,15,28.02
5029.0,16,25.64
5029.0,17,27.54
5030.0,15,27.81
5030.0,16,25.13
5030.0,17,27.12
5031.0,15,28.0
5031.0,16,25.42
5031.0,17,27.35
5032.0,15,29.73
5032.0,16,27.07
5032.0,17,28.16
5033.0,15,30.77
5033.0,16,31.38
5033.0,17,31.51
5034.0,15,27.74
5034.0,16,31.5
5034.0,17,31.5
5035.0,15,27.26
5035.0,16,30.97
5035.0,17,30.97
5036.0,15,27.1
5036.0,16,27.33
5036.0,17,32.36
5037.0,15,21.09
5037.0,16,22.07
5037.0,17,25.7
5038.0,15,16.51
5038.0,16,16.12
5038.0,17,18.85
5039.0,15,14.13
5039.0,16,15.38
5039.0,17,19.06
5040.0,15,12.17
5040.0,16,8.35
5040.0,17,21.1
5041.0,15,10.09
5041.0,16,5.84
5041.0,17,15.0
5042.0,15,10.84
5042.0,16,11.14
5042.0,17,14.07
5043.0,15,14.85
5043.0,16,16.67
5043.0,17,19.42
5044.0,15,22.02
5044.0,16,20.77
5044.0,17,22.05
5045.0,15,29.07
5045.0,16,30.74
5045.0,17,33.46
5046.0,15,30.03
5046.0,16,33.16
5046.0,17,34.39
5047.0,15,28.13
5047.0,16,26.9
5047.0,17,34.04
5048.0,15,26.98
5048.0,16,23.48
5048.0,17,31.28
5049.0,15,28.8
5049.0,16,25.08
5049.0,17,31.76
5050.0,15,28.77
5050.0,16,22.34
5050.0,17,30.49
5051.0,15,28.34
5051.0,16,23.46
5051.0,17,29.54
5052.0,15,29.0
5052.0,16,23.41
5052.0,17,30.9
5053.0,15,28.51
5053.0,16,25.14
5053.0,17,30.85
5054.0,15,30.16
5054.0,16,26.41
5054.0,17,31.24
5055.0,15,33.01
5055.0,16,26.88
5055.0,17,36.31
5056.0,15,36.36
5056.0,16,32.19
5056.0,17,47.26
5057.0,15,39.83
5057.0,16,37.91
5057.0,17,48.64
5058.0,15,39.63
5058.0,16,37.27
5058.0,17,42.49
5059.0,15,39.72
5059.0,16,36.94
5059.0,17,40.89
5060.0,15,38.17
5060.0,16,34.41
5060.0,17,41.45
5061.0,15,32.35
5061.0,16,27.91
5061.0,17,35.53
5062.0,15,26.31
5062.0,16,25.21
5062.0,17,25.21
5063.0,15,24.2
5063.0,16,22.07
5063.0,17,23.56
5064.0,15,22.08
5064.0,16,18.86
5064.0,17,22.61
5065.0,15,20.1
5065.0,16,16.18
5065.0,17,19.52
5066.0,15,21.3
5066.0,16,18.94
5066.0,17,19.13
5067.0,15,25.65
5067.0,16,22.99
5067.0,17,22.99
5068.0,15,33.4
5068.0,16,32.32
5068.0,17,24.86
5069.0,15,39.47
5069.0,16,37.92
5069.0,17,37.92
5070.0,15,41.53
5070.0,16,38.88
5070.0,17,38.88
5071.0,15,39.0
5071.0,16,33.99
5071.0,17,38.32
5072.0,15,35.54
5072.0,16,29.23
5072.0,17,36.97
5073.0,15,34.96
5073.0,16,28.29
5073.0,17,36.75
5074.0,15,32.89
5074.0,16,26.06
5074.0,17,35.28
5075.0,15,31.25
5075.0,16,25.58
5075.0,17,31.75
5076.0,15,30.32
5076.0,16,25.25
5076.0,17,30.02
5077.0,15,30.82
5077.0,16,25.69
5077.0,17,28.44
5078.0,15,32.69
5078.0,16,29.37
5078.0,17,29.5
5079.0,15,35.95
5079.0,16,34.96
5079.0,17,34.96
5080.0,15,41.31
5080.0,16,39.66
5080.0,17,39.66
5081.0,15,44.18
5081.0,16,44.82
5081.0,17,36.7
5082.0,15,42.85
5082.0,16,45.44
5082.0,17,36.41
5083.0,15,41.72
5083.0,16,41.2
5083.0,17,34.57
5084.0,15,41.04
5084.0,16,37.81
5084.0,17,37.81
5085.0,15,36.07
5085.0,16,31.84
5085.0,17,31.84
5086.0,15,29.15
5086.0,16,25.5
5086.0,17,25.5
5087.0,15,26.72
5087.0,16,23.19
5087.0,17,23.19
5088.0,15,25.13
5088.0,16,21.3
5088.0,17,25.65
5089.0,15,24.08
5089.0,16,22.03
5089.0,17,22.03
5090.0,15,24.13
5090.0,16,21.91
5090.0,17,21.91
5091.0,15,23.43
5091.0,16,22.04
5091.0,17,22.04
5092.0,15,24.32
5092.0,16,22.13
5092.0,17,22.13
5093.0,15,26.17
5093.0,16,22.22
5093.0,17,23.35
5094.0,15,29.24
5094.0,16,24.45
5094.0,17,24.45
5095.0,15,29.08
5095.0,16,23.49
5095.0,17,26.37
5096.0,15,26.52
5096.0,16,17.07
5096.0,17,24.23
5097.0,15,25.54
5097.0,16,16.18
5097.0,17,24.96
5098.0,15,26.58
5098.0,16,15.35
5098.0,17,25.67
5099.0,15,24.07
5099.0,16,12.76
5099.0,17,25.1
5100.0,15,23.43
5100.0,16,12.78
5100.0,17,23.7
5101.0,15,23.05
5101.0,16,14.22
5101.0,17,24.35
5102.0,15,25.3
5102.0,16,16.02
5102.0,17,25.64
5103.0,15,29.91
5103.0,16,25.01
5103.0,17,25.01
5104.0,15,33.1
5104.0,16,30.03
5104.0,17,30.03
5105.0,15,34.1
5105.0,16,32.86
5105.0,17,32.86
5106.0,15,34.78
5106.0,16,30.27
5106.0,17,30.27
5107.0,15,33.53
5107.0,16,30.27
5107.0,17,30.27
5108.0,15,32.16
5108.0,16,31.07
5108.0,17,32.05
5109.0,15,28.32
5109.0,16,25.37
5109.0,17,29.95
5110.0,15,26.07
5110.0,16,17.09
5110.0,17,21.58
5111.0,15,23.05
5111.0,16,16.0
5111.0,17,18.53
5112.0,15,21.56
5112.0,16,14.93
5112.0,17,19.38
5113.0,15,19.07
5113.0,16,14.56
5113.0,17,17.37
5114.0,15,18.65
5114.0,16,15.04
5114.0,17,15.04
5115.0,15,19.16
5115.0,16,14.82
5115.0,17,15.91
5116.0,15,19.04
5116.0,16,15.32
5116.0,17,15.32
5117.0,15,19.88
5117.0,16,15.58
5117.0,17,15.58
5118.0,15,18.71
5118.0,16,14.93
5118.0,17,15.71
5119.0,15,18.27
5119.0,16,14.16
5119.0,17,16.09
5120.0,15,15.0
5120.0,16,12.71
5120.0,17,17.38
5121.0,15,15.97
5121.0,16,13.89
5121.0,17,17.65
5122.0,15,15.76
5122.0,16,11.5
5122.0,17,17.63
5123.0,15,14.07
5123.0,16,10.03
5123.0,17,16.15
5124.0,15,12.57
5124.0,16,9.2
5124.0,17,14.8
5125.0,15,13.01
5125.0,16,9.66
5125.0,17,12.24
5126.0,15,15.17
5126.0,16,12.06
5126.0,17,15.26
5127.0,15,21.46
5127.0,16,15.05
5127.0,17,16.37
5128.0,15,28.0
5128.0,16,22.36
5128.0,17,22.36
5129.0,15,31.94
5129.0,16,27.98
5129.0,17,25.53
5130.0,15,32.74
5130.0,16,30.01
5130.0,17,25.66
5131.0,15,33.06
5131.0,16,33.02
5131.0,17,25.81
5132.0,15,33.06
5132.0,16,29.95
5132.0,17,29.95
5133.0,15,28.82
5133.0,16,25.03
5133.0,17,25.03
5134.0,15,25.01
5134.0,16,23.03
5134.0,17,26.18
5135.0,15,22.52
5135.0,16,17.02
5135.0,17,20.96
5136.0,15,20.9
5136.0,16,16.02
5136.0,17,18.58
5137.0,15,18.81
5137.0,16,15.0
5137.0,17,15.0
5138.0,15,18.08
5138.0,16,14.09
5138.0,17,14.09
5139.0,15,23.37
5139.0,16,19.08
5139.0,17,20.17
5140.0,15,31.11
5140.0,16,25.25
5140.0,17,25.24
5141.0,15,37.55
5141.0,16,33.82
5141.0,17,25.78
5142.0,15,38.09
5142.0,16,38.55
5142.0,17,38.55
5143.0,15,37.09
5143.0,16,36.98
5143.0,17,37.12
5144.0,15,35.53
5144.0,16,34.31
5144.0,17,35.91
5145.0,15,35.14
5145.0,16,31.4
5145.0,17,35.27
5146.0,15,34.52
5146.0,16,26.39
5146.0,17,36.09
5147.0,15,33.1
5147.0,16,25.24
5147.0,17,35.68
5148.0,15,32.02
5148.0,16,24.03
5148.0,17,34.64
5149.0,15,31.48
5149.0,16,25.43
5149.0,17,33.31
5150.0,15,34.59
5150.0,16,26.57
5150.0,17,31.74
5151.0,15,37.71
5151.0,16,34.38
5151.0,17,34.38
5152.0,15,40.26
5152.0,16,37.78
5152.0,17,37.78
5153.0,15,43.41
5153.0,16,40.97
5153.0,17,40.03
5154.0,15,42.07
5154.0,16,40.86
5154.0,17,36.62
5155.0,15,41.75
5155.0,16,40.83
5155.0,17,39.65
5156.0,15,40.57
5156.0,16,39.0
5156.0,17,41.71
5157.0,15,34.37
5157.0,16,28.39
5157.0,17,34.05
5158.0,15,28.04
5158.0,16,26.69
5158.0,17,31.52
5159.0,15,24.42
5159.0,16,26.0
5159.0,17,28.04
5160.0,15,22.03
5160.0,16,24.56
5160.0,17,26.47
5161.0,15,19.35
5161.0,16,19.08
5161.0,17,24.42
5162.0,15,19.78
5162.0,16,21.98
5162.0,17,21.98
5163.0,15,24.14
5163.0,16,25.39
5163.0,17,27.39
5164.0,15,30.16
5164.0,16,28.0
5164.0,17,30.49
5165.0,15,37.95
5165.0,16,37.96
5165.0,17,37.96
5166.0,15,41.76
5166.0,16,36.99
5166.0,17,37.21
5167.0,15,40.06
5167.0,16,36.33
5167.0,17,38.02
5168.0,15,38.02
5168.0,16,35.94
5168.0,17,39.68
5169.0,15,37.73
5169.0,16,35.96
5169.0,17,49.01
5170.0,15,34.38
5170.0,16,33.98
5170.0,17,44.89
5171.0,15,34.4
5171.0,16,30.44
5171.0,17,44.86
5172.0,15,34.52
5172.0,16,32.44
5172.0,17,41.82
5173.0,15,33.62
5173.0,16,37.64
5173.0,17,37.64
5174.0,15,34.1
5174.0,16,38.98
5174.0,17,38.98
5175.0,15,37.08
5175.0,16,39.93
5175.0,17,39.93
5176.0,15,38.83
5176.0,16,39.94
5176.0,17,39.94
5177.0,15,39.62
5177.0,16,39.9
5177.0,17,39.9
5178.0,15,37.14
5178.0,16,40.27
5178.0,17,40.27
5179.0,15,37.09
5179.0,16,38.37
5179.0,17,41.31
5180.0,15,37.21
5180.0,16,38.62
5180.0,17,44.15
5181.0,15,30.05
5181.0,16,31.39
5181.0,17,38.77
5182.0,15,27.86
5182.0,16,30.4
5182.0,17,30.4
5183.0,15,27.01
5183.0,16,28.86
5183.0,17,28.86
5184.0,15,26.06
5184.0,16,28.05
5184.0,17,28.05
5185.0,15,22.89
5185.0,16,25.18
5185.0,17,25.18
5186.0,15,24.04
5186.0,16,24.07
5186.0,17,23.47
5187.0,15,27.58
5187.0,16,27.33
5187.0,17,27.33
5188.0,15,32.62
5188.0,16,33.79
5188.0,17,32.05
5189.0,15,39.03
5189.0,16,40.89
5189.0,17,32.46
5190.0,15,38.6
5190.0,16,43.75
5190.0,17,43.75
5191.0,15,38.04
5191.0,16,41.03
5191.0,17,43.5
5192.0,15,37.08
5192.0,16,38.74
5192.0,17,40.13
5193.0,15,37.32
5193.0,16,36.9
5193.0,17,38.92
5194.0,15,36.02
5194.0,16,31.42
5194.0,17,35.18
5195.0,15,35.07
5195.0,16,29.58
5195.0,17,32.53
5196.0,15,34.59
5196.0,16,29.55
5196.0,17,32.87
5197.0,15,35.01
5197.0,16,29.2
5197.0,17,32.24
5198.0,15,37.31
5198.0,16,29.8
5198.0,17,35.29
5199.0,15,39.91
5199.0,16,37.54
5199.0,17,37.54
5200.0,15,41.05
5200.0,16,44.03
5200.0,17,42.19
5201.0,15,43.09
5201.0,16,46.9
5201.0,17,46.61
5202.0,15,43.66
5202.0,16,41.92
5202.0,17,41.62
5203.0,15,43.2
5203.0,16,43.93
5203.0,17,43.93
5204.0,15,42.01
5204.0,16,41.18
5204.0,17,41.77
5205.0,15,35.18
5205.0,16,31.33
5205.0,17,34.47
5206.0,15,31.71
5206.0,16,30.24
5206.0,17,30.24
5207.0,15,29.23
5207.0,16,27.95
5207.0,17,27.95
5208.0,15,27.3
5208.0,16,25.14
5208.0,17,25.14
5209.0,15,23.05
5209.0,16,23.21
5209.0,17,23.21
5210.0,15,22.41
5210.0,16,23.02
5210.0,17,23.02
5211.0,15,25.62
5211.0,16,25.46
5211.0,17,25.46
5212.0,15,32.01
5212.0,16,31.32
5212.0,17,31.32
5213.0,15,38.66
5213.0,16,39.94
5213.0,17,39.94
5214.0,15,41.93
5214.0,16,42.72
5214.0,17,42.72
5215.0,15,40.87
5215.0,16,38.42
5215.0,17,40.22
5216.0,15,37.99
5216.0,16,36.91
5216.0,17,39.24
5217.0,15,37.0
5217.0,16,34.58
5217.0,17,38.28
5218.0,15,33.98
5218.0,16,30.49
5218.0,17,38.49
5219.0,15,32.8
5219.0,16,29.02
5219.0,17,37.23
5220.0,15,32.6
5220.0,16,28.74
5220.0,17,34.78
5221.0,15,31.07
5221.0,16,28.78
5221.0,17,35.31
5222.0,15,33.43
5222.0,16,30.93
5222.0,17,36.47
5223.0,15,38.72
5223.0,16,38.93
5223.0,17,39.35
5224.0,15,43.16
5224.0,16,43.03
5224.0,17,43.03
5225.0,15,44.94
5225.0,16,48.92
5225.0,17,48.92
5226.0,15,41.98
5226.0,16,45.18
5226.0,17,45.18
5227.0,15,42.44
5227.0,16,44.93
5227.0,17,44.93
5228.0,15,41.91
5228.0,16,42.87
5228.0,17,42.87
5229.0,15,33.56
5229.0,16,35.95
5229.0,17,38.43
5230.0,15,32.4
5230.0,16,30.35
5230.0,17,31.76
5231.0,15,30.03
5231.0,16,28.73
5231.0,17,28.73
5232.0,15,27.56
5232.0,16,26.56
5232.0,17,28.3
5233.0,15,25.51
5233.0,16,25.36
5233.0,17,26.05
5234.0,15,25.32
5234.0,16,25.28
5234.0,17,25.28
5235.0,15,28.54
5235.0,16,27.4
5235.0,17,27.4
5236.0,15,34.96
5236.0,16,32.28
5236.0,17,32.28
5237.0,15,40.98
5237.0,16,38.68
5237.0,17,38.68
5238.0,15,43.32
5238.0,16,39.82
5238.0,17,39.82
5239.0,15,41.96
5239.0,16,38.93
5239.0,17,38.93
5240.0,15,41.65
5240.0,16,38.82
5240.0,17,39.19
5241.0,15,38.52
5241.0,16,36.95
5241.0,17,39.69
5242.0,15,35.48
5242.0,16,32.56
5242.0,17,37.08
5243.0,15,34.95
5243.0,16,29.32
5243.0,17,34.91
5244.0,15,32.81
5244.0,16,28.87
5244.0,17,34.39
5245.0,15,32.03
5245.0,16,29.14
5245.0,17,32.64
5246.0,15,33.63
5246.0,16,30.99
5246.0,17,30.99
5247.0,15,38.17
5247.0,16,38.96
5247.0,17,38.97
5248.0,15,40.27
5248.0,16,42.3
5248.0,17,42.3
5249.0,15,42.36
5249.0,16,43.97
5249.0,17,43.97
5250.0,15,40.46
5250.0,16,41.41
5250.0,17,41.41
5251.0,15,38.94
5251.0,16,41.57
5251.0,17,41.57
5252.0,15,37.92
5252.0,16,40.98
5252.0,17,42.52
5253.0,15,31.93
5253.0,16,31.98
5253.0,17,36.59
5254.0,15,28.6
5254.0,16,31.22
5254.0,17,31.22
5255.0,15,27.05
5255.0,16,27.38
5255.0,17,27.38
5256.0,15,25.57
5256.0,16,26.23
5256.0,17,26.23
5257.0,15,24.08
5257.0,16,25.21
5257.0,17,25.21
5258.0,15,23.03
5258.0,16,23.05
5258.0,17,23.05
5259.0,15,23.75
5259.0,16,23.04
5259.0,17,23.04
5260.0,15,23.34
5260.0,16,25.24
5260.0,17,25.24
5261.0,15,25.06
5261.0,16,28.31
5261.0,17,28.31
5262.0,15,26.69
5262.0,16,29.91
5262.0,17,29.91
5263.0,15,26.59
5263.0,16,31.56
5263.0,17,31.56
5264.0,15,25.06
5264.0,16,28.02
5264.0,17,28.02
5265.0,15,23.85
5265.0,16,27.2
5265.0,17,27.2
5266.0,15,22.22
5266.0,16,25.24
5266.0,17,27.09
5267.0,15,21.07
5267.0,16,23.49
5267.0,17,25.77
5268.0,15,19.0
5268.0,16,22.14
5268.0,17,23.83
5269.0,15,19.53
5269.0,16,24.11
5269.0,17,24.11
5270.0,15,19.39
5270.0,16,25.28
5270.0,17,25.28
5271.0,15,25.56
5271.0,16,29.57
5271.0,17,29.57
5272.0,15,29.05
5272.0,16,31.95
5272.0,17,31.95
5273.0,15,30.0
5273.0,16,33.96
5273.0,17,30.92
5274.0,15,29.5
5274.0,16,33.91
5274.0,17,29.19
5275.0,15,29.91
5275.0,16,34.92
5275.0,17,30.95
5276.0,15,31.17
5276.0,16,35.26
5276.0,17,32.85
5277.0,15,27.6
5277.0,16,32.65
5277.0,17,32.65
5278.0,15,26.59
5278.0,16,27.02
5278.0,17,27.83
5279.0,15,23.07
5279.0,16,25.28
5279.0,17,25.28
5280.0,15,22.08
5280.0,16,24.04
5280.0,17,24.04
5281.0,15,19.13
5281.0,16,22.95
5281.0,17,22.95
5282.0,15,18.16
5282.0,16,22.2
5282.0,17,22.2
5283.0,15,17.43
5283.0,16,22.01
5283.0,17,21.77
5284.0,15,17.63
5284.0,16,21.87
5284.0,17,21.87
5285.0,15,20.09
5285.0,16,21.43
5285.0,17,21.43
5286.0,15,21.54
5286.0,16,22.64
5286.0,17,22.64
5287.0,15,22.7
5287.0,16,23.94
5287.0,17,23.94
5288.0,15,23.4
5288.0,16,25.11
5288.0,17,25.11
5289.0,15,24.81
5289.0,16,26.12
5289.0,17,26.12
5290.0,15,24.17
5290.0,16,23.72
5290.0,17,26.21
5291.0,15,22.24
5291.0,16,23.84
5291.0,17,24.18
5292.0,15,20.93
5292.0,16,23.08
5292.0,17,24.21
5293.0,15,20.04
5293.0,16,23.08
5293.0,17,23.08
5294.0,15,20.17
5294.0,16,24.59
5294.0,17,24.59
5295.0,15,23.08
5295.0,16,28.12
5295.0,17,28.71
5296.0,15,28.08
5296.0,16,35.94
5296.0,17,35.94
5297.0,15,33.22
5297.0,16,37.92
5297.0,17,37.92
5298.0,15,33.29
5298.0,16,36.46
5298.0,17,33.38
5299.0,15,34.78
5299.0,16,36.99
5299.0,17,36.2
5300.0,15,35.4
5300.0,16,36.89
5300.0,17,39.97
5301.0,15,32.29
5301.0,16,32.4
5301.0,17,32.4
5302.0,15,25.35
5302.0,16,30.6
5302.0,17,30.6
5303.0,15,23.99
5303.0,16,27.19
5303.0,17,27.19
5304.0,15,23.34
5304.0,16,25.49
5304.0,17,25.49
5305.0,15,21.79
5305.0,16,23.49
5305.0,17,21.56
5306.0,15,22.53
5306.0,16,23.04
5306.0,17,20.91
5307.0,15,25.96
5307.0,16,25.24
5307.0,17,22.22
5308.0,15,32.93
5308.0,16,37.57
5308.0,17,24.26
5309.0,15,39.63
5309.0,16,41.74
5309.0,17,27.05
5310.0,15,41.66
5310.0,16,43.8
5310.0,17,31.58
5311.0,15,40.9
5311.0,16,40.42
5311.0,17,40.07
5312.0,15,41.01
5312.0,16,39.48
5312.0,17,39.48
5313.0,15,40.54
5313.0,16,39.95
5313.0,17,39.95
5314.0,15,38.29
5314.0,16,36.92
5314.0,17,39.18
5315.0,15,36.94
5315.0,16,35.93
5315.0,17,38.83
5316.0,15,36.26
5316.0,16,31.68
5316.0,17,34.72
5317.0,15,35.06
5317.0,16,31.4
5317.0,17,37.04
5318.0,15,36.51
5318.0,16,34.77
5318.0,17,36.76
5319.0,15,39.44
5319.0,16,39.9
5319.0,17,41.46
5320.0,15,42.16
5320.0,16,39.92
5320.0,17,38.84
5321.0,15,43.13
5321.0,16,39.92
5321.0,17,39.43
5322.0,15,41.99
5322.0,16,36.97
5322.0,17,36.82
5323.0,15,41.91
5323.0,16,36.91
5323.0,17,36.87
5324.0,15,40.91
5324.0,16,31.83
5324.0,17,37.3
5325.0,15,34.09
5325.0,16,29.38
5325.0,17,30.18
5326.0,15,31.02
5326.0,16,29.94
5326.0,17,30.17
5327.0,15,29.58
5327.0,16,28.92
5327.0,17,30.67
5328.0,15,28.25
5328.0,16,27.73
5328.0,17,28.83
5329.0,15,26.19
5329.0,16,26.94
5329.0,17,24.99
5330.0,15,25.9
5330.0,16,27.03
5330.0,17,25.19
5331.0,15,28.03
5331.0,16,29.54
5331.0,17,27.71
5332.0,15,35.66
5332.0,16,37.01
5332.0,17,29.21
5333.0,15,41.72
5333.0,16,44.79
5333.0,17,37.74
5334.0,15,42.3
5334.0,16,46.45
5334.0,17,36.93
5335.0,15,43.0
5335.0,16,45.67
5335.0,17,40.13
5336.0,15,42.62
5336.0,16,45.07
5336.0,17,44.16
5337.0,15,41.93
5337.0,16,47.24
5337.0,17,48.03
5338.0,15,39.06
5338.0,16,43.91
5338.0,17,46.44
5339.0,15,38.02
5339.0,16,40.46
5339.0,17,42.07
5340.0,15,37.06
5340.0,16,36.97
5340.0,17,40.84
5341.0,15,35.37
5341.0,16,36.98
5341.0,17,39.02
5342.0,15,36.46
5342.0,16,38.88
5342.0,17,38.88
5343.0,15,40.79
5343.0,16,43.98
5343.0,17,36.97
5344.0,15,42.4
5344.0,16,43.99
5344.0,17,42.15
5345.0,15,42.31
5345.0,16,44.98
5345.0,17,40.76
5346.0,15,40.05
5346.0,16,44.29
5346.0,17,40.49
5347.0,15,39.54
5347.0,16,45.09
5347.0,17,42.09
5348.0,15,38.28
5348.0,16,42.48
5348.0,17,41.72
5349.0,15,33.08
5349.0,16,32.58
5349.0,17,36.08
5350.0,15,31.25
5350.0,16,29.98
5350.0,17,30.42
5351.0,15,30.67
5351.0,16,28.7
5351.0,17,28.7
5352.0,15,28.96
5352.0,16,27.94
5352.0,17,27.94
5353.0,15,27.45
5353.0,16,26.94
5353.0,17,26.94
5354.0,15,27.91
5354.0,16,27.21
5354.0,17,26.31
5355.0,15,30.35
5355.0,16,29.06
5355.0,17,29.06
5356.0,15,37.41
5356.0,16,37.02
5356.0,17,25.27
5357.0,15,42.92
5357.0,16,45.29
5357.0,17,25.69
5358.0,15,43.3
5358.0,16,42.85
5358.0,17,31.72
5359.0,15,42.93
5359.0,16,43.09
5359.0,17,36.22
5360.0,15,42.81
5360.0,16,42.1
5360.0,17,41.46
5361.0,15,44.42
5361.0,16,44.11
5361.0,17,42.34
5362.0,15,42.9
5362.0,16,40.41
5362.0,17,40.41
5363.0,15,41.41
5363.0,16,37.94
5363.0,17,38.45
5364.0,15,40.21
5364.0,16,36.99
5364.0,17,37.32
5365.0,15,39.89
5365.0,16,37.16
5365.0,17,37.16
5366.0,15,40.08
5366.0,16,39.3
5366.0,17,39.3
5367.0,15,43.52
5367.0,16,42.77
5367.0,17,45.95
5368.0,15,45.02
5368.0,16,42.02
5368.0,17,40.89
5369.0,15,46.02
5369.0,16,43.37
5369.0,17,43.37
5370.0,15,43.94
5370.0,16,43.07
5370.0,17,43.07
5371.0,15,43.08
5371.0,16,43.95
5371.0,17,43.95
5372.0,15,41.47
5372.0,16,40.86
5372.0,17,40.86
5373.0,15,34.78
5373.0,16,29.97
5373.0,17,30.42
5374.0,15,29.76
5374.0,16,28.87
5374.0,17,28.87
5375.0,15,27.83
5375.0,16,28.55
5375.0,17,28.55
5376.0,15,26.79
5376.0,16,25.92
5376.0,17,25.6
5377.0,15,25.68
5377.0,16,25.67
5377.0,17,20.81
5378.0,15,24.92
5378.0,16,25.43
5378.0,17,16.37
5379.0,15,26.79
5379.0,16,27.12
5379.0,17,22.65
5380.0,15,33.63
5380.0,16,31.24
5380.0,17,29.14
5381.0,15,39.73
5381.0,16,40.95
5381.0,17,31.38
5382.0,15,38.38
5382.0,16,44.14
5382.0,17,34.86
5383.0,15,36.23
5383.0,16,42.06
5383.0,17,34.57
5384.0,15,36.02
5384.0,16,40.0
5384.0,17,39.04
5385.0,15,35.54
5385.0,16,39.44
5385.0,17,37.26
5386.0,15,33.03
5386.0,16,35.84
5386.0,17,39.19
5387.0,15,32.59
5387.0,16,31.77
5387.0,17,36.15
5388.0,15,32.03
5388.0,16,31.1
5388.0,17,33.51
5389.0,15,32.51
5389.0,16,31.02
5389.0,17,31.02
5390.0,15,32.88
5390.0,16,32.92
5390.0,17,32.94
5391.0,15,37.45
5391.0,16,40.13
5391.0,17,32.45
5392.0,15,39.1
5392.0,16,42.02
5392.0,17,36.48
5393.0,15,40.04
5393.0,16,41.98
5393.0,17,36.93
5394.0,15,38.4
5394.0,16,39.92
5394.0,17,35.56
5395.0,15,37.53
5395.0,16,37.26
5395.0,17,31.76
5396.0,15,33.76
5396.0,16,30.89
5396.0,17,35.55
5397.0,15,26.7
5397.0,16,26.73
5397.0,17,29.18
5398.0,15,25.92
5398.0,16,24.09
5398.0,17,29.67
5399.0,15,23.28
5399.0,16,23.55
5399.0,17,22.49
5400.0,15,20.59
5400.0,16,17.54
5400.0,17,19.94
5401.0,15,19.04
5401.0,16,18.28
5401.0,17,15.15
5402.0,15,19.05
5402.0,16,17.06
5402.0,17,12.65
5403.0,15,23.33
5403.0,16,25.07
5403.0,17,22.36
5404.0,15,29.04
5404.0,16,28.79
5404.0,17,25.67
5405.0,15,36.36
5405.0,16,36.76
5405.0,17,27.22
5406.0,15,36.92
5406.0,16,35.5
5406.0,17,30.8
5407.0,15,36.0
5407.0,16,36.94
5407.0,17,32.67
5408.0,15,35.09
5408.0,16,32.93
5408.0,17,32.41
5409.0,15,34.07
5409.0,16,31.09
5409.0,17,31.79
5410.0,15,32.22
5410.0,16,28.6
5410.0,17,32.48
5411.0,15,30.03
5411.0,16,27.77
5411.0,17,31.55
5412.0,15,29.0
5412.0,16,26.16
5412.0,17,31.91
5413.0,15,27.69
5413.0,16,27.02
5413.0,17,32.53
5414.0,15,31.02
5414.0,16,29.56
5414.0,17,35.35
5415.0,15,38.91
5415.0,16,39.07
5415.0,17,35.55
5416.0,15,39.15
5416.0,16,38.92
5416.0,17,35.32
5417.0,15,39.56
5417.0,16,38.95
5417.0,17,35.36
5418.0,15,39.94
5418.0,16,37.52
5418.0,17,33.52
5419.0,15,38.41
5419.0,16,38.5
5419.0,17,34.82
5420.0,15,36.37
5420.0,16,38.68
5420.0,17,38.45
5421.0,15,30.29
5421.0,16,32.94
5421.0,17,39.41
5422.0,15,31.02
5422.0,16,32.0
5422.0,17,28.97
5423.0,15,28.36
5423.0,16,27.72
5423.0,17,25.21
5424.0,15,26.39
5424.0,16,29.15
5424.0,17,23.16
5425.0,15,25.93
5425.0,16,27.71
5425.0,17,19.46
5426.0,15,25.52
5426.0,16,26.53
5426.0,17,19.39
5427.0,15,25.08
5427.0,16,24.81
5427.0,17,19.54
5428.0,15,25.57
5428.0,16,26.01
5428.0,17,23.36
5429.0,15,26.07
5429.0,16,27.06
5429.0,17,21.41
5430.0,15,29.92
5430.0,16,30.43
5430.0,17,25.58
5431.0,15,29.83
5431.0,16,33.42
5431.0,17,28.16
5432.0,15,30.53
5432.0,16,36.44
5432.0,17,29.0
5433.0,15,30.59
5433.0,16,35.83
5433.0,17,30.31
5434.0,15,30.36
5434.0,16,36.24
5434.0,17,31.55
5435.0,15,28.99
5435.0,16,34.89
5435.0,17,27.17
5436.0,15,27.74
5436.0,16,30.04
5436.0,17,25.35
5437.0,15,27.73
5437.0,16,27.94
5437.0,17,25.77
5438.0,15,28.91
5438.0,16,30.32
5438.0,17,25.88
5439.0,15,31.12
5439.0,16,36.0
5439.0,17,25.84
5440.0,15,32.69
5440.0,16,37.47
5440.0,17,27.07
5441.0,15,33.45
5441.0,16,38.99
5441.0,17,27.73
5442.0,15,33.78
5442.0,16,38.13
5442.0,17,27.94
5443.0,15,33.05
5443.0,16,39.91
5443.0,17,28.55
5444.0,15,31.79
5444.0,16,38.95
5444.0,17,33.74
5445.0,15,28.9
5445.0,16,31.17
5445.0,17,30.03
5446.0,15,28.72
5446.0,16,31.34
5446.0,17,31.34
5447.0,15,25.45
5447.0,16,29.35
5447.0,17,26.74
5448.0,15,24.25
5448.0,16,28.07
5448.0,17,25.82
5449.0,15,23.59
5449.0,16,27.09
5449.0,17,23.51
5450.0,15,23.18
5450.0,16,27.04
5450.0,17,21.95
5451.0,15,21.89
5451.0,16,27.03
5451.0,17,21.1
5452.0,15,20.63
5452.0,16,26.87
5452.0,17,20.24
5453.0,15,22.51
5453.0,16,26.99
5453.0,17,17.97
5454.0,15,26.0
5454.0,16,28.05
5454.0,17,25.96
5455.0,15,28.71
5455.0,16,30.08
5455.0,17,24.89
5456.0,15,31.06
5456.0,16,32.7
5456.0,17,28.73
5457.0,15,32.81
5457.0,16,37.98
5457.0,17,32.48
5458.0,15,31.06
5458.0,16,37.85
5458.0,17,39.35
5459.0,15,28.93
5459.0,16,31.03
5459.0,17,34.35
5460.0,15,27.92
5460.0,16,29.68
5460.0,17,28.22
5461.0,15,26.42
5461.0,16,28.46
5461.0,17,25.07
5462.0,15,26.65
5462.0,16,27.04
5462.0,17,20.01
5463.0,15,28.97
5463.0,16,29.09
5463.0,17,21.29
5464.0,15,34.92
5464.0,16,32.42
5464.0,17,21.51
5465.0,15,36.33
5465.0,16,33.01
5465.0,17,23.92
5466.0,15,36.24
5466.0,16,31.06
5466.0,17,23.22
5467.0,15,36.92
5467.0,16,33.44
5467.0,17,24.3
5468.0,15,34.5
5468.0,16,30.98
5468.0,17,28.67
5469.0,15,28.96
5469.0,16,24.98
5469.0,17,29.42
5470.0,15,27.74
5470.0,16,29.11
5470.0,17,29.11
5471.0,15,25.4
5471.0,16,28.08
5471.0,17,26.1
5472.0,15,23.82
5472.0,16,26.01
5472.0,17,22.3
5473.0,15,23.12
5473.0,16,28.0
5473.0,17,26.72
5474.0,15,22.99
5474.0,16,26.03
5474.0,17,22.3
5475.0,15,27.72
5475.0,16,28.05
5475.0,17,26.77
5476.0,15,35.54
5476.0,16,34.93
5476.0,17,29.97
5477.0,15,41.42
5477.0,16,43.93
5477.0,17,30.99
5478.0,15,45.19
5478.0,16,46.07
5478.0,17,46.07
5479.0,15,46.52
5479.0,16,48.94
5479.0,17,48.49
5480.0,15,45.12
5480.0,16,51.0
5480.0,17,51.0
5481.0,15,46.44
5481.0,16,50.0
5481.0,17,50.0
5482.0,15,45.59
5482.0,16,49.54
5482.0,17,49.54
5483.0,15,44.22
5483.0,16,48.93
5483.0,17,48.93
5484.0,15,42.16
5484.0,16,47.94
5484.0,17,46.95
5485.0,15,41.46
5485.0,16,44.39
5485.0,17,42.45
5486.0,15,41.05
5486.0,16,43.07
5486.0,17,41.87
5487.0,15,44.72
5487.0,16,44.1
5487.0,17,40.74
5488.0,15,44.47
5488.0,16,44.91
5488.0,17,44.91
5489.0,15,44.08
5489.0,16,45.06
5489.0,17,45.06
5490.0,15,43.13
5490.0,16,44.93
5490.0,17,44.93
5491.0,15,41.76
5491.0,16,43.94
5491.0,17,43.94
5492.0,15,39.46
5492.0,16,39.95
5492.0,17,39.95
5493.0,15,33.5
5493.0,16,33.78
5493.0,17,34.79
5494.0,15,31.18
5494.0,16,28.99
5494.0,17,25.82
5495.0,15,29.08
5495.0,16,27.38
5495.0,17,24.84
5496.0,15,27.87
5496.0,16,25.05
5496.0,17,23.32
5497.0,15,27.53
5497.0,16,23.09
5497.0,17,19.0
5498.0,15,26.29
5498.0,16,22.1
5498.0,17,17.31
5499.0,15,30.7
5499.0,16,27.04
5499.0,17,23.65
5500.0,15,36.76
5500.0,16,32.83
5500.0,17,29.69
5501.0,15,44.02
5501.0,16,36.94
5501.0,17,32.41
5502.0,15,45.61
5502.0,16,41.09
5502.0,17,37.5
5503.0,15,45.63
5503.0,16,42.43
5503.0,17,37.94
5504.0,15,45.0
5504.0,16,42.03
5504.0,17,37.48
5505.0,15,45.62
5505.0,16,42.32
5505.0,17,37.6
5506.0,15,44.4
5506.0,16,40.5
5506.0,17,35.68
5507.0,15,43.74
5507.0,16,41.97
5507.0,17,37.42
5508.0,15,42.9
5508.0,16,41.16
5508.0,17,36.61
5509.0,15,42.08
5509.0,16,40.56
5509.0,17,37.6
5510.0,15,43.2
5510.0,16,40.92
5510.0,17,38.13
5511.0,15,44.52
5511.0,16,43.1
5511.0,17,40.27
5512.0,15,46.87
5512.0,16,44.99
5512.0,17,44.03
5513.0,15,48.05
5513.0,16,45.92
5513.0,17,45.11
5514.0,15,46.85
5514.0,16,45.31
5514.0,17,43.26
5515.0,15,47.0
5515.0,16,45.92
5515.0,17,45.11
5516.0,15,43.66
5516.0,16,44.15
5516.0,17,44.15
5517.0,15,37.84
5517.0,16,36.04
5517.0,17,40.03
5518.0,15,33.37
5518.0,16,33.04
5518.0,17,34.33
5519.0,15,30.92
5519.0,16,29.61
5519.0,17,31.72
5520.0,15,29.92
5520.0,16,28.01
5520.0,17,29.32
5521.0,15,29.09
5521.0,16,27.04
5521.0,17,23.47
5522.0,15,29.05
5522.0,16,27.8
5522.0,17,24.65
5523.0,15,33.0
5523.0,16,30.56
5523.0,17,26.45
5524.0,15,40.45
5524.0,16,36.76
5524.0,17,32.26
5525.0,15,44.05
5525.0,16,42.06
5525.0,17,36.8
5526.0,15,46.07
5526.0,16,45.66
5526.0,17,44.0
5527.0,15,45.07
5527.0,16,45.96
5527.0,17,45.96
5528.0,15,44.23
5528.0,16,45.45
5528.0,17,45.45
5529.0,15,44.59
5529.0,16,45.98
5529.0,17,45.98
5530.0,15,43.16
5530.0,16,43.57
5530.0,17,43.57
5531.0,15,42.91
5531.0,16,42.94
5531.0,17,42.94
5532.0,15,41.06
5532.0,16,41.47
5532.0,17,41.47
5533.0,15,41.97
5533.0,16,41.93
5533.0,17,41.93
5534.0,15,42.05
5534.0,16,41.92
5534.0,17,41.92
5535.0,15,44.66
5535.0,16,43.08
5535.0,17,39.86
5536.0,15,45.08
5536.0,16,44.02
5536.0,17,41.84
5537.0,15,45.09
5537.0,16,46.35
5537.0,17,44.94
5538.0,15,44.33
5538.0,16,45.31
5538.0,17,43.57
5539.0,15,44.53
5539.0,16,43.99
5539.0,17,41.79
5540.0,15,43.35
5540.0,16,41.23
5540.0,17,41.23
5541.0,15,38.58
5541.0,16,33.23
5541.0,17,36.88
5542.0,15,30.96
5542.0,16,30.76
5542.0,17,32.09
5543.0,15,28.76
5543.0,16,30.23
5543.0,17,27.58
5544.0,15,28.1
5544.0,16,27.2
5544.0,17,25.88
5545.0,15,26.89
5545.0,16,25.7
5545.0,17,22.08
5546.0,15,27.27
5546.0,16,24.75
5546.0,17,15.71
5547.0,15,30.17
5547.0,16,28.09
5547.0,17,22.12
5548.0,15,36.55
5548.0,16,33.54
5548.0,17,27.09
5549.0,15,41.9
5549.0,16,41.99
5549.0,17,29.15
5550.0,15,43.87
5550.0,16,43.12
5550.0,17,31.43
5551.0,15,42.98
5551.0,16,44.1
5551.0,17,38.77
5552.0,15,42.0
5552.0,16,44.17
5552.0,17,38.41
5553.0,15,42.64
5553.0,16,44.57
5553.0,17,38.1
5554.0,15,41.24
5554.0,16,42.0
5554.0,17,39.0
5555.0,15,41.01
5555.0,16,40.7
5555.0,17,37.49
5556.0,15,40.61
5556.0,16,39.32
5556.0,17,37.1
5557.0,15,40.31
5557.0,16,39.32
5557.0,17,34.4
5558.0,15,39.97
5558.0,16,37.91
5558.0,17,32.59
5559.0,15,42.07
5559.0,16,40.29
5559.0,17,34.71
5560.0,15,42.95
5560.0,16,42.08
5560.0,17,39.42
5561.0,15,44.5
5561.0,16,42.98
5561.0,17,42.3
5562.0,15,44.51
5562.0,16,42.99
5562.0,17,40.04
5563.0,15,44.86
5563.0,16,42.84
5563.0,17,40.29
5564.0,15,41.35
5564.0,16,37.77
5564.0,17,40.0
5565.0,15,36.01
5565.0,16,29.99
5565.0,17,33.75
5566.0,15,29.69
5566.0,16,25.32
5566.0,17,29.17
5567.0,15,28.03
5567.0,16,24.84
5567.0,17,29.29
5568.0,15,25.74
5568.0,16,25.1
5568.0,17,26.3
5569.0,15,24.92
5569.0,16,24.87
5569.0,17,22.24
5570.0,15,23.88
5570.0,16,25.31
5570.0,17,22.09
5571.0,15,27.13
5571.0,16,28.28
5571.0,17,25.77
5572.0,15,32.62
5572.0,16,33.72
5572.0,17,28.54
5573.0,15,39.46
5573.0,16,37.17
5573.0,17,31.49
5574.0,15,39.04
5574.0,16,39.56
5574.0,17,32.6
5575.0,15,38.0
5575.0,16,39.47
5575.0,17,33.03
5576.0,15,35.04
5576.0,16,37.62
5576.0,17,30.54
5577.0,15,34.38
5577.0,16,35.23
5577.0,17,30.52
5578.0,15,32.21
5578.0,16,28.06
5578.0,17,31.06
5579.0,15,30.1
5579.0,16,26.97
5579.0,17,29.81
5580.0,15,30.06
5580.0,16,26.4
5580.0,17,29.46
5581.0,15,29.91
5581.0,16,27.36
5581.0,17,27.99
5582.0,15,30.64
5582.0,16,28.06
5582.0,17,27.88
5583.0,15,34.7
5583.0,16,34.0
5583.0,17,29.28
5584.0,15,38.06
5584.0,16,38.99
5584.0,17,31.62
5585.0,15,39.25
5585.0,16,40.0
5585.0,17,32.77
5586.0,15,38.48
5586.0,16,39.81
5586.0,17,32.69
5587.0,15,37.2
5587.0,16,39.83
5587.0,17,31.16
5588.0,15,35.44
5588.0,16,31.91
5588.0,17,35.95
5589.0,15,30.11
5589.0,16,28.08
5589.0,17,35.86
5590.0,15,32.91
5590.0,16,33.99
5590.0,17,38.47
5591.0,15,30.64
5591.0,16,31.68
5591.0,17,35.09
5592.0,15,27.72
5592.0,16,28.71
5592.0,17,33.41
5593.0,15,26.11
5593.0,16,25.56
5593.0,17,27.06
5594.0,15,25.81
5594.0,16,25.52
5594.0,17,25.52
5595.0,15,25.81
5595.0,16,26.64
5595.0,17,26.64
5596.0,15,28.48
5596.0,16,30.09
5596.0,17,30.09
5597.0,15,28.99
5597.0,16,32.18
5597.0,17,32.18
5598.0,15,30.17
5598.0,16,32.08
5598.0,17,27.62
5599.0,15,28.96
5599.0,16,30.08
5599.0,17,29.09
5600.0,15,27.09
5600.0,16,24.61
5600.0,17,32.92
5601.0,15,26.15
5601.0,16,22.0
5601.0,17,32.04
5602.0,15,25.55
5602.0,16,20.0
5602.0,17,31.18
5603.0,15,23.6
5603.0,16,16.31
5603.0,17,27.34
5604.0,15,22.6
5604.0,16,16.26
5604.0,17,25.85
5605.0,15,22.13
5605.0,16,17.2
5605.0,17,25.94
5606.0,15,22.63
5606.0,16,16.3
5606.0,17,26.97
5607.0,15,28.84
5607.0,16,26.09
5607.0,17,32.37
5608.0,15,32.75
5608.0,16,37.12
5608.0,17,38.91
5609.0,15,34.08
5609.0,16,40.62
5609.0,17,40.72
5610.0,15,33.59
5610.0,16,39.92
5610.0,17,39.92
5611.0,15,32.98
5611.0,16,34.03
5611.0,17,38.86
5612.0,15,31.43
5612.0,16,28.89
5612.0,17,36.18
5613.0,15,30.18
5613.0,16,24.66
5613.0,17,31.18
5614.0,15,28.02
5614.0,16,21.42
5614.0,17,22.8
5615.0,15,24.99
5615.0,16,16.73
5615.0,17,18.93
5616.0,15,18.76
5616.0,16,17.14
5616.0,17,17.14
5617.0,15,15.6
5617.0,16,15.64
5617.0,17,15.64
5618.0,15,14.79
5618.0,16,15.06
5618.0,17,15.06
5619.0,15,13.0
5619.0,16,14.41
5619.0,17,14.41
5620.0,15,13.45
5620.0,16,15.16
5620.0,17,15.16
5621.0,15,13.79
5621.0,16,16.07
5621.0,17,16.07
5622.0,15,13.94
5622.0,16,17.13
5622.0,17,17.13
5623.0,15,14.88
5623.0,16,17.21
5623.0,17,17.21
5624.0,15,12.57
5624.0,16,16.43
5624.0,17,16.43
5625.0,15,12.54
5625.0,16,14.52
5625.0,17,16.91
5626.0,15,14.21
5626.0,16,12.85
5626.0,17,17.8
5627.0,15,15.72
5627.0,16,10.04
5627.0,17,16.34
5628.0,15,12.81
5628.0,16,5.28
5628.0,17,11.8
5629.0,15,6.9
5629.0,16,7.92
5629.0,17,10.28
5630.0,15,12.26
5630.0,16,11.72
5630.0,17,13.32
5631.0,15,19.69
5631.0,16,16.02
5631.0,17,15.1
5632.0,15,24.96
5632.0,16,19.42
5632.0,17,20.23
5633.0,15,25.88
5633.0,16,25.65
5633.0,17,24.58
5634.0,15,27.45
5634.0,16,27.6
5634.0,17,29.39
5635.0,15,25.91
5635.0,16,27.42
5635.0,17,30.98
5636.0,15,24.94
5636.0,16,25.09
5636.0,17,32.83
5637.0,15,24.39
5637.0,16,19.03
5637.0,17,27.14
5638.0,15,25.54
5638.0,16,16.0
5638.0,17,28.24
5639.0,15,23.02
5639.0,16,16.47
5639.0,17,23.85
5640.0,15,20.7
5640.0,16,16.14
5640.0,17,19.86
5641.0,15,18.45
5641.0,16,16.16
5641.0,17,14.94
5642.0,15,19.5
5642.0,16,16.6
5642.0,17,16.06
5643.0,15,25.19
5643.0,16,23.88
5643.0,17,20.68
5644.0,15,32.25
5644.0,16,35.14
5644.0,17,30.62
5645.0,15,36.93
5645.0,16,39.98
5645.0,17,37.61
5646.0,15,39.74
5646.0,16,45.02
5646.0,17,41.0
5647.0,15,39.55
5647.0,16,42.71
5647.0,17,40.46
5648.0,15,39.75
5648.0,16,41.63
5648.0,17,38.93
5649.0,15,39.97
5649.0,16,39.96
5649.0,17,47.39
5650.0,15,38.24
5650.0,16,37.88
5650.0,17,43.53
5651.0,15,41.64
5651.0,16,36.15
5651.0,17,44.57
5652.0,15,41.2
5652.0,16,34.36
5652.0,17,42.42
5653.0,15,39.55
5653.0,16,34.98
5653.0,17,38.99
5654.0,15,36.82
5654.0,16,34.98
5654.0,17,38.77
5655.0,15,36.23
5655.0,16,37.41
5655.0,17,37.94
5656.0,15,37.73
5656.0,16,38.91
5656.0,17,38.91
5657.0,15,38.05
5657.0,16,37.02
5657.0,17,37.02
5658.0,15,34.44
5658.0,16,31.95
5658.0,17,29.68
5659.0,15,34.88
5659.0,16,29.18
5659.0,17,27.75
5660.0,15,34.0
5660.0,16,23.26
5660.0,17,27.41
5661.0,15,31.61
5661.0,16,16.15
5661.0,17,21.53
5662.0,15,22.43
5662.0,16,16.17
5662.0,17,18.02
5663.0,15,18.05
5663.0,16,14.42
5663.0,17,18.75
5664.0,15,15.88
5664.0,16,12.84
5664.0,17,17.72
5665.0,15,15.07
5665.0,16,11.56
5665.0,17,11.51
5666.0,15,15.0
5666.0,16,12.28
5666.0,17,12.28
5667.0,15,18.82
5667.0,16,16.13
5667.0,17,17.11
5668.0,15,26.37
5668.0,16,25.02
5668.0,17,25.66
5669.0,15,32.75
5669.0,16,33.82
5669.0,17,34.13
5670.0,15,35.79
5670.0,16,37.2
5670.0,17,38.4
5671.0,15,37.39
5671.0,16,33.17
5671.0,17,43.96
5672.0,15,38.97
5672.0,16,27.74
5672.0,17,45.85
5673.0,15,40.96
5673.0,16,23.98
5673.0,17,44.35
5674.0,15,40.06
5674.0,16,21.62
5674.0,17,43.55
5675.0,15,40.08
5675.0,16,21.12
5675.0,17,40.29
5676.0,15,38.04
5676.0,16,21.48
5676.0,17,35.38
5677.0,15,35.8
5677.0,16,22.75
5677.0,17,32.22
5678.0,15,34.09
5678.0,16,23.99
5678.0,17,30.98
5679.0,15,36.51
5679.0,16,31.04
5679.0,17,31.37
5680.0,15,39.2
5680.0,16,36.92
5680.0,17,36.03
5681.0,15,40.61
5681.0,16,41.44
5681.0,17,39.78
5682.0,15,40.52
5682.0,16,39.35
5682.0,17,38.75
5683.0,15,38.06
5683.0,16,37.0
5683.0,17,36.12
5684.0,15,33.72
5684.0,16,34.76
5684.0,17,33.62
5685.0,15,28.86
5685.0,16,28.13
5685.0,17,28.67
5686.0,15,25.43
5686.0,16,25.29
5686.0,17,27.37
5687.0,15,22.9
5687.0,16,23.47
5687.0,17,23.47
5688.0,15,19.89
5688.0,16,20.66
5688.0,17,23.6
5689.0,15,17.84
5689.0,16,20.06
5689.0,17,19.84
5690.0,15,18.09
5690.0,16,19.27
5690.0,17,17.82
5691.0,15,22.43
5691.0,16,23.69
5691.0,17,23.67
5692.0,15,31.33
5692.0,16,31.16
5692.0,17,31.16
5693.0,15,39.53
5693.0,16,38.74
5693.0,17,38.74
5694.0,15,41.74
5694.0,16,36.39
5694.0,17,39.01
5695.0,15,41.35
5695.0,16,33.74
5695.0,17,35.77
5696.0,15,37.21
5696.0,16,29.97
5696.0,17,33.03
5697.0,15,36.92
5697.0,16,28.51
5697.0,17,34.94
5698.0,15,34.46
5698.0,16,25.56
5698.0,17,32.56
5699.0,15,34.42
5699.0,16,25.06
5699.0,17,31.24
5700.0,15,32.8
5700.0,16,24.99
5700.0,17,29.44
5701.0,15,31.66
5701.0,16,25.29
5701.0,17,29.01
5702.0,15,31.98
5702.0,16,28.27
5702.0,17,31.45
5703.0,15,35.84
5703.0,16,32.02
5703.0,17,37.41
5704.0,15,40.21
5704.0,16,38.98
5704.0,17,42.57
5705.0,15,42.6
5705.0,16,44.66
5705.0,17,44.66
5706.0,15,41.91
5706.0,16,42.44
5706.0,17,42.44
5707.0,15,38.33
5707.0,16,35.07
5707.0,17,39.04
5708.0,15,31.68
5708.0,16,26.97
5708.0,17,34.52
5709.0,15,26.74
5709.0,16,23.11
5709.0,17,32.18
5710.0,15,29.66
5710.0,16,16.56
5710.0,17,23.54
5711.0,15,27.39
5711.0,16,16.17
5711.0,17,22.33
5712.0,15,26.73
5712.0,16,16.57
5712.0,17,21.96
5713.0,15,19.67
5713.0,16,16.24
5713.0,17,20.82
5714.0,15,19.12
5714.0,16,17.54
5714.0,17,21.5
5715.0,15,23.38
5715.0,16,23.44
5715.0,17,24.88
5716.0,15,30.57
5716.0,16,28.3
5716.0,17,30.74
5717.0,15,39.7
5717.0,16,32.37
5717.0,17,33.07
5718.0,15,41.94
5718.0,16,35.64
5718.0,17,35.69
5719.0,15,42.27
5719.0,16,37.92
5719.0,17,38.63
5720.0,15,42.96
5720.0,16,32.93
5720.0,17,39.65
5721.0,15,42.89
5721.0,16,33.92
5721.0,17,43.03
5722.0,15,43.13
5722.0,16,28.8
5722.0,17,43.5
5723.0,15,43.93
5723.0,16,28.59
5723.0,17,43.08
5724.0,15,42.94
5724.0,16,29.06
5724.0,17,43.52
5725.0,15,42.84
5725.0,16,32.22
5725.0,17,43.82
5726.0,15,42.57
5726.0,16,36.89
5726.0,17,40.49
5727.0,15,41.65
5727.0,16,40.84
5727.0,17,40.84
5728.0,15,42.97
5728.0,16,41.98
5728.0,17,41.98
5729.0,15,44.09
5729.0,16,43.05
5729.0,17,43.05
5730.0,15,43.11
5730.0,16,43.02
5730.0,17,43.02
5731.0,15,40.12
5731.0,16,41.02
5731.0,17,41.02
5732.0,15,39.27
5732.0,16,37.4
5732.0,17,40.6
5733.0,15,34.7
5733.0,16,30.8
5733.0,17,35.79
5734.0,15,33.07
5734.0,16,28.59
5734.0,17,33.81
5735.0,15,28.71
5735.0,16,27.92
5735.0,17,32.12
5736.0,15,28.75
5736.0,16,28.56
5736.0,17,31.09
5737.0,15,27.07
5737.0,16,27.97
5737.0,17,31.02
5738.0,15,27.14
5738.0,16,27.8
5738.0,17,28.12
5739.0,15,30.76
5739.0,16,30.1
5739.0,17,31.85
5740.0,15,39.03
5740.0,16,42.05
5740.0,17,42.05
5741.0,15,43.17
5741.0,16,48.13
5741.0,17,48.13
5742.0,15,46.41
5742.0,16,51.78
5742.0,17,51.78
5743.0,15,47.43
5743.0,16,51.43
5743.0,17,51.43
5744.0,15,45.9
5744.0,16,50.0
5744.0,17,50.0
5745.0,15,45.11
5745.0,16,47.36
5745.0,17,50.81
5746.0,15,42.9
5746.0,16,42.96
5746.0,17,47.33
5747.0,15,42.94
5747.0,16,40.01
5747.0,17,45.01
5748.0,15,42.66
5748.0,16,37.08
5748.0,17,41.57
5749.0,15,41.94
5749.0,16,37.59
5749.0,17,40.24
5750.0,15,41.53
5750.0,16,42.0
5750.0,17,42.0
5751.0,15,42.96
5751.0,16,44.92
5751.0,17,46.09
5752.0,15,43.05
5752.0,16,49.48
5752.0,17,49.48
5753.0,15,43.92
5753.0,16,49.94
5753.0,17,49.94
5754.0,15,43.47
5754.0,16,49.0
5754.0,17,49.0
5755.0,15,41.83
5755.0,16,48.51
5755.0,17,49.11
5756.0,15,40.97
5756.0,16,42.43
5756.0,17,44.81
5757.0,15,36.0
5757.0,16,38.46
5757.0,17,40.43
5758.0,15,38.44
5758.0,16,34.87
5758.0,17,42.41
5759.0,15,36.71
5759.0,16,29.36
5759.0,17,36.59
5760.0,15,32.66
5760.0,16,29.54
5760.0,17,31.65
5761.0,15,29.97
5761.0,16,29.18
5761.0,17,29.16
5762.0,15,26.5
5762.0,16,26.98
5762.0,17,26.15
5763.0,15,27.08
5763.0,16,28.28
5763.0,17,27.45
5764.0,15,31.4
5764.0,16,31.44
5764.0,17,29.41
5765.0,15,33.24
5765.0,16,32.02
5765.0,17,30.44
5766.0,15,34.03
5766.0,16,34.32
5766.0,17,32.82
5767.0,15,34.06
5767.0,16,29.57
5767.0,17,36.92
5768.0,15,31.2
5768.0,16,24.9
5768.0,17,33.76
5769.0,15,31.28
5769.0,16,22.02
5769.0,17,32.86
5770.0,15,31.96
5770.0,16,20.05
5770.0,17,34.92
5771.0,15,31.01
5771.0,16,18.29
5771.0,17,31.14
5772.0,15,30.16
5772.0,16,17.91
5772.0,17,29.4
5773.0,15,29.58
5773.0,16,20.58
5773.0,17,29.65
5774.0,15,30.18
5774.0,16,23.48
5774.0,17,29.86
5775.0,15,34.06
5775.0,16,29.3
5775.0,17,33.78
5776.0,15,40.04
5776.0,16,40.7
5776.0,17,39.94
5777.0,15,41.39
5777.0,16,43.2
5777.0,17,42.42
5778.0,15,40.71
5778.0,16,43.09
5778.0,17,43.13
5779.0,15,39.56
5779.0,16,41.22
5779.0,17,41.86
5780.0,15,37.24
5780.0,16,39.03
5780.0,17,41.8
5781.0,15,34.15
5781.0,16,31.62
5781.0,17,36.76
5782.0,15,30.75
5782.0,16,30.16
5782.0,17,30.83
5783.0,15,26.38
5783.0,16,26.01
5783.0,17,25.44
5784.0,15,24.73
5784.0,16,24.51
5784.0,17,23.96
5785.0,15,23.03
5785.0,16,23.92
5785.0,17,20.7
5786.0,15,22.09
5786.0,16,24.03
5786.0,17,21.55
5787.0,15,22.36
5787.0,16,24.19
5787.0,17,21.02
5788.0,15,23.06
5788.0,16,24.14
5788.0,17,20.48
5789.0,15,23.88
5789.0,16,24.93
5789.0,17,20.61
5790.0,15,24.42
5790.0,16,27.14
5790.0,17,24.21
5791.0,15,23.02
5791.0,16,25.55
5791.0,17,22.29
5792.0,15,22.72
5792.0,16,24.02
5792.0,17,22.86
5793.0,15,22.36
5793.0,16,22.26
5793.0,17,23.59
5794.0,15,21.92
5794.0,16,18.23
5794.0,17,27.43
5795.0,15,20.54
5795.0,16,17.33
5795.0,17,23.2
5796.0,15,18.86
5796.0,16,18.01
5796.0,17,22.82
5797.0,15,19.41
5797.0,16,19.17
5797.0,17,22.26
5798.0,15,22.07
5798.0,16,19.98
5798.0,17,21.37
5799.0,15,27.04
5799.0,16,24.27
5799.0,17,25.17
5800.0,15,34.32
5800.0,16,34.8
5800.0,17,33.2
5801.0,15,39.06
5801.0,16,38.8
5801.0,17,37.5
5802.0,15,40.96
5802.0,16,40.98
5802.0,17,40.09
5803.0,15,40.21
5803.0,16,39.09
5803.0,17,40.99
5804.0,15,38.95
5804.0,16,38.91
5804.0,17,39.0
5805.0,15,34.82
5805.0,16,27.94
5805.0,17,35.87
5806.0,15,30.73
5806.0,16,28.19
5806.0,17,30.27
5807.0,15,29.85
5807.0,16,27.98
5807.0,17,28.28
5808.0,15,30.11
5808.0,16,26.71
5808.0,17,24.45
5809.0,15,27.14
5809.0,16,25.09
5809.0,17,21.88
5810.0,15,26.8
5810.0,16,25.02
5810.0,17,22.59
5811.0,15,31.84
5811.0,16,30.29
5811.0,17,29.83
5812.0,15,41.42
5812.0,16,42.98
5812.0,17,42.98
5813.0,15,45.79
5813.0,16,48.01
5813.0,17,46.36
5814.0,15,45.04
5814.0,16,46.92
5814.0,17,46.82
5815.0,15,44.19
5815.0,16,45.03
5815.0,17,42.59
5816.0,15,44.61
5816.0,16,40.2
5816.0,17,43.96
5817.0,15,44.97
5817.0,16,34.15
5817.0,17,46.09
5818.0,15,43.72
5818.0,16,29.53
5818.0,17,44.49
5819.0,15,43.88
5819.0,16,27.92
5819.0,17,52.48
5820.0,15,43.11
5820.0,16,28.93
5820.0,17,44.96
5821.0,15,41.87
5821.0,16,29.34
5821.0,17,45.29
5822.0,15,41.98
5822.0,16,32.08
5822.0,17,44.07
5823.0,15,42.32
5823.0,16,41.81
5823.0,17,41.71
5824.0,15,43.94
5824.0,16,45.08
5824.0,17,45.08
5825.0,15,46.75
5825.0,16,46.61
5825.0,17,46.61
5826.0,15,45.31
5826.0,16,44.76
5826.0,17,44.76
5827.0,15,43.68
5827.0,16,42.44
5827.0,17,42.44
5828.0,15,38.94
5828.0,16,34.97
5828.0,17,40.2
5829.0,15,35.16
5829.0,16,27.95
5829.0,17,39.12
5830.0,15,32.07
5830.0,16,27.72
5830.0,17,34.32
5831.0,15,30.62
5831.0,16,27.15
5831.0,17,33.83
5832.0,15,28.38
5832.0,16,26.38
5832.0,17,30.96
5833.0,15,25.5
5833.0,16,25.04
5833.0,17,24.03
5834.0,15,24.78
5834.0,16,25.99
5834.0,17,24.34
5835.0,15,27.94
5835.0,16,29.06
5835.0,17,29.43
5836.0,15,37.19
5836.0,16,42.03
5836.0,17,42.03
5837.0,15,42.51
5837.0,16,49.61
5837.0,17,49.61
5838.0,15,44.69
5838.0,16,49.93
5838.0,17,49.93
5839.0,15,45.1
5839.0,16,48.08
5839.0,17,50.48
5840.0,15,45.14
5840.0,16,46.9
5840.0,17,51.99
5841.0,15,45.97
5841.0,16,45.83
5841.0,17,51.81
5842.0,15,47.01
5842.0,16,42.46
5842.0,17,48.4
5843.0,15,46.19
5843.0,16,40.21
5843.0,17,47.04
5844.0,15,45.51
5844.0,16,39.94
5844.0,17,44.93
5845.0,15,44.1
5845.0,16,40.94
5845.0,17,44.02
5846.0,15,43.09
5846.0,16,41.96
5846.0,17,43.1
5847.0,15,41.41
5847.0,16,44.62
5847.0,17,45.35
5848.0,15,42.06
5848.0,16,44.95
5848.0,17,46.43
5849.0,15,42.96
5849.0,16,45.1
5849.0,17,47.93
5850.0,15,41.49
5850.0,16,46.67
5850.0,17,45.7
5851.0,15,38.73
5851.0,16,44.02
5851.0,17,44.02
5852.0,15,38.97
5852.0,16,35.38
5852.0,17,44.09
5853.0,15,35.31
5853.0,16,29.27
5853.0,17,39.31
5854.0,15,32.54
5854.0,16,27.58
5854.0,17,36.12
5855.0,15,31.32
5855.0,16,26.77
5855.0,17,32.53
5856.0,15,29.81
5856.0,16,25.31
5856.0,17,31.54
5857.0,15,24.18
5857.0,16,24.43
5857.0,17,26.86
5858.0,15,24.79
5858.0,16,25.09
5858.0,17,26.86
5859.0,15,29.05
5859.0,16,28.66
5859.0,17,30.12
5860.0,15,39.51
5860.0,16,39.04
5860.0,17,39.04
5861.0,15,44.42
5861.0,16,44.78
5861.0,17,44.78
5862.0,15,45.03
5862.0,16,45.01
5862.0,17,45.01
5863.0,15,44.91
5863.0,16,43.62
5863.0,17,43.62
5864.0,15,44.64
5864.0,16,37.99
5864.0,17,43.47
5865.0,15,44.34
5865.0,16,38.22
5865.0,17,44.61
5866.0,15,43.03
5866.0,16,32.43
5866.0,17,43.76
5867.0,15,42.77
5867.0,16,30.55
5867.0,17,42.43
5868.0,15,42.37
5868.0,16,31.95
5868.0,17,42.45
5869.0,15,41.93
5869.0,16,35.68
5869.0,17,41.98
5870.0,15,41.42
5870.0,16,40.97
5870.0,17,43.27
5871.0,15,44.77
5871.0,16,45.58
5871.0,17,45.58
5872.0,15,46.98
5872.0,16,49.97
5872.0,17,49.97
5873.0,15,49.87
5873.0,16,55.1
5873.0,17,55.1
5874.0,15,49.7
5874.0,16,53.32
5874.0,17,53.32
5875.0,15,47.3
5875.0,16,47.96
5875.0,17,47.96
5876.0,15,42.38
5876.0,16,41.95
5876.0,17,42.48
5877.0,15,38.96
5877.0,16,31.03
5877.0,17,41.11
5878.0,15,32.88
5878.0,16,29.44
5878.0,17,34.91
5879.0,15,30.8
5879.0,16,29.97
5879.0,17,32.45
5880.0,15,30.01
5880.0,16,28.68
5880.0,17,28.86
5881.0,15,28.03
5881.0,16,26.65
5881.0,17,26.65
5882.0,15,28.43
5882.0,16,27.42
5882.0,17,27.42
5883.0,15,31.2
5883.0,16,29.49
5883.0,17,29.49
5884.0,15,40.35
5884.0,16,41.44
5884.0,17,41.44
5885.0,15,46.86
5885.0,16,50.0
5885.0,17,50.0
5886.0,15,49.72
5886.0,16,52.02
5886.0,17,52.02
5887.0,15,49.72
5887.0,16,49.25
5887.0,17,49.25
5888.0,15,46.89
5888.0,16,48.07
5888.0,17,48.07
5889.0,15,47.89
5889.0,16,48.08
5889.0,17,48.28
5890.0,15,44.53
5890.0,16,46.86
5890.0,17,47.29
5891.0,15,44.05
5891.0,16,43.63
5891.0,17,44.62
5892.0,15,43.07
5892.0,16,42.37
5892.0,17,44.23
5893.0,15,43.01
5893.0,16,41.2
5893.0,17,42.7
5894.0,15,42.73
5894.0,16,41.43
5894.0,17,41.43
5895.0,15,45.03
5895.0,16,44.03
5895.0,17,44.03
5896.0,15,48.5
5896.0,16,44.93
5896.0,17,44.93
5897.0,15,50.7
5897.0,16,48.53
5897.0,17,48.68
5898.0,15,49.71
5898.0,16,49.1
5898.0,17,49.1
5899.0,15,44.7
5899.0,16,45.23
5899.0,17,45.23
5900.0,15,40.42
5900.0,16,40.23
5900.0,17,42.42
5901.0,15,38.2
5901.0,16,30.09
5901.0,17,36.76
5902.0,15,32.08
5902.0,16,28.18
5902.0,17,35.54
5903.0,15,30.61
5903.0,16,27.99
5903.0,17,33.17
5904.0,15,28.86
5904.0,16,26.95
5904.0,17,30.21
5905.0,15,27.53
5905.0,16,26.2
5905.0,17,26.2
5906.0,15,27.05
5906.0,16,26.08
5906.0,17,26.08
5907.0,15,30.19
5907.0,16,26.96
5907.0,17,28.87
5908.0,15,38.47
5908.0,16,37.94
5908.0,17,37.94
5909.0,15,44.81
5909.0,16,46.72
5909.0,17,46.72
5910.0,15,45.1
5910.0,16,47.98
5910.0,17,47.98
5911.0,15,44.21
5911.0,16,44.97
5911.0,17,46.12
5912.0,15,44.43
5912.0,16,40.76
5912.0,17,45.92
5913.0,15,44.05
5913.0,16,34.9
5913.0,17,42.34
5914.0,15,43.1
5914.0,16,28.62
5914.0,17,41.28
5915.0,15,42.17
5915.0,16,27.76
5915.0,17,38.77
5916.0,15,41.14
5916.0,16,27.18
5916.0,17,37.69
5917.0,15,37.08
5917.0,16,26.99
5917.0,17,34.35
5918.0,15,35.48
5918.0,16,26.21
5918.0,17,34.21
5919.0,15,35.55
5919.0,16,30.94
5919.0,17,36.19
5920.0,15,38.88
5920.0,16,38.15
5920.0,17,38.15
5921.0,15,41.0
5921.0,16,40.87
5921.0,17,40.87
5922.0,15,40.0
5922.0,16,42.44
5922.0,17,42.44
5923.0,15,36.72
5923.0,16,32.75
5923.0,17,37.67
5924.0,15,35.52
5924.0,16,28.65
5924.0,17,35.35
5925.0,15,33.43
5925.0,16,26.29
5925.0,17,34.01
5926.0,15,29.36
5926.0,16,24.39
5926.0,17,31.96
5927.0,15,27.58
5927.0,16,23.5
5927.0,17,30.33
5928.0,15,26.4
5928.0,16,17.37
5928.0,17,27.83
5929.0,15,23.2
5929.0,16,16.9
5929.0,17,24.81
5930.0,15,21.25
5930.0,16,16.95
5930.0,17,22.66
5931.0,15,23.64
5931.0,16,18.5
5931.0,17,24.92
5932.0,15,24.49
5932.0,16,18.8
5932.0,17,25.65
5933.0,15,26.9
5933.0,16,25.07
5933.0,17,29.71
5934.0,15,27.79
5934.0,16,27.3
5934.0,17,29.52
5935.0,15,32.68
5935.0,16,27.12
5935.0,17,32.16
5936.0,15,32.64
5936.0,16,23.99
5936.0,17,31.25
5937.0,15,32.94
5937.0,16,16.87
5937.0,17,32.36
5938.0,15,34.37
5938.0,16,16.06
5938.0,17,33.54
5939.0,15,31.09
5939.0,16,15.33
5939.0,17,29.95
5940.0,15,28.78
5940.0,16,13.15
5940.0,17,27.07
5941.0,15,27.28
5941.0,16,13.37
5941.0,17,24.65
5942.0,15,26.94
5942.0,16,14.57
5942.0,17,27.61
5943.0,15,28.08
5943.0,16,16.07
5943.0,17,28.24
5944.0,15,26.88
5944.0,16,23.91
5944.0,17,30.42
5945.0,15,28.75
5945.0,16,27.82
5945.0,17,31.71
5946.0,15,28.93
5946.0,16,25.07
5946.0,17,32.36
5947.0,15,29.21
5947.0,16,22.59
5947.0,17,32.33
5948.0,15,31.7
5948.0,16,16.17
5948.0,17,34.39
5949.0,15,30.51
5949.0,16,12.85
5949.0,17,33.35
5950.0,15,30.04
5950.0,16,0.07
5950.0,17,22.82
5951.0,15,25.44
5951.0,16,0.0
5951.0,17,17.45
5952.0,15,20.81
5952.0,16,-0.09
5952.0,17,15.68
5953.0,15,16.02
5953.0,16,-0.09
5953.0,17,11.49
5954.0,15,14.03
5954.0,16,-1.87
5954.0,17,8.01
5955.0,15,13.99
5955.0,16,-2.19
5955.0,17,8.86
5956.0,15,15.35
5956.0,16,-2.33
5956.0,17,9.84
5957.0,15,17.35
5957.0,16,-0.07
5957.0,17,9.22
5958.0,15,19.27
5958.0,16,3.74
5958.0,17,12.2
5959.0,15,17.71
5959.0,16,3.2
5959.0,17,13.96
5960.0,15,17.72
5960.0,16,-0.81
5960.0,17,15.56
5961.0,15,20.34
5961.0,16,-1.75
5961.0,17,18.87
5962.0,15,22.06
5962.0,16,-11.05
5962.0,17,18.71
5963.0,15,17.34
5963.0,16,-19.99
5963.0,17,13.3
5964.0,15,13.68
5964.0,16,-29.93
5964.0,17,4.17
5965.0,15,11.73
5965.0,16,-24.41
5965.0,17,4.26
5966.0,15,13.1
5966.0,16,-14.34
5966.0,17,5.81
5967.0,15,20.85
5967.0,16,5.24
5967.0,17,14.91
5968.0,15,27.56
5968.0,16,15.97
5968.0,17,24.49
5969.0,15,30.08
5969.0,16,23.9
5969.0,17,28.03
5970.0,15,32.05
5970.0,16,28.99
5970.0,17,36.45
5971.0,15,32.67
5971.0,16,25.01
5971.0,17,34.94
5972.0,15,32.64
5972.0,16,21.29
5972.0,17,36.45
5973.0,15,30.12
5973.0,16,17.86
5973.0,17,32.72
5974.0,15,26.61
5974.0,16,16.47
5974.0,17,24.67
5975.0,15,23.67
5975.0,16,16.09
5975.0,17,17.93
5976.0,15,20.31
5976.0,16,15.77
5976.0,17,21.61
5977.0,15,16.7
5977.0,16,16.07
5977.0,17,16.48
5978.0,15,17.27
5978.0,16,13.8
5978.0,17,15.04
5979.0,15,27.76
5979.0,16,18.58
5979.0,17,19.49
5980.0,15,38.77
5980.0,16,31.75
5980.0,17,31.75
5981.0,15,45.3
5981.0,16,42.1
5981.0,17,42.1
5982.0,15,47.5
5982.0,16,43.57
5982.0,17,43.22
5983.0,15,47.29
5983.0,16,41.27
5983.0,17,46.2
5984.0,15,46.99
5984.0,16,39.92
5984.0,17,43.93
5985.0,15,47.19
5985.0,16,42.08
5985.0,17,44.74
5986.0,15,44.93
5986.0,16,41.76
5986.0,17,44.34
5987.0,15,44.05
5987.0,16,40.18
5987.0,17,43.06
5988.0,15,43.07
5988.0,16,38.11
5988.0,17,42.47
5989.0,15,41.85
5989.0,16,34.52
5989.0,17,38.67
5990.0,15,41.75
5990.0,16,31.75
5990.0,17,38.29
5991.0,15,42.59
5991.0,16,32.73
5991.0,17,39.97
5992.0,15,44.18
5992.0,16,40.48
5992.0,17,43.62
5993.0,15,47.56
5993.0,16,45.0
5993.0,17,47.71
5994.0,15,47.06
5994.0,16,45.17
5994.0,17,47.33
5995.0,15,43.87
5995.0,16,39.82
5995.0,17,42.92
5996.0,15,40.1
5996.0,16,29.01
5996.0,17,38.96
5997.0,15,34.05
5997.0,16,24.55
5997.0,17,35.12
5998.0,15,33.53
5998.0,16,28.7
5998.0,17,32.45
5999.0,15,31.82
5999.0,16,28.2
5999.0,17,31.4
6000.0,15,30.29
6000.0,16,26.48
6000.0,17,25.31
6001.0,15,28.02
6001.0,16,24.48
6001.0,17,22.24
6002.0,15,27.37
6002.0,16,24.47
6002.0,17,21.88
6003.0,15,30.45
6003.0,16,28.48
6003.0,17,27.52
6004.0,15,40.06
6004.0,16,39.94
6004.0,17,39.94
6005.0,15,45.07
6005.0,16,45.92
6005.0,17,45.92
6006.0,15,45.97
6006.0,16,46.34
6006.0,17,46.34
6007.0,15,45.97
6007.0,16,40.98
6007.0,17,46.42
6008.0,15,44.03
6008.0,16,37.9
6008.0,17,41.0
6009.0,15,44.16
6009.0,16,34.99
6009.0,17,41.25
6010.0,15,43.91
6010.0,16,34.63
6010.0,17,42.87
6011.0,15,43.96
6011.0,16,32.44
6011.0,17,40.35
6012.0,15,43.91
6012.0,16,33.27
6012.0,17,39.97
6013.0,15,43.44
6013.0,16,32.33
6013.0,17,37.4
6014.0,15,40.98
6014.0,16,33.79
6014.0,17,37.99
6015.0,15,42.9
6015.0,16,39.91
6015.0,17,40.13
6016.0,15,44.06
6016.0,16,43.78
6016.0,17,44.93
6017.0,15,46.01
6017.0,16,46.98
6017.0,17,46.98
6018.0,15,46.08
6018.0,16,47.08
6018.0,17,47.08
6019.0,15,43.84
6019.0,16,42.24
6019.0,17,43.43
6020.0,15,40.02
6020.0,16,30.0
6020.0,17,37.91
6021.0,15,35.73
6021.0,16,27.96
6021.0,17,36.84
6022.0,15,31.99
6022.0,16,28.52
6022.0,17,32.09
6023.0,15,30.08
6023.0,16,28.5
6023.0,17,31.73
6024.0,15,27.19
6024.0,16,26.46
6024.0,17,28.48
6025.0,15,26.51
6025.0,16,26.0
6025.0,17,26.0
6026.0,15,26.26
6026.0,16,26.41
6026.0,17,25.49
6027.0,15,30.91
6027.0,16,29.06
6027.0,17,28.55
6028.0,15,41.98
6028.0,16,39.97
6028.0,17,39.31
6029.0,15,45.98
6029.0,16,44.96
6029.0,17,44.46
6030.0,15,46.02
6030.0,16,46.43
6030.0,17,45.99
6031.0,15,42.96
6031.0,16,44.25
6031.0,17,43.68
6032.0,15,41.08
6032.0,16,38.61
6032.0,17,42.24
6033.0,15,41.12
6033.0,16,33.97
6033.0,17,40.51
6034.0,15,40.99
6034.0,16,31.17
6034.0,17,38.42
6035.0,15,40.77
6035.0,16,29.96
6035.0,17,37.08
6036.0,15,40.81
6036.0,16,29.1
6036.0,17,36.17
6037.0,15,40.35
6037.0,16,29.51
6037.0,17,36.25
6038.0,15,40.03
6038.0,16,29.9
6038.0,17,36.76
6039.0,15,41.0
6039.0,16,37.94
6039.0,17,41.4
6040.0,15,43.14
6040.0,16,43.18
6040.0,17,43.91
6041.0,15,45.99
6041.0,16,44.01
6041.0,17,44.87
6042.0,15,44.95
6042.0,16,45.06
6042.0,17,45.66
6043.0,15,40.61
6043.0,16,38.93
6043.0,17,41.98
6044.0,15,37.83
6044.0,16,30.41
6044.0,17,36.08
6045.0,15,35.14
6045.0,16,26.49
6045.0,17,35.26
6046.0,15,34.6
6046.0,16,27.04
6046.0,17,35.95
6047.0,15,32.11
6047.0,16,26.1
6047.0,17,30.43
6048.0,15,29.22
6048.0,16,25.51
6048.0,17,28.83
6049.0,15,27.16
6049.0,16,25.03
6049.0,17,25.97
6050.0,15,25.09
6050.0,16,25.91
6050.0,17,25.02
6051.0,15,31.44
6051.0,16,28.73
6051.0,17,28.84
6052.0,15,39.59
6052.0,16,40.02
6052.0,17,40.02
6053.0,15,43.59
6053.0,16,45.78
6053.0,17,45.7
6054.0,15,44.08
6054.0,16,47.03
6054.0,17,47.03
6055.0,15,42.32
6055.0,16,43.99
6055.0,17,45.22
6056.0,15,41.97
6056.0,16,37.4
6056.0,17,45.09
6057.0,15,42.2
6057.0,16,32.38
6057.0,17,42.88
6058.0,15,41.07
6058.0,16,29.02
6058.0,17,40.55
6059.0,15,41.4
6059.0,16,29.02
6059.0,17,38.65
6060.0,15,41.07
6060.0,16,29.04
6060.0,17,41.61
6061.0,15,41.0
6061.0,16,32.05
6061.0,17,40.67
6062.0,15,41.04
6062.0,16,31.94
6062.0,17,37.77
6063.0,15,40.53
6063.0,16,38.5
6063.0,17,41.67
6064.0,15,41.34
6064.0,16,42.0
6064.0,17,43.12
6065.0,15,42.83
6065.0,16,44.4
6065.0,17,45.01
6066.0,15,43.08
6066.0,16,43.62
6066.0,17,44.33
6067.0,15,41.58
6067.0,16,31.93
6067.0,17,39.2
6068.0,15,40.03
6068.0,16,28.46
6068.0,17,39.09
6069.0,15,37.5
6069.0,16,25.07
6069.0,17,35.17
6070.0,15,36.72
6070.0,16,25.24
6070.0,17,31.53
6071.0,15,33.23
6071.0,16,24.54
6071.0,17,30.49
6072.0,15,32.75
6072.0,16,24.2
6072.0,17,29.04
6073.0,15,31.09
6073.0,16,24.14
6073.0,17,27.5
6074.0,15,31.14
6074.0,16,26.06
6074.0,17,24.92
6075.0,15,32.79
6075.0,16,26.21
6075.0,17,23.29
6076.0,15,43.0
6076.0,16,36.42
6076.0,17,33.58
6077.0,15,45.01
6077.0,16,43.94
6077.0,17,45.37
6078.0,15,45.59
6078.0,16,43.7
6078.0,17,47.03
6079.0,15,44.47
6079.0,16,40.8
6079.0,17,44.86
6080.0,15,44.83
6080.0,16,34.2
6080.0,17,40.79
6081.0,15,44.52
6081.0,16,32.07
6081.0,17,39.58
6082.0,15,44.26
6082.0,16,28.07
6082.0,17,43.7
6083.0,15,44.1
6083.0,16,27.07
6083.0,17,43.04
6084.0,15,43.9
6084.0,16,27.07
6084.0,17,42.51
6085.0,15,43.1
6085.0,16,29.52
6085.0,17,37.64
6086.0,15,42.46
6086.0,16,30.01
6086.0,17,37.93
6087.0,15,41.59
6087.0,16,36.67
6087.0,17,41.24
6088.0,15,42.73
6088.0,16,42.04
6088.0,17,45.09
6089.0,15,43.88
6089.0,16,45.19
6089.0,17,47.93
6090.0,15,43.96
6090.0,16,45.05
6090.0,17,48.51
6091.0,15,42.37
6091.0,16,40.41
6091.0,17,44.68
6092.0,15,42.84
6092.0,16,38.03
6092.0,17,45.82
6093.0,15,41.44
6093.0,16,32.64
6093.0,17,46.27
6094.0,15,38.66
6094.0,16,34.79
6094.0,17,34.79
6095.0,15,36.29
6095.0,16,31.97
6095.0,17,32.35
6096.0,15,32.65
6096.0,16,29.94
6096.0,17,29.94
6097.0,15,29.34
6097.0,16,25.01
6097.0,17,25.01
6098.0,15,28.83
6098.0,16,25.91
6098.0,17,25.91
6099.0,15,28.76
6099.0,16,25.26
6099.0,17,25.26
6100.0,15,32.01
6100.0,16,27.92
6100.0,17,27.92
6101.0,15,35.37
6101.0,16,32.06
6101.0,17,32.06
6102.0,15,37.91
6102.0,16,37.91
6102.0,17,37.91
6103.0,15,40.51
6103.0,16,40.09
6103.0,17,41.53
6104.0,15,35.93
6104.0,16,34.15
6104.0,17,38.63
6105.0,15,39.96
6105.0,16,27.95
6105.0,17,39.32
6106.0,15,39.02
6106.0,16,24.97
6106.0,17,40.25
6107.0,15,38.4
6107.0,16,22.4
6107.0,17,35.47
6108.0,15,35.47
6108.0,16,17.99
6108.0,17,34.95
6109.0,15,32.03
6109.0,16,24.05
6109.0,17,29.16
6110.0,15,31.3
6110.0,16,27.8
6110.0,17,27.8
6111.0,15,35.98
6111.0,16,34.13
6111.0,17,34.13
6112.0,15,40.48
6112.0,16,39.21
6112.0,17,39.21
6113.0,15,41.1
6113.0,16,41.3
6113.0,17,41.3
6114.0,15,40.42
6114.0,16,41.1
6114.0,17,41.1
6115.0,15,40.06
6115.0,16,31.29
6115.0,17,38.86
6116.0,15,40.41
6116.0,16,31.7
6116.0,17,41.03
6117.0,15,39.31
6117.0,16,26.17
6117.0,17,39.66
6118.0,15,35.99
6118.0,16,17.1
6118.0,17,35.18
6119.0,15,28.03
6119.0,16,19.59
6119.0,17,26.22
6120.0,15,24.45
6120.0,16,23.04
6120.0,17,26.43
6121.0,15,19.37
6121.0,16,23.04
6121.0,17,24.04
6122.0,15,20.72
6122.0,16,23.3
6122.0,17,24.68
6123.0,15,22.26
6123.0,16,23.45
6123.0,17,23.45
6124.0,15,24.6
6124.0,16,24.06
6124.0,17,26.0
6125.0,15,25.37
6125.0,16,23.68
6125.0,17,26.08
6126.0,15,28.9
6126.0,16,24.06
6126.0,17,26.04
6127.0,15,28.37
6127.0,16,25.48
6127.0,17,26.67
6128.0,15,28.01
6128.0,16,25.82
6128.0,17,27.17
6129.0,15,28.26
6129.0,16,28.46
6129.0,17,29.2
6130.0,15,28.55
6130.0,16,25.11
6130.0,17,27.91
6131.0,15,23.23
6131.0,16,23.93
6131.0,17,26.29
6132.0,15,22.93
6132.0,16,22.24
6132.0,17,24.1
6133.0,15,22.68
6133.0,16,22.34
6133.0,17,20.0
6134.0,15,24.19
6134.0,16,22.86
6134.0,17,20.68
6135.0,15,28.19
6135.0,16,26.17
6135.0,17,24.1
6136.0,15,34.91
6136.0,16,31.35
6136.0,17,30.66
6137.0,15,40.05
6137.0,16,36.8
6137.0,17,36.8
6138.0,15,39.1
6138.0,16,40.22
6138.0,17,42.11
6139.0,15,36.84
6139.0,16,34.96
6139.0,17,40.42
6140.0,15,36.25
6140.0,16,32.01
6140.0,17,40.0
6141.0,15,33.98
6141.0,16,24.2
6141.0,17,38.88
6142.0,15,28.24
6142.0,16,22.61
6142.0,17,30.47
6143.0,15,22.42
6143.0,16,18.63
6143.0,17,24.59
6144.0,15,21.01
6144.0,16,16.77
6144.0,17,23.17
6145.0,15,19.64
6145.0,16,16.12
6145.0,17,20.83
6146.0,15,19.7
6146.0,16,21.42
6146.0,17,24.06
6147.0,15,23.84
6147.0,16,24.08
6147.0,17,25.12
6148.0,15,34.03
6148.0,16,37.97
6148.0,17,37.97
6149.0,15,40.49
6149.0,16,42.54
6149.0,17,46.17
6150.0,15,42.51
6150.0,16,42.03
6150.0,17,47.26
6151.0,15,42.25
6151.0,16,41.69
6151.0,17,47.45
6152.0,15,40.86
6152.0,16,42.04
6152.0,17,46.09
6153.0,15,41.25
6153.0,16,44.92
6153.0,17,48.58
6154.0,15,40.5
6154.0,16,44.93
6154.0,17,46.92
6155.0,15,40.1
6155.0,16,42.04
6155.0,17,43.45
6156.0,15,39.47
6156.0,16,41.91
6156.0,17,43.3
6157.0,15,37.38
6157.0,16,39.98
6157.0,17,41.69
6158.0,15,34.64
6158.0,16,39.47
6158.0,17,39.47
6159.0,15,35.26
6159.0,16,39.92
6159.0,17,39.92
6160.0,15,37.8
6160.0,16,40.05
6160.0,17,41.23
6161.0,15,40.73
6161.0,16,41.27
6161.0,17,42.92
6162.0,15,38.67
6162.0,16,41.92
6162.0,17,43.88
6163.0,15,32.54
6163.0,16,29.58
6163.0,17,38.71
6164.0,15,31.27
6164.0,16,25.0
6164.0,17,35.08
6165.0,15,30.01
6165.0,16,16.89
6165.0,17,32.01
6166.0,15,28.09
6166.0,16,18.15
6166.0,17,18.15
6167.0,15,23.63
6167.0,16,14.56
6167.0,17,17.46
6168.0,15,20.92
6168.0,16,12.98
6168.0,17,14.02
6169.0,15,16.97
6169.0,16,12.86
6169.0,17,12.86
6170.0,15,18.91
6170.0,16,13.79
6170.0,17,13.79
6171.0,15,21.62
6171.0,16,18.91
6171.0,17,18.91
6172.0,15,33.51
6172.0,16,30.08
6172.0,17,31.74
6173.0,15,40.01
6173.0,16,42.03
6173.0,17,45.27
6174.0,15,42.98
6174.0,16,42.07
6174.0,17,45.57
6175.0,15,43.6
6175.0,16,35.3
6175.0,17,46.83
6176.0,15,43.47
6176.0,16,30.08
6176.0,17,46.42
6177.0,15,44.12
6177.0,16,28.6
6177.0,17,46.4
6178.0,15,43.47
6178.0,16,26.75
6178.0,17,44.6
6179.0,15,42.08
6179.0,16,26.39
6179.0,17,45.27
6180.0,15,41.98
6180.0,16,25.35
6180.0,17,42.27
6181.0,15,41.94
6181.0,16,25.08
6181.0,17,40.08
6182.0,15,40.89
6182.0,16,26.6
6182.0,17,40.02
6183.0,15,40.99
6183.0,16,30.28
6183.0,17,42.68
6184.0,15,42.38
6184.0,16,40.69
6184.0,17,43.96
6185.0,15,43.07
6185.0,16,43.97
6185.0,17,46.87
6186.0,15,43.77
6186.0,16,45.83
6186.0,17,48.63
6187.0,15,39.94
6187.0,16,35.01
6187.0,17,42.64
6188.0,15,37.7
6188.0,16,28.59
6188.0,17,40.02
6189.0,15,33.99
6189.0,16,24.15
6189.0,17,36.48
6190.0,15,23.65
6190.0,16,24.34
6190.0,17,33.67
6191.0,15,21.18
6191.0,16,24.03
6191.0,17,24.03
6192.0,15,19.94
6192.0,16,24.06
6192.0,17,24.06
6193.0,15,19.49
6193.0,16,23.69
6193.0,17,23.69
6194.0,15,20.89
6194.0,16,20.0
6194.0,17,20.0
6195.0,15,24.91
6195.0,16,25.03
6195.0,17,25.03
6196.0,15,35.45
6196.0,16,39.45
6196.0,17,39.45
6197.0,15,44.76
6197.0,16,46.41
6197.0,17,47.33
6198.0,15,47.59
6198.0,16,52.06
6198.0,17,52.06
6199.0,15,46.87
6199.0,16,50.33
6199.0,17,52.19
6200.0,15,46.2
6200.0,16,45.28
6200.0,17,48.58
6201.0,15,43.92
6201.0,16,45.1
6201.0,17,49.67
6202.0,15,42.0
6202.0,16,40.79
6202.0,17,46.3
6203.0,15,40.38
6203.0,16,39.91
6203.0,17,43.63
6204.0,15,38.86
6204.0,16,33.76
6204.0,17,40.72
6205.0,15,37.93
6205.0,16,33.62
6205.0,17,37.38
6206.0,15,36.85
6206.0,16,32.59
6206.0,17,35.71
6207.0,15,37.81
6207.0,16,35.93
6207.0,17,38.7
6208.0,15,38.75
6208.0,16,37.44
6208.0,17,39.11
6209.0,15,40.57
6209.0,16,39.91
6209.0,17,41.79
6210.0,15,38.59
6210.0,16,32.62
6210.0,17,40.3
6211.0,15,33.26
6211.0,16,27.05
6211.0,17,32.91
6212.0,15,31.11
6212.0,16,24.02
6212.0,17,33.18
6213.0,15,28.73
6213.0,16,16.81
6213.0,17,25.59
6214.0,15,20.65
6214.0,16,15.88
6214.0,17,21.02
6215.0,15,14.7
6215.0,16,14.73
6215.0,17,14.73
6216.0,15,12.77
6216.0,16,16.0
6216.0,17,16.66
6217.0,15,12.0
6217.0,16,14.63
6217.0,17,14.69
6218.0,15,12.3
6218.0,16,11.32
6218.0,17,11.32
6219.0,15,17.83
6219.0,16,16.18
6219.0,17,16.39
6220.0,15,28.3
6220.0,16,28.17
6220.0,17,28.17
6221.0,15,42.71
6221.0,16,39.92
6221.0,17,40.17
6222.0,15,45.25
6222.0,16,36.03
6222.0,17,38.99
6223.0,15,45.94
6223.0,16,31.04
6223.0,17,43.8
6224.0,15,45.73
6224.0,16,29.13
6224.0,17,46.1
6225.0,15,46.66
6225.0,16,29.07
6225.0,17,47.44
6226.0,15,45.1
6226.0,16,28.26
6226.0,17,47.21
6227.0,15,43.92
6227.0,16,28.6
6227.0,17,48.96
6228.0,15,42.53
6228.0,16,28.49
6228.0,17,46.04
6229.0,15,40.89
6229.0,16,29.75
6229.0,17,43.74
6230.0,15,41.03
6230.0,16,30.01
6230.0,17,40.12
6231.0,15,40.59
6231.0,16,34.76
6231.0,17,40.31
6232.0,15,40.28
6232.0,16,36.8
6232.0,17,44.06
6233.0,15,42.57
6233.0,16,42.04
6233.0,17,45.14
6234.0,15,43.12
6234.0,16,40.98
6234.0,17,44.27
6235.0,15,41.44
6235.0,16,32.52
6235.0,17,39.95
6236.0,15,39.07
6236.0,16,27.17
6236.0,17,38.78
6237.0,15,33.02
6237.0,16,23.43
6237.0,17,39.25
6238.0,15,27.87
6238.0,16,21.98
6238.0,17,26.4
6239.0,15,23.01
6239.0,16,18.61
6239.0,17,22.03
6240.0,15,19.58
6240.0,16,18.91
6240.0,17,23.05
6241.0,15,20.01
6241.0,16,19.01
6241.0,17,19.68
6242.0,15,19.51
6242.0,16,21.72
6242.0,17,21.72
6243.0,15,23.83
6243.0,16,25.0
6243.0,17,25.0
6244.0,15,38.31
6244.0,16,34.99
6244.0,17,34.99
6245.0,15,46.9
6245.0,16,47.0
6245.0,17,47.0
6246.0,15,47.59
6246.0,16,51.16
6246.0,17,51.16
6247.0,15,46.16
6247.0,16,48.44
6247.0,17,49.29
6248.0,15,45.24
6248.0,16,46.4
6248.0,17,46.4
6249.0,15,45.31
6249.0,16,44.62
6249.0,17,44.84
6250.0,15,40.95
6250.0,16,39.99
6250.0,17,41.77
6251.0,15,37.97
6251.0,16,35.14
6251.0,17,38.15
6252.0,15,36.83
6252.0,16,33.36
6252.0,17,36.05
6253.0,15,36.33
6253.0,16,38.0
6253.0,17,38.0
6254.0,15,36.37
6254.0,16,40.05
6254.0,17,40.34
6255.0,15,42.0
6255.0,16,44.16
6255.0,17,44.16
6256.0,15,46.76
6256.0,16,46.73
6256.0,17,46.73
6257.0,15,48.93
6257.0,16,48.9
6257.0,17,48.9
6258.0,15,48.29
6258.0,16,47.7
6258.0,17,47.75
6259.0,15,40.99
6259.0,16,42.57
6259.0,17,43.08
6260.0,15,36.71
6260.0,16,34.1
6260.0,17,37.19
6261.0,15,31.7
6261.0,16,26.68
6261.0,17,31.83
6262.0,15,29.05
6262.0,16,28.54
6262.0,17,28.69
6263.0,15,25.95
6263.0,16,26.25
6263.0,17,26.25
6264.0,15,24.36
6264.0,16,24.78
6264.0,17,24.98
6265.0,15,23.2
6265.0,16,24.2
6265.0,17,20.52
6266.0,15,22.8
6266.0,16,23.73
6266.0,17,23.73
6267.0,15,24.53
6267.0,16,25.08
6267.0,17,25.08
6268.0,15,28.36
6268.0,16,24.74
6268.0,17,24.74
6269.0,15,32.27
6269.0,16,27.6
6269.0,17,27.6
6270.0,15,36.53
6270.0,16,32.0
6270.0,17,32.0
6271.0,15,37.02
6271.0,16,32.99
6271.0,17,34.0
6272.0,15,34.07
6272.0,16,30.06
6272.0,17,33.8
6273.0,15,32.49
6273.0,16,30.24
6273.0,17,33.76
6274.0,15,29.76
6274.0,16,30.87
6274.0,17,32.22
6275.0,15,28.1
6275.0,16,28.09
6275.0,17,29.09
6276.0,15,26.72
6276.0,16,25.97
6276.0,17,26.98
6277.0,15,27.78
6277.0,16,26.01
6277.0,17,26.59
6278.0,15,28.26
6278.0,16,28.01
6278.0,17,27.04
6279.0,15,32.79
6279.0,16,32.67
6279.0,17,28.8
6280.0,15,38.1
6280.0,16,38.73
6280.0,17,35.74
6281.0,15,40.97
6281.0,16,43.91
6281.0,17,43.91
6282.0,15,40.07
6282.0,16,44.74
6282.0,17,44.8
6283.0,15,34.73
6283.0,16,38.39
6283.0,17,41.28
6284.0,15,31.98
6284.0,16,35.31
6284.0,17,37.46
6285.0,15,28.18
6285.0,16,30.09
6285.0,17,33.9
6286.0,15,24.4
6286.0,16,23.94
6286.0,17,26.89
6287.0,15,21.01
6287.0,16,17.33
6287.0,17,22.12
6288.0,15,18.47
6288.0,16,15.87
6288.0,17,18.9
6289.0,15,16.82
6289.0,16,16.86
6289.0,17,12.06
6290.0,15,17.44
6290.0,16,16.08
6290.0,17,12.87
6291.0,15,16.66
6291.0,16,16.09
6291.0,17,17.87
6292.0,15,17.45
6292.0,16,16.81
6292.0,17,19.46
6293.0,15,19.02
6293.0,16,16.88
6293.0,17,19.63
6294.0,15,20.33
6294.0,16,20.13
6294.0,17,21.66
6295.0,15,21.05
6295.0,16,19.73
6295.0,17,22.13
6296.0,15,21.02
6296.0,16,19.38
6296.0,17,22.18
6297.0,15,21.43
6297.0,16,19.95
6297.0,17,22.29
6298.0,15,20.07
6298.0,16,18.36
6298.0,17,23.59
6299.0,15,17.83
6299.0,16,15.72
6299.0,17,22.76
6300.0,15,16.18
6300.0,16,15.91
6300.0,17,19.16
6301.0,15,15.15
6301.0,16,16.03
6301.0,17,18.62
6302.0,15,15.69
6302.0,16,16.04
6302.0,17,16.04
6303.0,15,22.29
6303.0,16,21.06
6303.0,17,22.87
6304.0,15,29.29
6304.0,16,29.37
6304.0,17,28.58
6305.0,15,35.9
6305.0,16,37.37
6305.0,17,37.37
6306.0,15,37.1
6306.0,16,38.03
6306.0,17,38.03
6307.0,15,34.82
6307.0,16,33.95
6307.0,17,35.0
6308.0,15,33.14
6308.0,16,33.01
6308.0,17,34.41
6309.0,15,29.19
6309.0,16,31.31
6309.0,17,31.65
6310.0,15,25.86
6310.0,16,26.76
6310.0,17,31.64
6311.0,15,23.77
6311.0,16,23.97
6311.0,17,27.3
6312.0,15,22.21
6312.0,16,21.64
6312.0,17,24.48
6313.0,15,21.46
6313.0,16,22.34
6313.0,17,22.34
6314.0,15,22.16
6314.0,16,21.7
6314.0,17,23.04
6315.0,15,27.46
6315.0,16,26.31
6315.0,17,27.53
6316.0,15,40.96
6316.0,16,42.67
6316.0,17,43.98
6317.0,15,46.8
6317.0,16,49.54
6317.0,17,52.33
6318.0,15,47.19
6318.0,16,50.55
6318.0,17,51.85
6319.0,15,45.54
6319.0,16,46.93
6319.0,17,51.06
6320.0,15,44.44
6320.0,16,42.01
6320.0,17,43.43
6321.0,15,43.45
6321.0,16,38.99
6321.0,17,42.71
6322.0,15,41.61
6322.0,16,34.75
6322.0,17,44.26
6323.0,15,39.54
6323.0,16,30.65
6323.0,17,39.96
6324.0,15,38.4
6324.0,16,29.88
6324.0,17,36.78
6325.0,15,39.53
6325.0,16,32.24
6325.0,17,36.08
6326.0,15,40.72
6326.0,16,37.94
6326.0,17,39.97
6327.0,15,43.04
6327.0,16,44.19
6327.0,17,45.32
6328.0,15,46.47
6328.0,16,47.77
6328.0,17,48.46
6329.0,15,49.6
6329.0,16,52.45
6329.0,17,52.45
6330.0,15,48.86
6330.0,16,48.99
6330.0,17,52.48
6331.0,15,43.44
6331.0,16,42.1
6331.0,17,43.42
6332.0,15,37.72
6332.0,16,38.97
6332.0,17,40.56
6333.0,15,32.19
6333.0,16,28.0
6333.0,17,36.8
6334.0,15,30.8
6334.0,16,27.19
6334.0,17,32.49
6335.0,15,26.28
6335.0,16,25.74
6335.0,17,29.18
6336.0,15,25.06
6336.0,16,23.58
6336.0,17,27.8
6337.0,15,23.14
6337.0,16,18.56
6337.0,17,19.95
6338.0,15,21.7
6338.0,16,20.45
6338.0,17,16.15
6339.0,15,25.42
6339.0,16,24.25
6339.0,17,29.64
6340.0,15,35.87
6340.0,16,34.11
6340.0,17,39.28
6341.0,15,43.05
6341.0,16,32.53
6341.0,17,50.79
6342.0,15,44.0
6342.0,16,32.57
6342.0,17,53.75
6343.0,15,42.72
6343.0,16,34.22
6343.0,17,58.0
6344.0,15,40.96
6344.0,16,35.9
6344.0,17,55.33
6345.0,15,41.95
6345.0,16,36.07
6345.0,17,53.0
6346.0,15,40.1
6346.0,16,32.75
6346.0,17,49.92
6347.0,15,39.7
6347.0,16,36.73
6347.0,17,49.02
6348.0,15,37.62
6348.0,16,38.25
6348.0,17,48.01
6349.0,15,37.68
6349.0,16,40.37
6349.0,17,43.86
6350.0,15,39.32
6350.0,16,40.82
6350.0,17,42.53
6351.0,15,42.59
6351.0,16,41.7
6351.0,17,41.67
6352.0,15,45.58
6352.0,16,42.06
6352.0,17,41.75
6353.0,15,48.05
6353.0,16,44.99
6353.0,17,46.88
6354.0,15,47.04
6354.0,16,40.81
6354.0,17,52.04
6355.0,15,41.93
6355.0,16,37.25
6355.0,17,44.68
6356.0,15,38.3
6356.0,16,33.1
6356.0,17,44.16
6357.0,15,37.35
6357.0,16,28.51
6357.0,17,43.13
6358.0,15,35.0
6358.0,16,30.96
6358.0,17,41.52
6359.0,15,31.39
6359.0,16,28.55
6359.0,17,32.47
6360.0,15,29.8
6360.0,16,28.33
6360.0,17,30.07
6361.0,15,25.93
6361.0,16,27.71
6361.0,17,27.71
6362.0,15,26.2
6362.0,16,28.53
6362.0,17,28.53
6363.0,15,30.37
6363.0,16,33.2
6363.0,17,33.2
6364.0,15,42.25
6364.0,16,45.47
6364.0,17,47.87
6365.0,15,49.18
6365.0,16,47.98
6365.0,17,55.5
6366.0,15,54.5
6366.0,16,59.39
6366.0,17,63.72
6367.0,15,53.68
6367.0,16,55.55
6367.0,17,63.13
6368.0,15,53.03
6368.0,16,54.9
6368.0,17,58.57
6369.0,15,50.16
6369.0,16,55.61
6369.0,17,56.32
6370.0,15,47.61
6370.0,16,51.3
6370.0,17,52.56
6371.0,15,47.55
6371.0,16,49.91
6371.0,17,49.91
6372.0,15,46.6
6372.0,16,48.81
6372.0,17,50.2
6373.0,15,44.57
6373.0,16,46.96
6373.0,17,49.87
6374.0,15,44.37
6374.0,16,47.03
6374.0,17,50.1
6375.0,15,45.56
6375.0,16,47.92
6375.0,17,50.1
6376.0,15,47.23
6376.0,16,46.81
6376.0,17,51.19
6377.0,15,52.31
6377.0,16,50.07
6377.0,17,56.98
6378.0,15,49.94
6378.0,16,46.8
6378.0,17,57.49
6379.0,15,44.77
6379.0,16,43.99
6379.0,17,48.32
6380.0,15,44.58
6380.0,16,33.94
6380.0,17,44.64
6381.0,15,42.74
6381.0,16,28.26
6381.0,17,44.53
6382.0,15,42.49
6382.0,16,26.17
6382.0,17,42.56
6383.0,15,36.75
6383.0,16,26.97
6383.0,17,37.57
6384.0,15,33.87
6384.0,16,25.83
6384.0,17,37.87
6385.0,15,27.64
6385.0,16,24.08
6385.0,17,27.18
6386.0,15,27.24
6386.0,16,25.64
6386.0,17,25.64
6387.0,15,32.47
6387.0,16,26.79
6387.0,17,31.49
6388.0,15,44.03
6388.0,16,36.29
6388.0,17,36.29
6389.0,15,46.08
6389.0,16,43.92
6389.0,17,52.5
6390.0,15,46.4
6390.0,16,43.98
6390.0,17,57.51
6391.0,15,45.47
6391.0,16,41.92
6391.0,17,54.3
6392.0,15,46.3
6392.0,16,34.72
6392.0,17,51.92
6393.0,15,46.4
6393.0,16,29.1
6393.0,17,48.74
6394.0,15,44.03
6394.0,16,27.0
6394.0,17,46.99
6395.0,15,44.99
6395.0,16,27.43
6395.0,17,45.55
6396.0,15,44.6
6396.0,16,27.45
6396.0,17,46.86
6397.0,15,44.23
6397.0,16,27.43
6397.0,17,47.08
6398.0,15,44.27
6398.0,16,28.21
6398.0,17,46.99
6399.0,15,43.98
6399.0,16,33.97
6399.0,17,47.95
6400.0,15,41.85
6400.0,16,40.0
6400.0,17,50.82
6401.0,15,45.03
6401.0,16,44.94
6401.0,17,55.84
6402.0,15,43.94
6402.0,16,42.1
6402.0,17,55.58
6403.0,15,42.46
6403.0,16,30.03
6403.0,17,47.04
6404.0,15,43.72
6404.0,16,27.87
6404.0,17,46.05
6405.0,15,42.3
6405.0,16,26.69
6405.0,17,44.5
6406.0,15,40.35
6406.0,16,26.05
6406.0,17,38.22
6407.0,15,33.54
6407.0,16,25.44
6407.0,17,35.17
6408.0,15,32.63
6408.0,16,24.05
6408.0,17,31.56
6409.0,15,27.1
6409.0,16,24.05
6409.0,17,29.93
6410.0,15,26.91
6410.0,16,25.22
6410.0,17,29.81
6411.0,15,31.05
6411.0,16,27.55
6411.0,17,32.75
6412.0,15,41.03
6412.0,16,42.04
6412.0,17,43.95
6413.0,15,48.03
6413.0,16,46.99
6413.0,17,53.59
6414.0,15,50.83
6414.0,16,46.94
6414.0,17,55.69
6415.0,15,48.29
6415.0,16,42.04
6415.0,17,55.99
6416.0,15,46.6
6416.0,16,39.91
6416.0,17,51.94
6417.0,15,46.44
6417.0,16,34.92
6417.0,17,50.57
6418.0,15,45.11
6418.0,16,28.74
6418.0,17,46.51
6419.0,15,45.02
6419.0,16,28.58
6419.0,17,45.03
6420.0,15,45.2
6420.0,16,28.78
6420.0,17,45.2
6421.0,15,45.08
6421.0,16,31.45
6421.0,17,46.17
6422.0,15,45.05
6422.0,16,34.24
6422.0,17,44.94
6423.0,15,45.98
6423.0,16,43.92
6423.0,17,46.13
6424.0,15,47.67
6424.0,16,45.97
6424.0,17,50.01
6425.0,15,50.27
6425.0,16,49.36
6425.0,17,52.32
6426.0,15,48.97
6426.0,16,44.99
6426.0,17,55.06
6427.0,15,45.47
6427.0,16,42.08
6427.0,17,47.53
6428.0,15,45.04
6428.0,16,36.31
6428.0,17,47.12
6429.0,15,45.01
6429.0,16,29.55
6429.0,17,45.91
6430.0,15,40.01
6430.0,16,31.72
6430.0,17,42.08
6431.0,15,36.68
6431.0,16,28.63
6431.0,17,40.0
6432.0,15,36.01
6432.0,16,27.86
6432.0,17,36.14
6433.0,15,31.05
6433.0,16,28.51
6433.0,17,31.88
6434.0,15,29.93
6434.0,16,28.64
6434.0,17,31.07
6435.0,15,30.88
6435.0,16,29.76
6435.0,17,30.93
6436.0,15,33.74
6436.0,16,30.01
6436.0,17,32.22
6437.0,15,38.03
6437.0,16,38.34
6437.0,17,40.54
6438.0,15,41.31
6438.0,16,42.07
6438.0,17,42.07
6439.0,15,43.43
6439.0,16,38.05
6439.0,17,45.8
6440.0,15,40.04
6440.0,16,31.82
6440.0,17,42.68
6441.0,15,40.01
6441.0,16,29.04
6441.0,17,40.4
6442.0,15,38.23
6442.0,16,27.34
6442.0,17,39.21
6443.0,15,36.4
6443.0,16,27.57
6443.0,17,36.33
6444.0,15,34.56
6444.0,16,28.4
6444.0,17,33.7
6445.0,15,33.33
6445.0,16,28.68
6445.0,17,32.35
6446.0,15,34.01
6446.0,16,28.66
6446.0,17,31.55
6447.0,15,35.4
6447.0,16,36.76
6447.0,17,38.75
6448.0,15,41.07
6448.0,16,43.71
6448.0,17,43.71
6449.0,15,45.28
6449.0,16,47.97
6449.0,17,49.91
6450.0,15,45.29
6450.0,16,42.29
6450.0,17,50.66
6451.0,15,43.56
6451.0,16,35.44
6451.0,17,41.09
6452.0,15,42.45
6452.0,16,31.07
6452.0,17,41.3
6453.0,15,40.79
6453.0,16,28.31
6453.0,17,40.01
6454.0,15,34.69
6454.0,16,28.07
6454.0,17,38.04
6455.0,15,33.72
6455.0,16,26.03
6455.0,17,35.07
6456.0,15,31.33
6456.0,16,24.01
6456.0,17,33.28
6457.0,15,26.74
6457.0,16,25.13
6457.0,17,29.56
6458.0,15,25.53
6458.0,16,23.78
6458.0,17,26.44
6459.0,15,27.38
6459.0,16,23.48
6459.0,17,28.0
6460.0,15,28.47
6460.0,16,25.49
6460.0,17,30.88
6461.0,15,31.94
6461.0,16,28.5
6461.0,17,30.08
6462.0,15,31.25
6462.0,16,30.09
6462.0,17,30.51
6463.0,15,29.02
6463.0,16,29.06
6463.0,17,32.21
6464.0,15,24.17
6464.0,16,23.33
6464.0,17,30.48
6465.0,15,25.9
6465.0,16,19.05
6465.0,17,31.79
6466.0,15,25.34
6466.0,16,15.96
6466.0,17,35.84
6467.0,15,22.94
6467.0,16,15.09
6467.0,17,30.13
6468.0,15,16.8
6468.0,16,14.31
6468.0,17,21.64
6469.0,15,17.23
6469.0,16,14.5
6469.0,17,18.95
6470.0,15,19.75
6470.0,16,16.83
6470.0,17,22.93
6471.0,15,28.73
6471.0,16,28.09
6471.0,17,30.68
6472.0,15,38.3
6472.0,16,38.97
6472.0,17,41.14
6473.0,15,44.57
6473.0,16,44.93
6473.0,17,49.2
6474.0,15,44.42
6474.0,16,41.94
6474.0,17,50.84
6475.0,15,39.97
6475.0,16,31.96
6475.0,17,44.21
6476.0,15,37.93
6476.0,16,31.43
6476.0,17,43.0
6477.0,15,36.86
6477.0,16,24.27
6477.0,17,39.5
6478.0,15,33.69
6478.0,16,24.37
6478.0,17,37.07
6479.0,15,31.05
6479.0,16,23.97
6479.0,17,30.31
6480.0,15,29.08
6480.0,16,23.9
6480.0,17,29.5
6481.0,15,25.95
6481.0,16,23.43
6481.0,17,26.12
6482.0,15,26.05
6482.0,16,20.16
6482.0,17,25.05
6483.0,15,30.12
6483.0,16,24.84
6483.0,17,34.23
6484.0,15,42.25
6484.0,16,43.25
6484.0,17,45.87
6485.0,15,49.05
6485.0,16,53.33
6485.0,17,53.33
6486.0,15,48.66
6486.0,16,54.42
6486.0,17,55.19
6487.0,15,47.04
6487.0,16,42.59
6487.0,17,54.45
6488.0,15,46.78
6488.0,16,35.85
6488.0,17,53.61
6489.0,15,46.93
6489.0,16,28.58
6489.0,17,51.41
6490.0,15,45.33
6490.0,16,26.87
6490.0,17,45.46
6491.0,15,44.92
6491.0,16,26.72
6491.0,17,44.96
6492.0,15,43.91
6492.0,16,26.71
6492.0,17,48.37
6493.0,15,43.43
6493.0,16,29.04
6493.0,17,45.23
6494.0,15,42.28
6494.0,16,32.06
6494.0,17,47.29
6495.0,15,44.2
6495.0,16,42.42
6495.0,17,43.97
6496.0,15,46.99
6496.0,16,46.95
6496.0,17,50.07
6497.0,15,50.36
6497.0,16,54.99
6497.0,17,57.12
6498.0,15,47.69
6498.0,16,46.42
6498.0,17,52.42
6499.0,15,43.68
6499.0,16,38.9
6499.0,17,45.81
6500.0,15,40.24
6500.0,16,31.26
6500.0,17,44.53
6501.0,15,36.89
6501.0,16,26.19
6501.0,17,42.5
6502.0,15,41.9
6502.0,16,28.51
6502.0,17,40.25
6503.0,15,36.11
6503.0,16,28.47
6503.0,17,33.2
6504.0,15,35.58
6504.0,16,26.04
6504.0,17,31.08
6505.0,15,32.08
6505.0,16,24.87
6505.0,17,28.06
6506.0,15,31.52
6506.0,16,26.55
6506.0,17,27.8
6507.0,15,35.08
6507.0,16,28.5
6507.0,17,34.2
6508.0,15,44.44
6508.0,16,41.59
6508.0,17,43.85
6509.0,15,51.31
6509.0,16,50.94
6509.0,17,53.01
6510.0,15,51.0
6510.0,16,55.44
6510.0,17,56.69
6511.0,15,49.04
6511.0,16,39.6
6511.0,17,57.18
6512.0,15,48.79
6512.0,16,33.77
6512.0,17,51.11
6513.0,15,47.73
6513.0,16,28.39
6513.0,17,48.98
6514.0,15,46.1
6514.0,16,26.98
6514.0,17,45.13
6515.0,15,45.87
6515.0,16,27.48
6515.0,17,44.0
6516.0,15,45.03
6516.0,16,27.71
6516.0,17,40.57
6517.0,15,44.08
6517.0,16,28.33
6517.0,17,39.76
6518.0,15,44.03
6518.0,16,29.02
6518.0,17,37.86
6519.0,15,45.0
6519.0,16,34.04
6519.0,17,37.28
6520.0,15,46.36
6520.0,16,43.36
6520.0,17,43.36
6521.0,15,49.1
6521.0,16,51.64
6521.0,17,51.64
6522.0,15,46.95
6522.0,16,43.76
6522.0,17,48.61
6523.0,15,43.69
6523.0,16,38.02
6523.0,17,40.01
6524.0,15,43.45
6524.0,16,33.33
6524.0,17,41.67
6525.0,15,41.99
6525.0,16,28.54
6525.0,17,40.32
6526.0,15,37.47
6526.0,16,28.17
6526.0,17,38.51
6527.0,15,31.61
6527.0,16,28.12
6527.0,17,29.76
6528.0,15,28.69
6528.0,16,26.91
6528.0,17,28.01
6529.0,15,25.86
6529.0,16,26.66
6529.0,17,27.38
6530.0,15,27.88
6530.0,16,27.0
6530.0,17,27.0
6531.0,15,31.05
6531.0,16,28.63
6531.0,17,30.55
6532.0,15,42.9
6532.0,16,42.93
6532.0,17,42.93
6533.0,15,51.42
6533.0,16,53.78
6533.0,17,53.78
6534.0,15,54.01
6534.0,16,55.5
6534.0,17,55.5
6535.0,15,46.99
6535.0,16,43.09
6535.0,17,49.27
6536.0,15,47.02
6536.0,16,37.09
6536.0,17,45.51
6537.0,15,46.75
6537.0,16,32.14
6537.0,17,43.22
6538.0,15,44.91
6538.0,16,28.13
6538.0,17,43.63
6539.0,15,44.09
6539.0,16,29.25
6539.0,17,38.28
6540.0,15,41.98
6540.0,16,30.07
6540.0,17,38.25
6541.0,15,38.25
6541.0,16,31.7
6541.0,17,34.14
6542.0,15,37.83
6542.0,16,33.28
6542.0,17,33.89
6543.0,15,42.33
6543.0,16,42.7
6543.0,17,43.01
6544.0,15,48.68
6544.0,16,50.0
6544.0,17,50.0
6545.0,15,54.41
6545.0,16,58.0
6545.0,17,58.0
6546.0,15,48.98
6546.0,16,48.93
6546.0,17,51.39
6547.0,15,44.36
6547.0,16,42.0
6547.0,17,46.79
6548.0,15,43.91
6548.0,16,34.56
6548.0,17,43.94
6549.0,15,42.42
6549.0,16,29.72
6549.0,17,41.43
6550.0,15,39.02
6550.0,16,30.03
6550.0,17,38.56
6551.0,15,34.51
6551.0,16,30.09
6551.0,17,31.27
6552.0,15,32.02
6552.0,16,28.62
6552.0,17,30.66
6553.0,15,30.72
6553.0,16,29.14
6553.0,17,29.14
6554.0,15,30.69
6554.0,16,29.4
6554.0,17,29.4
6555.0,15,32.79
6555.0,16,32.77
6555.0,17,32.87
6556.0,15,45.04
6556.0,16,44.97
6556.0,17,44.97
6557.0,15,55.44
6557.0,16,56.0
6557.0,17,56.0
6558.0,15,57.94
6558.0,16,59.06
6558.0,17,59.06
6559.0,15,49.87
6559.0,16,48.46
6559.0,17,49.02
6560.0,15,46.64
6560.0,16,34.45
6560.0,17,43.15
6561.0,15,45.86
6561.0,16,30.44
6561.0,17,41.73
6562.0,15,44.98
6562.0,16,29.14
6562.0,17,43.93
6563.0,15,43.13
6563.0,16,30.02
6563.0,17,39.21
6564.0,15,42.99
6564.0,16,28.81
6564.0,17,34.28
6565.0,15,42.86
6565.0,16,31.38
6565.0,17,34.51
6566.0,15,42.48
6566.0,16,36.26
6566.0,17,36.38
6567.0,15,44.71
6567.0,16,44.48
6567.0,17,44.48
6568.0,15,50.76
6568.0,16,51.57
6568.0,17,51.57
6569.0,15,58.91
6569.0,16,61.0
6569.0,17,61.0
6570.0,15,53.05
6570.0,16,55.0
6570.0,17,55.0
6571.0,15,45.76
6571.0,16,44.95
6571.0,17,44.95
6572.0,15,44.67
6572.0,16,39.96
6572.0,17,43.03
6573.0,15,42.91
6573.0,16,30.43
6573.0,17,41.79
6574.0,15,41.03
6574.0,16,31.37
6574.0,17,43.45
6575.0,15,34.98
6575.0,16,30.98
6575.0,17,40.51
6576.0,15,33.08
6576.0,16,29.93
6576.0,17,38.27
6577.0,15,32.07
6577.0,16,30.15
6577.0,17,31.39
6578.0,15,32.03
6578.0,16,30.82
6578.0,17,31.54
6579.0,15,34.82
6579.0,16,32.3
6579.0,17,37.2
6580.0,15,45.01
6580.0,16,44.68
6580.0,17,44.68
6581.0,15,56.97
6581.0,16,54.92
6581.0,17,54.92
6582.0,15,59.49
6582.0,16,60.0
6582.0,17,60.0
6583.0,15,51.4
6583.0,16,46.96
6583.0,17,51.34
6584.0,15,49.7
6584.0,16,37.92
6584.0,17,54.53
6585.0,15,48.95
6585.0,16,32.01
6585.0,17,54.03
6586.0,15,48.07
6586.0,16,30.07
6586.0,17,50.86
6587.0,15,47.03
6587.0,16,28.65
6587.0,17,47.56
6588.0,15,43.96
6588.0,16,28.91
6588.0,17,47.53
6589.0,15,43.01
6589.0,16,29.6
6589.0,17,44.5
6590.0,15,42.6
6590.0,16,32.02
6590.0,17,42.95
6591.0,15,44.19
6591.0,16,44.68
6591.0,17,44.68
6592.0,15,49.42
6592.0,16,48.1
6592.0,17,48.1
6593.0,15,55.14
6593.0,16,55.0
6593.0,17,55.0
6594.0,15,49.89
6594.0,16,49.03
6594.0,17,49.03
6595.0,15,44.93
6595.0,16,39.8
6595.0,17,47.58
6596.0,15,44.8
6596.0,16,33.5
6596.0,17,48.77
6597.0,15,42.4
6597.0,16,30.13
6597.0,17,44.75
6598.0,15,41.12
6598.0,16,26.75
6598.0,17,38.28
6599.0,15,37.94
6599.0,16,26.26
6599.0,17,34.02
6600.0,15,34.97
6600.0,16,26.39
6600.0,17,32.55
6601.0,15,31.08
6601.0,16,26.04
6601.0,17,29.04
6602.0,15,29.07
6602.0,16,24.77
6602.0,17,26.9
6603.0,15,30.36
6603.0,16,25.49
6603.0,17,28.54
6604.0,15,32.01
6604.0,16,24.03
6604.0,17,32.81
6605.0,15,36.75
6605.0,16,26.14
6605.0,17,38.49
6606.0,15,38.34
6606.0,16,28.06
6606.0,17,38.34
6607.0,15,40.82
6607.0,16,26.4
6607.0,17,43.24
6608.0,15,40.03
6608.0,16,24.67
6608.0,17,43.0
6609.0,15,39.46
6609.0,16,24.63
6609.0,17,41.87
6610.0,15,40.02
6610.0,16,23.53
6610.0,17,41.5
6611.0,15,37.19
6611.0,16,20.24
6611.0,17,39.89
6612.0,15,34.05
6612.0,16,21.94
6612.0,17,38.24
6613.0,15,33.07
6613.0,16,23.52
6613.0,17,37.22
6614.0,15,32.92
6614.0,16,24.05
6614.0,17,32.72
6615.0,15,36.02
6615.0,16,31.88
6615.0,17,33.81
6616.0,15,41.38
6616.0,16,40.3
6616.0,17,40.3
6617.0,15,45.55
6617.0,16,47.01
6617.0,17,47.01
6618.0,15,43.62
6618.0,16,41.95
6618.0,17,46.63
6619.0,15,39.06
6619.0,16,37.79
6619.0,17,41.23
6620.0,15,41.09
6620.0,16,40.28
6620.0,17,41.44
6621.0,15,38.5
6621.0,16,30.35
6621.0,17,41.5
6622.0,15,33.82
6622.0,16,27.63
6622.0,17,39.81
6623.0,15,32.0
6623.0,16,27.01
6623.0,17,38.18
6624.0,15,31.05
6624.0,16,26.82
6624.0,17,35.12
6625.0,15,26.08
6625.0,16,24.0
6625.0,17,32.92
6626.0,15,25.12
6626.0,16,25.7
6626.0,17,30.11
6627.0,15,26.4
6627.0,16,26.13
6627.0,17,29.54
6628.0,15,30.59
6628.0,16,26.14
6628.0,17,33.0
6629.0,15,30.6
6629.0,16,27.52
6629.0,17,34.98
6630.0,15,30.38
6630.0,16,30.02
6630.0,17,36.5
6631.0,15,27.06
6631.0,16,31.95
6631.0,17,37.96
6632.0,15,25.37
6632.0,16,30.53
6632.0,17,39.15
6633.0,15,25.61
6633.0,16,31.62
6633.0,17,38.66
6634.0,15,26.01
6634.0,16,29.24
6634.0,17,38.0
6635.0,15,22.93
6635.0,16,27.09
6635.0,17,35.0
6636.0,15,21.02
6636.0,16,26.06
6636.0,17,29.41
6637.0,15,19.33
6637.0,16,26.01
6637.0,17,27.09
6638.0,15,20.33
6638.0,16,25.44
6638.0,17,25.44
6639.0,15,27.93
6639.0,16,31.8
6639.0,17,31.8
6640.0,15,36.51
6640.0,16,40.48
6640.0,17,40.48
6641.0,15,43.04
6641.0,16,46.99
6641.0,17,46.99
6642.0,15,42.92
6642.0,16,44.9
6642.0,17,50.75
6643.0,15,37.77
6643.0,16,40.95
6643.0,17,46.07
6644.0,15,36.1
6644.0,16,40.41
6644.0,17,43.0
6645.0,15,34.97
6645.0,16,33.96
6645.0,17,37.85
6646.0,15,33.86
6646.0,16,27.66
6646.0,17,34.77
6647.0,15,30.69
6647.0,16,26.68
6647.0,17,31.19
6648.0,15,27.85
6648.0,16,26.82
6648.0,17,29.99
6649.0,15,26.17
6649.0,16,26.02
6649.0,17,26.69
6650.0,15,24.72
6650.0,16,25.84
6650.0,17,26.02
6651.0,15,31.33
6651.0,16,28.25
6651.0,17,29.59
6652.0,15,42.95
6652.0,16,42.17
6652.0,17,42.17
6653.0,15,49.53
6653.0,16,52.0
6653.0,17,51.33
6654.0,15,52.95
6654.0,16,55.07
6654.0,17,52.84
6655.0,15,51.52
6655.0,16,53.01
6655.0,17,53.01
6656.0,15,50.52
6656.0,16,51.56
6656.0,17,51.56
6657.0,15,49.96
6657.0,16,49.08
6657.0,17,49.16
6658.0,15,48.88
6658.0,16,42.17
6658.0,17,46.6
6659.0,15,48.74
6659.0,16,40.4
6659.0,17,45.97
6660.0,15,46.45
6660.0,16,38.84
6660.0,17,43.42
6661.0,15,45.9
6661.0,16,40.97
6661.0,17,40.97
6662.0,15,44.94
6662.0,16,41.38
6662.0,17,41.38
6663.0,15,44.95
6663.0,16,44.61
6663.0,17,44.61
6664.0,15,50.02
6664.0,16,45.1
6664.0,17,45.1
6665.0,15,53.92
6665.0,16,51.75
6665.0,17,51.75
6666.0,15,47.38
6666.0,16,45.45
6666.0,17,47.93
6667.0,15,43.96
6667.0,16,33.26
6667.0,17,36.84
6668.0,15,42.91
6668.0,16,28.06
6668.0,17,34.11
6669.0,15,37.05
6669.0,16,27.01
6669.0,17,36.2
6670.0,15,34.57
6670.0,16,25.05
6670.0,17,33.17
6671.0,15,31.61
6671.0,16,26.16
6671.0,17,29.1
6672.0,15,29.59
6672.0,16,23.87
6672.0,17,27.21
6673.0,15,24.9
6673.0,16,23.06
6673.0,17,24.4
6674.0,15,24.23
6674.0,16,23.66
6674.0,17,23.66
6675.0,15,29.06
6675.0,16,26.4
6675.0,17,26.4
6676.0,15,40.3
6676.0,16,35.29
6676.0,17,35.29
6677.0,15,47.51
6677.0,16,45.81
6677.0,17,45.81
6678.0,15,49.88
6678.0,16,48.08
6678.0,17,48.08
6679.0,15,48.37
6679.0,16,46.87
6679.0,17,50.1
6680.0,15,46.29
6680.0,16,47.21
6680.0,17,49.59
6681.0,15,46.17
6681.0,16,46.95
6681.0,17,48.04
6682.0,15,44.67
6682.0,16,45.69
6682.0,17,48.04
6683.0,15,44.56
6683.0,16,46.12
6683.0,17,46.12
6684.0,15,43.1
6684.0,16,43.92
6684.0,17,44.5
6685.0,15,43.21
6685.0,16,41.27
6685.0,17,42.2
6686.0,15,43.05
6686.0,16,40.0
6686.0,17,40.0
6687.0,15,42.3
6687.0,16,40.55
6687.0,17,40.55
6688.0,15,43.94
6688.0,16,41.91
6688.0,17,42.26
6689.0,15,47.9
6689.0,16,45.87
6689.0,17,48.08
6690.0,15,44.63
6690.0,16,39.91
6690.0,17,46.82
6691.0,15,37.41
6691.0,16,32.18
6691.0,17,37.09
6692.0,15,36.36
6692.0,16,30.05
6692.0,17,38.51
6693.0,15,34.19
6693.0,16,27.56
6693.0,17,38.78
6694.0,15,33.91
6694.0,16,28.07
6694.0,17,29.97
6695.0,15,27.78
6695.0,16,25.19
6695.0,17,25.19
6696.0,15,26.21
6696.0,16,24.08
6696.0,17,24.08
6697.0,15,23.76
6697.0,16,23.45
6697.0,17,23.45
6698.0,15,24.82
6698.0,16,23.66
6698.0,17,23.66
6699.0,15,29.04
6699.0,16,26.26
6699.0,17,26.26
6700.0,15,37.84
6700.0,16,34.3
6700.0,17,34.3
6701.0,15,49.07
6701.0,16,47.68
6701.0,17,47.68
6702.0,15,51.95
6702.0,16,50.03
6702.0,17,50.03
6703.0,15,51.5
6703.0,16,49.84
6703.0,17,49.84
6704.0,15,50.48
6704.0,16,49.02
6704.0,17,49.02
6705.0,15,50.06
6705.0,16,48.97
6705.0,17,48.97
6706.0,15,49.65
6706.0,16,47.51
6706.0,17,47.51
6707.0,15,49.05
6707.0,16,47.07
6707.0,17,47.07
6708.0,15,47.46
6708.0,16,45.94
6708.0,17,45.94
6709.0,15,46.4
6709.0,16,45.95
6709.0,17,45.95
6710.0,15,45.27
6710.0,16,44.2
6710.0,17,44.2
6711.0,15,46.46
6711.0,16,45.74
6711.0,17,45.74
6712.0,15,49.93
6712.0,16,49.58
6712.0,17,49.58
6713.0,15,54.98
6713.0,16,56.56
6713.0,17,56.56
6714.0,15,50.99
6714.0,16,49.56
6714.0,17,51.91
6715.0,15,46.48
6715.0,16,41.52
6715.0,17,45.95
6716.0,15,45.98
6716.0,16,36.36
6716.0,17,45.0
6717.0,15,44.18
6717.0,16,30.99
6717.0,17,43.5
6718.0,15,39.27
6718.0,16,32.2
6718.0,17,36.45
6719.0,15,35.97
6719.0,16,28.72
6719.0,17,32.78
6720.0,15,32.96
6720.0,16,28.08
6720.0,17,30.64
6721.0,15,30.68
6721.0,16,27.95
6721.0,17,30.34
6722.0,15,29.93
6722.0,16,28.42
6722.0,17,29.92
6723.0,15,35.5
6723.0,16,34.76
6723.0,17,34.76
6724.0,15,44.57
6724.0,16,46.49
6724.0,17,46.49
6725.0,15,56.04
6725.0,16,55.7
6725.0,17,55.7
6726.0,15,61.83
6726.0,16,59.84
6726.0,17,59.84
6727.0,15,58.79
6727.0,16,61.14
6727.0,17,61.14
6728.0,15,57.47
6728.0,16,59.13
6728.0,17,59.13
6729.0,15,56.08
6729.0,16,56.0
6729.0,17,56.0
6730.0,15,52.79
6730.0,16,52.46
6730.0,17,52.46
6731.0,15,51.44
6731.0,16,51.05
6731.0,17,51.05
6732.0,15,49.87
6732.0,16,50.78
6732.0,17,50.78
6733.0,15,49.72
6733.0,16,50.22
6733.0,17,50.22
6734.0,15,49.6
6734.0,16,50.0
6734.0,17,50.0
6735.0,15,50.93
6735.0,16,51.69
6735.0,17,51.69
6736.0,15,55.8
6736.0,16,55.99
6736.0,17,55.99
6737.0,15,66.3
6737.0,16,72.7
6737.0,17,72.7
6738.0,15,56.23
6738.0,16,58.04
6738.0,17,58.04
6739.0,15,47.2
6739.0,16,43.98
6739.0,17,45.35
6740.0,15,46.39
6740.0,16,40.99
6740.0,17,43.9
6741.0,15,44.8
6741.0,16,35.06
6741.0,17,42.65
6742.0,15,37.53
6742.0,16,33.12
6742.0,17,36.94
6743.0,15,35.83
6743.0,16,32.02
6743.0,17,34.44
6744.0,15,32.86
6744.0,16,30.26
6744.0,17,32.09
6745.0,15,31.09
6745.0,16,28.22
6745.0,17,30.13
6746.0,15,31.45
6746.0,16,30.47
6746.0,17,30.47
6747.0,15,36.04
6747.0,16,32.09
6747.0,17,32.79
6748.0,15,46.79
6748.0,16,46.62
6748.0,17,46.62
6749.0,15,56.94
6749.0,16,55.48
6749.0,17,55.48
6750.0,15,61.96
6750.0,16,61.04
6750.0,17,61.04
6751.0,15,61.27
6751.0,16,61.0
6751.0,17,61.0
6752.0,15,57.91
6752.0,16,55.09
6752.0,17,55.09
6753.0,15,54.38
6753.0,16,52.93
6753.0,17,52.93
6754.0,15,51.05
6754.0,16,50.85
6754.0,17,50.85
6755.0,15,48.45
6755.0,16,47.8
6755.0,17,47.8
6756.0,15,47.13
6756.0,16,46.8
6756.0,17,46.8
6757.0,15,46.82
6757.0,16,45.17
6757.0,17,45.17
6758.0,15,46.0
6758.0,16,44.48
6758.0,17,44.48
6759.0,15,48.55
6759.0,16,46.66
6759.0,17,46.66
6760.0,15,51.19
6760.0,16,49.56
6760.0,17,49.56
6761.0,15,59.83
6761.0,16,55.44
6761.0,17,55.44
6762.0,15,49.0
6762.0,16,49.99
6762.0,17,50.26
6763.0,15,42.98
6763.0,16,40.07
6763.0,17,40.07
6764.0,15,41.42
6764.0,16,36.47
6764.0,17,41.91
6765.0,15,38.86
6765.0,16,32.43
6765.0,17,41.84
6766.0,15,37.69
6766.0,16,32.46
6766.0,17,39.34
6767.0,15,35.25
6767.0,16,28.53
6767.0,17,34.7
6768.0,15,33.07
6768.0,16,32.21
6768.0,17,32.41
6769.0,15,31.41
6769.0,16,30.35
6769.0,17,30.35
6770.0,15,30.18
6770.0,16,29.95
6770.0,17,29.95
6771.0,15,31.29
6771.0,16,31.01
6771.0,17,31.01
6772.0,15,33.83
6772.0,16,32.88
6772.0,17,34.71
6773.0,15,38.93
6773.0,16,36.0
6773.0,17,39.73
6774.0,15,41.43
6774.0,16,42.9
6774.0,17,43.3
6775.0,15,42.82
6775.0,16,43.97
6775.0,17,47.0
6776.0,15,40.94
6776.0,16,42.92
6776.0,17,45.0
6777.0,15,39.83
6777.0,16,39.13
6777.0,17,41.61
6778.0,15,39.5
6778.0,16,29.42
6778.0,17,39.66
6779.0,15,37.93
6779.0,16,27.31
6779.0,17,36.18
6780.0,15,36.12
6780.0,16,28.03
6780.0,17,33.07
6781.0,15,35.09
6781.0,16,28.94
6781.0,17,29.74
6782.0,15,35.25
6782.0,16,31.62
6782.0,17,31.67
6783.0,15,37.58
6783.0,16,36.14
6783.0,17,36.14
6784.0,15,41.27
6784.0,16,42.97
6784.0,17,42.97
6785.0,15,44.79
6785.0,16,42.99
6785.0,17,52.37
6786.0,15,42.23
6786.0,16,35.06
6786.0,17,44.3
6787.0,15,38.38
6787.0,16,30.07
6787.0,17,36.94
6788.0,15,39.02
6788.0,16,29.06
6788.0,17,40.5
6789.0,15,37.69
6789.0,16,23.55
6789.0,17,38.7
6790.0,15,35.34
6790.0,16,19.71
6790.0,17,38.39
6791.0,15,31.65
6791.0,16,18.94
6791.0,17,33.63
6792.0,15,28.9
6792.0,16,19.03
6792.0,17,30.0
6793.0,15,26.44
6793.0,16,19.21
6793.0,17,23.84
6794.0,15,25.2
6794.0,16,19.45
6794.0,17,21.3
6795.0,15,25.74
6795.0,16,19.01
6795.0,17,22.32
6796.0,15,27.85
6796.0,16,19.03
6796.0,17,24.85
6797.0,15,29.39
6797.0,16,19.52
6797.0,17,28.72
6798.0,15,29.69
6798.0,16,20.82
6798.0,17,28.64
6799.0,15,28.47
6799.0,16,20.62
6799.0,17,31.32
6800.0,15,27.01
6800.0,16,20.2
6800.0,17,29.47
6801.0,15,26.93
6801.0,16,19.99
6801.0,17,31.16
6802.0,15,28.86
6802.0,16,16.5
6802.0,17,37.35
6803.0,15,25.22
6803.0,16,13.19
6803.0,17,28.42
6804.0,15,17.88
6804.0,16,12.89
6804.0,17,17.55
6805.0,15,16.07
6805.0,16,13.1
6805.0,17,16.64
6806.0,15,17.98
6806.0,16,16.57
6806.0,17,20.07
6807.0,15,26.43
6807.0,16,23.35
6807.0,17,31.02
6808.0,15,33.94
6808.0,16,35.23
6808.0,17,38.74
6809.0,15,43.69
6809.0,16,42.97
6809.0,17,50.73
6810.0,15,43.21
6810.0,16,32.28
6810.0,17,45.16
6811.0,15,40.22
6811.0,16,29.13
6811.0,17,41.66
6812.0,15,39.3
6812.0,16,31.2
6812.0,17,41.66
6813.0,15,37.61
6813.0,16,23.78
6813.0,17,40.95
6814.0,15,33.02
6814.0,16,23.09
6814.0,17,33.72
6815.0,15,30.73
6815.0,16,19.6
6815.0,17,28.09
6816.0,15,27.53
6816.0,16,19.78
6816.0,17,27.26
6817.0,15,24.01
6817.0,16,19.47
6817.0,17,23.68
6818.0,15,24.98
6818.0,16,19.64
6818.0,17,23.91
6819.0,15,29.58
6819.0,16,26.14
6819.0,17,29.83
6820.0,15,41.72
6820.0,16,40.73
6820.0,17,43.45
6821.0,15,51.84
6821.0,16,49.15
6821.0,17,50.3
6822.0,15,54.69
6822.0,16,49.88
6822.0,17,51.75
6823.0,15,51.7
6823.0,16,42.0
6823.0,17,53.11
6824.0,15,50.43
6824.0,16,32.23
6824.0,17,50.3
6825.0,15,49.68
6825.0,16,28.06
6825.0,17,48.71
6826.0,15,47.87
6826.0,16,26.4
6826.0,17,46.6
6827.0,15,46.2
6827.0,16,26.35
6827.0,17,46.11
6828.0,15,46.75
6828.0,16,27.33
6828.0,17,47.0
6829.0,15,44.95
6829.0,16,29.08
6829.0,17,46.99
6830.0,15,45.58
6830.0,16,32.65
6830.0,17,46.54
6831.0,15,47.04
6831.0,16,47.01
6831.0,17,47.38
6832.0,15,51.55
6832.0,16,53.33
6832.0,17,53.33
6833.0,15,58.63
6833.0,16,66.87
6833.0,17,66.87
6834.0,15,51.68
6834.0,16,51.61
6834.0,17,56.66
6835.0,15,46.02
6835.0,16,41.51
6835.0,17,48.56
6836.0,15,44.07
6836.0,16,32.72
6836.0,17,48.15
6837.0,15,43.26
6837.0,16,31.42
6837.0,17,46.3
6838.0,15,40.1
6838.0,16,30.39
6838.0,17,40.0
6839.0,15,37.02
6839.0,16,30.0
6839.0,17,37.03
6840.0,15,35.82
6840.0,16,29.76
6840.0,17,32.52
6841.0,15,34.05
6841.0,16,28.87
6841.0,17,28.87
6842.0,15,34.05
6842.0,16,29.05
6842.0,17,29.05
6843.0,15,37.78
6843.0,16,31.7
6843.0,17,31.7
6844.0,15,45.1
6844.0,16,43.98
6844.0,17,44.01
6845.0,15,52.92
6845.0,16,52.62
6845.0,17,54.28
6846.0,15,54.97
6846.0,16,56.6
6846.0,17,56.6
6847.0,15,54.05
6847.0,16,53.94
6847.0,17,55.15
6848.0,15,53.45
6848.0,16,46.7
6848.0,17,54.61
6849.0,15,51.73
6849.0,16,43.97
6849.0,17,54.11
6850.0,15,50.07
6850.0,16,40.82
6850.0,17,51.05
6851.0,15,49.54
6851.0,16,41.45
6851.0,17,49.06
6852.0,15,49.51
6852.0,16,41.91
6852.0,17,46.96
6853.0,15,49.31
6853.0,16,42.54
6853.0,17,42.65
6854.0,15,49.91
6854.0,16,43.85
6854.0,17,43.85
6855.0,15,49.13
6855.0,16,48.17
6855.0,17,48.17
6856.0,15,53.04
6856.0,16,53.91
6856.0,17,53.91
6857.0,15,62.02
6857.0,16,61.89
6857.0,17,61.89
6858.0,15,52.85
6858.0,16,50.12
6858.0,17,54.39
6859.0,15,48.14
6859.0,16,40.09
6859.0,17,47.77
6860.0,15,47.76
6860.0,16,37.16
6860.0,17,46.68
6861.0,15,46.66
6861.0,16,32.22
6861.0,17,42.22
6862.0,15,42.1
6862.0,16,31.47
6862.0,17,40.2
6863.0,15,38.22
6863.0,16,29.15
6863.0,17,39.25
6864.0,15,36.93
6864.0,16,27.77
6864.0,17,38.35
6865.0,15,35.06
6865.0,16,27.75
6865.0,17,35.52
6866.0,15,34.8
6866.0,16,28.08
6866.0,17,33.62
6867.0,15,38.33
6867.0,16,30.47
6867.0,17,38.35
6868.0,15,47.59
6868.0,16,41.49
6868.0,17,46.05
6869.0,15,55.53
6869.0,16,55.08
6869.0,17,59.64
6870.0,15,63.03
6870.0,16,63.06
6870.0,17,65.99
6871.0,15,61.95
6871.0,16,61.21
6871.0,17,70.58
6872.0,15,60.87
6872.0,16,60.05
6872.0,17,67.91
6873.0,15,58.3
6873.0,16,61.95
6873.0,17,62.99
6874.0,15,55.06
6874.0,16,55.17
6874.0,17,55.17
6875.0,15,54.58
6875.0,16,51.95
6875.0,17,53.91
6876.0,15,54.05
6876.0,16,46.81
6876.0,17,53.55
6877.0,15,51.97
6877.0,16,45.99
6877.0,17,52.19
6878.0,15,52.52
6878.0,16,46.87
6878.0,17,51.64
6879.0,15,52.29
6879.0,16,47.95
6879.0,17,53.01
6880.0,15,55.27
6880.0,16,51.98
6880.0,17,56.28
6881.0,15,62.42
6881.0,16,57.07
6881.0,17,68.76
6882.0,15,53.51
6882.0,16,46.0
6882.0,17,57.99
6883.0,15,49.22
6883.0,16,36.95
6883.0,17,50.52
6884.0,15,48.43
6884.0,16,36.99
6884.0,17,49.88
6885.0,15,46.59
6885.0,16,31.59
6885.0,17,46.6
6886.0,15,45.63
6886.0,16,32.09
6886.0,17,38.2
6887.0,15,42.01
6887.0,16,30.66
6887.0,17,39.04
6888.0,15,40.09
6888.0,16,28.76
6888.0,17,36.7
6889.0,15,39.02
6889.0,16,28.25
6889.0,17,32.88
6890.0,15,38.04
6890.0,16,28.09
6890.0,17,31.06
6891.0,15,41.04
6891.0,16,29.31
6891.0,17,35.21
6892.0,15,47.07
6892.0,16,36.93
6892.0,17,46.29
6893.0,15,57.45
6893.0,16,51.9
6893.0,17,57.72
6894.0,15,61.08
6894.0,16,50.41
6894.0,17,61.94
6895.0,15,67.1
6895.0,16,51.16
6895.0,17,65.32
6896.0,15,67.98
6896.0,16,57.91
6896.0,17,62.97
6897.0,15,66.91
6897.0,16,57.01
6897.0,17,60.1
6898.0,15,61.02
6898.0,16,51.46
6898.0,17,59.59
6899.0,15,58.21
6899.0,16,50.0
6899.0,17,58.64
6900.0,15,57.93
6900.0,16,42.44
6900.0,17,56.7
6901.0,15,56.22
6901.0,16,36.08
6901.0,17,53.66
6902.0,15,56.27
6902.0,16,35.0
6902.0,17,53.1
6903.0,15,56.0
6903.0,16,37.44
6903.0,17,53.1
6904.0,15,57.1
6904.0,16,44.0
6904.0,17,57.78
6905.0,15,70.15
6905.0,16,47.97
6905.0,17,72.18
6906.0,15,59.5
6906.0,16,36.07
6906.0,17,65.48
6907.0,15,53.02
6907.0,16,32.0
6907.0,17,53.8
6908.0,15,52.07
6908.0,16,32.41
6908.0,17,53.63
6909.0,15,47.54
6909.0,16,29.1
6909.0,17,51.94
6910.0,15,44.19
6910.0,16,29.38
6910.0,17,48.49
6911.0,15,40.68
6911.0,16,29.03
6911.0,17,45.24
6912.0,15,39.39
6912.0,16,28.06
6912.0,17,41.88
6913.0,15,36.27
6913.0,16,29.48
6913.0,17,39.07
6914.0,15,35.15
6914.0,16,30.79
6914.0,17,37.73
6915.0,15,39.81
6915.0,16,30.73
6915.0,17,42.07
6916.0,15,48.73
6916.0,16,45.86
6916.0,17,51.37
6917.0,15,59.85
6917.0,16,61.8
6917.0,17,68.47
6918.0,15,66.47
6918.0,16,65.99
6918.0,17,74.9
6919.0,15,67.21
6919.0,16,65.99
6919.0,17,70.12
6920.0,15,65.95
6920.0,16,66.23
6920.0,17,66.23
6921.0,15,64.95
6921.0,16,61.0
6921.0,17,62.99
6922.0,15,59.65
6922.0,16,54.7
6922.0,17,59.71
6923.0,15,57.13
6923.0,16,52.37
6923.0,17,57.44
6924.0,15,55.39
6924.0,16,55.0
6924.0,17,55.0
6925.0,15,54.93
6925.0,16,53.73
6925.0,17,54.76
6926.0,15,54.56
6926.0,16,51.94
6926.0,17,53.0
6927.0,15,53.66
6927.0,16,55.17
6927.0,17,55.17
6928.0,15,57.81
6928.0,16,59.87
6928.0,17,59.87
6929.0,15,65.35
6929.0,16,50.4
6929.0,17,78.63
6930.0,15,53.95
6930.0,16,44.8
6930.0,17,65.01
6931.0,15,50.07
6931.0,16,39.82
6931.0,17,51.01
6932.0,15,49.92
6932.0,16,38.69
6932.0,17,52.57
6933.0,15,47.85
6933.0,16,35.27
6933.0,17,49.9
6934.0,15,47.47
6934.0,16,34.19
6934.0,17,45.01
6935.0,15,44.07
6935.0,16,34.07
6935.0,17,41.19
6936.0,15,40.46
6936.0,16,33.49
6936.0,17,41.12
6937.0,15,38.7
6937.0,16,33.42
6937.0,17,38.82
6938.0,15,36.93
6938.0,16,33.97
6938.0,17,35.27
6939.0,15,37.29
6939.0,16,32.34
6939.0,17,37.23
6940.0,15,40.59
6940.0,16,32.13
6940.0,17,39.98
6941.0,15,45.36
6941.0,16,35.06
6941.0,17,43.08
6942.0,15,46.49
6942.0,16,46.3
6942.0,17,46.64
6943.0,15,49.93
6943.0,16,48.13
6943.0,17,48.13
6944.0,15,49.11
6944.0,16,48.28
6944.0,17,48.28
6945.0,15,47.1
6945.0,16,46.52
6945.0,17,47.1
6946.0,15,45.02
6946.0,16,43.96
6946.0,17,47.61
6947.0,15,42.44
6947.0,16,41.62
6947.0,17,43.06
6948.0,15,40.42
6948.0,16,38.96
6948.0,17,39.18
6949.0,15,39.18
6949.0,16,38.48
6949.0,17,38.48
6950.0,15,40.08
6950.0,16,39.18
6950.0,17,39.18
6951.0,15,45.23
6951.0,16,42.6
6951.0,17,42.6
6952.0,15,49.27
6952.0,16,48.8
6952.0,17,48.8
6953.0,15,52.91
6953.0,16,55.99
6953.0,17,55.99
6954.0,15,50.04
6954.0,16,47.21
6954.0,17,52.39
6955.0,15,47.02
6955.0,16,41.81
6955.0,17,45.25
6956.0,15,46.24
6956.0,16,42.43
6956.0,17,42.43
6957.0,15,45.52
6957.0,16,32.18
6957.0,17,43.72
6958.0,15,43.19
6958.0,16,32.18
6958.0,17,41.67
6959.0,15,40.13
6959.0,16,32.02
6959.0,17,40.96
6960.0,15,38.59
6960.0,16,31.04
6960.0,17,39.63
6961.0,15,36.39
6961.0,16,32.03
6961.0,17,35.62
6962.0,15,35.91
6962.0,16,30.91
6962.0,17,30.91
6963.0,15,36.27
6963.0,16,31.03
6963.0,17,31.03
6964.0,15,37.24
6964.0,16,29.03
6964.0,17,36.85
6965.0,15,37.92
6965.0,16,31.96
6965.0,17,39.93
6966.0,15,40.8
6966.0,16,32.98
6966.0,17,36.8
6967.0,15,39.98
6967.0,16,35.06
6967.0,17,40.63
6968.0,15,41.61
6968.0,16,39.98
6968.0,17,42.75
6969.0,15,43.04
6969.0,16,41.94
6969.0,17,41.94
6970.0,15,43.01
6970.0,16,38.32
6970.0,17,43.34
6971.0,15,37.94
6971.0,16,38.38
6971.0,17,41.27
6972.0,15,35.9
6972.0,16,36.2
6972.0,17,36.2
6973.0,15,34.95
6973.0,16,33.56
6973.0,17,33.56
6974.0,15,35.96
6974.0,16,35.01
6974.0,17,35.01
6975.0,15,41.65
6975.0,16,39.18
6975.0,17,39.18
6976.0,15,49.97
6976.0,16,47.44
6976.0,17,47.44
6977.0,15,54.96
6977.0,16,56.05
6977.0,17,56.05
6978.0,15,52.06
6978.0,16,51.71
6978.0,17,51.71
6979.0,15,48.24
6979.0,16,45.66
6979.0,17,47.0
6980.0,15,47.26
6980.0,16,42.81
6980.0,17,46.23
6981.0,15,45.77
6981.0,16,35.0
6981.0,17,42.1
6982.0,15,43.26
6982.0,16,36.72
6982.0,17,43.18
6983.0,15,41.06
6983.0,16,34.43
6983.0,17,38.77
6984.0,15,40.18
6984.0,16,34.15
6984.0,17,37.18
6985.0,15,39.56
6985.0,16,32.59
6985.0,17,32.59
6986.0,15,38.28
6986.0,16,32.34
6986.0,17,32.34
6987.0,15,44.7
6987.0,16,35.15
6987.0,17,37.52
6988.0,15,51.95
6988.0,16,47.74
6988.0,17,48.75
6989.0,15,64.35
6989.0,16,60.01
6989.0,17,60.01
6990.0,15,68.07
6990.0,16,66.32
6990.0,17,66.32
6991.0,15,69.15
6991.0,16,69.68
6991.0,17,69.68
6992.0,15,65.07
6992.0,16,61.67
6992.0,17,63.51
6993.0,15,61.04
6993.0,16,59.9
6993.0,17,62.18
6994.0,15,58.35
6994.0,16,60.0
6994.0,17,60.0
6995.0,15,57.91
6995.0,16,59.59
6995.0,17,59.59
6996.0,15,57.47
6996.0,16,57.19
6996.0,17,57.52
6997.0,15,57.33
6997.0,16,55.63
6997.0,17,57.72
6998.0,15,57.05
6998.0,16,54.32
6998.0,17,57.22
6999.0,15,58.3
6999.0,16,55.8
6999.0,17,56.63
7000.0,15,63.08
7000.0,16,60.17
7000.0,17,60.17
7001.0,15,70.39
7001.0,16,69.47
7001.0,17,83.53
7002.0,15,59.16
7002.0,16,57.84
7002.0,17,63.1
7003.0,15,52.9
7003.0,16,43.5
7003.0,17,54.18
7004.0,15,51.79
7004.0,16,38.22
7004.0,17,53.15
7005.0,15,49.33
7005.0,16,34.86
7005.0,17,48.37
7006.0,15,46.78
7006.0,16,33.02
7006.0,17,43.71
7007.0,15,44.56
7007.0,16,31.77
7007.0,17,41.69
7008.0,15,42.23
7008.0,16,30.5
7008.0,17,40.0
7009.0,15,41.25
7009.0,16,29.86
7009.0,17,39.29
7010.0,15,41.64
7010.0,16,31.93
7010.0,17,37.64
7011.0,15,44.12
7011.0,16,33.91
7011.0,17,39.96
7012.0,15,50.99
7012.0,16,43.4
7012.0,17,46.38
7013.0,15,61.39
7013.0,16,58.64
7013.0,17,62.88
7014.0,15,66.89
7014.0,16,65.56
7014.0,17,67.43
7015.0,15,70.59
7015.0,16,64.74
7015.0,17,66.5
7016.0,15,65.99
7016.0,16,62.01
7016.0,17,62.9
7017.0,15,61.81
7017.0,16,60.26
7017.0,17,60.36
7018.0,15,58.8
7018.0,16,55.99
7018.0,17,55.99
7019.0,15,58.02
7019.0,16,54.0
7019.0,17,54.0
7020.0,15,57.4
7020.0,16,54.6
7020.0,17,54.6
7021.0,15,57.22
7021.0,16,53.19
7021.0,17,53.19
7022.0,15,57.03
7022.0,16,52.73
7022.0,17,53.5
7023.0,15,56.82
7023.0,16,54.26
7023.0,17,54.26
7024.0,15,59.24
7024.0,16,60.42
7024.0,17,60.42
7025.0,15,72.21
7025.0,16,66.98
7025.0,17,78.61
7026.0,15,57.61
7026.0,16,51.05
7026.0,17,56.89
7027.0,15,54.04
7027.0,16,40.5
7027.0,17,52.01
7028.0,15,53.17
7028.0,16,38.43
7028.0,17,51.02
7029.0,15,50.49
7029.0,16,33.92
7029.0,17,47.14
7030.0,15,43.15
7030.0,16,32.34
7030.0,17,41.48
7031.0,15,42.02
7031.0,16,31.1
7031.0,17,40.18
7032.0,15,40.17
7032.0,16,29.48
7032.0,17,39.18
7033.0,15,39.39
7033.0,16,29.14
7033.0,17,36.5
7034.0,15,38.13
7034.0,16,31.27
7034.0,17,36.0
7035.0,15,40.97
7035.0,16,32.41
7035.0,17,37.94
7036.0,15,49.17
7036.0,16,36.93
7036.0,17,45.66
7037.0,15,57.9
7037.0,16,54.24
7037.0,17,58.65
7038.0,15,64.04
7038.0,16,61.96
7038.0,17,68.25
7039.0,15,63.74
7039.0,16,57.69
7039.0,17,64.36
7040.0,15,59.91
7040.0,16,53.61
7040.0,17,58.68
7041.0,15,58.67
7041.0,16,52.76
7041.0,17,57.12
7042.0,15,55.92
7042.0,16,46.37
7042.0,17,54.1
7043.0,15,54.62
7043.0,16,44.03
7043.0,17,52.5
7044.0,15,53.24
7044.0,16,43.31
7044.0,17,51.66
7045.0,15,53.09
7045.0,16,42.09
7045.0,17,52.01
7046.0,15,53.05
7046.0,16,39.34
7046.0,17,51.74
7047.0,15,53.08
7047.0,16,46.18
7047.0,17,53.19
7048.0,15,56.77
7048.0,16,47.93
7048.0,17,57.85
7049.0,15,65.07
7049.0,16,47.31
7049.0,17,73.96
7050.0,15,55.97
7050.0,16,38.25
7050.0,17,59.5
7051.0,15,50.49
7051.0,16,36.02
7051.0,17,53.19
7052.0,15,49.96
7052.0,16,36.08
7052.0,17,49.85
7053.0,15,47.11
7053.0,16,30.85
7053.0,17,49.01
7054.0,15,42.32
7054.0,16,27.38
7054.0,17,43.01
7055.0,15,39.04
7055.0,16,26.49
7055.0,17,38.94
7056.0,15,37.17
7056.0,16,26.3
7056.0,17,36.93
7057.0,15,35.82
7057.0,16,27.13
7057.0,17,31.5
7058.0,15,34.86
7058.0,16,27.92
7058.0,17,27.92
7059.0,15,38.0
7059.0,16,29.03
7059.0,17,36.5
7060.0,15,46.01
7060.0,16,35.92
7060.0,17,44.36
7061.0,15,55.22
7061.0,16,46.95
7061.0,17,55.6
7062.0,15,60.09
7062.0,16,46.59
7062.0,17,56.9
7063.0,15,58.46
7063.0,16,46.95
7063.0,17,56.7
7064.0,15,56.0
7064.0,16,45.83
7064.0,17,55.19
7065.0,15,54.92
7065.0,16,46.94
7065.0,17,55.16
7066.0,15,51.6
7066.0,16,45.87
7066.0,17,53.55
7067.0,15,50.64
7067.0,16,46.2
7067.0,17,51.03
7068.0,15,50.26
7068.0,16,45.0
7068.0,17,50.35
7069.0,15,50.86
7069.0,16,41.72
7069.0,17,49.85
7070.0,15,50.79
7070.0,16,36.09
7070.0,17,51.37
7071.0,15,50.97
7071.0,16,38.93
7071.0,17,52.79
7072.0,15,56.08
7072.0,16,41.98
7072.0,17,55.94
7073.0,15,63.13
7073.0,16,41.71
7073.0,17,64.29
7074.0,15,54.83
7074.0,16,36.03
7074.0,17,55.15
7075.0,15,51.21
7075.0,16,32.19
7075.0,17,50.09
7076.0,15,48.96
7076.0,16,29.81
7076.0,17,50.49
7077.0,15,47.08
7077.0,16,23.98
7077.0,17,49.01
7078.0,15,41.56
7078.0,16,27.28
7078.0,17,45.24
7079.0,15,38.35
7079.0,16,24.94
7079.0,17,42.04
7080.0,15,36.19
7080.0,16,23.76
7080.0,17,39.5
7081.0,15,33.18
7081.0,16,23.97
7081.0,17,37.64
7082.0,15,31.45
7082.0,16,27.15
7082.0,17,37.01
7083.0,15,36.86
7083.0,16,28.91
7083.0,17,40.0
7084.0,15,46.44
7084.0,16,36.2
7084.0,17,48.64
7085.0,15,54.91
7085.0,16,47.95
7085.0,17,60.0
7086.0,15,57.75
7086.0,16,46.95
7086.0,17,64.84
7087.0,15,57.41
7087.0,16,48.0
7087.0,17,63.25
7088.0,15,54.91
7088.0,16,46.98
7088.0,17,59.53
7089.0,15,53.31
7089.0,16,44.72
7089.0,17,56.63
7090.0,15,49.57
7090.0,16,35.04
7090.0,17,52.55
7091.0,15,48.86
7091.0,16,32.37
7091.0,17,48.79
7092.0,15,48.47
7092.0,16,31.68
7092.0,17,48.45
7093.0,15,48.69
7093.0,16,34.29
7093.0,17,47.7
7094.0,15,49.8
7094.0,16,41.91
7094.0,17,47.02
7095.0,15,50.05
7095.0,16,45.12
7095.0,17,49.33
7096.0,15,54.96
7096.0,16,54.01
7096.0,17,55.0
7097.0,15,60.81
7097.0,16,55.17
7097.0,17,62.19
7098.0,15,52.91
7098.0,16,43.17
7098.0,17,54.7
7099.0,15,49.17
7099.0,16,39.94
7099.0,17,49.59
7100.0,15,48.37
7100.0,16,35.16
7100.0,17,50.11
7101.0,15,46.96
7101.0,16,32.15
7101.0,17,46.85
7102.0,15,41.29
7102.0,16,32.08
7102.0,17,42.6
7103.0,15,38.99
7103.0,16,32.3
7103.0,17,38.54
7104.0,15,37.83
7104.0,16,30.07
7104.0,17,38.96
7105.0,15,35.06
7105.0,16,31.48
7105.0,17,33.17
7106.0,15,32.1
7106.0,16,30.1
7106.0,17,30.34
7107.0,15,33.8
7107.0,16,30.05
7107.0,17,30.69
7108.0,15,37.89
7108.0,16,33.46
7108.0,17,34.83
7109.0,15,40.0
7109.0,16,37.2
7109.0,17,38.17
7110.0,15,43.06
7110.0,16,40.02
7110.0,17,45.34
7111.0,15,44.23
7111.0,16,40.03
7111.0,17,46.92
7112.0,15,43.92
7112.0,16,35.95
7112.0,17,45.3
7113.0,15,41.37
7113.0,16,30.5
7113.0,17,42.77
7114.0,15,39.9
7114.0,16,27.89
7114.0,17,41.55
7115.0,15,37.02
7115.0,16,27.94
7115.0,17,39.68
7116.0,15,34.29
7116.0,16,25.48
7116.0,17,36.93
7117.0,15,33.53
7117.0,16,27.7
7117.0,17,34.38
7118.0,15,36.06
7118.0,16,31.08
7118.0,17,34.92
7119.0,15,40.63
7119.0,16,37.22
7119.0,17,37.84
7120.0,15,46.04
7120.0,16,44.92
7120.0,17,44.92
7121.0,15,49.88
7121.0,16,44.98
7121.0,17,48.76
7122.0,15,45.98
7122.0,16,34.73
7122.0,17,40.34
7123.0,15,41.33
7123.0,16,30.0
7123.0,17,34.66
7124.0,15,42.45
7124.0,16,28.09
7124.0,17,40.5
7125.0,15,40.79
7125.0,16,24.09
7125.0,17,39.22
7126.0,15,45.45
7126.0,16,28.76
7126.0,17,43.45
7127.0,15,44.94
7127.0,16,27.08
7127.0,17,38.0
7128.0,15,44.66
7128.0,16,25.07
7128.0,17,25.07
7129.0,15,43.99
7129.0,16,25.02
7129.0,17,25.02
7130.0,15,40.07
7130.0,16,25.84
7130.0,17,25.84
7131.0,15,37.91
7131.0,16,23.86
7131.0,17,23.96
7132.0,15,40.82
7132.0,16,25.05
7132.0,17,26.18
7133.0,15,40.93
7133.0,16,25.46
7133.0,17,27.35
7134.0,15,38.28
7134.0,16,30.9
7134.0,17,30.9
7135.0,15,39.11
7135.0,16,32.09
7135.0,17,33.19
7136.0,15,36.14
7136.0,16,32.05
7136.0,17,34.46
7137.0,15,33.61
7137.0,16,31.97
7137.0,17,34.25
7138.0,15,34.35
7138.0,16,32.04
7138.0,17,40.74
7139.0,15,35.09
7139.0,16,29.04
7139.0,17,40.23
7140.0,15,33.87
7140.0,16,25.49
7140.0,17,38.05
7141.0,15,30.06
7141.0,16,30.05
7141.0,17,30.61
7142.0,15,29.44
7142.0,16,32.07
7142.0,17,32.07
7143.0,15,34.44
7143.0,16,36.2
7143.0,17,36.2
7144.0,15,44.14
7144.0,16,47.91
7144.0,17,47.2
7145.0,15,49.39
7145.0,16,53.93
7145.0,17,53.93
7146.0,15,50.04
7146.0,16,52.14
7146.0,17,52.89
7147.0,15,47.98
7147.0,16,44.92
7147.0,17,47.6
7148.0,15,45.48
7148.0,16,41.02
7148.0,17,41.57
7149.0,15,45.46
7149.0,16,43.05
7149.0,17,43.05
7150.0,15,45.43
7150.0,16,32.08
7150.0,17,41.69
7151.0,15,45.46
7151.0,16,32.29
7151.0,17,40.1
7152.0,15,41.38
7152.0,16,32.23
7152.0,17,36.99
7153.0,15,41.4
7153.0,16,32.07
7153.0,17,33.64
7154.0,15,40.21
7154.0,16,31.09
7154.0,17,31.09
7155.0,15,40.76
7155.0,16,31.73
7155.0,17,31.73
7156.0,15,42.69
7156.0,16,35.1
7156.0,17,35.1
7157.0,15,50.97
7157.0,16,43.89
7157.0,17,44.02
7158.0,15,54.15
7158.0,16,53.1
7158.0,17,53.1
7159.0,15,55.26
7159.0,16,52.18
7159.0,17,54.6
7160.0,15,54.94
7160.0,16,49.11
7160.0,17,54.0
7161.0,15,54.11
7161.0,16,41.03
7161.0,17,51.75
7162.0,15,53.94
7162.0,16,40.03
7162.0,17,50.0
7163.0,15,52.43
7163.0,16,36.12
7163.0,17,47.08
7164.0,15,53.88
7164.0,16,32.88
7164.0,17,50.0
7165.0,15,53.92
7165.0,16,36.98
7165.0,17,50.44
7166.0,15,53.71
7166.0,16,44.97
7166.0,17,48.37
7167.0,15,52.98
7167.0,16,48.59
7167.0,17,48.59
7168.0,15,54.99
7168.0,16,53.74
7168.0,17,53.74
7169.0,15,57.78
7169.0,16,55.0
7169.0,17,58.81
7170.0,15,57.8
7170.0,16,42.52
7170.0,17,59.76
7171.0,15,52.45
7171.0,16,34.63
7171.0,17,55.99
7172.0,15,50.88
7172.0,16,30.65
7172.0,17,50.04
7173.0,15,49.63
7173.0,16,29.51
7173.0,17,50.3
7174.0,15,46.88
7174.0,16,29.08
7174.0,17,43.85
7175.0,15,45.01
7175.0,16,28.56
7175.0,17,41.6
7176.0,15,42.58
7176.0,16,29.09
7176.0,17,36.2
7177.0,15,40.44
7177.0,16,28.2
7177.0,17,33.37
7178.0,15,40.21
7178.0,16,28.5
7178.0,17,28.5
7179.0,15,39.63
7179.0,16,29.03
7179.0,17,29.03
7180.0,15,43.65
7180.0,16,30.9
7180.0,17,30.9
7181.0,15,50.45
7181.0,16,38.44
7181.0,17,39.49
7182.0,15,53.03
7182.0,16,46.67
7182.0,17,46.67
7183.0,15,54.53
7183.0,16,50.88
7183.0,17,50.88
7184.0,15,53.93
7184.0,16,49.54
7184.0,17,49.54
7185.0,15,51.94
7185.0,16,48.65
7185.0,17,48.65
7186.0,15,51.63
7186.0,16,47.68
7186.0,17,48.02
7187.0,15,50.88
7187.0,16,39.91
7187.0,17,50.71
7188.0,15,51.48
7188.0,16,40.05
7188.0,17,51.1
7189.0,15,51.5
7189.0,16,39.9
7189.0,17,52.6
7190.0,15,52.94
7190.0,16,47.91
7190.0,17,51.91
7191.0,15,56.13
7191.0,16,49.18
7191.0,17,49.18
7192.0,15,53.9
7192.0,16,54.1
7192.0,17,54.1
7193.0,15,57.91
7193.0,16,54.07
7193.0,17,56.9
7194.0,15,57.93
7194.0,16,47.93
7194.0,17,57.01
7195.0,15,54.39
7195.0,16,40.04
7195.0,17,55.81
7196.0,15,50.93
7196.0,16,36.51
7196.0,17,49.72
7197.0,15,50.91
7197.0,16,32.07
7197.0,17,46.68
7198.0,15,47.16
7198.0,16,31.04
7198.0,17,41.1
7199.0,15,46.93
7199.0,16,32.92
7199.0,17,36.31
7200.0,15,45.06
7200.0,16,31.21
7200.0,17,31.21
7201.0,15,43.8
7201.0,16,30.32
7201.0,17,30.32
7202.0,15,44.83
7202.0,16,29.08
7202.0,17,29.08
7203.0,15,43.9
7203.0,16,30.71
7203.0,17,30.71
7204.0,15,46.93
7204.0,16,30.85
7204.0,17,30.85
7205.0,15,52.48
7205.0,16,35.71
7205.0,17,38.47
7206.0,15,54.0
7206.0,16,47.19
7206.0,17,47.19
7207.0,15,54.24
7207.0,16,46.91
7207.0,17,54.27
7208.0,15,53.95
7208.0,16,46.99
7208.0,17,55.96
7209.0,15,54.1
7209.0,16,39.93
7209.0,17,57.03
7210.0,15,56.93
7210.0,16,36.4
7210.0,17,61.59
7211.0,15,56.22
7211.0,16,36.14
7211.0,17,58.0
7212.0,15,56.81
7212.0,16,37.42
7212.0,17,59.23
7213.0,15,56.98
7213.0,16,46.29
7213.0,17,54.1
7214.0,15,56.97
7214.0,16,49.98
7214.0,17,53.33
7215.0,15,56.63
7215.0,16,51.99
7215.0,17,51.99
7216.0,15,58.01
7216.0,16,60.63
7216.0,17,60.63
7217.0,15,64.03
7217.0,16,69.74
7217.0,17,72.41
7218.0,15,61.98
7218.0,16,54.58
7218.0,17,66.51
7219.0,15,57.28
7219.0,16,49.61
7219.0,17,56.01
7220.0,15,52.13
7220.0,16,45.0
7220.0,17,51.31
7221.0,15,50.93
7221.0,16,38.64
7221.0,17,48.88
7222.0,15,47.03
7222.0,16,34.47
7222.0,17,46.25
7223.0,15,40.27
7223.0,16,35.44
7223.0,17,39.49
7224.0,15,37.79
7224.0,16,33.1
7224.0,17,38.0
7225.0,15,36.04
7225.0,16,32.08
7225.0,17,35.98
7226.0,15,35.06
7226.0,16,32.66
7226.0,17,33.38
7227.0,15,35.05
7227.0,16,34.05
7227.0,17,34.05
7228.0,15,39.02
7228.0,16,34.8
7228.0,17,35.62
7229.0,15,48.42
7229.0,16,45.02
7229.0,17,45.02
7230.0,15,54.88
7230.0,16,53.42
7230.0,17,53.42
7231.0,15,57.08
7231.0,16,56.03
7231.0,17,56.03
7232.0,15,56.81
7232.0,16,56.88
7232.0,17,56.88
7233.0,15,55.29
7233.0,16,56.19
7233.0,17,56.19
7234.0,15,55.95
7234.0,16,55.51
7234.0,17,55.51
7235.0,15,54.97
7235.0,16,53.91
7235.0,17,53.91
7236.0,15,54.92
7236.0,16,54.24
7236.0,17,54.24
7237.0,15,54.73
7237.0,16,55.17
7237.0,17,55.17
7238.0,15,57.04
7238.0,16,55.29
7238.0,17,55.29
7239.0,15,56.97
7239.0,16,54.85
7239.0,17,54.85
7240.0,15,65.4
7240.0,16,64.51
7240.0,17,64.51
7241.0,15,73.05
7241.0,16,78.88
7241.0,17,78.88
7242.0,15,64.39
7242.0,16,64.96
7242.0,17,64.96
7243.0,15,53.08
7243.0,16,52.94
7243.0,17,53.97
7244.0,15,50.09
7244.0,16,47.16
7244.0,17,50.0
7245.0,15,48.55
7245.0,16,44.32
7245.0,17,48.07
7246.0,15,46.09
7246.0,16,39.99
7246.0,17,43.72
7247.0,15,41.73
7247.0,16,36.25
7247.0,17,39.39
7248.0,15,39.5
7248.0,16,35.09
7248.0,17,36.2
7249.0,15,37.56
7249.0,16,34.32
7249.0,17,34.32
7250.0,15,37.08
7250.0,16,34.02
7250.0,17,34.02
7251.0,15,37.1
7251.0,16,34.02
7251.0,17,34.02
7252.0,15,39.19
7252.0,16,36.78
7252.0,17,36.78
7253.0,15,47.04
7253.0,16,43.0
7253.0,17,43.0
7254.0,15,53.56
7254.0,16,52.05
7254.0,17,52.11
7255.0,15,57.06
7255.0,16,55.0
7255.0,17,55.0
7256.0,15,56.03
7256.0,16,54.0
7256.0,17,54.0
7257.0,15,54.51
7257.0,16,52.0
7257.0,17,52.0
7258.0,15,53.66
7258.0,16,49.36
7258.0,17,49.36
7259.0,15,50.99
7259.0,16,45.65
7259.0,17,45.65
7260.0,15,50.9
7260.0,16,44.95
7260.0,17,44.95
7261.0,15,51.42
7261.0,16,44.76
7261.0,17,44.76
7262.0,15,50.76
7262.0,16,46.2
7262.0,17,46.2
7263.0,15,52.15
7263.0,16,47.51
7263.0,17,47.51
7264.0,15,56.19
7264.0,16,52.0
7264.0,17,52.0
7265.0,15,60.61
7265.0,16,50.05
7265.0,17,53.71
7266.0,15,56.9
7266.0,16,46.94
7266.0,17,53.1
7267.0,15,49.56
7267.0,16,38.28
7267.0,17,50.1
7268.0,15,47.88
7268.0,16,34.96
7268.0,17,45.55
7269.0,15,46.1
7269.0,16,35.04
7269.0,17,43.75
7270.0,15,40.84
7270.0,16,34.47
7270.0,17,37.5
7271.0,15,39.15
7271.0,16,33.23
7271.0,17,36.1
7272.0,15,35.91
7272.0,16,31.93
7272.0,17,31.93
7273.0,15,33.89
7273.0,16,28.49
7273.0,17,28.77
7274.0,15,31.51
7274.0,16,28.28
7274.0,17,28.28
7275.0,15,29.09
7275.0,16,27.95
7275.0,17,28.16
7276.0,15,30.55
7276.0,16,29.19
7276.0,17,29.19
7277.0,15,33.89
7277.0,16,30.69
7277.0,17,30.69
7278.0,15,35.59
7278.0,16,32.94
7278.0,17,35.62
7279.0,15,36.99
7279.0,16,37.6
7279.0,17,37.6
7280.0,15,38.79
7280.0,16,39.14
7280.0,17,39.14
7281.0,15,41.69
7281.0,16,37.98
7281.0,17,37.98
7282.0,15,41.0
7282.0,16,37.06
7282.0,17,37.12
7283.0,15,41.46
7283.0,16,33.85
7283.0,17,36.26
7284.0,15,40.41
7284.0,16,32.01
7284.0,17,33.68
7285.0,15,38.09
7285.0,16,33.21
7285.0,17,33.3
7286.0,15,39.07
7286.0,16,36.96
7286.0,17,36.96
7287.0,15,43.46
7287.0,16,39.9
7287.0,17,39.9
7288.0,15,47.09
7288.0,16,45.39
7288.0,17,45.39
7289.0,15,50.04
7289.0,16,50.03
7289.0,17,50.03
7290.0,15,50.58
7290.0,16,47.56
7290.0,17,49.35
7291.0,15,47.71
7291.0,16,38.94
7291.0,17,44.03
7292.0,15,45.9
7292.0,16,36.54
7292.0,17,39.71
7293.0,15,44.94
7293.0,16,36.08
7293.0,17,41.0
7294.0,15,39.79
7294.0,16,32.52
7294.0,17,37.15
7295.0,15,36.6
7295.0,16,25.71
7295.0,17,30.86
7296.0,15,34.35
7296.0,16,24.46
7296.0,17,28.93
7297.0,15,31.45
7297.0,16,27.3
7297.0,17,27.3
7298.0,15,30.14
7298.0,16,24.48
7298.0,17,24.48
7299.0,15,27.48
7299.0,16,24.42
7299.0,17,25.17
7300.0,15,27.01
7300.0,16,24.85
7300.0,17,25.46
7301.0,15,27.8
7301.0,16,24.86
7301.0,17,26.56
7302.0,15,30.43
7302.0,16,24.83
7302.0,17,26.25
7303.0,15,31.07
7303.0,16,26.26
7303.0,17,26.26
7304.0,15,32.01
7304.0,16,27.3
7304.0,17,27.3
7305.0,15,30.81
7305.0,16,26.93
7305.0,17,27.42
7306.0,15,30.36
7306.0,16,27.69
7306.0,17,27.87
7307.0,15,29.1
7307.0,16,25.81
7307.0,17,28.24
7308.0,15,27.26
7308.0,16,26.94
7308.0,17,27.49
7309.0,15,27.09
7309.0,16,27.26
7309.0,17,27.27
7310.0,15,29.38
7310.0,16,28.56
7310.0,17,24.14
7311.0,15,32.69
7311.0,16,34.05
7311.0,17,24.65
7312.0,15,44.2
7312.0,16,47.98
7312.0,17,31.0
7313.0,15,49.24
7313.0,16,51.54
7313.0,17,45.23
7314.0,15,48.74
7314.0,16,50.34
7314.0,17,50.34
7315.0,15,44.45
7315.0,16,46.48
7315.0,17,46.48
7316.0,15,41.44
7316.0,16,40.0
7316.0,17,40.0
7317.0,15,40.93
7317.0,16,36.9
7317.0,17,36.9
7318.0,15,38.25
7318.0,16,32.79
7318.0,17,32.79
7319.0,15,34.1
7319.0,16,28.3
7319.0,17,28.3
7320.0,15,31.93
7320.0,16,24.67
7320.0,17,24.67
7321.0,15,31.23
7321.0,16,24.84
7321.0,17,25.28
7322.0,15,31.27
7322.0,16,22.24
7322.0,17,22.24
7323.0,15,32.09
7323.0,16,23.8
7323.0,17,23.8
7324.0,15,37.95
7324.0,16,27.84
7324.0,17,27.84
7325.0,15,49.1
7325.0,16,39.11
7325.0,17,39.11
7326.0,15,56.91
7326.0,16,49.05
7326.0,17,49.05
7327.0,15,58.38
7327.0,16,47.92
7327.0,17,47.92
7328.0,15,56.17
7328.0,16,46.47
7328.0,17,47.8
7329.0,15,50.92
7329.0,16,37.75
7329.0,17,44.22
7330.0,15,49.51
7330.0,16,38.16
7330.0,17,45.18
7331.0,15,47.98
7331.0,16,35.56
7331.0,17,44.33
7332.0,15,48.09
7332.0,16,36.09
7332.0,17,44.76
7333.0,15,49.87
7333.0,16,37.97
7333.0,17,49.76
7334.0,15,52.02
7334.0,16,48.05
7334.0,17,48.05
7335.0,15,54.9
7335.0,16,50.07
7335.0,17,50.07
7336.0,15,62.11
7336.0,16,57.69
7336.0,17,57.69
7337.0,15,67.75
7337.0,16,67.74
7337.0,17,67.74
7338.0,15,61.46
7338.0,16,59.41
7338.0,17,61.99
7339.0,15,53.92
7339.0,16,46.96
7339.0,17,51.45
7340.0,15,48.58
7340.0,16,38.56
7340.0,17,38.56
7341.0,15,49.32
7341.0,16,37.75
7341.0,17,38.03
7342.0,15,45.91
7342.0,16,33.03
7342.0,17,37.75
7343.0,15,38.61
7343.0,16,34.03
7343.0,17,34.03
7344.0,15,32.33
7344.0,16,32.25
7344.0,17,32.25
7345.0,15,30.26
7345.0,16,31.32
7345.0,17,31.32
7346.0,15,29.95
7346.0,16,29.84
7346.0,17,29.84
7347.0,15,30.53
7347.0,16,30.92
7347.0,17,30.92
7348.0,15,33.28
7348.0,16,32.25
7348.0,17,32.25
7349.0,15,45.0
7349.0,16,39.97
7349.0,17,39.97
7350.0,15,51.64
7350.0,16,49.63
7350.0,17,49.63
7351.0,15,52.4
7351.0,16,49.96
7351.0,17,49.96
7352.0,15,49.92
7352.0,16,46.06
7352.0,17,46.32
7353.0,15,48.88
7353.0,16,39.73
7353.0,17,46.0
7354.0,15,48.52
7354.0,16,36.1
7354.0,17,47.97
7355.0,15,48.07
7355.0,16,33.08
7355.0,17,48.07
7356.0,15,48.76
7356.0,16,34.94
7356.0,17,48.07
7357.0,15,50.93
7357.0,16,37.11
7357.0,17,49.52
7358.0,15,50.99
7358.0,16,49.4
7358.0,17,49.4
7359.0,15,52.94
7359.0,16,51.13
7359.0,17,51.13
7360.0,15,61.4
7360.0,16,61.99
7360.0,17,57.01
7361.0,15,68.82
7361.0,16,67.19
7361.0,17,67.19
7362.0,15,61.06
7362.0,16,60.01
7362.0,17,60.01
7363.0,15,50.42
7363.0,16,46.08
7363.0,17,46.08
7364.0,15,47.09
7364.0,16,36.72
7364.0,17,50.0
7365.0,15,47.57
7365.0,16,35.9
7365.0,17,48.0
7366.0,15,44.24
7366.0,16,33.87
7366.0,17,43.85
7367.0,15,40.09
7367.0,16,33.23
7367.0,17,36.43
7368.0,15,35.25
7368.0,16,32.22
7368.0,17,39.44
7369.0,15,34.08
7369.0,16,31.02
7369.0,17,31.02
7370.0,15,33.07
7370.0,16,29.59
7370.0,17,29.59
7371.0,15,33.91
7371.0,16,29.83
7371.0,17,29.83
7372.0,15,39.19
7372.0,16,32.24
7372.0,17,32.24
7373.0,15,47.41
7373.0,16,44.62
7373.0,17,44.62
7374.0,15,49.66
7374.0,16,48.81
7374.0,17,48.81
7375.0,15,51.04
7375.0,16,49.76
7375.0,17,49.76
7376.0,15,48.1
7376.0,16,43.06
7376.0,17,47.67
7377.0,15,48.06
7377.0,16,39.14
7377.0,17,48.56
7378.0,15,48.34
7378.0,16,38.95
7378.0,17,48.4
7379.0,15,48.08
7379.0,16,36.03
7379.0,17,48.31
7380.0,15,48.08
7380.0,16,41.53
7380.0,17,48.22
7381.0,15,48.48
7381.0,16,47.57
7381.0,17,47.98
7382.0,15,49.25
7382.0,16,52.33
7382.0,17,52.33
7383.0,15,50.89
7383.0,16,55.1
7383.0,17,55.1
7384.0,15,57.85
7384.0,16,63.02
7384.0,17,63.02
7385.0,15,60.18
7385.0,16,64.1
7385.0,17,64.1
7386.0,15,57.37
7386.0,16,54.56
7386.0,17,60.19
7387.0,15,47.89
7387.0,16,43.01
7387.0,17,54.45
7388.0,15,47.42
7388.0,16,37.44
7388.0,17,41.15
7389.0,15,47.07
7389.0,16,36.07
7389.0,17,42.84
7390.0,15,44.03
7390.0,16,32.21
7390.0,17,42.96
7391.0,15,39.66
7391.0,16,32.01
7391.0,17,40.64
7392.0,15,40.02
7392.0,16,31.65
7392.0,17,38.73
7393.0,15,35.85
7393.0,16,31.47
7393.0,17,37.69
7394.0,15,36.44
7394.0,16,31.92
7394.0,17,31.92
7395.0,15,35.6
7395.0,16,31.91
7395.0,17,31.91
7396.0,15,40.02
7396.0,16,33.46
7396.0,17,33.46
7397.0,15,47.99
7397.0,16,42.0
7397.0,17,42.0
7398.0,15,51.92
7398.0,16,52.55
7398.0,17,52.55
7399.0,15,54.5
7399.0,16,54.69
7399.0,17,54.69
7400.0,15,53.6
7400.0,16,46.06
7400.0,17,54.6
7401.0,15,51.46
7401.0,16,44.07
7401.0,17,52.1
7402.0,15,51.24
7402.0,16,41.98
7402.0,17,50.21
7403.0,15,49.87
7403.0,16,37.06
7403.0,17,48.0
7404.0,15,50.57
7404.0,16,40.3
7404.0,17,49.16
7405.0,15,50.9
7405.0,16,45.96
7405.0,17,49.69
7406.0,15,52.48
7406.0,16,52.01
7406.0,17,52.01
7407.0,15,54.32
7407.0,16,53.93
7407.0,17,53.35
7408.0,15,59.16
7408.0,16,70.38
7408.0,17,56.19
7409.0,15,63.25
7409.0,16,69.01
7409.0,17,69.01
7410.0,15,56.36
7410.0,16,58.05
7410.0,17,58.05
7411.0,15,49.33
7411.0,16,46.44
7411.0,17,46.44
7412.0,15,47.93
7412.0,16,37.45
7412.0,17,37.45
7413.0,15,47.01
7413.0,16,37.19
7413.0,17,40.22
7414.0,15,40.79
7414.0,16,33.68
7414.0,17,40.75
7415.0,15,39.83
7415.0,16,29.12
7415.0,17,29.12
7416.0,15,38.03
7416.0,16,28.21
7416.0,17,34.87
7417.0,15,36.99
7417.0,16,26.99
7417.0,17,34.37
7418.0,15,37.01
7418.0,16,27.11
7418.0,17,27.11
7419.0,15,36.01
7419.0,16,26.76
7419.0,17,26.76
7420.0,15,40.39
7420.0,16,29.98
7420.0,17,33.68
7421.0,15,47.91
7421.0,16,36.66
7421.0,17,41.84
7422.0,15,48.49
7422.0,16,44.77
7422.0,17,46.99
7423.0,15,50.38
7423.0,16,45.04
7423.0,17,46.64
7424.0,15,50.13
7424.0,16,43.88
7424.0,17,43.88
7425.0,15,49.41
7425.0,16,44.76
7425.0,17,44.76
7426.0,15,48.47
7426.0,16,44.49
7426.0,17,44.49
7427.0,15,47.25
7427.0,16,41.66
7427.0,17,44.19
7428.0,15,48.03
7428.0,16,38.45
7428.0,17,38.45
7429.0,15,48.55
7429.0,16,37.08
7429.0,17,37.08
7430.0,15,48.57
7430.0,16,37.67
7430.0,17,37.67
7431.0,15,48.67
7431.0,16,40.01
7431.0,17,40.01
7432.0,15,52.56
7432.0,16,45.28
7432.0,17,45.28
7433.0,15,55.18
7433.0,16,47.42
7433.0,17,47.42
7434.0,15,49.03
7434.0,16,42.87
7434.0,17,42.87
7435.0,15,48.08
7435.0,16,34.38
7435.0,17,40.66
7436.0,15,48.4
7436.0,16,31.61
7436.0,17,36.74
7437.0,15,47.98
7437.0,16,31.38
7437.0,17,40.32
7438.0,15,46.06
7438.0,16,24.44
7438.0,17,42.14
7439.0,15,41.01
7439.0,16,27.75
7439.0,17,34.4
7440.0,15,37.4
7440.0,16,24.41
7440.0,17,28.62
7441.0,15,35.1
7441.0,16,22.25
7441.0,17,25.67
7442.0,15,33.74
7442.0,16,20.43
7442.0,17,22.86
7443.0,15,33.76
7443.0,16,21.29
7443.0,17,23.73
7444.0,15,34.62
7444.0,16,24.32
7444.0,17,25.81
7445.0,15,36.02
7445.0,16,24.57
7445.0,17,25.77
7446.0,15,41.29
7446.0,16,28.53
7446.0,17,29.31
7447.0,15,40.87
7447.0,16,32.03
7447.0,17,32.42
7448.0,15,43.4
7448.0,16,35.97
7448.0,17,36.2
7449.0,15,41.87
7449.0,16,36.81
7449.0,17,36.81
7450.0,15,40.97
7450.0,16,38.05
7450.0,17,38.05
7451.0,15,38.58
7451.0,16,37.83
7451.0,17,38.58
7452.0,15,37.25
7452.0,16,35.72
7452.0,17,36.59
7453.0,15,36.3
7453.0,16,33.2
7453.0,17,33.2
7454.0,15,38.94
7454.0,16,31.63
7454.0,17,31.63
7455.0,15,42.43
7455.0,16,32.05
7455.0,17,32.05
7456.0,15,47.01
7456.0,16,41.07
7456.0,17,41.07
7457.0,15,47.08
7457.0,16,41.81
7457.0,17,45.21
7458.0,15,46.97
7458.0,16,32.99
7458.0,17,41.67
7459.0,15,45.13
7459.0,16,28.43
7459.0,17,35.13
7460.0,15,41.83
7460.0,16,22.09
7460.0,17,32.67
7461.0,15,40.15
7461.0,16,21.65
7461.0,17,37.43
7462.0,15,34.63
7462.0,16,11.93
7462.0,17,39.92
7463.0,15,37.88
7463.0,16,-13.38
7463.0,17,40.2
7464.0,15,34.41
7464.0,16,-13.42
7464.0,17,33.55
7465.0,15,32.54
7465.0,16,-16.06
7465.0,17,30.16
7466.0,15,29.59
7466.0,16,-10.07
7466.0,17,26.54
7467.0,15,29.53
7467.0,16,1.93
7467.0,17,21.06
7468.0,15,30.11
7468.0,16,12.94
7468.0,17,21.9
7469.0,15,31.41
7469.0,16,13.11
7469.0,17,25.79
7470.0,15,28.1
7470.0,16,17.31
7470.0,17,25.74
7471.0,15,26.42
7471.0,16,22.93
7471.0,17,26.33
7472.0,15,25.72
7472.0,16,23.87
7472.0,17,29.67
7473.0,15,28.21
7473.0,16,25.21
7473.0,17,32.52
7474.0,15,29.32
7474.0,16,28.65
7474.0,17,31.19
7475.0,15,29.51
7475.0,16,26.93
7475.0,17,31.76
7476.0,15,29.28
7476.0,16,25.76
7476.0,17,30.44
7477.0,15,28.38
7477.0,16,29.02
7477.0,17,29.57
7478.0,15,32.67
7478.0,16,31.06
7478.0,17,31.06
7479.0,15,37.99
7479.0,16,32.45
7479.0,17,32.45
7480.0,15,45.93
7480.0,16,45.96
7480.0,17,36.29
7481.0,15,46.97
7481.0,16,48.4
7481.0,17,48.4
7482.0,15,46.42
7482.0,16,44.94
7482.0,17,44.94
7483.0,15,45.94
7483.0,16,35.84
7483.0,17,35.84
7484.0,15,45.02
7484.0,16,29.93
7484.0,17,29.93
7485.0,15,43.44
7485.0,16,29.24
7485.0,17,29.24
7486.0,15,37.73
7486.0,16,22.78
7486.0,17,23.67
7487.0,15,33.58
7487.0,16,17.94
7487.0,17,20.9
7488.0,15,28.06
7488.0,16,17.09
7488.0,17,20.42
7489.0,15,27.21
7489.0,16,14.5
7489.0,17,19.91
7490.0,15,27.35
7490.0,16,12.81
7490.0,17,19.33
7491.0,15,27.48
7491.0,16,13.33
7491.0,17,19.03
7492.0,15,33.98
7492.0,16,19.31
7492.0,17,22.86
7493.0,15,44.69
7493.0,16,37.01
7493.0,17,37.01
7494.0,15,47.41
7494.0,16,46.95
7494.0,17,52.1
7495.0,15,49.07
7495.0,16,46.55
7495.0,17,49.12
7496.0,15,47.92
7496.0,16,37.22
7496.0,17,48.03
7497.0,15,46.96
7497.0,16,35.93
7497.0,17,43.13
7498.0,15,46.96
7498.0,16,32.93
7498.0,17,37.31
7499.0,15,46.07
7499.0,16,31.0
7499.0,17,36.55
7500.0,15,46.53
7500.0,16,31.05
7500.0,17,35.72
7501.0,15,50.08
7501.0,16,30.7
7501.0,17,37.71
7502.0,15,49.91
7502.0,16,31.08
7502.0,17,35.78
7503.0,15,49.92
7503.0,16,31.08
7503.0,17,36.85
7504.0,15,52.67
7504.0,16,42.43
7504.0,17,44.99
7505.0,15,53.28
7505.0,16,41.6
7505.0,17,51.21
7506.0,15,50.87
7506.0,16,31.97
7506.0,17,53.24
7507.0,15,48.93
7507.0,16,30.23
7507.0,17,44.16
7508.0,15,48.98
7508.0,16,25.19
7508.0,17,34.83
7509.0,15,45.96
7509.0,16,20.94
7509.0,17,43.06
7510.0,15,41.95
7510.0,16,9.5
7510.0,17,38.74
7511.0,15,43.92
7511.0,16,11.6
7511.0,17,33.59
7512.0,15,42.14
7512.0,16,10.66
7512.0,17,27.73
7513.0,15,39.91
7513.0,16,4.49
7513.0,17,27.3
7514.0,15,38.91
7514.0,16,10.08
7514.0,17,22.4
7515.0,15,38.75
7515.0,16,12.83
7515.0,17,21.52
7516.0,15,43.3
7516.0,16,15.11
7516.0,17,26.81
7517.0,15,47.04
7517.0,16,28.32
7517.0,17,34.24
7518.0,15,49.29
7518.0,16,36.8
7518.0,17,49.54
7519.0,15,50.01
7519.0,16,35.63
7519.0,17,50.07
7520.0,15,48.9
7520.0,16,28.25
7520.0,17,49.12
7521.0,15,48.65
7521.0,16,25.63
7521.0,17,48.89
7522.0,15,48.43
7522.0,16,27.95
7522.0,17,48.49
7523.0,15,48.31
7523.0,16,26.68
7523.0,17,47.96
7524.0,15,48.37
7524.0,16,29.09
7524.0,17,40.82
7525.0,15,48.35
7525.0,16,32.55
7525.0,17,39.56
7526.0,15,48.94
7526.0,16,36.4
7526.0,17,44.74
7527.0,15,48.07
7527.0,16,39.25
7527.0,17,46.88
7528.0,15,51.6
7528.0,16,51.93
7528.0,17,51.93
7529.0,15,53.0
7529.0,16,54.94
7529.0,17,55.27
7530.0,15,51.56
7530.0,16,44.97
7530.0,17,53.92
7531.0,15,47.42
7531.0,16,38.95
7531.0,17,48.45
7532.0,15,47.02
7532.0,16,32.8
7532.0,17,35.47
7533.0,15,47.18
7533.0,16,32.98
7533.0,17,38.03
7534.0,15,45.95
7534.0,16,24.35
7534.0,17,40.21
7535.0,15,42.95
7535.0,16,26.46
7535.0,17,36.84
7536.0,15,40.61
7536.0,16,24.04
7536.0,17,33.83
7537.0,15,38.98
7537.0,16,22.92
7537.0,17,28.29
7538.0,15,38.22
7538.0,16,22.42
7538.0,17,24.39
7539.0,15,38.65
7539.0,16,21.46
7539.0,17,23.46
7540.0,15,42.43
7540.0,16,25.41
7540.0,17,26.29
7541.0,15,48.48
7541.0,16,33.28
7541.0,17,33.28
7542.0,15,48.4
7542.0,16,38.95
7542.0,17,38.95
7543.0,15,48.91
7543.0,16,38.71
7543.0,17,38.71
7544.0,15,48.45
7544.0,16,38.98
7544.0,17,38.98
7545.0,15,48.93
7545.0,16,38.23
7545.0,17,38.23
7546.0,15,49.0
7546.0,16,39.94
7546.0,17,39.94
7547.0,15,49.08
7547.0,16,37.98
7547.0,17,37.98
7548.0,15,49.84
7548.0,16,35.34
7548.0,17,35.34
7549.0,15,49.93
7549.0,16,34.78
7549.0,17,34.78
7550.0,15,50.83
7550.0,16,35.71
7550.0,17,35.71
7551.0,15,50.02
7551.0,16,38.48
7551.0,17,38.48
7552.0,15,53.47
7552.0,16,48.88
7552.0,17,48.88
7553.0,15,54.83
7553.0,16,52.57
7553.0,17,52.57
7554.0,15,49.98
7554.0,16,48.84
7554.0,17,48.84
7555.0,15,49.06
7555.0,16,41.25
7555.0,17,41.25
7556.0,15,48.86
7556.0,16,34.49
7556.0,17,34.49
7557.0,15,48.64
7557.0,16,34.75
7557.0,17,35.21
7558.0,15,46.34
7558.0,16,28.03
7558.0,17,36.49
7559.0,15,41.06
7559.0,16,25.13
7559.0,17,36.16
7560.0,15,39.04
7560.0,16,24.74
7560.0,17,29.12
7561.0,15,37.09
7561.0,16,21.06
7561.0,17,27.39
7562.0,15,37.4
7562.0,16,21.02
7562.0,17,23.41
7563.0,15,37.59
7563.0,16,24.02
7563.0,17,26.09
7564.0,15,41.06
7564.0,16,27.93
7564.0,17,31.49
7565.0,15,48.97
7565.0,16,31.02
7565.0,17,46.63
7566.0,15,52.54
7566.0,16,37.02
7566.0,17,56.58
7567.0,15,53.36
7567.0,16,38.4
7567.0,17,59.85
7568.0,15,52.65
7568.0,16,35.79
7568.0,17,59.29
7569.0,15,52.09
7569.0,16,32.01
7569.0,17,56.55
7570.0,15,51.34
7570.0,16,31.44
7570.0,17,57.32
7571.0,15,50.09
7571.0,16,29.98
7571.0,17,51.48
7572.0,15,49.94
7572.0,16,32.07
7572.0,17,49.03
7573.0,15,50.03
7573.0,16,37.0
7573.0,17,49.19
7574.0,15,49.08
7574.0,16,43.97
7574.0,17,45.93
7575.0,15,51.02
7575.0,16,46.74
7575.0,17,46.74
7576.0,15,59.51
7576.0,16,63.83
7576.0,17,63.83
7577.0,15,64.75
7577.0,16,69.49
7577.0,17,69.49
7578.0,15,56.95
7578.0,16,55.97
7578.0,17,62.06
7579.0,15,50.32
7579.0,16,44.08
7579.0,17,48.07
7580.0,15,47.04
7580.0,16,36.57
7580.0,17,40.41
7581.0,15,46.75
7581.0,16,35.89
7581.0,17,36.37
7582.0,15,44.18
7582.0,16,29.54
7582.0,17,39.3
7583.0,15,43.63
7583.0,16,30.04
7583.0,17,37.6
7584.0,15,40.09
7584.0,16,29.28
7584.0,17,33.88
7585.0,15,37.41
7585.0,16,28.47
7585.0,17,32.63
7586.0,15,37.04
7586.0,16,26.66
7586.0,17,28.13
7587.0,15,35.84
7587.0,16,25.35
7587.0,17,25.35
7588.0,15,42.34
7588.0,16,29.13
7588.0,17,30.4
7589.0,15,46.3
7589.0,16,35.78
7589.0,17,38.15
7590.0,15,51.7
7590.0,16,44.67
7590.0,17,45.09
7591.0,15,52.41
7591.0,16,46.99
7591.0,17,46.99
7592.0,15,51.97
7592.0,16,42.15
7592.0,17,44.27
7593.0,15,50.97
7593.0,16,37.97
7593.0,17,42.86
7594.0,15,50.28
7594.0,16,36.0
7594.0,17,41.68
7595.0,15,49.07
7595.0,16,31.6
7595.0,17,46.13
7596.0,15,49.03
7596.0,16,32.0
7596.0,17,38.08
7597.0,15,49.0
7597.0,16,30.97
7597.0,17,34.66
7598.0,15,48.99
7598.0,16,32.07
7598.0,17,33.75
7599.0,15,48.28
7599.0,16,33.96
7599.0,17,34.39
7600.0,15,49.03
7600.0,16,40.5
7600.0,17,42.96
7601.0,15,53.4
7601.0,16,33.03
7601.0,17,48.65
7602.0,15,52.56
7602.0,16,30.02
7602.0,17,42.11
7603.0,15,49.35
7603.0,16,28.43
7603.0,17,43.37
7604.0,15,48.35
7604.0,16,24.01
7604.0,17,38.21
7605.0,15,46.82
7605.0,16,24.69
7605.0,17,35.73
7606.0,15,44.25
7606.0,16,16.39
7606.0,17,36.31
7607.0,15,42.06
7607.0,16,16.41
7607.0,17,41.76
7608.0,15,41.31
7608.0,16,16.08
7608.0,17,38.55
7609.0,15,40.67
7609.0,16,11.83
7609.0,17,37.9
7610.0,15,40.0
7610.0,16,10.54
7610.0,17,32.56
7611.0,15,38.48
7611.0,16,10.58
7611.0,17,27.99
7612.0,15,40.16
7612.0,16,11.87
7612.0,17,29.7
7613.0,15,44.37
7613.0,16,10.71
7613.0,17,34.8
7614.0,15,47.1
7614.0,16,12.89
7614.0,17,42.4
7615.0,15,48.34
7615.0,16,17.04
7615.0,17,43.25
7616.0,15,48.34
7616.0,16,20.0
7616.0,17,45.6
7617.0,15,47.92
7617.0,16,17.22
7617.0,17,45.3
7618.0,15,45.99
7618.0,16,15.77
7618.0,17,41.06
7619.0,15,45.75
7619.0,16,15.82
7619.0,17,42.52
7620.0,15,46.02
7620.0,16,15.42
7620.0,17,39.85
7621.0,15,46.02
7621.0,16,19.4
7621.0,17,35.25
7622.0,15,46.35
7622.0,16,22.65
7622.0,17,33.3
7623.0,15,48.38
7623.0,16,30.1
7623.0,17,33.05
7624.0,15,49.46
7624.0,16,42.15
7624.0,17,45.42
7625.0,15,49.92
7625.0,16,44.55
7625.0,17,47.3
7626.0,15,49.07
7626.0,16,39.31
7626.0,17,42.9
7627.0,15,48.35
7627.0,16,30.07
7627.0,17,39.07
7628.0,15,48.36
7628.0,16,22.5
7628.0,17,42.96
7629.0,15,46.28
7629.0,16,21.63
7629.0,17,44.02
7630.0,15,44.27
7630.0,16,22.05
7630.0,17,36.45
7631.0,15,36.77
7631.0,16,24.95
7631.0,17,36.81
7632.0,15,33.66
7632.0,16,21.18
7632.0,17,33.9
7633.0,15,31.59
7633.0,16,20.72
7633.0,17,28.86
7634.0,15,29.55
7634.0,16,17.72
7634.0,17,26.64
7635.0,15,29.08
7635.0,16,17.1
7635.0,17,20.76
7636.0,15,30.96
7636.0,16,18.31
7636.0,17,21.84
7637.0,15,32.23
7637.0,16,16.83
7637.0,17,27.23
7638.0,15,34.08
7638.0,16,17.38
7638.0,17,31.61
7639.0,15,36.0
7639.0,16,17.87
7639.0,17,26.9
7640.0,15,36.07
7640.0,16,22.72
7640.0,17,31.64
7641.0,15,35.06
7641.0,16,23.17
7641.0,17,33.41
7642.0,15,35.15
7642.0,16,23.26
7642.0,17,33.63
7643.0,15,35.15
7643.0,16,23.33
7643.0,17,31.55
7644.0,15,31.94
7644.0,16,17.03
7644.0,17,29.1
7645.0,15,31.39
7645.0,16,15.77
7645.0,17,26.2
7646.0,15,34.95
7646.0,16,20.39
7646.0,17,26.87
7647.0,15,42.51
7647.0,16,24.05
7647.0,17,26.17
7648.0,15,48.39
7648.0,16,33.7
7648.0,17,37.05
7649.0,15,49.25
7649.0,16,43.69
7649.0,17,45.05
7650.0,15,49.02
7650.0,16,32.14
7650.0,17,52.56
7651.0,15,47.62
7651.0,16,34.95
7651.0,17,48.34
7652.0,15,44.92
7652.0,16,34.96
7652.0,17,35.49
7653.0,15,42.42
7653.0,16,24.69
7653.0,17,48.39
7654.0,15,36.43
7654.0,16,26.06
7654.0,17,40.31
7655.0,15,36.66
7655.0,16,25.27
7655.0,17,29.03
7656.0,15,35.06
7656.0,16,22.44
7656.0,17,23.97
7657.0,15,33.71
7657.0,16,21.51
7657.0,17,21.51
7658.0,15,32.97
7658.0,16,20.4
7658.0,17,20.53
7659.0,15,32.97
7659.0,16,21.74
7659.0,17,21.74
7660.0,15,40.0
7660.0,16,23.06
7660.0,17,23.06
7661.0,15,50.95
7661.0,16,32.96
7661.0,17,32.96
7662.0,15,53.04
7662.0,16,33.1
7662.0,17,46.4
7663.0,15,53.04
7663.0,16,32.68
7663.0,17,46.34
7664.0,15,52.98
7664.0,16,29.01
7664.0,17,40.68
7665.0,15,52.95
7665.0,16,27.81
7665.0,17,41.0
7666.0,15,53.09
7666.0,16,27.86
7666.0,17,37.94
7667.0,15,50.65
7667.0,16,27.87
7667.0,17,39.68
7668.0,15,51.62
7668.0,16,29.02
7668.0,17,37.92
7669.0,15,53.01
7669.0,16,31.0
7669.0,17,38.0
7670.0,15,53.04
7670.0,16,35.87
7670.0,17,40.86
7671.0,15,52.62
7671.0,16,38.94
7671.0,17,42.63
7672.0,15,54.26
7672.0,16,46.42
7672.0,17,51.38
7673.0,15,56.07
7673.0,16,43.44
7673.0,17,60.84
7674.0,15,55.0
7674.0,16,37.06
7674.0,17,58.51
7675.0,15,52.44
7675.0,16,37.73
7675.0,17,41.83
7676.0,15,52.42
7676.0,16,30.97
7676.0,17,34.57
7677.0,15,49.02
7677.0,16,30.75
7677.0,17,35.95
7678.0,15,47.05
7678.0,16,25.37
7678.0,17,37.61
7679.0,15,40.49
7679.0,16,24.64
7679.0,17,27.52
7680.0,15,37.03
7680.0,16,24.65
7680.0,17,25.7
7681.0,15,36.62
7681.0,16,21.92
7681.0,17,23.61
7682.0,15,35.94
7682.0,16,21.37
7682.0,17,21.4
7683.0,15,36.2
7683.0,16,22.5
7683.0,17,22.5
7684.0,15,41.5
7684.0,16,24.67
7684.0,17,26.12
7685.0,15,50.17
7685.0,16,30.27
7685.0,17,30.27
7686.0,15,52.41
7686.0,16,36.6
7686.0,17,42.41
7687.0,15,52.42
7687.0,16,38.75
7687.0,17,38.75
7688.0,15,52.08
7688.0,16,38.27
7688.0,17,40.51
7689.0,15,52.47
7689.0,16,38.91
7689.0,17,40.69
7690.0,15,53.03
7690.0,16,41.26
7690.0,17,41.38
7691.0,15,52.06
7691.0,16,37.94
7691.0,17,40.42
7692.0,15,52.95
7692.0,16,35.93
7692.0,17,39.07
7693.0,15,53.01
7693.0,16,36.05
7693.0,17,37.47
7694.0,15,52.99
7694.0,16,36.3
7694.0,17,36.3
7695.0,15,52.86
7695.0,16,38.5
7695.0,17,38.5
7696.0,15,52.45
7696.0,16,41.0
7696.0,17,43.29
7697.0,15,53.15
7697.0,16,39.49
7697.0,17,43.16
7698.0,15,52.45
7698.0,16,37.84
7698.0,17,41.28
7699.0,15,51.27
7699.0,16,31.0
7699.0,17,34.12
7700.0,15,51.6
7700.0,16,26.45
7700.0,17,30.5
7701.0,15,50.9
7701.0,16,23.49
7701.0,17,37.79
7702.0,15,47.02
7702.0,16,13.5
7702.0,17,39.09
7703.0,15,41.06
7703.0,16,-0.92
7703.0,17,42.98
7704.0,15,38.43
7704.0,16,-0.1
7704.0,17,38.85
7705.0,15,38.03
7705.0,16,-19.95
7705.0,17,32.61
7706.0,15,38.22
7706.0,16,-8.73
7706.0,17,24.07
7707.0,15,37.8
7707.0,16,-0.09
7707.0,17,23.17
7708.0,15,42.33
7708.0,16,10.74
7708.0,17,32.48
7709.0,15,51.94
7709.0,16,21.0
7709.0,17,38.07
7710.0,15,51.57
7710.0,16,27.04
7710.0,17,53.21
7711.0,15,51.54
7711.0,16,26.97
7711.0,17,54.66
7712.0,15,51.2
7712.0,16,25.52
7712.0,17,55.8
7713.0,15,51.22
7713.0,16,25.42
7713.0,17,51.93
7714.0,15,51.51
7714.0,16,25.54
7714.0,17,49.56
7715.0,15,51.58
7715.0,16,24.9
7715.0,17,48.31
7716.0,15,51.6
7716.0,16,24.92
7716.0,17,45.36
7717.0,15,51.06
7717.0,16,27.68
7717.0,17,43.43
7718.0,15,51.09
7718.0,16,33.92
7718.0,17,36.56
7719.0,15,50.98
7719.0,16,36.97
7719.0,17,39.04
7720.0,15,51.53
7720.0,16,50.99
7720.0,17,52.22
7721.0,15,52.71
7721.0,16,42.44
7721.0,17,56.82
7722.0,15,51.16
7722.0,16,33.93
7722.0,17,55.8
7723.0,15,51.04
7723.0,16,29.41
7723.0,17,43.89
7724.0,15,50.91
7724.0,16,24.43
7724.0,17,39.65
7725.0,15,49.07
7725.0,16,20.76
7725.0,17,40.09
7726.0,15,42.98
7726.0,16,7.73
7726.0,17,39.05
7727.0,15,43.93
7727.0,16,12.36
7727.0,17,31.78
7728.0,15,40.9
7728.0,16,11.03
7728.0,17,31.24
7729.0,15,39.05
7729.0,16,5.15
7729.0,17,27.75
7730.0,15,39.07
7730.0,16,5.76
7730.0,17,22.21
7731.0,15,38.76
7731.0,16,10.81
7731.0,17,22.51
7732.0,15,45.57
7732.0,16,15.15
7732.0,17,28.37
7733.0,15,52.75
7733.0,16,25.08
7733.0,17,38.39
7734.0,15,55.86
7734.0,16,32.27
7734.0,17,45.0
7735.0,15,55.92
7735.0,16,32.14
7735.0,17,50.02
7736.0,15,55.92
7736.0,16,25.84
7736.0,17,48.93
7737.0,15,54.5
7737.0,16,25.23
7737.0,17,53.95
7738.0,15,54.97
7738.0,16,25.24
7738.0,17,52.31
7739.0,15,54.47
7739.0,16,25.09
7739.0,17,51.93
7740.0,15,54.46
7740.0,16,25.32
7740.0,17,50.84
7741.0,15,54.44
7741.0,16,25.91
7741.0,17,49.17
7742.0,15,54.47
7742.0,16,29.93
7742.0,17,43.17
7743.0,15,54.96
7743.0,16,32.95
7743.0,17,41.22
7744.0,15,54.66
7744.0,16,38.22
7744.0,17,49.96
7745.0,15,56.0
7745.0,16,38.96
7745.0,17,50.82
7746.0,15,53.87
7746.0,16,38.95
7746.0,17,49.44
7747.0,15,53.17
7747.0,16,34.92
7747.0,17,38.89
7748.0,15,53.14
7748.0,16,32.18
7748.0,17,32.3
7749.0,15,51.4
7749.0,16,24.97
7749.0,17,39.08
7750.0,15,48.7
7750.0,16,22.83
7750.0,17,36.58
7751.0,15,42.92
7751.0,16,27.66
7751.0,17,29.33
7752.0,15,39.62
7752.0,16,25.04
7752.0,17,26.89
7753.0,15,37.59
7753.0,16,22.89
7753.0,17,24.43
7754.0,15,38.48
7754.0,16,23.25
7754.0,17,24.17
7755.0,15,38.06
7755.0,16,24.02
7755.0,17,25.67
7756.0,15,43.41
7756.0,16,26.1
7756.0,17,26.1
7757.0,15,52.72
7757.0,16,32.06
7757.0,17,41.69
7758.0,15,52.67
7758.0,16,41.97
7758.0,17,41.97
7759.0,15,52.54
7759.0,16,38.93
7759.0,17,46.99
7760.0,15,51.11
7760.0,16,43.9
7760.0,17,46.94
7761.0,15,52.44
7761.0,16,44.76
7761.0,17,44.76
7762.0,15,53.11
7762.0,16,47.11
7762.0,17,47.11
7763.0,15,51.45
7763.0,16,47.7
7763.0,17,47.7
7764.0,15,51.44
7764.0,16,46.44
7764.0,17,46.44
7765.0,15,51.48
7765.0,16,45.88
7765.0,17,45.88
7766.0,15,51.42
7766.0,16,44.51
7766.0,17,44.51
7767.0,15,51.09
7767.0,16,45.7
7767.0,17,45.7
7768.0,15,53.5
7768.0,16,50.1
7768.0,17,50.1
7769.0,15,53.6
7769.0,16,51.66
7769.0,17,51.66
7770.0,15,51.08
7770.0,16,45.4
7770.0,17,45.4
7771.0,15,50.04
7771.0,16,41.6
7771.0,17,41.6
7772.0,15,49.94
7772.0,16,35.57
7772.0,17,35.57
7773.0,15,48.65
7773.0,16,34.71
7773.0,17,37.61
7774.0,15,40.78
7774.0,16,29.09
7774.0,17,34.0
7775.0,15,39.51
7775.0,16,28.47
7775.0,17,28.86
7776.0,15,35.81
7776.0,16,24.95
7776.0,17,24.95
7777.0,15,32.25
7777.0,16,23.04
7777.0,17,23.04
7778.0,15,31.96
7778.0,16,22.38
7778.0,17,22.38
7779.0,15,34.05
7779.0,16,22.25
7779.0,17,22.25
7780.0,15,34.61
7780.0,16,22.61
7780.0,17,22.61
7781.0,15,38.29
7781.0,16,22.04
7781.0,17,23.14
7782.0,15,43.88
7782.0,16,25.69
7782.0,17,26.82
7783.0,15,49.01
7783.0,16,29.68
7783.0,17,30.55
7784.0,15,49.5
7784.0,16,31.52
7784.0,17,34.9
7785.0,15,49.51
7785.0,16,31.58
7785.0,17,36.93
7786.0,15,49.09
7786.0,16,33.24
7786.0,17,35.0
7787.0,15,47.01
7787.0,16,34.13
7787.0,17,34.82
7788.0,15,46.61
7788.0,16,32.83
7788.0,17,33.15
7789.0,15,48.37
7789.0,16,31.08
7789.0,17,31.08
7790.0,15,49.54
7790.0,16,31.48
7790.0,17,31.48
7791.0,15,50.19
7791.0,16,33.02
7791.0,17,33.02
7792.0,15,52.58
7792.0,16,42.85
7792.0,17,42.85
7793.0,15,53.44
7793.0,16,44.4
7793.0,17,44.84
7794.0,15,52.65
7794.0,16,40.11
7794.0,17,43.1
7795.0,15,51.43
7795.0,16,29.95
7795.0,17,44.98
7796.0,15,46.74
7796.0,16,26.54
7796.0,17,40.5
7797.0,15,45.1
7797.0,16,25.55
7797.0,17,40.48
7798.0,15,41.53
7798.0,16,24.35
7798.0,17,36.52
7799.0,15,41.4
7799.0,16,25.19
7799.0,17,35.0
7800.0,15,38.38
7800.0,16,23.93
7800.0,17,29.79
7801.0,15,34.41
7801.0,16,23.87
7801.0,17,25.17
7802.0,15,33.29
7802.0,16,22.7
7802.0,17,22.97
7803.0,15,32.06
7803.0,16,22.35
7803.0,17,22.6
7804.0,15,32.07
7804.0,16,22.59
7804.0,17,22.75
7805.0,15,38.16
7805.0,16,22.06
7805.0,17,24.08
7806.0,15,39.96
7806.0,16,22.87
7806.0,17,26.99
7807.0,15,44.54
7807.0,16,22.2
7807.0,17,36.27
7808.0,15,46.41
7808.0,16,24.02
7808.0,17,39.0
7809.0,15,46.46
7809.0,16,25.55
7809.0,17,38.22
7810.0,15,46.83
7810.0,16,28.21
7810.0,17,39.0
7811.0,15,46.4
7811.0,16,24.84
7811.0,17,39.96
7812.0,15,44.31
7812.0,16,24.01
7812.0,17,35.47
7813.0,15,42.02
7813.0,16,18.82
7813.0,17,33.94
7814.0,15,43.6
7814.0,16,22.88
7814.0,17,34.64
7815.0,15,51.44
7815.0,16,25.56
7815.0,17,35.5
7816.0,15,53.4
7816.0,16,34.42
7816.0,17,40.47
7817.0,15,53.47
7817.0,16,38.48
7817.0,17,52.73
7818.0,15,54.47
7818.0,16,32.47
7818.0,17,59.64
7819.0,15,53.46
7819.0,16,31.07
7819.0,17,52.01
7820.0,15,52.42
7820.0,16,28.26
7820.0,17,41.26
7821.0,15,51.42
7821.0,16,33.0
7821.0,17,44.76
7822.0,15,49.54
7822.0,16,25.02
7822.0,17,42.6
7823.0,15,46.42
7823.0,16,23.65
7823.0,17,49.61
7824.0,15,42.39
7824.0,16,24.52
7824.0,17,42.28
7825.0,15,41.06
7825.0,16,28.01
7825.0,17,39.21
7826.0,15,40.33
7826.0,16,25.02
7826.0,17,34.2
7827.0,15,39.73
7827.0,16,25.73
7827.0,17,33.42
7828.0,15,44.57
7828.0,16,27.85
7828.0,17,40.0
7829.0,15,53.49
7829.0,16,40.72
7829.0,17,51.85
7830.0,15,61.1
7830.0,16,66.14
7830.0,17,70.78
7831.0,15,70.89
7831.0,16,71.92
7831.0,17,74.46
7832.0,15,76.97
7832.0,16,68.19
7832.0,17,71.47
7833.0,15,74.22
7833.0,16,59.91
7833.0,17,65.54
7834.0,15,71.83
7834.0,16,55.01
7834.0,17,62.29
7835.0,15,62.0
7835.0,16,50.95
7835.0,17,62.6
7836.0,15,61.97
7836.0,16,55.07
7836.0,17,62.29
7837.0,15,62.0
7837.0,16,60.04
7837.0,17,61.15
7838.0,15,61.99
7838.0,16,62.9
7838.0,17,62.9
7839.0,15,74.32
7839.0,16,70.82
7839.0,17,70.82
7840.0,15,90.0
7840.0,16,99.77
7840.0,17,109.54
7841.0,15,95.98
7841.0,16,74.93
7841.0,17,123.46
7842.0,15,89.79
7842.0,16,51.91
7842.0,17,103.51
7843.0,15,61.95
7843.0,16,43.5
7843.0,17,77.93
7844.0,15,57.51
7844.0,16,36.39
7844.0,17,65.29
7845.0,15,55.98
7845.0,16,34.15
7845.0,17,61.0
7846.0,15,54.38
7846.0,16,29.13
7846.0,17,57.91
7847.0,15,52.77
7847.0,16,34.31
7847.0,17,47.49
7848.0,15,50.27
7848.0,16,30.2
7848.0,17,44.8
7849.0,15,47.44
7849.0,16,28.27
7849.0,17,44.8
7850.0,15,45.29
7850.0,16,27.03
7850.0,17,43.23
7851.0,15,44.06
7851.0,16,27.1
7851.0,17,41.44
7852.0,15,48.44
7852.0,16,27.02
7852.0,17,43.99
7853.0,15,56.99
7853.0,16,33.01
7853.0,17,56.06
7854.0,15,69.3
7854.0,16,45.23
7854.0,17,65.02
7855.0,15,76.03
7855.0,16,46.44
7855.0,17,67.67
7856.0,15,74.91
7856.0,16,43.67
7856.0,17,68.44
7857.0,15,70.22
7857.0,16,35.13
7857.0,17,67.02
7858.0,15,71.45
7858.0,16,34.18
7858.0,17,65.64
7859.0,15,62.97
7859.0,16,31.29
7859.0,17,64.98
7860.0,15,60.88
7860.0,16,32.23
7860.0,17,63.9
7861.0,15,61.91
7861.0,16,33.64
7861.0,17,64.15
7862.0,15,61.1
7862.0,16,40.0
7862.0,17,63.66
7863.0,15,63.58
7863.0,16,43.98
7863.0,17,62.1
7864.0,15,99.03
7864.0,16,46.44
7864.0,17,67.59
7865.0,15,114.98
7865.0,16,41.84
7865.0,17,112.46
7866.0,15,94.98
7866.0,16,37.58
7866.0,17,74.46
7867.0,15,66.0
7867.0,16,32.24
7867.0,17,65.23
7868.0,15,57.96
7868.0,16,35.25
7868.0,17,49.12
7869.0,15,56.81
7869.0,16,30.67
7869.0,17,53.6
7870.0,15,53.38
7870.0,16,28.25
7870.0,17,49.1
7871.0,15,46.83
7871.0,16,29.48
7871.0,17,43.96
7872.0,15,45.04
7872.0,16,29.83
7872.0,17,41.5
7873.0,15,44.62
7873.0,16,29.14
7873.0,17,39.21
7874.0,15,43.58
7874.0,16,28.39
7874.0,17,35.9
7875.0,15,43.58
7875.0,16,29.49
7875.0,17,31.29
7876.0,15,46.02
7876.0,16,28.36
7876.0,17,38.43
7877.0,15,55.6
7877.0,16,31.85
7877.0,17,49.31
7878.0,15,61.53
7878.0,16,50.58
7878.0,17,61.05
7879.0,15,62.06
7879.0,16,46.99
7879.0,17,62.77
7880.0,15,63.01
7880.0,16,46.54
7880.0,17,63.39
7881.0,15,65.06
7881.0,16,48.53
7881.0,17,70.03
7882.0,15,63.77
7882.0,16,50.97
7882.0,17,67.37
7883.0,15,63.74
7883.0,16,50.58
7883.0,17,67.26
7884.0,15,63.14
7884.0,16,52.98
7884.0,17,61.9
7885.0,15,60.02
7885.0,16,52.4
7885.0,17,57.94
7886.0,15,59.95
7886.0,16,51.21
7886.0,17,52.58
7887.0,15,61.25
7887.0,16,51.59
7887.0,17,52.23
7888.0,15,65.79
7888.0,16,59.45
7888.0,17,63.86
7889.0,15,83.03
7889.0,16,46.66
7889.0,17,93.43
7890.0,15,65.06
7890.0,16,49.07
7890.0,17,68.31
7891.0,15,58.68
7891.0,16,37.81
7891.0,17,60.2
7892.0,15,57.0
7892.0,16,34.59
7892.0,17,55.96
7893.0,15,51.81
7893.0,16,34.12
7893.0,17,48.53
7894.0,15,48.68
7894.0,16,31.0
7894.0,17,49.1
7895.0,15,44.32
7895.0,16,34.99
7895.0,17,40.4
7896.0,15,41.95
7896.0,16,34.2
7896.0,17,36.73
7897.0,15,41.08
7897.0,16,32.3
7897.0,17,32.3
7898.0,15,41.02
7898.0,16,30.29
7898.0,17,30.29
7899.0,15,39.59
7899.0,16,31.4
7899.0,17,31.4
7900.0,15,44.0
7900.0,16,33.75
7900.0,17,35.0
7901.0,15,52.93
7901.0,16,38.93
7901.0,17,52.28
7902.0,15,61.36
7902.0,16,60.98
7902.0,17,64.33
7903.0,15,66.49
7903.0,16,60.08
7903.0,17,68.98
7904.0,15,67.32
7904.0,16,59.19
7904.0,17,63.39
7905.0,15,68.65
7905.0,16,60.96
7905.0,17,60.96
7906.0,15,67.54
7906.0,16,62.97
7906.0,17,62.97
7907.0,15,64.08
7907.0,16,57.51
7907.0,17,57.51
7908.0,15,61.06
7908.0,16,56.8
7908.0,17,56.8
7909.0,15,63.02
7909.0,16,60.03
7909.0,17,63.85
7910.0,15,63.01
7910.0,16,65.05
7910.0,17,65.05
7911.0,15,66.81
7911.0,16,65.12
7911.0,17,65.12
7912.0,15,75.59
7912.0,16,83.91
7912.0,17,83.91
7913.0,15,98.58
7913.0,16,72.17
7913.0,17,98.95
7914.0,15,68.96
7914.0,16,62.05
7914.0,17,77.8
7915.0,15,60.34
7915.0,16,47.52
7915.0,17,62.51
7916.0,15,57.06
7916.0,16,37.35
7916.0,17,57.78
7917.0,15,55.25
7917.0,16,47.06
7917.0,17,53.31
7918.0,15,51.68
7918.0,16,35.77
7918.0,17,49.24
7919.0,15,42.96
7919.0,16,32.94
7919.0,17,41.0
7920.0,15,41.01
7920.0,16,31.67
7920.0,17,40.4
7921.0,15,40.1
7921.0,16,29.96
7921.0,17,39.88
7922.0,15,40.07
7922.0,16,29.98
7922.0,17,35.23
7923.0,15,39.48
7923.0,16,30.09
7923.0,17,34.0
7924.0,15,41.03
7924.0,16,29.33
7924.0,17,38.84
7925.0,15,51.41
7925.0,16,33.81
7925.0,17,46.29
7926.0,15,62.97
7926.0,16,46.67
7926.0,17,60.73
7927.0,15,76.01
7927.0,16,47.96
7927.0,17,63.48
7928.0,15,72.44
7928.0,16,47.0
7928.0,17,64.69
7929.0,15,65.07
7929.0,16,44.98
7929.0,17,64.15
7930.0,15,61.8
7930.0,16,48.07
7930.0,17,59.34
7931.0,15,57.83
7931.0,16,39.2
7931.0,17,59.08
7932.0,15,57.08
7932.0,16,36.21
7932.0,17,58.07
7933.0,15,60.0
7933.0,16,36.1
7933.0,17,59.5
7934.0,15,59.25
7934.0,16,39.49
7934.0,17,56.7
7935.0,15,58.98
7935.0,16,44.92
7935.0,17,56.7
7936.0,15,63.57
7936.0,16,47.66
7936.0,17,64.15
7937.0,15,71.93
7937.0,16,37.32
7937.0,17,67.73
7938.0,15,62.07
7938.0,16,33.02
7938.0,17,65.91
7939.0,15,58.79
7939.0,16,31.17
7939.0,17,63.45
7940.0,15,55.93
7940.0,16,29.55
7940.0,17,55.39
7941.0,15,53.37
7941.0,16,29.18
7941.0,17,52.99
7942.0,15,49.96
7942.0,16,26.18
7942.0,17,46.42
7943.0,15,45.68
7943.0,16,27.03
7943.0,17,34.91
7944.0,15,44.0
7944.0,16,23.01
7944.0,17,33.06
7945.0,15,40.9
7945.0,16,23.04
7945.0,17,35.13
7946.0,15,39.05
7946.0,16,23.01
7946.0,17,28.11
7947.0,15,38.65
7947.0,16,24.15
7947.0,17,24.97
7948.0,15,39.48
7948.0,16,24.14
7948.0,17,28.78
7949.0,15,44.61
7949.0,16,27.71
7949.0,17,34.99
7950.0,15,49.94
7950.0,16,28.06
7950.0,17,38.2
7951.0,15,55.21
7951.0,16,31.0
7951.0,17,38.56
7952.0,15,55.05
7952.0,16,35.04
7952.0,17,44.96
7953.0,15,54.09
7953.0,16,30.02
7953.0,17,50.01
7954.0,15,51.99
7954.0,16,31.75
7954.0,17,46.36
7955.0,15,46.39
7955.0,16,31.72
7955.0,17,45.19
7956.0,15,46.88
7956.0,16,30.09
7956.0,17,43.06
7957.0,15,47.96
7957.0,16,32.96
7957.0,17,32.96
7958.0,15,50.35
7958.0,16,33.95
7958.0,17,33.95
7959.0,15,54.38
7959.0,16,35.46
7959.0,17,35.46
7960.0,15,57.71
7960.0,16,37.48
7960.0,17,43.18
7961.0,15,57.38
7961.0,16,32.33
7961.0,17,45.43
7962.0,15,56.97
7962.0,16,31.17
7962.0,17,40.76
7963.0,15,55.86
7963.0,16,24.08
7963.0,17,34.4
7964.0,15,51.07
7964.0,16,20.52
7964.0,17,30.21
7965.0,15,49.1
7965.0,16,20.22
7965.0,17,32.55
7966.0,15,45.48
7966.0,16,10.92
7966.0,17,45.23
7967.0,15,48.64
7967.0,16,-0.04
7967.0,17,36.62
7968.0,15,45.91
7968.0,16,-0.97
7968.0,17,37.92
7969.0,15,42.09
7969.0,16,-0.9
7969.0,17,32.88
7970.0,15,41.49
7970.0,16,-0.77
7970.0,17,23.39
7971.0,15,41.03
7971.0,16,-0.96
7971.0,17,18.12
7972.0,15,41.04
7972.0,16,0.05
7972.0,17,9.9
7973.0,15,44.45
7973.0,16,0.0
7973.0,17,13.41
7974.0,15,46.98
7974.0,16,10.06
7974.0,17,19.93
7975.0,15,51.44
7975.0,16,13.07
7975.0,17,18.45
7976.0,15,53.01
7976.0,16,16.47
7976.0,17,23.96
7977.0,15,50.91
7977.0,16,18.98
7977.0,17,32.71
7978.0,15,50.89
7978.0,16,20.76
7978.0,17,36.43
7979.0,15,49.18
7979.0,16,20.79
7979.0,17,40.93
7980.0,15,47.9
7980.0,16,20.38
7980.0,17,31.74
7981.0,15,49.95
7981.0,16,17.11
7981.0,17,23.99
7982.0,15,50.83
7982.0,16,15.04
7982.0,17,27.19
7983.0,15,53.07
7983.0,16,16.28
7983.0,17,29.72
7984.0,15,55.45
7984.0,16,16.57
7984.0,17,39.94
7985.0,15,55.15
7985.0,16,20.91
7985.0,17,45.51
7986.0,15,54.66
7986.0,16,16.73
7986.0,17,46.03
7987.0,15,53.95
7987.0,16,13.79
7987.0,17,41.9
7988.0,15,54.04
7988.0,16,12.22
7988.0,17,37.45
7989.0,15,53.92
7989.0,16,13.91
7989.0,17,41.21
7990.0,15,50.01
7990.0,16,0.07
7990.0,17,40.09
7991.0,15,43.28
7991.0,16,10.04
7991.0,17,24.79
7992.0,15,41.02
7992.0,16,-0.09
7992.0,17,19.5
7993.0,15,41.03
7993.0,16,-0.94
7993.0,17,19.68
7994.0,15,40.69
7994.0,16,-0.99
7994.0,17,9.39
7995.0,15,40.48
7995.0,16,-0.04
7995.0,17,12.18
7996.0,15,43.94
7996.0,16,10.78
7996.0,17,20.97
7997.0,15,53.09
7997.0,16,21.85
7997.0,17,41.38
7998.0,15,57.49
7998.0,16,30.41
7998.0,17,47.29
7999.0,15,56.99
7999.0,16,33.42
7999.0,17,49.17
8000.0,15,56.83
8000.0,16,28.28
8000.0,17,47.22
8001.0,15,56.93
8001.0,16,28.88
8001.0,17,45.73
8002.0,15,56.99
8002.0,16,30.09
8002.0,17,46.35
8003.0,15,56.94
8003.0,16,30.03
8003.0,17,45.92
8004.0,15,57.91
8004.0,16,32.45
8004.0,17,40.07
8005.0,15,57.92
8005.0,16,35.79
8005.0,17,35.79
8006.0,15,57.9
8006.0,16,35.38
8006.0,17,35.38
8007.0,15,57.47
8007.0,16,37.89
8007.0,17,37.89
8008.0,15,55.33
8008.0,16,47.0
8008.0,17,47.0
8009.0,15,56.6
8009.0,16,45.26
8009.0,17,53.76
8010.0,15,54.6
8010.0,16,39.83
8010.0,17,54.67
8011.0,15,56.28
8011.0,16,35.72
8011.0,17,43.68
8012.0,15,55.58
8012.0,16,30.02
8012.0,17,37.61
8013.0,15,54.97
8013.0,16,27.14
8013.0,17,40.45
8014.0,15,51.82
8014.0,16,18.52
8014.0,17,42.82
8015.0,15,40.6
8015.0,16,20.17
8015.0,17,26.31
8016.0,15,40.0
8016.0,16,17.41
8016.0,17,26.94
8017.0,15,39.12
8017.0,16,16.08
8017.0,17,26.27
8018.0,15,38.63
8018.0,16,17.48
8018.0,17,22.04
8019.0,15,37.95
8019.0,16,20.48
8019.0,17,22.8
8020.0,15,40.41
8020.0,16,21.95
8020.0,17,23.95
8021.0,15,51.31
8021.0,16,24.59
8021.0,17,47.74
8022.0,15,57.13
8022.0,16,38.9
8022.0,17,51.18
8023.0,15,57.9
8023.0,16,46.94
8023.0,17,49.31
8024.0,15,57.72
8024.0,16,44.91
8024.0,17,46.77
8025.0,15,57.92
8025.0,16,43.29
8025.0,17,45.59
8026.0,15,57.93
8026.0,16,45.88
8026.0,17,45.88
8027.0,15,54.84
8027.0,16,42.5
8027.0,17,42.5
8028.0,15,55.22
8028.0,16,44.93
8028.0,17,44.93
8029.0,15,57.98
8029.0,16,45.6
8029.0,17,45.6
8030.0,15,57.95
8030.0,16,45.52
8030.0,17,45.52
8031.0,15,58.01
8031.0,16,48.4
8031.0,17,48.4
8032.0,15,58.5
8032.0,16,58.55
8032.0,17,58.55
8033.0,15,62.23
8033.0,16,46.99
8033.0,17,72.5
8034.0,15,59.66
8034.0,16,38.91
8034.0,17,69.62
8035.0,15,56.87
8035.0,16,36.03
8035.0,17,56.49
8036.0,15,55.97
8036.0,16,31.93
8036.0,17,49.09
8037.0,15,51.49
8037.0,16,31.01
8037.0,17,52.98
8038.0,15,51.16
8038.0,16,27.52
8038.0,17,48.1
8039.0,15,51.58
8039.0,16,24.49
8039.0,17,46.57
8040.0,15,49.24
8040.0,16,22.52
8040.0,17,46.89
8041.0,15,47.97
8041.0,16,21.72
8041.0,17,43.73
8042.0,15,48.43
8042.0,16,21.79
8042.0,17,35.45
8043.0,15,47.51
8043.0,16,23.06
8043.0,17,33.5
8044.0,15,51.79
8044.0,16,25.04
8044.0,17,35.73
8045.0,15,56.95
8045.0,16,30.03
8045.0,17,46.28
8046.0,15,59.19
8046.0,16,41.16
8046.0,17,57.51
8047.0,15,61.07
8047.0,16,44.31
8047.0,17,63.47
8048.0,15,60.68
8048.0,16,43.5
8048.0,17,59.36
8049.0,15,60.49
8049.0,16,40.51
8049.0,17,55.2
8050.0,15,58.3
8050.0,16,42.89
8050.0,17,54.47
8051.0,15,58.94
8051.0,16,36.67
8051.0,17,56.35
8052.0,15,59.93
8052.0,16,47.78
8052.0,17,48.84
8053.0,15,58.77
8053.0,16,44.91
8053.0,17,54.8
8054.0,15,58.39
8054.0,16,47.44
8054.0,17,57.51
8055.0,15,57.95
8055.0,16,48.22
8055.0,17,54.29
8056.0,15,62.24
8056.0,16,56.44
8056.0,17,68.28
8057.0,15,71.74
8057.0,16,44.91
8057.0,17,78.69
8058.0,15,64.9
8058.0,16,43.02
8058.0,17,77.1
8059.0,15,59.36
8059.0,16,35.72
8059.0,17,61.23
8060.0,15,57.32
8060.0,16,31.02
8060.0,17,53.45
8061.0,15,57.18
8061.0,16,29.4
8061.0,17,55.51
8062.0,15,54.69
8062.0,16,27.05
8062.0,17,54.39
8063.0,15,53.86
8063.0,16,29.06
8063.0,17,33.3
8064.0,15,51.04
8064.0,16,29.06
8064.0,17,35.07
8065.0,15,47.42
8065.0,16,28.35
8065.0,17,33.59
8066.0,15,46.66
8066.0,16,29.08
8066.0,17,29.08
8067.0,15,46.01
8067.0,16,29.94
8067.0,17,29.94
8068.0,15,52.07
8068.0,16,31.54
8068.0,17,34.55
8069.0,15,57.93
8069.0,16,42.93
8069.0,17,42.93
8070.0,15,62.01
8070.0,16,53.14
8070.0,17,56.1
8071.0,15,63.77
8071.0,16,53.89
8071.0,17,56.84
8072.0,15,59.93
8072.0,16,51.13
8072.0,17,53.86
8073.0,15,59.86
8073.0,16,49.58
8073.0,17,53.78
8074.0,15,59.97
8074.0,16,50.99
8074.0,17,51.78
8075.0,15,57.08
8075.0,16,50.0
8075.0,17,50.0
8076.0,15,57.36
8076.0,16,48.54
8076.0,17,48.54
8077.0,15,60.01
8077.0,16,47.2
8077.0,17,47.2
8078.0,15,59.96
8078.0,16,46.93
8078.0,17,46.93
8079.0,15,60.97
8079.0,16,50.12
8079.0,17,50.12
8080.0,15,64.07
8080.0,16,57.98
8080.0,17,57.98
8081.0,15,73.82
8081.0,16,51.0
8081.0,17,64.12
8082.0,15,64.32
8082.0,16,46.11
8082.0,17,54.37
8083.0,15,58.2
8083.0,16,41.87
8083.0,17,45.19
8084.0,15,57.9
8084.0,16,37.79
8084.0,17,37.79
8085.0,15,56.94
8085.0,16,35.05
8085.0,17,39.77
8086.0,15,53.99
8086.0,16,29.54
8086.0,17,37.83
8087.0,15,49.34
8087.0,16,24.39
8087.0,17,29.74
8088.0,15,46.38
8088.0,16,23.71
8088.0,17,27.91
8089.0,15,45.5
8089.0,16,17.37
8089.0,17,23.91
8090.0,15,45.02
8090.0,16,16.83
8090.0,17,19.12
8091.0,15,44.99
8091.0,16,17.19
8091.0,17,17.33
8092.0,15,49.4
8092.0,16,19.37
8092.0,17,24.48
8093.0,15,58.89
8093.0,16,30.06
8093.0,17,33.9
8094.0,15,61.8
8094.0,16,29.45
8094.0,17,45.14
8095.0,15,62.3
8095.0,16,31.01
8095.0,17,46.19
8096.0,15,62.19
8096.0,16,29.07
8096.0,17,46.52
8097.0,15,62.46
8097.0,16,30.13
8097.0,17,47.02
8098.0,15,62.91
8098.0,16,31.48
8098.0,17,44.53
8099.0,15,58.07
8099.0,16,31.42
8099.0,17,39.54
8100.0,15,58.01
8100.0,16,31.49
8100.0,17,40.22
8101.0,15,62.38
8101.0,16,35.74
8101.0,17,36.93
8102.0,15,61.83
8102.0,16,38.0
8102.0,17,38.0
8103.0,15,61.73
8103.0,16,42.82
8103.0,17,42.82
8104.0,15,60.72
8104.0,16,49.09
8104.0,17,49.09
8105.0,15,60.83
8105.0,16,46.03
8105.0,17,46.8
8106.0,15,59.07
8106.0,16,41.2
8106.0,17,42.76
8107.0,15,60.08
8107.0,16,33.23
8107.0,17,39.07
8108.0,15,60.01
8108.0,16,30.86
8108.0,17,37.44
8109.0,15,56.08
8109.0,16,30.48
8109.0,17,39.05
8110.0,15,54.06
8110.0,16,27.02
8110.0,17,41.7
8111.0,15,54.43
8111.0,16,17.23
8111.0,17,47.54
8112.0,15,50.67
8112.0,16,17.23
8112.0,17,41.17
8113.0,15,47.47
8113.0,16,17.55
8113.0,17,34.53
8114.0,15,45.48
8114.0,16,17.92
8114.0,17,24.77
8115.0,15,45.02
8115.0,16,18.76
8115.0,17,19.01
8116.0,15,46.21
8116.0,16,17.24
8116.0,17,20.29
8117.0,15,53.47
8117.0,16,17.61
8117.0,17,26.32
8118.0,15,58.97
8118.0,16,19.54
8118.0,17,35.48
8119.0,15,59.51
8119.0,16,32.01
8119.0,17,34.19
8120.0,15,60.09
8120.0,16,32.07
8120.0,17,38.3
8121.0,15,60.11
8121.0,16,28.15
8121.0,17,34.77
8122.0,15,59.91
8122.0,16,29.09
8122.0,17,35.5
8123.0,15,59.61
8123.0,16,25.97
8123.0,17,37.74
8124.0,15,57.44
8124.0,16,24.51
8124.0,17,34.25
8125.0,15,58.99
8125.0,16,23.91
8125.0,17,35.33
8126.0,15,60.16
8126.0,16,25.96
8126.0,17,27.19
8127.0,15,60.7
8127.0,16,32.28
8127.0,17,33.16
8128.0,15,61.52
8128.0,16,41.5
8128.0,17,46.75
8129.0,15,61.1
8129.0,16,34.74
8129.0,17,51.04
8130.0,15,60.99
8130.0,16,28.93
8130.0,17,51.31
8131.0,15,60.02
8131.0,16,17.28
8131.0,17,50.38
8132.0,15,59.97
8132.0,16,15.0
8132.0,17,43.62
8133.0,15,59.64
8133.0,16,16.44
8133.0,17,45.64
8134.0,15,56.52
8134.0,16,13.05
8134.0,17,41.53
8135.0,15,52.28
8135.0,16,14.95
8135.0,17,40.55
8136.0,15,47.59
8136.0,16,9.96
8136.0,17,44.04
8137.0,15,46.05
8137.0,16,10.64
8137.0,17,24.62
8138.0,15,45.1
8138.0,16,10.62
8138.0,17,14.07
8139.0,15,44.98
8139.0,16,10.63
8139.0,17,11.38
8140.0,15,45.05
8140.0,16,6.87
8140.0,17,10.11
8141.0,15,46.14
8141.0,16,4.47
8141.0,17,16.69
8142.0,15,47.54
8142.0,16,9.25
8142.0,17,17.83
8143.0,15,53.38
8143.0,16,12.02
8143.0,17,21.72
8144.0,15,57.91
8144.0,16,12.09
8144.0,17,32.6
8145.0,15,57.97
8145.0,16,12.82
8145.0,17,34.9
8146.0,15,57.22
8146.0,16,13.19
8146.0,17,37.38
8147.0,15,56.57
8147.0,16,12.66
8147.0,17,46.24
8148.0,15,53.83
8148.0,16,11.95
8148.0,17,37.79
8149.0,15,55.07
8149.0,16,14.05
8149.0,17,23.87
8150.0,15,56.32
8150.0,16,16.42
8150.0,17,28.16
8151.0,15,58.09
8151.0,16,24.09
8151.0,17,31.56
8152.0,15,60.91
8152.0,16,31.64
8152.0,17,45.9
8153.0,15,61.13
8153.0,16,28.79
8153.0,17,53.36
8154.0,15,60.93
8154.0,16,30.05
8154.0,17,50.74
8155.0,15,60.05
8155.0,16,29.16
8155.0,17,37.19
8156.0,15,58.96
8156.0,16,28.72
8156.0,17,34.98
8157.0,15,54.99
8157.0,16,34.76
8157.0,17,35.62
8158.0,15,50.95
8158.0,16,31.57
8158.0,17,33.93
8159.0,15,45.54
8159.0,16,26.21
8159.0,17,26.21
8160.0,15,43.52
8160.0,16,23.08
8160.0,17,24.97
8161.0,15,42.2
8161.0,16,23.08
8161.0,17,23.08
8162.0,15,41.52
8162.0,16,22.08
8162.0,17,22.72
8163.0,15,41.95
8163.0,16,23.97
8163.0,17,24.22
8164.0,15,46.02
8164.0,16,27.05
8164.0,17,27.47
8165.0,15,54.43
8165.0,16,40.5
8165.0,17,40.5
8166.0,15,58.05
8166.0,16,48.18
8166.0,17,48.18
8167.0,15,61.93
8167.0,16,49.9
8167.0,17,49.9
8168.0,15,61.98
8168.0,16,50.86
8168.0,17,50.86
8169.0,15,61.93
8169.0,16,47.92
8169.0,17,47.92
8170.0,15,59.23
8170.0,16,47.91
8170.0,17,47.91
8171.0,15,59.02
8171.0,16,46.92
8171.0,17,46.92
8172.0,15,59.02
8172.0,16,45.99
8172.0,17,45.99
8173.0,15,59.1
8173.0,16,45.38
8173.0,17,45.38
8174.0,15,62.03
8174.0,16,49.62
8174.0,17,43.16
8175.0,15,62.24
8175.0,16,54.38
8175.0,17,47.97
8176.0,15,62.91
8176.0,16,52.85
8176.0,17,52.85
8177.0,15,62.09
8177.0,16,51.27
8177.0,17,51.27
8178.0,15,61.95
8178.0,16,51.61
8178.0,17,51.61
8179.0,15,62.13
8179.0,16,43.08
8179.0,17,43.08
8180.0,15,58.12
8180.0,16,35.66
8180.0,17,38.2
8181.0,15,56.38
8181.0,16,36.22
8181.0,17,40.36
8182.0,15,53.03
8182.0,16,30.95
8182.0,17,37.8
8183.0,15,49.29
8183.0,16,26.89
8183.0,17,26.89
8184.0,15,47.01
8184.0,16,28.05
8184.0,17,28.05
8185.0,15,43.09
8185.0,16,26.86
8185.0,17,26.86
8186.0,15,42.64
8186.0,16,24.62
8186.0,17,24.62
8187.0,15,42.0
8187.0,16,24.62
8187.0,17,24.62
8188.0,15,44.26
8188.0,16,26.79
8188.0,17,26.79
8189.0,15,48.95
8189.0,16,30.74
8189.0,17,30.74
8190.0,15,53.94
8190.0,16,45.99
8190.0,17,47.18
8191.0,15,55.03
8191.0,16,47.52
8191.0,17,47.52
8192.0,15,55.02
8192.0,16,43.75
8192.0,17,43.75
8193.0,15,54.06
8193.0,16,38.35
8193.0,17,38.35
8194.0,15,54.59
8194.0,16,34.94
8194.0,17,37.19
8195.0,15,53.16
8195.0,16,32.16
8195.0,17,34.45
8196.0,15,53.38
8196.0,16,34.1
8196.0,17,34.1
8197.0,15,53.08
8197.0,16,39.07
8197.0,17,39.07
8198.0,15,54.37
8198.0,16,41.9
8198.0,17,41.9
8199.0,15,58.45
8199.0,16,43.78
8199.0,17,43.78
8200.0,15,60.29
8200.0,16,47.0
8200.0,17,49.02
8201.0,15,60.02
8201.0,16,40.88
8201.0,17,54.64
8202.0,15,58.93
8202.0,16,36.72
8202.0,17,51.86
8203.0,15,59.53
8203.0,16,32.91
8203.0,17,42.99
8204.0,15,58.43
8204.0,16,28.64
8204.0,17,54.83
8205.0,15,55.08
8205.0,16,29.89
8205.0,17,30.65
8206.0,15,50.64
8206.0,16,27.33
8206.0,17,35.05
8207.0,15,46.14
8207.0,16,25.57
8207.0,17,25.57
8208.0,15,43.05
8208.0,16,24.59
8208.0,17,36.25
8209.0,15,42.2
8209.0,16,25.09
8209.0,17,27.98
8210.0,15,42.0
8210.0,16,24.48
8210.0,17,38.42
8211.0,15,41.64
8211.0,16,26.84
8211.0,17,35.38
8212.0,15,46.65
8212.0,16,27.34
8212.0,17,36.65
8213.0,15,57.06
8213.0,16,31.34
8213.0,17,46.58
8214.0,15,63.58
8214.0,16,40.9
8214.0,17,63.29
8215.0,15,64.62
8215.0,16,42.37
8215.0,17,65.69
8216.0,15,64.11
8216.0,16,43.0
8216.0,17,65.98
8217.0,15,64.99
8217.0,16,42.09
8217.0,17,67.09
8218.0,15,63.89
8218.0,16,39.8
8218.0,17,53.66
8219.0,15,59.9
8219.0,16,34.85
8219.0,17,47.5
8220.0,15,59.84
8220.0,16,34.01
8220.0,17,47.92
8221.0,15,62.98
8221.0,16,35.55
8221.0,17,49.05
8222.0,15,63.99
8222.0,16,43.94
8222.0,17,60.36
8223.0,15,64.18
8223.0,16,46.95
8223.0,17,64.92
8224.0,15,69.6
8224.0,16,48.81
8224.0,17,69.18
8225.0,15,69.95
8225.0,16,41.97
8225.0,17,73.54
8226.0,15,66.59
8226.0,16,39.28
8226.0,17,69.99
8227.0,15,65.03
8227.0,16,36.73
8227.0,17,56.64
8228.0,15,59.07
8228.0,16,29.95
8228.0,17,41.47
8229.0,15,57.94
8229.0,16,28.18
8229.0,17,43.87
8230.0,15,55.06
8230.0,16,25.05
8230.0,17,46.72
8231.0,15,49.23
8231.0,16,22.59
8231.0,17,41.85
8232.0,15,46.88
8232.0,16,18.48
8232.0,17,42.75
8233.0,15,43.62
8233.0,16,17.11
8233.0,17,41.69
8234.0,15,43.01
8234.0,16,16.79
8234.0,17,33.36
8235.0,15,42.81
8235.0,16,18.06
8235.0,17,29.6
8236.0,15,47.55
8236.0,16,21.63
8236.0,17,37.82
8237.0,15,57.87
8237.0,16,27.01
8237.0,17,47.93
8238.0,15,63.85
8238.0,16,36.59
8238.0,17,55.03
8239.0,15,64.94
8239.0,16,41.73
8239.0,17,56.56
8240.0,15,64.92
8240.0,16,31.51
8240.0,17,55.31
8241.0,15,64.8
8241.0,16,30.0
8241.0,17,53.3
8242.0,15,63.76
8242.0,16,28.03
8242.0,17,56.55
8243.0,15,60.85
8243.0,16,27.98
8243.0,17,58.09
8244.0,15,61.17
8244.0,16,29.66
8244.0,17,53.96
8245.0,15,64.95
8245.0,16,30.59
8245.0,17,49.56
8246.0,15,64.89
8246.0,16,36.73
8246.0,17,49.33
8247.0,15,64.57
8247.0,16,44.5
8247.0,17,49.49
8248.0,15,67.59
8248.0,16,46.49
8248.0,17,61.22
8249.0,15,67.94
8249.0,16,41.43
8249.0,17,73.1
8250.0,15,66.11
8250.0,16,34.27
8250.0,17,61.91
8251.0,15,62.31
8251.0,16,30.08
8251.0,17,56.46
8252.0,15,61.14
8252.0,16,27.19
8252.0,17,48.95
8253.0,15,59.08
8253.0,16,26.0
8253.0,17,48.93
8254.0,15,51.73
8254.0,16,22.61
8254.0,17,48.62
8255.0,15,46.1
8255.0,16,19.05
8255.0,17,45.47
8256.0,15,42.89
8256.0,16,19.0
8256.0,17,42.5
8257.0,15,40.95
8257.0,16,16.29
8257.0,17,40.17
8258.0,15,40.87
8258.0,16,16.28
8258.0,17,37.21
8259.0,15,39.61
8259.0,16,19.02
8259.0,17,33.97
8260.0,15,43.59
8260.0,16,22.03
8260.0,17,37.16
8261.0,15,56.98
8261.0,16,26.01
8261.0,17,45.39
8262.0,15,68.43
8262.0,16,34.2
8262.0,17,55.44
8263.0,15,68.47
8263.0,16,37.29
8263.0,17,60.59
8264.0,15,66.92
8264.0,16,35.76
8264.0,17,58.66
8265.0,15,67.8
8265.0,16,33.65
8265.0,17,53.31
8266.0,15,67.93
8266.0,16,30.06
8266.0,17,51.06
8267.0,15,62.49
8267.0,16,28.3
8267.0,17,48.53
8268.0,15,62.51
8268.0,16,28.15
8268.0,17,44.95
8269.0,15,66.47
8269.0,16,28.37
8269.0,17,43.61
8270.0,15,68.05
8270.0,16,29.48
8270.0,17,42.63
8271.0,15,67.0
8271.0,16,30.78
8271.0,17,43.04
8272.0,15,63.61
8272.0,16,34.66
8272.0,17,48.5
8273.0,15,63.99
8273.0,16,30.23
8273.0,17,52.78
8274.0,15,64.27
8274.0,16,29.11
8274.0,17,53.64
8275.0,15,62.88
8275.0,16,26.0
8275.0,17,46.35
8276.0,15,60.58
8276.0,16,23.74
8276.0,17,41.59
8277.0,15,55.32
8277.0,16,19.71
8277.0,17,44.72
8278.0,15,48.96
8278.0,16,16.51
8278.0,17,46.47
8279.0,15,50.01
8279.0,16,18.02
8279.0,17,37.42
8280.0,15,45.27
8280.0,16,16.57
8280.0,17,41.84
8281.0,15,43.39
8281.0,16,16.2
8281.0,17,42.69
8282.0,15,42.48
8282.0,16,14.58
8282.0,17,36.49
8283.0,15,41.74
8283.0,16,16.25
8283.0,17,33.52
8284.0,15,44.07
8284.0,16,16.63
8284.0,17,34.65
8285.0,15,52.94
8285.0,16,15.95
8285.0,17,42.19
8286.0,15,62.46
8286.0,16,19.02
8286.0,17,47.98
8287.0,15,65.08
8287.0,16,21.87
8287.0,17,48.71
8288.0,15,65.31
8288.0,16,24.14
8288.0,17,48.87
8289.0,15,63.36
8289.0,16,24.8
8289.0,17,40.42
8290.0,15,60.32
8290.0,16,26.75
8290.0,17,41.07
8291.0,15,55.78
8291.0,16,26.89
8291.0,17,41.13
8292.0,15,55.09
8292.0,16,25.98
8292.0,17,38.37
8293.0,15,56.92
8293.0,16,28.02
8293.0,17,30.7
8294.0,15,60.82
8294.0,16,30.06
8294.0,17,30.06
8295.0,15,64.95
8295.0,16,33.78
8295.0,17,33.78
8296.0,15,66.38
8296.0,16,40.0
8296.0,17,40.0
8297.0,15,66.4
8297.0,16,42.96
8297.0,17,42.96
8298.0,15,66.34
8298.0,16,41.0
8298.0,17,41.0
8299.0,15,64.32
8299.0,16,35.22
8299.0,17,35.22
8300.0,15,58.04
8300.0,16,29.94
8300.0,17,31.06
8301.0,15,54.06
8301.0,16,28.48
8301.0,17,33.83
8302.0,15,50.02
8302.0,16,26.63
8302.0,17,37.7
8303.0,15,46.57
8303.0,16,12.51
8303.0,17,32.12
8304.0,15,43.42
8304.0,16,12.57
8304.0,17,32.91
8305.0,15,40.99
8305.0,16,10.39
8305.0,17,32.0
8306.0,15,39.45
8306.0,16,10.22
8306.0,17,24.5
8307.0,15,38.75
8307.0,16,10.32
8307.0,17,27.68
8308.0,15,39.5
8308.0,16,10.33
8308.0,17,32.28
8309.0,15,41.4
8309.0,16,10.37
8309.0,17,30.99
8310.0,15,44.96
8310.0,16,13.79
8310.0,17,32.88
8311.0,15,46.95
8311.0,16,19.37
8311.0,17,34.49
8312.0,15,47.76
8312.0,16,21.97
8312.0,17,38.35
8313.0,15,45.96
8313.0,16,24.77
8313.0,17,39.34
8314.0,15,45.25
8314.0,16,30.72
8314.0,17,42.15
8315.0,15,45.44
8315.0,16,30.94
8315.0,17,45.4
8316.0,15,44.84
8316.0,16,30.29
8316.0,17,42.13
8317.0,15,45.12
8317.0,16,32.95
8317.0,17,32.95
8318.0,15,49.16
8318.0,16,34.26
8318.0,17,34.26
8319.0,15,59.05
8319.0,16,36.78
8319.0,17,36.78
8320.0,15,66.33
8320.0,16,44.2
8320.0,17,44.2
8321.0,15,66.32
8321.0,16,49.88
8321.0,17,49.88
8322.0,15,65.94
8322.0,16,49.12
8322.0,17,49.12
8323.0,15,65.0
8323.0,16,44.5
8323.0,17,44.5
8324.0,15,63.46
8324.0,16,37.93
8324.0,17,37.93
8325.0,15,51.93
8325.0,16,40.32
8325.0,17,42.17
8326.0,15,46.9
8326.0,16,31.95
8326.0,17,39.2
8327.0,15,45.53
8327.0,16,30.93
8327.0,17,36.56
8328.0,15,42.12
8328.0,16,31.49
8328.0,17,31.49
8329.0,15,41.24
8329.0,16,29.5
8329.0,17,29.5
8330.0,15,40.29
8330.0,16,27.84
8330.0,17,27.84
8331.0,15,37.72
8331.0,16,27.45
8331.0,17,27.45
8332.0,15,43.44
8332.0,16,29.65
8332.0,17,29.65
8333.0,15,54.99
8333.0,16,41.26
8333.0,17,41.26
8334.0,15,66.89
8334.0,16,53.46
8334.0,17,53.46
8335.0,15,68.9
8335.0,16,56.7
8335.0,17,56.7
8336.0,15,68.95
8336.0,16,51.5
8336.0,17,60.47
8337.0,15,68.35
8337.0,16,47.96
8337.0,17,61.42
8338.0,15,67.44
8338.0,16,45.64
8338.0,17,58.88
8339.0,15,64.06
8339.0,16,43.05
8339.0,17,56.12
8340.0,15,65.01
8340.0,16,46.64
8340.0,17,52.09
8341.0,15,67.98
8341.0,16,46.92
8341.0,17,50.87
8342.0,15,68.94
8342.0,16,50.04
8342.0,17,50.04
8343.0,15,69.49
8343.0,16,50.97
8343.0,17,50.97
8344.0,15,68.93
8344.0,16,63.27
8344.0,17,63.27
8345.0,15,68.93
8345.0,16,51.83
8345.0,17,69.81
8346.0,15,68.01
8346.0,16,46.94
8346.0,17,63.74
8347.0,15,65.09
8347.0,16,40.08
8347.0,17,54.64
8348.0,15,65.0
8348.0,16,33.41
8348.0,17,42.97
8349.0,15,62.97
8349.0,16,31.28
8349.0,17,46.92
8350.0,15,56.56
8350.0,16,28.78
8350.0,17,47.13
8351.0,15,46.81
8351.0,16,27.64
8351.0,17,40.08
8352.0,15,44.94
8352.0,16,27.99
8352.0,17,39.01
8353.0,15,41.6
8353.0,16,27.4
8353.0,17,35.5
8354.0,15,40.98
8354.0,16,27.86
8354.0,17,31.0
8355.0,15,40.92
8355.0,16,29.11
8355.0,17,29.11
8356.0,15,45.98
8356.0,16,29.84
8356.0,17,33.8
8357.0,15,59.11
8357.0,16,35.33
8357.0,17,40.59
8358.0,15,68.98
8358.0,16,49.99
8358.0,17,49.99
8359.0,15,71.71
8359.0,16,55.03
8359.0,17,55.03
8360.0,15,71.28
8360.0,16,54.97
8360.0,17,54.97
8361.0,15,71.26
8361.0,16,53.58
8361.0,17,53.58
8362.0,15,71.42
8362.0,16,52.81
8362.0,17,52.81
8363.0,15,66.41
8363.0,16,51.96
8363.0,17,51.96
8364.0,15,67.09
8364.0,16,51.71
8364.0,17,51.71
8365.0,15,69.04
8365.0,16,49.6
8365.0,17,49.6
8366.0,15,71.05
8366.0,16,50.04
8366.0,17,50.04
8367.0,15,71.0
8367.0,16,50.96
8367.0,17,50.96
8368.0,15,69.57
8368.0,16,55.25
8368.0,17,55.25
8369.0,15,69.6
8369.0,16,53.43
8369.0,17,53.43
8370.0,15,69.0
8370.0,16,46.5
8370.0,17,47.98
8371.0,15,68.04
8371.0,16,41.47
8371.0,17,41.84
8372.0,15,67.46
8372.0,16,34.51
8372.0,17,34.51
8373.0,15,62.28
8373.0,16,35.68
8373.0,17,37.49
8374.0,15,53.86
8374.0,16,30.03
8374.0,17,36.57
8375.0,15,48.07
8375.0,16,30.81
8375.0,17,30.81
8376.0,15,45.29
8376.0,16,29.18
8376.0,17,29.18
8377.0,15,43.55
8377.0,16,28.38
8377.0,17,28.38
8378.0,15,43.6
8378.0,16,27.05
8378.0,17,27.05
8379.0,15,42.39
8379.0,16,27.38
8379.0,17,27.38
8380.0,15,47.92
8380.0,16,28.08
8380.0,17,28.08
8381.0,15,66.07
8381.0,16,34.41
8381.0,17,39.74
8382.0,15,74.04
8382.0,16,45.64
8382.0,17,45.64
8383.0,15,73.2
8383.0,16,45.44
8383.0,17,45.44
8384.0,15,72.19
8384.0,16,44.39
8384.0,17,44.39
8385.0,15,72.96
8385.0,16,42.44
8385.0,17,42.44
8386.0,15,70.41
8386.0,16,44.0
8386.0,17,44.0
8387.0,15,70.25
8387.0,16,42.32
8387.0,17,42.32
8388.0,15,70.04
8388.0,16,43.01
8388.0,17,43.01
8389.0,15,74.09
8389.0,16,40.2
8389.0,17,40.2
8390.0,15,73.97
8390.0,16,41.37
8390.0,17,41.37
8391.0,15,71.88
8391.0,16,41.67
8391.0,17,41.67
8392.0,15,72.16
8392.0,16,45.47
8392.0,17,45.47
8393.0,15,72.4
8393.0,16,43.23
8393.0,17,43.23
8394.0,15,71.94
8394.0,16,39.18
8394.0,17,42.25
8395.0,15,69.91
8395.0,16,33.75
8395.0,17,39.27
8396.0,15,69.42
8396.0,16,30.47
8396.0,17,34.67
8397.0,15,68.24
8397.0,16,33.38
8397.0,17,33.79
8398.0,15,64.93
8398.0,16,25.98
8398.0,17,41.15
8399.0,15,52.43
8399.0,16,23.1
8399.0,17,23.1
8400.0,15,46.0
8400.0,16,22.42
8400.0,17,22.42
8401.0,15,43.07
8401.0,16,21.25
8401.0,17,21.25
8402.0,15,41.81
8402.0,16,19.55
8402.0,17,19.55
8403.0,15,42.36
8403.0,16,20.24
8403.0,17,20.24
8404.0,15,49.92
8404.0,16,23.45
8404.0,17,23.45
8405.0,15,70.97
8405.0,16,31.21
8405.0,17,31.21
8406.0,15,72.49
8406.0,16,39.97
8406.0,17,40.56
8407.0,15,74.03
8407.0,16,41.4
8407.0,17,41.4
8408.0,15,74.01
8408.0,16,41.38
8408.0,17,41.38
8409.0,15,73.78
8409.0,16,40.02
8409.0,17,40.02
8410.0,15,73.99
8410.0,16,40.87
8410.0,17,40.87
8411.0,15,66.52
8411.0,16,36.21
8411.0,17,36.21
8412.0,15,66.5
8412.0,16,35.34
8412.0,17,35.34
8413.0,15,70.72
8413.0,16,34.74
8413.0,17,34.74
8414.0,15,73.45
8414.0,16,35.2
8414.0,17,35.2
8415.0,15,74.05
8415.0,16,39.19
8415.0,17,39.19
8416.0,15,74.08
8416.0,16,41.4
8416.0,17,41.4
8417.0,15,74.0
8417.0,16,40.01
8417.0,17,40.01
8418.0,15,73.3
8418.0,16,38.22
8418.0,17,39.13
8419.0,15,72.67
8419.0,16,32.63
8419.0,17,37.28
8420.0,15,71.92
8420.0,16,28.92
8420.0,17,30.14
8421.0,15,70.43
8421.0,16,28.42
8421.0,17,34.31
8422.0,15,67.05
8422.0,16,24.09
8422.0,17,35.79
8423.0,15,49.41
8423.0,16,25.93
8423.0,17,28.77
8424.0,15,42.95
8424.0,16,24.06
8424.0,17,27.15
8425.0,15,41.25
8425.0,16,23.22
8425.0,17,25.86
8426.0,15,40.6
8426.0,16,21.88
8426.0,17,21.88
8427.0,15,40.51
8427.0,16,22.58
8427.0,17,22.58
8428.0,15,44.93
8428.0,16,25.77
8428.0,17,27.9
8429.0,15,68.93
8429.0,16,30.02
8429.0,17,36.27
8430.0,15,71.93
8430.0,16,36.61
8430.0,17,43.01
8431.0,15,72.43
8431.0,16,36.64
8431.0,17,40.78
8432.0,15,71.94
8432.0,16,37.32
8432.0,17,40.2
8433.0,15,70.91
8433.0,16,39.11
8433.0,17,40.2
8434.0,15,69.08
8434.0,16,38.01
8434.0,17,38.01
8435.0,15,62.74
8435.0,16,36.67
8435.0,17,40.44
8436.0,15,63.21
8436.0,16,34.56
8436.0,17,38.23
8437.0,15,67.02
8437.0,16,34.95
8437.0,17,34.95
8438.0,15,70.5
8438.0,16,34.64
8438.0,17,34.64
8439.0,15,71.1
8439.0,16,39.03
8439.0,17,39.03
8440.0,15,71.61
8440.0,16,42.0
8440.0,17,42.0
8441.0,15,71.09
8441.0,16,40.97
8441.0,17,42.11
8442.0,15,70.96
8442.0,16,38.65
8442.0,17,42.43
8443.0,15,70.94
8443.0,16,32.83
8443.0,17,35.5
8444.0,15,70.45
8444.0,16,30.32
8444.0,17,30.32
8445.0,15,66.95
8445.0,16,30.53
8445.0,17,31.18
8446.0,15,59.41
8446.0,16,27.17
8446.0,17,38.64
8447.0,15,49.59
8447.0,16,23.47
8447.0,17,29.25
8448.0,15,45.42
8448.0,16,21.52
8448.0,17,26.37
8449.0,15,44.29
8449.0,16,23.29
8449.0,17,23.29
8450.0,15,42.86
8450.0,16,20.45
8450.0,17,22.18
8451.0,15,40.66
8451.0,16,19.62
8451.0,17,19.62
8452.0,15,42.8
8452.0,16,18.96
8452.0,17,19.0
8453.0,15,50.01
8453.0,16,21.84
8453.0,17,21.9
8454.0,15,59.56
8454.0,16,23.9
8454.0,17,26.64
8455.0,15,65.91
8455.0,16,29.28
8455.0,17,30.58
8456.0,15,66.3
8456.0,16,30.08
8456.0,17,36.42
8457.0,15,65.04
8457.0,16,30.07
8457.0,17,35.57
8458.0,15,61.02
8458.0,16,30.09
8458.0,17,34.48
8459.0,15,51.88
8459.0,16,30.01
8459.0,17,34.53
8460.0,15,50.05
8460.0,16,28.31
8460.0,17,30.8
8461.0,15,51.43
8461.0,16,29.08
8461.0,17,29.57
8462.0,15,56.04
8462.0,16,31.21
8462.0,17,31.21
8463.0,15,63.02
8463.0,16,33.01
8463.0,17,33.01
8464.0,15,68.95
8464.0,16,39.37
8464.0,17,39.37
8465.0,15,68.97
8465.0,16,38.44
8465.0,17,38.76
8466.0,15,67.94
8466.0,16,31.32
8466.0,17,32.14
8467.0,15,65.01
8467.0,16,27.9
8467.0,17,28.81
8468.0,15,62.75
8468.0,16,23.49
8468.0,17,24.59
8469.0,15,54.02
8469.0,16,23.44
8469.0,17,28.82
8470.0,15,48.66
8470.0,16,16.72
8470.0,17,27.34
8471.0,15,45.74
8471.0,16,17.93
8471.0,17,20.27
8472.0,15,42.08
8472.0,16,15.96
8472.0,17,15.96
8473.0,15,38.91
8473.0,16,14.29
8473.0,17,14.29
8474.0,15,36.77
8474.0,16,11.36
8474.0,17,11.36
8475.0,15,34.67
8475.0,16,12.51
8475.0,17,12.51
8476.0,15,37.51
8476.0,16,7.75
8476.0,17,7.75
8477.0,15,36.98
8477.0,16,9.77
8477.0,17,9.77
8478.0,15,39.61
8478.0,16,11.21
8478.0,17,11.21
8479.0,15,41.59
8479.0,16,16.18
8479.0,17,16.18
8480.0,15,44.03
8480.0,16,15.42
8480.0,17,17.62
8481.0,15,45.93
8481.0,16,16.01
8481.0,17,18.41
8482.0,15,44.89
8482.0,16,17.94
8482.0,17,19.77
8483.0,15,44.93
8483.0,16,16.8
8483.0,17,19.84
8484.0,15,43.08
8484.0,16,14.97
8484.0,17,21.41
8485.0,15,42.36
8485.0,16,15.96
8485.0,17,19.01
8486.0,15,48.93
8486.0,16,15.73
8486.0,17,17.64
8487.0,15,55.08
8487.0,16,23.38
8487.0,17,24.57
8488.0,15,63.04
8488.0,16,26.34
8488.0,17,30.67
8489.0,15,62.7
8489.0,16,29.73
8489.0,17,34.53
8490.0,15,62.93
8490.0,16,29.14
8490.0,17,35.23
8491.0,15,61.86
8491.0,16,25.74
8491.0,17,32.95
8492.0,15,56.37
8492.0,16,19.92
8492.0,17,24.8
8493.0,15,49.94
8493.0,16,18.87
8493.0,17,29.17
8494.0,15,44.17
8494.0,16,13.02
8494.0,17,29.43
8495.0,15,41.38
8495.0,16,19.02
8495.0,17,22.15
8496.0,15,38.01
8496.0,16,14.49
8496.0,17,17.83
8497.0,15,35.41
8497.0,16,14.35
8497.0,17,18.54
8498.0,15,35.12
8498.0,16,12.44
8498.0,17,12.68
8499.0,15,35.15
8499.0,16,13.39
8499.0,17,13.39
8500.0,15,43.05
8500.0,16,17.6
8500.0,17,17.6
8501.0,15,57.07
8501.0,16,27.4
8501.0,17,27.4
8502.0,15,62.96
8502.0,16,34.03
8502.0,17,41.52
8503.0,15,66.95
8503.0,16,40.05
8503.0,17,44.38
8504.0,15,67.35
8504.0,16,40.5
8504.0,17,44.89
8505.0,15,65.93
8505.0,16,37.44
8505.0,17,41.31
8506.0,15,65.24
8506.0,16,35.85
8506.0,17,40.35
8507.0,15,59.6
8507.0,16,34.17
8507.0,17,36.5
8508.0,15,60.39
8508.0,16,28.73
8508.0,17,38.74
8509.0,15,63.05
8509.0,16,29.18
8509.0,17,31.27
8510.0,15,64.1
8510.0,16,29.59
8510.0,17,30.34
8511.0,15,69.33
8511.0,16,29.03
8511.0,17,35.33
8512.0,15,70.73
8512.0,16,32.18
8512.0,17,40.87
8513.0,15,69.32
8513.0,16,32.92
8513.0,17,41.36
8514.0,15,66.93
8514.0,16,28.94
8514.0,17,39.69
8515.0,15,63.08
8515.0,16,21.85
8515.0,17,36.36
8516.0,15,61.15
8516.0,16,13.85
8516.0,17,32.43
8517.0,15,57.05
8517.0,16,12.58
8517.0,17,38.17
8518.0,15,50.9
8518.0,16,-0.01
8518.0,17,36.36
8519.0,15,43.53
8519.0,16,-19.98
8519.0,17,33.25
8520.0,15,41.1
8520.0,16,-23.06
8520.0,17,23.71
8521.0,15,40.12
8521.0,16,-10.05
8521.0,17,19.1
8522.0,15,39.57
8522.0,16,0.07
8522.0,17,6.4
8523.0,15,39.53
8523.0,16,7.84
8523.0,17,7.91
8524.0,15,41.55
8524.0,16,12.43
8524.0,17,12.45
8525.0,15,52.02
8525.0,16,22.33
8525.0,17,22.33
8526.0,15,60.9
8526.0,16,34.95
8526.0,17,41.61
8527.0,15,63.92
8527.0,16,33.82
8527.0,17,39.26
8528.0,15,64.3
8528.0,16,31.99
8528.0,17,41.3
8529.0,15,62.65
8529.0,16,28.99
8529.0,17,38.93
8530.0,15,59.94
8530.0,16,26.9
8530.0,17,35.78
8531.0,15,55.01
8531.0,16,24.95
8531.0,17,33.56
8532.0,15,54.98
8532.0,16,17.78
8532.0,17,36.21
8533.0,15,59.92
8533.0,16,17.16
8533.0,17,33.09
8534.0,15,62.93
8534.0,16,20.36
8534.0,17,30.94
8535.0,15,65.93
8535.0,16,25.28
8535.0,17,32.84
8536.0,15,66.98
8536.0,16,30.03
8536.0,17,38.67
8537.0,15,65.96
8537.0,16,29.38
8537.0,17,39.52
8538.0,15,63.85
8538.0,16,27.98
8538.0,17,41.04
8539.0,15,60.4
8539.0,16,25.92
8539.0,17,34.03
8540.0,15,57.08
8540.0,16,16.71
8540.0,17,29.79
8541.0,15,53.31
8541.0,16,14.26
8541.0,17,31.11
8542.0,15,47.35
8542.0,16,11.36
8542.0,17,22.19
8543.0,15,43.35
8543.0,16,10.05
8543.0,17,16.64
8544.0,15,41.1
8544.0,16,7.93
8544.0,17,12.04
8545.0,15,39.24
8545.0,16,3.04
8545.0,17,10.65
8546.0,15,39.01
8546.0,16,0.83
8546.0,17,1.96
8547.0,15,38.13
8547.0,16,-0.08
8547.0,17,2.94
8548.0,15,42.16
8548.0,16,7.8
8548.0,17,13.62
8549.0,15,54.06
8549.0,16,12.21
8549.0,17,25.71
8550.0,15,64.52
8550.0,16,14.46
8550.0,17,34.26
8551.0,15,65.01
8551.0,16,18.02
8551.0,17,41.62
8552.0,15,66.01
8552.0,16,16.04
8552.0,17,33.89
8553.0,15,63.54
8553.0,16,16.01
8553.0,17,40.68
8554.0,15,61.57
8554.0,16,16.06
8554.0,17,40.66
8555.0,15,54.29
8555.0,16,15.27
8555.0,17,40.9
8556.0,15,54.64
8556.0,16,16.53
8556.0,17,40.97
8557.0,15,60.95
8557.0,16,22.43
8557.0,17,39.01
8558.0,15,63.92
8558.0,16,25.99
8558.0,17,37.56
8559.0,15,62.79
8559.0,16,28.94
8559.0,17,31.18
8560.0,15,64.01
8560.0,16,39.0
8560.0,17,40.18
8561.0,15,63.35
8561.0,16,41.27
8561.0,17,43.9
8562.0,15,62.97
8562.0,16,39.71
8562.0,17,44.95
8563.0,15,58.01
8563.0,16,31.24
8563.0,17,34.1
8564.0,15,55.06
8564.0,16,29.0
8564.0,17,35.11
8565.0,15,51.16
8565.0,16,30.54
8565.0,17,30.54
8566.0,15,44.16
8566.0,16,25.91
8566.0,17,28.83
8567.0,15,42.24
8567.0,16,25.94
8567.0,17,25.94
8568.0,15,38.09
8568.0,16,20.2
8568.0,17,20.2
8569.0,15,35.1
8569.0,16,17.27
8569.0,17,17.27
8570.0,15,33.99
8570.0,16,15.28
8570.0,17,15.28
8571.0,15,29.93
8571.0,16,10.52
8571.0,17,10.52
8572.0,15,18.12
8572.0,16,10.5
8572.0,17,10.5
8573.0,15,40.21
8573.0,16,14.53
8573.0,17,14.53
8574.0,15,44.77
8574.0,16,24.24
8574.0,17,25.27
8575.0,15,45.47
8575.0,16,29.13
8575.0,17,30.27
8576.0,15,44.08
8576.0,16,28.15
8576.0,17,29.99
8577.0,15,44.93
8577.0,16,28.81
8577.0,17,30.52
8578.0,15,44.94
8578.0,16,24.65
8578.0,17,25.92
8579.0,15,44.18
8579.0,16,23.12
8579.0,17,24.35
8580.0,15,40.22
8580.0,16,18.24
8580.0,17,20.46
8581.0,15,43.56
8581.0,16,16.1
8581.0,17,19.2
8582.0,15,44.07
8582.0,16,16.13
8582.0,17,19.08
8583.0,15,43.6
8583.0,16,18.65
8583.0,17,20.7
8584.0,15,52.91
8584.0,16,24.64
8584.0,17,25.59
8585.0,15,51.13
8585.0,16,17.09
8585.0,17,26.37
8586.0,15,52.93
8586.0,16,10.55
8586.0,17,25.39
8587.0,15,49.51
8587.0,16,8.49
8587.0,17,21.96
8588.0,15,47.72
8588.0,16,4.04
8588.0,17,20.5
8589.0,15,44.95
8589.0,16,7.34
8589.0,17,30.19
8590.0,15,40.03
8590.0,16,0.9
8590.0,17,31.0
8591.0,15,31.95
8591.0,16,0.01
8591.0,17,19.95
8592.0,15,31.94
8592.0,16,-0.96
8592.0,17,19.66
8593.0,15,20.27
8593.0,16,0.02
8593.0,17,12.61
8594.0,15,16.03
8594.0,16,0.09
8594.0,17,4.77
8595.0,15,9.64
8595.0,16,3.27
8595.0,17,6.26
8596.0,15,21.78
8596.0,16,4.08
8596.0,17,12.24
8597.0,15,16.07
8597.0,16,4.01
8597.0,17,8.51
8598.0,15,17.75
8598.0,16,4.44
8598.0,17,13.73
8599.0,15,20.15
8599.0,16,11.45
8599.0,17,14.13
8600.0,15,27.04
8600.0,16,12.93
8600.0,17,18.59
8601.0,15,17.08
8601.0,16,12.84
8601.0,17,18.03
8602.0,15,17.2
8602.0,16,13.63
8602.0,17,18.04
8603.0,15,16.08
8603.0,16,12.86
8603.0,17,17.72
8604.0,15,15.77
8604.0,16,11.85
8604.0,17,16.08
8605.0,15,12.99
8605.0,16,12.06
8605.0,17,15.58
8606.0,15,12.08
8606.0,16,13.17
8606.0,17,16.01
8607.0,15,18.08
8607.0,16,18.04
8607.0,17,19.3
8608.0,15,45.94
8608.0,16,25.05
8608.0,17,25.06
8609.0,15,48.51
8609.0,16,28.95
8609.0,17,29.94
8610.0,15,46.8
8610.0,16,29.22
8610.0,17,29.35
8611.0,15,44.63
8611.0,16,27.6
8611.0,17,27.6
8612.0,15,40.02
8612.0,16,24.92
8612.0,17,24.92
8613.0,15,39.79
8613.0,16,26.0
8613.0,17,26.0
8614.0,15,36.26
8614.0,16,23.73
8614.0,17,23.73
8615.0,15,30.76
8615.0,16,8.5
8615.0,17,12.22
8616.0,15,32.97
8616.0,16,0.09
8616.0,17,11.5
8617.0,15,29.93
8617.0,16,-6.27
8617.0,17,6.96
8618.0,15,29.2
8618.0,16,-4.92
8618.0,17,1.23
8619.0,15,10.98
8619.0,16,-15.33
8619.0,17,0.28
8620.0,15,11.04
8620.0,16,-6.86
8620.0,17,5.29
8621.0,15,12.34
8621.0,16,-0.9
8621.0,17,9.06
8622.0,15,13.56
8622.0,16,0.06
8622.0,17,7.31
8623.0,15,21.0
8623.0,16,6.24
8623.0,17,11.48
8624.0,15,29.96
8624.0,16,10.4
8624.0,17,14.77
8625.0,15,20.0
8625.0,16,8.94
8625.0,17,16.9
8626.0,15,19.03
8626.0,16,12.57
8626.0,17,18.57
8627.0,15,21.52
8627.0,16,1.78
8627.0,17,19.56
8628.0,15,18.72
8628.0,16,7.68
8628.0,17,17.11
8629.0,15,16.67
8629.0,16,8.08
8629.0,17,17.85
8630.0,15,16.95
8630.0,16,12.24
8630.0,17,15.08
8631.0,15,29.0
8631.0,16,14.93
8631.0,17,18.07
8632.0,15,45.94
8632.0,16,18.0
8632.0,17,22.11
8633.0,15,45.99
8633.0,16,16.03
8633.0,17,26.85
8634.0,15,45.14
8634.0,16,15.95
8634.0,17,23.97
8635.0,15,44.87
8635.0,16,17.49
8635.0,17,20.54
8636.0,15,40.94
8636.0,16,13.3
8636.0,17,17.04
8637.0,15,39.5
8637.0,16,14.44
8637.0,17,21.87
8638.0,15,37.19
8638.0,16,10.57
8638.0,17,22.16
8639.0,15,35.99
8639.0,16,10.6
8639.0,17,13.84
8640.0,15,31.47
8640.0,16,8.65
8640.0,17,12.28
8641.0,15,29.44
8641.0,16,7.29
8641.0,17,11.26
8642.0,15,15.08
8642.0,16,6.29
8642.0,17,9.78
8643.0,15,8.6
8643.0,16,3.46
8643.0,17,5.97
8644.0,15,8.59
8644.0,16,0.11
8644.0,17,3.48
8645.0,15,8.62
8645.0,16,0.04
8645.0,17,6.65
8646.0,15,10.11
8646.0,16,0.11
8646.0,17,7.49
8647.0,15,29.43
8647.0,16,9.8
8647.0,17,12.06
8648.0,15,29.98
8648.0,16,10.03
8648.0,17,14.3
8649.0,15,19.06
8649.0,16,9.84
8649.0,17,14.23
8650.0,15,18.04
8650.0,16,10.79
8650.0,17,14.14
8651.0,15,21.32
8651.0,16,10.42
8651.0,17,16.8
8652.0,15,18.7
8652.0,16,10.18
8652.0,17,13.96
8653.0,15,16.6
8653.0,16,11.21
8653.0,17,14.45
8654.0,15,17.17
8654.0,16,14.89
8654.0,17,16.79
8655.0,15,21.69
8655.0,16,22.07
8655.0,17,22.07
8656.0,15,48.57
8656.0,16,31.55
8656.0,17,31.55
8657.0,15,52.29
8657.0,16,35.7
8657.0,17,35.7
8658.0,15,51.74
8658.0,16,35.71
8658.0,17,35.71
8659.0,15,49.4
8659.0,16,32.96
8659.0,17,32.96
8660.0,15,47.47
8660.0,16,31.83
8660.0,17,31.83
8661.0,15,44.99
8661.0,16,31.65
8661.0,17,31.65
8662.0,15,41.1
8662.0,16,27.47
8662.0,17,27.47
8663.0,15,42.22
8663.0,16,26.26
8663.0,17,26.26
8664.0,15,38.42
8664.0,16,20.35
8664.0,17,20.35
8665.0,15,37.01
8665.0,16,17.75
8665.0,17,17.75
8666.0,15,36.91
8666.0,16,16.01
8666.0,17,16.01
8667.0,15,36.21
8667.0,16,16.98
8667.0,17,13.94
8668.0,15,42.0
8668.0,16,22.05
8668.0,17,22.05
8669.0,15,51.31
8669.0,16,27.8
8669.0,17,26.0
8670.0,15,59.94
8670.0,16,34.98
8670.0,17,34.0
8671.0,15,60.57
8671.0,16,38.81
8671.0,17,38.81
8672.0,15,60.14
8672.0,16,41.4
8672.0,17,41.4
8673.0,15,59.09
8673.0,16,39.87
8673.0,17,39.87
8674.0,15,55.2
8674.0,16,36.04
8674.0,17,36.04
8675.0,15,53.62
8675.0,16,36.0
8675.0,17,36.0
8676.0,15,53.28
8676.0,16,33.4
8676.0,17,33.4
8677.0,15,55.49
8677.0,16,32.53
8677.0,17,32.53
8678.0,15,60.07
8678.0,16,33.15
8678.0,17,33.15
8679.0,15,60.96
8679.0,16,36.9
8679.0,17,36.9
8680.0,15,63.9
8680.0,16,42.98
8680.0,17,42.98
8681.0,15,63.93
8681.0,16,43.38
8681.0,17,43.38
8682.0,15,62.98
8682.0,16,35.91
8682.0,17,35.91
8683.0,15,60.91
8683.0,16,30.38
8683.0,17,30.38
8684.0,15,57.97
8684.0,16,27.6
8684.0,17,27.6
8685.0,15,54.6
8685.0,16,26.83
8685.0,17,27.2
8686.0,15,45.37
8686.0,16,22.06
8686.0,17,25.76
8687.0,15,42.58
8687.0,16,18.04
8687.0,17,21.02
8688.0,15,40.4
8688.0,16,17.07
8688.0,17,18.05
8689.0,15,37.14
8689.0,16,16.52
8689.0,17,17.07
8690.0,15,37.13
8690.0,16,13.9
8690.0,17,14.06
8691.0,15,36.17
8691.0,16,14.49
8691.0,17,14.49
8692.0,15,39.42
8692.0,16,17.04
8692.0,17,18.74
8693.0,15,47.0
8693.0,16,22.74
8693.0,17,27.18
8694.0,15,54.34
8694.0,16,26.98
8694.0,17,27.95
8695.0,15,58.21
8695.0,16,29.01
8695.0,17,30.38
8696.0,15,58.46
8696.0,16,28.36
8696.0,17,39.13
8697.0,15,55.02
8697.0,16,29.96
8697.0,17,38.55
8698.0,15,48.04
8698.0,16,30.86
8698.0,17,42.0
8699.0,15,45.17
8699.0,16,34.36
8699.0,17,42.47
8700.0,15,45.44
8700.0,16,35.94
8700.0,17,39.56
8701.0,15,49.41
8701.0,16,35.47
8701.0,17,35.47
8702.0,15,55.47
8702.0,16,36.02
8702.0,17,36.02
8703.0,15,58.43
8703.0,16,41.81
8703.0,17,41.81
8704.0,15,61.06
8704.0,16,52.0
8704.0,17,52.0
8705.0,15,60.78
8705.0,16,55.86
8705.0,17,55.86
8706.0,15,59.91
8706.0,16,49.98
8706.0,17,49.98
8707.0,15,56.03
8707.0,16,38.39
8707.0,17,38.39
8708.0,15,54.57
8708.0,16,34.95
8708.0,17,34.95
8709.0,15,50.98
8709.0,16,33.28
8709.0,17,33.28
8710.0,15,45.08
8710.0,16,29.94
8710.0,17,29.94
8711.0,15,35.48
8711.0,16,24.0
8711.0,17,29.26
8712.0,15,31.73
8712.0,16,23.59
8712.0,17,28.52
8713.0,15,28.73
8713.0,16,23.55
8713.0,17,23.55
8714.0,15,24.26
8714.0,16,18.01
8714.0,17,18.01
8715.0,15,23.33
8715.0,16,15.95
8715.0,17,15.95
8716.0,15,29.58
8716.0,16,20.78
8716.0,17,20.78
8717.0,15,38.84
8717.0,16,23.71
8717.0,17,23.71
8718.0,15,44.17
8718.0,16,29.23
8718.0,17,29.23
8719.0,15,52.46
8719.0,16,36.92
8719.0,17,36.92
8720.0,15,52.29
8720.0,16,36.21
8720.0,17,36.21
8721.0,15,49.46
8721.0,16,35.98
8721.0,17,37.67
8722.0,15,42.58
8722.0,16,34.99
8722.0,17,35.0
8723.0,15,40.76
8723.0,16,30.32
8723.0,17,32.13
8724.0,15,40.4
8724.0,16,27.68
8724.0,17,28.46
8725.0,15,41.77
8725.0,16,27.44
8725.0,17,27.44
8726.0,15,47.09
8726.0,16,27.53
8726.0,17,27.53
8727.0,15,51.25
8727.0,16,30.68
8727.0,17,30.68
8728.0,15,54.69
8728.0,16,33.44
8728.0,17,39.26
8729.0,15,54.04
8729.0,16,36.09
8729.0,17,38.8
8730.0,15,52.79
8730.0,16,31.98
8730.0,17,38.93
8731.0,15,47.44
8731.0,16,24.97
8731.0,17,36.9
8732.0,15,44.4
8732.0,16,20.92
8732.0,17,26.42
8733.0,15,42.49
8733.0,16,17.05
8733.0,17,33.91
8734.0,15,37.13
8734.0,16,13.71
8734.0,17,33.11
8735.0,15,38.18
8735.0,16,13.48
8735.0,17,14.46
8736.0,15,35.93
8736.0,16,12.56
8736.0,17,12.71
8737.0,15,34.95
8737.0,16,10.46
8737.0,17,11.67
8738.0,15,29.44
8738.0,16,4.17
8738.0,17,9.21
8739.0,15,28.69
8739.0,16,1.64
8739.0,17,4.65
8740.0,15,34.8
8740.0,16,3.68
8740.0,17,6.41
8741.0,15,38.58
8741.0,16,6.68
8741.0,17,14.94
8742.0,15,45.08
8742.0,16,12.9
8742.0,17,19.22
8743.0,15,51.33
8743.0,16,15.72
8743.0,17,21.14
8744.0,15,51.99
8744.0,16,20.07
8744.0,17,24.04
8745.0,15,50.7
8745.0,16,23.04
8745.0,17,25.11
8746.0,15,45.18
8746.0,16,24.32
8746.0,17,26.02
8747.0,15,42.57
8747.0,16,26.23
8747.0,17,27.38
8748.0,15,42.52
8748.0,16,28.06
8748.0,17,28.19
8749.0,15,42.88
8749.0,16,27.48
8749.0,17,27.48
8750.0,15,46.42
8750.0,16,29.0
8750.0,17,29.0
8751.0,15,51.65
8751.0,16,32.87
8751.0,17,32.87
8752.0,15,49.39
8752.0,16,40.03
8752.0,17,40.03
8753.0,15,49.19
8753.0,16,40.25
8753.0,17,40.25
8754.0,15,49.37
8754.0,16,36.79
8754.0,17,36.79
8755.0,15,44.98
8755.0,16,28.81
8755.0,17,28.81
8756.0,15,45.03
8756.0,16,26.27
8756.0,17,26.27
8757.0,15,42.59
8757.0,16,29.99
8757.0,17,29.99
8758.0,15,40.89
8758.0,16,31.59
8758.0,17,31.59
8759.0,15,41.09
8759.0,16,23.86
8759.0,17,23.86
0.0,10,300.0
0.0,11,300.0
0.0,12,300.0
1.0,10,300.0
1.0,11,300.0
1.0,12,300.0
2.0,10,300.0
2.0,11,300.0
2.0,12,300.0
3.0,10,300.0
3.0,11,300.0
3.0,12,300.0
4.0,10,300.0
4.0,11,300.0
4.0,12,300.0
5.0,10,300.0
5.0,11,300.0
5.0,12,300.0
6.0,10,300.0
6.0,11,300.0
6.0,12,300.0
7.0,10,300.0
7.0,11,300.0
7.0,12,300.0
8.0,10,300.0
8.0,11,300.0
8.0,12,300.0
9.0,10,300.0
9.0,11,300.0
9.0,12,300.0
10.0,10,300.0
10.0,11,300.0
10.0,12,300.0
11.0,10,300.0
11.0,11,300.0
11.0,12,300.0
12.0,10,300.0
12.0,11,300.0
12.0,12,300.0
13.0,10,300.0
13.0,11,300.0
13.0,12,300.0
14.0,10,300.0
14.0,11,300.0
14.0,12,300.0
15.0,10,300.0
15.0,11,300.0
15.0,12,300.0
16.0,10,300.0
16.0,11,300.0
16.0,12,300.0
17.0,10,300.0
17.0,11,300.0
17.0,12,300.0
18.0,10,300.0
18.0,11,300.0
18.0,12,300.0
19.0,10,300.0
19.0,11,300.0
19.0,12,300.0
20.0,10,300.0
20.0,11,300.0
20.0,12,300.0
21.0,10,300.0
21.0,11,300.0
21.0,12,300.0
22.0,10,300.0
22.0,11,300.0
22.0,12,300.0
23.0,10,300.0
23.0,11,300.0
23.0,12,300.0
24.0,10,300.0
24.0,11,300.0
24.0,12,300.0
25.0,10,300.0
25.0,11,300.0
25.0,12,300.0
26.0,10,300.0
26.0,11,300.0
26.0,12,300.0
27.0,10,300.0
27.0,11,300.0
27.0,12,300.0
28.0,10,300.0
28.0,11,300.0
28.0,12,300.0
29.0,10,300.0
29.0,11,300.0
29.0,12,300.0
30.0,10,300.0
30.0,11,300.0
30.0,12,300.0
31.0,10,300.0
31.0,11,300.0
31.0,12,300.0
32.0,10,300.0
32.0,11,300.0
32.0,12,300.0
33.0,10,300.0
33.0,11,300.0
33.0,12,300.0
34.0,10,300.0
34.0,11,300.0
34.0,12,300.0
35.0,10,300.0
35.0,11,300.0
35.0,12,300.0
36.0,10,300.0
36.0,11,300.0
36.0,12,300.0
37.0,10,300.0
37.0,11,300.0
37.0,12,300.0
38.0,10,300.0
38.0,11,300.0
38.0,12,300.0
39.0,10,300.0
39.0,11,300.0
39.0,12,300.0
40.0,10,300.0
40.0,11,300.0
40.0,12,300.0
41.0,10,300.0
41.0,11,300.0
41.0,12,300.0
42.0,10,300.0
42.0,11,300.0
42.0,12,300.0
43.0,10,300.0
43.0,11,300.0
43.0,12,300.0
44.0,10,300.0
44.0,11,300.0
44.0,12,300.0
45.0,10,300.0
45.0,11,300.0
45.0,12,300.0
46.0,10,300.0
46.0,11,300.0
46.0,12,300.0
47.0,10,300.0
47.0,11,300.0
47.0,12,300.0
48.0,10,300.0
48.0,11,300.0
48.0,12,300.0
49.0,10,300.0
49.0,11,300.0
49.0,12,300.0
50.0,10,300.0
50.0,11,300.0
50.0,12,300.0
51.0,10,300.0
51.0,11,300.0
51.0,12,300.0
52.0,10,300.0
52.0,11,300.0
52.0,12,300.0
53.0,10,300.0
53.0,11,300.0
53.0,12,300.0
54.0,10,300.0
54.0,11,300.0
54.0,12,300.0
55.0,10,300.0
55.0,11,300.0
55.0,12,300.0
56.0,10,300.0
56.0,11,300.0
56.0,12,300.0
57.0,10,300.0
57.0,11,300.0
57.0,12,300.0
58.0,10,300.0
58.0,11,300.0
58.0,12,300.0
59.0,10,300.0
59.0,11,300.0
59.0,12,300.0
60.0,10,300.0
60.0,11,300.0
60.0,12,300.0
61.0,10,300.0
61.0,11,300.0
61.0,12,300.0
62.0,10,300.0
62.0,11,300.0
62.0,12,300.0
63.0,10,300.0
63.0,11,300.0
63.0,12,300.0
64.0,10,300.0
64.0,11,300.0
64.0,12,300.0
65.0,10,300.0
65.0,11,300.0
65.0,12,300.0
66.0,10,300.0
66.0,11,300.0
66.0,12,300.0
67.0,10,300.0
67.0,11,300.0
67.0,12,300.0
68.0,10,300.0
68.0,11,300.0
68.0,12,300.0
69.0,10,300.0
69.0,11,300.0
69.0,12,300.0
70.0,10,300.0
70.0,11,300.0
70.0,12,300.0
71.0,10,300.0
71.0,11,300.0
71.0,12,300.0
72.0,10,300.0
72.0,11,300.0
72.0,12,300.0
73.0,10,300.0
73.0,11,300.0
73.0,12,300.0
74.0,10,300.0
74.0,11,300.0
74.0,12,300.0
75.0,10,300.0
75.0,11,300.0
75.0,12,300.0
76.0,10,300.0
76.0,11,300.0
76.0,12,300.0
77.0,10,300.0
77.0,11,300.0
77.0,12,300.0
78.0,10,300.0
78.0,11,300.0
78.0,12,300.0
79.0,10,300.0
79.0,11,300.0
79.0,12,300.0
80.0,10,300.0
80.0,11,300.0
80.0,12,300.0
81.0,10,300.0
81.0,11,300.0
81.0,12,300.0
82.0,10,300.0
82.0,11,300.0
82.0,12,300.0
83.0,10,300.0
83.0,11,300.0
83.0,12,300.0
84.0,10,300.0
84.0,11,300.0
84.0,12,300.0
85.0,10,300.0
85.0,11,300.0
85.0,12,300.0
86.0,10,300.0
86.0,11,300.0
86.0,12,300.0
87.0,10,300.0
87.0,11,300.0
87.0,12,300.0
88.0,10,300.0
88.0,11,300.0
88.0,12,300.0
89.0,10,300.0
89.0,11,300.0
89.0,12,300.0
90.0,10,300.0
90.0,11,300.0
90.0,12,300.0
91.0,10,300.0
91.0,11,300.0
91.0,12,300.0
92.0,10,300.0
92.0,11,300.0
92.0,12,300.0
93.0,10,300.0
93.0,11,300.0
93.0,12,300.0
94.0,10,300.0
94.0,11,300.0
94.0,12,300.0
95.0,10,300.0
95.0,11,300.0
95.0,12,300.0
96.0,10,300.0
96.0,11,300.0
96.0,12,300.0
97.0,10,300.0
97.0,11,300.0
97.0,12,300.0
98.0,10,300.0
98.0,11,300.0
98.0,12,300.0
99.0,10,300.0
99.0,11,300.0
99.0,12,300.0
100.0,10,300.0
100.0,11,300.0
100.0,12,300.0
101.0,10,300.0
101.0,11,300.0
101.0,12,300.0
102.0,10,300.0
102.0,11,300.0
102.0,12,300.0
103.0,10,300.0
103.0,11,300.0
103.0,12,300.0
104.0,10,300.0
104.0,11,300.0
104.0,12,300.0
105.0,10,300.0
105.0,11,300.0
105.0,12,300.0
106.0,10,300.0
106.0,11,300.0
106.0,12,300.0
107.0,10,300.0
107.0,11,300.0
107.0,12,300.0
108.0,10,300.0
108.0,11,300.0
108.0,12,300.0
109.0,10,300.0
109.0,11,300.0
109.0,12,300.0
110.0,10,300.0
110.0,11,300.0
110.0,12,300.0
111.0,10,300.0
111.0,11,300.0
111.0,12,300.0
112.0,10,300.0
112.0,11,300.0
112.0,12,300.0
113.0,10,300.0
113.0,11,300.0
113.0,12,300.0
114.0,10,300.0
114.0,11,300.0
114.0,12,300.0
115.0,10,300.0
115.0,11,300.0
115.0,12,300.0
116.0,10,300.0
116.0,11,300.0
116.0,12,300.0
117.0,10,300.0
117.0,11,300.0
117.0,12,300.0
118.0,10,300.0
118.0,11,300.0
118.0,12,300.0
119.0,10,300.0
119.0,11,300.0
119.0,12,300.0
120.0,10,300.0
120.0,11,300.0
120.0,12,300.0
121.0,10,300.0
121.0,11,300.0
121.0,12,300.0
122.0,10,300.0
122.0,11,300.0
122.0,12,300.0
123.0,10,300.0
123.0,11,300.0
123.0,12,300.0
124.0,10,300.0
124.0,11,300.0
124.0,12,300.0
125.0,10,300.0
125.0,11,300.0
125.0,12,300.0
126.0,10,300.0
126.0,11,300.0
126.0,12,300.0
127.0,10,300.0
127.0,11,300.0
127.0,12,300.0
128.0,10,300.0
128.0,11,300.0
128.0,12,300.0
129.0,10,300.0
129.0,11,300.0
129.0,12,300.0
130.0,10,300.0
130.0,11,300.0
130.0,12,300.0
131.0,10,300.0
131.0,11,300.0
131.0,12,300.0
132.0,10,300.0
132.0,11,300.0
132.0,12,300.0
133.0,10,300.0
133.0,11,300.0
133.0,12,300.0
134.0,10,300.0
134.0,11,300.0
134.0,12,300.0
135.0,10,300.0
135.0,11,300.0
135.0,12,300.0
136.0,10,300.0
136.0,11,300.0
136.0,12,300.0
137.0,10,300.0
137.0,11,300.0
137.0,12,300.0
138.0,10,300.0
138.0,11,300.0
138.0,12,300.0
139.0,10,300.0
139.0,11,300.0
139.0,12,300.0
140.0,10,300.0
140.0,11,300.0
140.0,12,300.0
141.0,10,300.0
141.0,11,300.0
141.0,12,300.0
142.0,10,300.0
142.0,11,300.0
142.0,12,300.0
143.0,10,300.0
143.0,11,300.0
143.0,12,300.0
144.0,10,300.0
144.0,11,300.0
144.0,12,300.0
145.0,10,300.0
145.0,11,300.0
145.0,12,300.0
146.0,10,300.0
146.0,11,300.0
146.0,12,300.0
147.0,10,300.0
147.0,11,300.0
147.0,12,300.0
148.0,10,300.0
148.0,11,300.0
148.0,12,300.0
149.0,10,300.0
149.0,11,300.0
149.0,12,300.0
150.0,10,300.0
150.0,11,300.0
150.0,12,300.0
151.0,10,300.0
151.0,11,300.0
151.0,12,300.0
152.0,10,300.0
152.0,11,300.0
152.0,12,300.0
153.0,10,300.0
153.0,11,300.0
153.0,12,300.0
154.0,10,300.0
154.0,11,300.0
154.0,12,300.0
155.0,10,300.0
155.0,11,300.0
155.0,12,300.0
156.0,10,300.0
156.0,11,300.0
156.0,12,300.0
157.0,10,300.0
157.0,11,300.0
157.0,12,300.0
158.0,10,300.0
158.0,11,300.0
158.0,12,300.0
159.0,10,300.0
159.0,11,300.0
159.0,12,300.0
160.0,10,300.0
160.0,11,300.0
160.0,12,300.0
161.0,10,300.0
161.0,11,300.0
161.0,12,300.0
162.0,10,300.0
162.0,11,300.0
162.0,12,300.0
163.0,10,300.0
163.0,11,300.0
163.0,12,300.0
164.0,10,300.0
164.0,11,300.0
164.0,12,300.0
165.0,10,300.0
165.0,11,300.0
165.0,12,300.0
166.0,10,300.0
166.0,11,300.0
166.0,12,300.0
167.0,10,300.0
167.0,11,300.0
167.0,12,300.0
168.0,10,300.0
168.0,11,300.0
168.0,12,300.0
169.0,10,300.0
169.0,11,300.0
169.0,12,300.0
170.0,10,300.0
170.0,11,300.0
170.0,12,300.0
171.0,10,300.0
171.0,11,300.0
171.0,12,300.0
172.0,10,300.0
172.0,11,300.0
172.0,12,300.0
173.0,10,300.0
173.0,11,300.0
173.0,12,300.0
174.0,10,300.0
174.0,11,300.0
174.0,12,300.0
175.0,10,300.0
175.0,11,300.0
175.0,12,300.0
176.0,10,300.0
176.0,11,300.0
176.0,12,300.0
177.0,10,300.0
177.0,11,300.0
177.0,12,300.0
178.0,10,300.0
178.0,11,300.0
178.0,12,300.0
179.0,10,300.0
179.0,11,300.0
179.0,12,300.0
180.0,10,300.0
180.0,11,300.0
180.0,12,300.0
181.0,10,300.0
181.0,11,300.0
181.0,12,300.0
182.0,10,300.0
182.0,11,300.0
182.0,12,300.0
183.0,10,300.0
183.0,11,300.0
183.0,12,300.0
184.0,10,300.0
184.0,11,300.0
184.0,12,300.0
185.0,10,300.0
185.0,11,300.0
185.0,12,300.0
186.0,10,300.0
186.0,11,300.0
186.0,12,300.0
187.0,10,300.0
187.0,11,300.0
187.0,12,300.0
188.0,10,300.0
188.0,11,300.0
188.0,12,300.0
189.0,10,300.0
189.0,11,300.0
189.0,12,300.0
190.0,10,300.0
190.0,11,300.0
190.0,12,300.0
191.0,10,300.0
191.0,11,300.0
191.0,12,300.0
192.0,10,300.0
192.0,11,300.0
192.0,12,300.0
193.0,10,300.0
193.0,11,300.0
193.0,12,300.0
194.0,10,300.0
194.0,11,300.0
194.0,12,300.0
195.0,10,300.0
195.0,11,300.0
195.0,12,300.0
196.0,10,300.0
196.0,11,300.0
196.0,12,300.0
197.0,10,300.0
197.0,11,300.0
197.0,12,300.0
198.0,10,300.0
198.0,11,300.0
198.0,12,300.0
199.0,10,300.0
199.0,11,300.0
199.0,12,300.0
200.0,10,300.0
200.0,11,300.0
200.0,12,300.0
201.0,10,300.0
201.0,11,300.0
201.0,12,300.0
202.0,10,300.0
202.0,11,300.0
202.0,12,300.0
203.0,10,300.0
203.0,11,300.0
203.0,12,300.0
204.0,10,300.0
204.0,11,300.0
204.0,12,300.0
205.0,10,300.0
205.0,11,300.0
205.0,12,300.0
206.0,10,300.0
206.0,11,300.0
206.0,12,300.0
207.0,10,300.0
207.0,11,300.0
207.0,12,300.0
208.0,10,300.0
208.0,11,300.0
208.0,12,300.0
209.0,10,300.0
209.0,11,300.0
209.0,12,300.0
210.0,10,300.0
210.0,11,300.0
210.0,12,300.0
211.0,10,300.0
211.0,11,300.0
211.0,12,300.0
212.0,10,300.0
212.0,11,300.0
212.0,12,300.0
213.0,10,300.0
213.0,11,300.0
213.0,12,300.0
214.0,10,300.0
214.0,11,300.0
214.0,12,300.0
215.0,10,300.0
215.0,11,300.0
215.0,12,300.0
216.0,10,300.0
216.0,11,300.0
216.0,12,300.0
217.0,10,300.0
217.0,11,300.0
217.0,12,300.0
218.0,10,300.0
218.0,11,300.0
218.0,12,300.0
219.0,10,300.0
219.0,11,300.0
219.0,12,300.0
220.0,10,300.0
220.0,11,300.0
220.0,12,300.0
221.0,10,300.0
221.0,11,300.0
221.0,12,300.0
222.0,10,300.0
222.0,11,300.0
222.0,12,300.0
223.0,10,300.0
223.0,11,300.0
223.0,12,300.0
224.0,10,300.0
224.0,11,300.0
224.0,12,300.0
225.0,10,300.0
225.0,11,300.0
225.0,12,300.0
226.0,10,300.0
226.0,11,300.0
226.0,12,300.0
227.0,10,300.0
227.0,11,300.0
227.0,12,300.0
228.0,10,300.0
228.0,11,300.0
228.0,12,300.0
229.0,10,300.0
229.0,11,300.0
229.0,12,300.0
230.0,10,300.0
230.0,11,300.0
230.0,12,300.0
231.0,10,300.0
231.0,11,300.0
231.0,12,300.0
232.0,10,300.0
232.0,11,300.0
232.0,12,300.0
233.0,10,300.0
233.0,11,300.0
233.0,12,300.0
234.0,10,300.0
234.0,11,300.0
234.0,12,300.0
235.0,10,300.0
235.0,11,300.0
235.0,12,300.0
236.0,10,300.0
236.0,11,300.0
236.0,12,300.0
237.0,10,300.0
237.0,11,300.0
237.0,12,300.0
238.0,10,300.0
238.0,11,300.0
238.0,12,300.0
239.0,10,300.0
239.0,11,300.0
239.0,12,300.0
240.0,10,300.0
240.0,11,300.0
240.0,12,300.0
241.0,10,300.0
241.0,11,300.0
241.0,12,300.0
242.0,10,300.0
242.0,11,300.0
242.0,12,300.0
243.0,10,300.0
243.0,11,300.0
243.0,12,300.0
244.0,10,300.0
244.0,11,300.0
244.0,12,300.0
245.0,10,300.0
245.0,11,300.0
245.0,12,300.0
246.0,10,300.0
246.0,11,300.0
246.0,12,300.0
247.0,10,300.0
247.0,11,300.0
247.0,12,300.0
248.0,10,300.0
248.0,11,300.0
248.0,12,300.0
249.0,10,300.0
249.0,11,300.0
249.0,12,300.0
250.0,10,300.0
250.0,11,300.0
250.0,12,300.0
251.0,10,300.0
251.0,11,300.0
251.0,12,300.0
252.0,10,300.0
252.0,11,300.0
252.0,12,300.0
253.0,10,300.0
253.0,11,300.0
253.0,12,300.0
254.0,10,300.0
254.0,11,300.0
254.0,12,300.0
255.0,10,300.0
255.0,11,300.0
255.0,12,300.0
256.0,10,300.0
256.0,11,300.0
256.0,12,300.0
257.0,10,300.0
257.0,11,300.0
257.0,12,300.0
258.0,10,300.0
258.0,11,300.0
258.0,12,300.0
259.0,10,300.0
259.0,11,300.0
259.0,12,300.0
260.0,10,300.0
260.0,11,300.0
260.0,12,300.0
261.0,10,300.0
261.0,11,300.0
261.0,12,300.0
262.0,10,300.0
262.0,11,300.0
262.0,12,300.0
263.0,10,300.0
263.0,11,300.0
263.0,12,300.0
264.0,10,300.0
264.0,11,300.0
264.0,12,300.0
265.0,10,300.0
265.0,11,300.0
265.0,12,300.0
266.0,10,300.0
266.0,11,300.0
266.0,12,300.0
267.0,10,300.0
267.0,11,300.0
267.0,12,300.0
268.0,10,300.0
268.0,11,300.0
268.0,12,300.0
269.0,10,300.0
269.0,11,300.0
269.0,12,300.0
270.0,10,300.0
270.0,11,300.0
270.0,12,300.0
271.0,10,300.0
271.0,11,300.0
271.0,12,300.0
272.0,10,300.0
272.0,11,300.0
272.0,12,300.0
273.0,10,300.0
273.0,11,300.0
273.0,12,300.0
274.0,10,300.0
274.0,11,300.0
274.0,12,300.0
275.0,10,300.0
275.0,11,300.0
275.0,12,300.0
276.0,10,300.0
276.0,11,300.0
276.0,12,300.0
277.0,10,300.0
277.0,11,300.0
277.0,12,300.0
278.0,10,300.0
278.0,11,300.0
278.0,12,300.0
279.0,10,300.0
279.0,11,300.0
279.0,12,300.0
280.0,10,300.0
280.0,11,300.0
280.0,12,300.0
281.0,10,300.0
281.0,11,300.0
281.0,12,300.0
282.0,10,300.0
282.0,11,300.0
282.0,12,300.0
283.0,10,300.0
283.0,11,300.0
283.0,12,300.0
284.0,10,300.0
284.0,11,300.0
284.0,12,300.0
285.0,10,300.0
285.0,11,300.0
285.0,12,300.0
286.0,10,300.0
286.0,11,300.0
286.0,12,300.0
287.0,10,300.0
287.0,11,300.0
287.0,12,300.0
288.0,10,300.0
288.0,11,300.0
288.0,12,300.0
289.0,10,300.0
289.0,11,300.0
289.0,12,300.0
290.0,10,300.0
290.0,11,300.0
290.0,12,300.0
291.0,10,300.0
291.0,11,300.0
291.0,12,300.0
292.0,10,300.0
292.0,11,300.0
292.0,12,300.0
293.0,10,300.0
293.0,11,300.0
293.0,12,300.0
294.0,10,300.0
294.0,11,300.0
294.0,12,300.0
295.0,10,300.0
295.0,11,300.0
295.0,12,300.0
296.0,10,300.0
296.0,11,300.0
296.0,12,300.0
297.0,10,300.0
297.0,11,300.0
297.0,12,300.0
298.0,10,300.0
298.0,11,300.0
298.0,12,300.0
299.0,10,300.0
299.0,11,300.0
299.0,12,300.0
300.0,10,300.0
300.0,11,300.0
300.0,12,300.0
301.0,10,300.0
301.0,11,300.0
301.0,12,300.0
302.0,10,300.0
302.0,11,300.0
302.0,12,300.0
303.0,10,300.0
303.0,11,300.0
303.0,12,300.0
304.0,10,300.0
304.0,11,300.0
304.0,12,300.0
305.0,10,300.0
305.0,11,300.0
305.0,12,300.0
306.0,10,300.0
306.0,11,300.0
306.0,12,300.0
307.0,10,300.0
307.0,11,300.0
307.0,12,300.0
308.0,10,300.0
308.0,11,300.0
308.0,12,300.0
309.0,10,300.0
309.0,11,300.0
309.0,12,300.0
310.0,10,300.0
310.0,11,300.0
310.0,12,300.0
311.0,10,300.0
311.0,11,300.0
311.0,12,300.0
312.0,10,300.0
312.0,11,300.0
312.0,12,300.0
313.0,10,300.0
313.0,11,300.0
313.0,12,300.0
314.0,10,300.0
314.0,11,300.0
314.0,12,300.0
315.0,10,300.0
315.0,11,300.0
315.0,12,300.0
316.0,10,300.0
316.0,11,300.0
316.0,12,300.0
317.0,10,300.0
317.0,11,300.0
317.0,12,300.0
318.0,10,300.0
318.0,11,300.0
318.0,12,300.0
319.0,10,300.0
319.0,11,300.0
319.0,12,300.0
320.0,10,300.0
320.0,11,300.0
320.0,12,300.0
321.0,10,300.0
321.0,11,300.0
321.0,12,300.0
322.0,10,300.0
322.0,11,300.0
322.0,12,300.0
323.0,10,300.0
323.0,11,300.0
323.0,12,300.0
324.0,10,300.0
324.0,11,300.0
324.0,12,300.0
325.0,10,300.0
325.0,11,300.0
325.0,12,300.0
326.0,10,300.0
326.0,11,300.0
326.0,12,300.0
327.0,10,300.0
327.0,11,300.0
327.0,12,300.0
328.0,10,300.0
328.0,11,300.0
328.0,12,300.0
329.0,10,300.0
329.0,11,300.0
329.0,12,300.0
330.0,10,300.0
330.0,11,300.0
330.0,12,300.0
331.0,10,300.0
331.0,11,300.0
331.0,12,300.0
332.0,10,300.0
332.0,11,300.0
332.0,12,300.0
333.0,10,300.0
333.0,11,300.0
333.0,12,300.0
334.0,10,300.0
334.0,11,300.0
334.0,12,300.0
335.0,10,300.0
335.0,11,300.0
335.0,12,300.0
336.0,10,300.0
336.0,11,300.0
336.0,12,300.0
337.0,10,300.0
337.0,11,300.0
337.0,12,300.0
338.0,10,300.0
338.0,11,300.0
338.0,12,300.0
339.0,10,300.0
339.0,11,300.0
339.0,12,300.0
340.0,10,300.0
340.0,11,300.0
340.0,12,300.0
341.0,10,300.0
341.0,11,300.0
341.0,12,300.0
342.0,10,300.0
342.0,11,300.0
342.0,12,300.0
343.0,10,300.0
343.0,11,300.0
343.0,12,300.0
344.0,10,300.0
344.0,11,300.0
344.0,12,300.0
345.0,10,300.0
345.0,11,300.0
345.0,12,300.0
346.0,10,300.0
346.0,11,300.0
346.0,12,300.0
347.0,10,300.0
347.0,11,300.0
347.0,12,300.0
348.0,10,300.0
348.0,11,300.0
348.0,12,300.0
349.0,10,300.0
349.0,11,300.0
349.0,12,300.0
350.0,10,300.0
350.0,11,300.0
350.0,12,300.0
351.0,10,300.0
351.0,11,300.0
351.0,12,300.0
352.0,10,300.0
352.0,11,300.0
352.0,12,300.0
353.0,10,300.0
353.0,11,300.0
353.0,12,300.0
354.0,10,300.0
354.0,11,300.0
354.0,12,300.0
355.0,10,300.0
355.0,11,300.0
355.0,12,300.0
356.0,10,300.0
356.0,11,300.0
356.0,12,300.0
357.0,10,300.0
357.0,11,300.0
357.0,12,300.0
358.0,10,300.0
358.0,11,300.0
358.0,12,300.0
359.0,10,300.0
359.0,11,300.0
359.0,12,300.0
360.0,10,300.0
360.0,11,300.0
360.0,12,300.0
361.0,10,300.0
361.0,11,300.0
361.0,12,300.0
362.0,10,300.0
362.0,11,300.0
362.0,12,300.0
363.0,10,300.0
363.0,11,300.0
363.0,12,300.0
364.0,10,300.0
364.0,11,300.0
364.0,12,300.0
365.0,10,300.0
365.0,11,300.0
365.0,12,300.0
366.0,10,300.0
366.0,11,300.0
366.0,12,300.0
367.0,10,300.0
367.0,11,300.0
367.0,12,300.0
368.0,10,300.0
368.0,11,300.0
368.0,12,300.0
369.0,10,300.0
369.0,11,300.0
369.0,12,300.0
370.0,10,300.0
370.0,11,300.0
370.0,12,300.0
371.0,10,300.0
371.0,11,300.0
371.0,12,300.0
372.0,10,300.0
372.0,11,300.0
372.0,12,300.0
373.0,10,300.0
373.0,11,300.0
373.0,12,300.0
374.0,10,300.0
374.0,11,300.0
374.0,12,300.0
375.0,10,300.0
375.0,11,300.0
375.0,12,300.0
376.0,10,300.0
376.0,11,300.0
376.0,12,300.0
377.0,10,300.0
377.0,11,300.0
377.0,12,300.0
378.0,10,300.0
378.0,11,300.0
378.0,12,300.0
379.0,10,300.0
379.0,11,300.0
379.0,12,300.0
380.0,10,300.0
380.0,11,300.0
380.0,12,300.0
381.0,10,300.0
381.0,11,300.0
381.0,12,300.0
382.0,10,300.0
382.0,11,300.0
382.0,12,300.0
383.0,10,300.0
383.0,11,300.0
383.0,12,300.0
384.0,10,300.0
384.0,11,300.0
384.0,12,300.0
385.0,10,300.0
385.0,11,300.0
385.0,12,300.0
386.0,10,300.0
386.0,11,300.0
386.0,12,300.0
387.0,10,300.0
387.0,11,300.0
387.0,12,300.0
388.0,10,300.0
388.0,11,300.0
388.0,12,300.0
389.0,10,300.0
389.0,11,300.0
389.0,12,300.0
390.0,10,300.0
390.0,11,300.0
390.0,12,300.0
391.0,10,300.0
391.0,11,300.0
391.0,12,300.0
392.0,10,300.0
392.0,11,300.0
392.0,12,300.0
393.0,10,300.0
393.0,11,300.0
393.0,12,300.0
394.0,10,300.0
394.0,11,300.0
394.0,12,300.0
395.0,10,300.0
395.0,11,300.0
395.0,12,300.0
396.0,10,300.0
396.0,11,300.0
396.0,12,300.0
397.0,10,300.0
397.0,11,300.0
397.0,12,300.0
398.0,10,300.0
398.0,11,300.0
398.0,12,300.0
399.0,10,300.0
399.0,11,300.0
399.0,12,300.0
400.0,10,300.0
400.0,11,300.0
400.0,12,300.0
401.0,10,300.0
401.0,11,300.0
401.0,12,300.0
402.0,10,300.0
402.0,11,300.0
402.0,12,300.0
403.0,10,300.0
403.0,11,300.0
403.0,12,300.0
404.0,10,300.0
404.0,11,300.0
404.0,12,300.0
405.0,10,300.0
405.0,11,300.0
405.0,12,300.0
406.0,10,300.0
406.0,11,300.0
406.0,12,300.0
407.0,10,300.0
407.0,11,300.0
407.0,12,300.0
408.0,10,300.0
408.0,11,300.0
408.0,12,300.0
409.0,10,300.0
409.0,11,300.0
409.0,12,300.0
410.0,10,300.0
410.0,11,300.0
410.0,12,300.0
411.0,10,300.0
411.0,11,300.0
411.0,12,300.0
412.0,10,300.0
412.0,11,300.0
412.0,12,300.0
413.0,10,300.0
413.0,11,300.0
413.0,12,300.0
414.0,10,300.0
414.0,11,300.0
414.0,12,300.0
415.0,10,300.0
415.0,11,300.0
415.0,12,300.0
416.0,10,300.0
416.0,11,300.0
416.0,12,300.0
417.0,10,300.0
417.0,11,300.0
417.0,12,300.0
418.0,10,300.0
418.0,11,300.0
418.0,12,300.0
419.0,10,300.0
419.0,11,300.0
419.0,12,300.0
420.0,10,300.0
420.0,11,300.0
420.0,12,300.0
421.0,10,300.0
421.0,11,300.0
421.0,12,300.0
422.0,10,300.0
422.0,11,300.0
422.0,12,300.0
423.0,10,300.0
423.0,11,300.0
423.0,12,300.0
424.0,10,300.0
424.0,11,300.0
424.0,12,300.0
425.0,10,300.0
425.0,11,300.0
425.0,12,300.0
426.0,10,300.0
426.0,11,300.0
426.0,12,300.0
427.0,10,300.0
427.0,11,300.0
427.0,12,300.0
428.0,10,300.0
428.0,11,300.0
428.0,12,300.0
429.0,10,300.0
429.0,11,300.0
429.0,12,300.0
430.0,10,300.0
430.0,11,300.0
430.0,12,300.0
431.0,10,300.0
431.0,11,300.0
431.0,12,300.0
432.0,10,300.0
432.0,11,300.0
432.0,12,300.0
433.0,10,300.0
433.0,11,300.0
433.0,12,300.0
434.0,10,300.0
434.0,11,300.0
434.0,12,300.0
435.0,10,300.0
435.0,11,300.0
435.0,12,300.0
436.0,10,300.0
436.0,11,300.0
436.0,12,300.0
437.0,10,300.0
437.0,11,300.0
437.0,12,300.0
438.0,10,300.0
438.0,11,300.0
438.0,12,300.0
439.0,10,300.0
439.0,11,300.0
439.0,12,300.0
440.0,10,300.0
440.0,11,300.0
440.0,12,300.0
441.0,10,300.0
441.0,11,300.0
441.0,12,300.0
442.0,10,300.0
442.0,11,300.0
442.0,12,300.0
443.0,10,300.0
443.0,11,300.0
443.0,12,300.0
444.0,10,300.0
444.0,11,300.0
444.0,12,300.0
445.0,10,300.0
445.0,11,300.0
445.0,12,300.0
446.0,10,300.0
446.0,11,300.0
446.0,12,300.0
447.0,10,300.0
447.0,11,300.0
447.0,12,300.0
448.0,10,300.0
448.0,11,300.0
448.0,12,300.0
449.0,10,300.0
449.0,11,300.0
449.0,12,300.0
450.0,10,300.0
450.0,11,300.0
450.0,12,300.0
451.0,10,300.0
451.0,11,300.0
451.0,12,300.0
452.0,10,300.0
452.0,11,300.0
452.0,12,300.0
453.0,10,300.0
453.0,11,300.0
453.0,12,300.0
454.0,10,300.0
454.0,11,300.0
454.0,12,300.0
455.0,10,300.0
455.0,11,300.0
455.0,12,300.0
456.0,10,300.0
456.0,11,300.0
456.0,12,300.0
457.0,10,300.0
457.0,11,300.0
457.0,12,300.0
458.0,10,300.0
458.0,11,300.0
458.0,12,300.0
459.0,10,300.0
459.0,11,300.0
459.0,12,300.0
460.0,10,300.0
460.0,11,300.0
460.0,12,300.0
461.0,10,300.0
461.0,11,300.0
461.0,12,300.0
462.0,10,300.0
462.0,11,300.0
462.0,12,300.0
463.0,10,300.0
463.0,11,300.0
463.0,12,300.0
464.0,10,300.0
464.0,11,300.0
464.0,12,300.0
465.0,10,300.0
465.0,11,300.0
465.0,12,300.0
466.0,10,300.0
466.0,11,300.0
466.0,12,300.0
467.0,10,300.0
467.0,11,300.0
467.0,12,300.0
468.0,10,300.0
468.0,11,300.0
468.0,12,300.0
469.0,10,300.0
469.0,11,300.0
469.0,12,300.0
470.0,10,300.0
470.0,11,300.0
470.0,12,300.0
471.0,10,300.0
471.0,11,300.0
471.0,12,300.0
472.0,10,300.0
472.0,11,300.0
472.0,12,300.0
473.0,10,300.0
473.0,11,300.0
473.0,12,300.0
474.0,10,300.0
474.0,11,300.0
474.0,12,300.0
475.0,10,300.0
475.0,11,300.0
475.0,12,300.0
476.0,10,300.0
476.0,11,300.0
476.0,12,300.0
477.0,10,300.0
477.0,11,300.0
477.0,12,300.0
478.0,10,300.0
478.0,11,300.0
478.0,12,300.0
479.0,10,300.0
479.0,11,300.0
479.0,12,300.0
480.0,10,300.0
480.0,11,300.0
480.0,12,300.0
481.0,10,300.0
481.0,11,300.0
481.0,12,300.0
482.0,10,300.0
482.0,11,300.0
482.0,12,300.0
483.0,10,300.0
483.0,11,300.0
483.0,12,300.0
484.0,10,300.0
484.0,11,300.0
484.0,12,300.0
485.0,10,300.0
485.0,11,300.0
485.0,12,300.0
486.0,10,300.0
486.0,11,300.0
486.0,12,300.0
487.0,10,300.0
487.0,11,300.0
487.0,12,300.0
488.0,10,300.0
488.0,11,300.0
488.0,12,300.0
489.0,10,300.0
489.0,11,300.0
489.0,12,300.0
490.0,10,300.0
490.0,11,300.0
490.0,12,300.0
491.0,10,300.0
491.0,11,300.0
491.0,12,300.0
492.0,10,300.0
492.0,11,300.0
492.0,12,300.0
493.0,10,300.0
493.0,11,300.0
493.0,12,300.0
494.0,10,300.0
494.0,11,300.0
494.0,12,300.0
495.0,10,300.0
495.0,11,300.0
495.0,12,300.0
496.0,10,300.0
496.0,11,300.0
496.0,12,300.0
497.0,10,300.0
497.0,11,300.0
497.0,12,300.0
498.0,10,300.0
498.0,11,300.0
498.0,12,300.0
499.0,10,300.0
499.0,11,300.0
499.0,12,300.0
500.0,10,300.0
500.0,11,300.0
500.0,12,300.0
501.0,10,300.0
501.0,11,300.0
501.0,12,300.0
502.0,10,300.0
502.0,11,300.0
502.0,12,300.0
503.0,10,300.0
503.0,11,300.0
503.0,12,300.0
504.0,10,300.0
504.0,11,300.0
504.0,12,300.0
505.0,10,300.0
505.0,11,300.0
505.0,12,300.0
506.0,10,300.0
506.0,11,300.0
506.0,12,300.0
507.0,10,300.0
507.0,11,300.0
507.0,12,300.0
508.0,10,300.0
508.0,11,300.0
508.0,12,300.0
509.0,10,300.0
509.0,11,300.0
509.0,12,300.0
510.0,10,300.0
510.0,11,300.0
510.0,12,300.0
511.0,10,300.0
511.0,11,300.0
511.0,12,300.0
512.0,10,300.0
512.0,11,300.0
512.0,12,300.0
513.0,10,300.0
513.0,11,300.0
513.0,12,300.0
514.0,10,300.0
514.0,11,300.0
514.0,12,300.0
515.0,10,300.0
515.0,11,300.0
515.0,12,300.0
516.0,10,300.0
516.0,11,300.0
516.0,12,300.0
517.0,10,300.0
517.0,11,300.0
517.0,12,300.0
518.0,10,300.0
518.0,11,300.0
518.0,12,300.0
519.0,10,300.0
519.0,11,300.0
519.0,12,300.0
520.0,10,300.0
520.0,11,300.0
520.0,12,300.0
521.0,10,300.0
521.0,11,300.0
521.0,12,300.0
522.0,10,300.0
522.0,11,300.0
522.0,12,300.0
523.0,10,300.0
523.0,11,300.0
523.0,12,300.0
524.0,10,300.0
524.0,11,300.0
524.0,12,300.0
525.0,10,300.0
525.0,11,300.0
525.0,12,300.0
526.0,10,300.0
526.0,11,300.0
526.0,12,300.0
527.0,10,300.0
527.0,11,300.0
527.0,12,300.0
528.0,10,300.0
528.0,11,300.0
528.0,12,300.0
529.0,10,300.0
529.0,11,300.0
529.0,12,300.0
530.0,10,300.0
530.0,11,300.0
530.0,12,300.0
531.0,10,300.0
531.0,11,300.0
531.0,12,300.0
532.0,10,300.0
532.0,11,300.0
532.0,12,300.0
533.0,10,300.0
533.0,11,300.0
533.0,12,300.0
534.0,10,300.0
534.0,11,300.0
534.0,12,300.0
535.0,10,300.0
535.0,11,300.0
535.0,12,300.0
536.0,10,300.0
536.0,11,300.0
536.0,12,300.0
537.0,10,300.0
537.0,11,300.0
537.0,12,300.0
538.0,10,300.0
538.0,11,300.0
538.0,12,300.0
539.0,10,300.0
539.0,11,300.0
539.0,12,300.0
540.0,10,300.0
540.0,11,300.0
540.0,12,300.0
541.0,10,300.0
541.0,11,300.0
541.0,12,300.0
542.0,10,300.0
542.0,11,300.0
542.0,12,300.0
543.0,10,300.0
543.0,11,300.0
543.0,12,300.0
544.0,10,300.0
544.0,11,300.0
544.0,12,300.0
545.0,10,300.0
545.0,11,300.0
545.0,12,300.0
546.0,10,300.0
546.0,11,300.0
546.0,12,300.0
547.0,10,300.0
547.0,11,300.0
547.0,12,300.0
548.0,10,300.0
548.0,11,300.0
548.0,12,300.0
549.0,10,300.0
549.0,11,300.0
549.0,12,300.0
550.0,10,300.0
550.0,11,300.0
550.0,12,300.0
551.0,10,300.0
551.0,11,300.0
551.0,12,300.0
552.0,10,300.0
552.0,11,300.0
552.0,12,300.0
553.0,10,300.0
553.0,11,300.0
553.0,12,300.0
554.0,10,300.0
554.0,11,300.0
554.0,12,300.0
555.0,10,300.0
555.0,11,300.0
555.0,12,300.0
556.0,10,300.0
556.0,11,300.0
556.0,12,300.0
557.0,10,300.0
557.0,11,300.0
557.0,12,300.0
558.0,10,300.0
558.0,11,300.0
558.0,12,300.0
559.0,10,300.0
559.0,11,300.0
559.0,12,300.0
560.0,10,300.0
560.0,11,300.0
560.0,12,300.0
561.0,10,300.0
561.0,11,300.0
561.0,12,300.0
562.0,10,300.0
562.0,11,300.0
562.0,12,300.0
563.0,10,300.0
563.0,11,300.0
563.0,12,300.0
564.0,10,300.0
564.0,11,300.0
564.0,12,300.0
565.0,10,300.0
565.0,11,300.0
565.0,12,300.0
566.0,10,300.0
566.0,11,300.0
566.0,12,300.0
567.0,10,300.0
567.0,11,300.0
567.0,12,300.0
568.0,10,300.0
568.0,11,300.0
568.0,12,300.0
569.0,10,300.0
569.0,11,300.0
569.0,12,300.0
570.0,10,300.0
570.0,11,300.0
570.0,12,300.0
571.0,10,300.0
571.0,11,300.0
571.0,12,300.0
572.0,10,300.0
572.0,11,300.0
572.0,12,300.0
573.0,10,300.0
573.0,11,300.0
573.0,12,300.0
574.0,10,300.0
574.0,11,300.0
574.0,12,300.0
575.0,10,300.0
575.0,11,300.0
575.0,12,300.0
576.0,10,300.0
576.0,11,300.0
576.0,12,300.0
577.0,10,300.0
577.0,11,300.0
577.0,12,300.0
578.0,10,300.0
578.0,11,300.0
578.0,12,300.0
579.0,10,300.0
579.0,11,300.0
579.0,12,300.0
580.0,10,300.0
580.0,11,300.0
580.0,12,300.0
581.0,10,300.0
581.0,11,300.0
581.0,12,300.0
582.0,10,300.0
582.0,11,300.0
582.0,12,300.0
583.0,10,300.0
583.0,11,300.0
583.0,12,300.0
584.0,10,300.0
584.0,11,300.0
584.0,12,300.0
585.0,10,300.0
585.0,11,300.0
585.0,12,300.0
586.0,10,300.0
586.0,11,300.0
586.0,12,300.0
587.0,10,300.0
587.0,11,300.0
587.0,12,300.0
588.0,10,300.0
588.0,11,300.0
588.0,12,300.0
589.0,10,300.0
589.0,11,300.0
589.0,12,300.0
590.0,10,300.0
590.0,11,300.0
590.0,12,300.0
591.0,10,300.0
591.0,11,300.0
591.0,12,300.0
592.0,10,300.0
592.0,11,300.0
592.0,12,300.0
593.0,10,300.0
593.0,11,300.0
593.0,12,300.0
594.0,10,300.0
594.0,11,300.0
594.0,12,300.0
595.0,10,300.0
595.0,11,300.0
595.0,12,300.0
596.0,10,300.0
596.0,11,300.0
596.0,12,300.0
597.0,10,300.0
597.0,11,300.0
597.0,12,300.0
598.0,10,300.0
598.0,11,300.0
598.0,12,300.0
599.0,10,300.0
599.0,11,300.0
599.0,12,300.0
600.0,10,300.0
600.0,11,300.0
600.0,12,300.0
601.0,10,300.0
601.0,11,300.0
601.0,12,300.0
602.0,10,300.0
602.0,11,300.0
602.0,12,300.0
603.0,10,300.0
603.0,11,300.0
603.0,12,300.0
604.0,10,300.0
604.0,11,300.0
604.0,12,300.0
605.0,10,300.0
605.0,11,300.0
605.0,12,300.0
606.0,10,300.0
606.0,11,300.0
606.0,12,300.0
607.0,10,300.0
607.0,11,300.0
607.0,12,300.0
608.0,10,300.0
608.0,11,300.0
608.0,12,300.0
609.0,10,300.0
609.0,11,300.0
609.0,12,300.0
610.0,10,300.0
610.0,11,300.0
610.0,12,300.0
611.0,10,300.0
611.0,11,300.0
611.0,12,300.0
612.0,10,300.0
612.0,11,300.0
612.0,12,300.0
613.0,10,300.0
613.0,11,300.0
613.0,12,300.0
614.0,10,300.0
614.0,11,300.0
614.0,12,300.0
615.0,10,300.0
615.0,11,300.0
615.0,12,300.0
616.0,10,300.0
616.0,11,300.0
616.0,12,300.0
617.0,10,300.0
617.0,11,300.0
617.0,12,300.0
618.0,10,300.0
618.0,11,300.0
618.0,12,300.0
619.0,10,300.0
619.0,11,300.0
619.0,12,300.0
620.0,10,300.0
620.0,11,300.0
620.0,12,300.0
621.0,10,300.0
621.0,11,300.0
621.0,12,300.0
622.0,10,300.0
622.0,11,300.0
622.0,12,300.0
623.0,10,300.0
623.0,11,300.0
623.0,12,300.0
624.0,10,300.0
624.0,11,300.0
624.0,12,300.0
625.0,10,300.0
625.0,11,300.0
625.0,12,300.0
626.0,10,300.0
626.0,11,300.0
626.0,12,300.0
627.0,10,300.0
627.0,11,300.0
627.0,12,300.0
628.0,10,300.0
628.0,11,300.0
628.0,12,300.0
629.0,10,300.0
629.0,11,300.0
629.0,12,300.0
630.0,10,300.0
630.0,11,300.0
630.0,12,300.0
631.0,10,300.0
631.0,11,300.0
631.0,12,300.0
632.0,10,300.0
632.0,11,300.0
632.0,12,300.0
633.0,10,300.0
633.0,11,300.0
633.0,12,300.0
634.0,10,300.0
634.0,11,300.0
634.0,12,300.0
635.0,10,300.0
635.0,11,300.0
635.0,12,300.0
636.0,10,300.0
636.0,11,300.0
636.0,12,300.0
637.0,10,300.0
637.0,11,300.0
637.0,12,300.0
638.0,10,300.0
638.0,11,300.0
638.0,12,300.0
639.0,10,300.0
639.0,11,300.0
639.0,12,300.0
640.0,10,300.0
640.0,11,300.0
640.0,12,300.0
641.0,10,300.0
641.0,11,300.0
641.0,12,300.0
642.0,10,300.0
642.0,11,300.0
642.0,12,300.0
643.0,10,300.0
643.0,11,300.0
643.0,12,300.0
644.0,10,300.0
644.0,11,300.0
644.0,12,300.0
645.0,10,300.0
645.0,11,300.0
645.0,12,300.0
646.0,10,300.0
646.0,11,300.0
646.0,12,300.0
647.0,10,300.0
647.0,11,300.0
647.0,12,300.0
648.0,10,300.0
648.0,11,300.0
648.0,12,300.0
649.0,10,300.0
649.0,11,300.0
649.0,12,300.0
650.0,10,300.0
650.0,11,300.0
650.0,12,300.0
651.0,10,300.0
651.0,11,300.0
651.0,12,300.0
652.0,10,300.0
652.0,11,300.0
652.0,12,300.0
653.0,10,300.0
653.0,11,300.0
653.0,12,300.0
654.0,10,300.0
654.0,11,300.0
654.0,12,300.0
655.0,10,300.0
655.0,11,300.0
655.0,12,300.0
656.0,10,300.0
656.0,11,300.0
656.0,12,300.0
657.0,10,300.0
657.0,11,300.0
657.0,12,300.0
658.0,10,300.0
658.0,11,300.0
658.0,12,300.0
659.0,10,300.0
659.0,11,300.0
659.0,12,300.0
660.0,10,300.0
660.0,11,300.0
660.0,12,300.0
661.0,10,300.0
661.0,11,300.0
661.0,12,300.0
662.0,10,300.0
662.0,11,300.0
662.0,12,300.0
663.0,10,300.0
663.0,11,300.0
663.0,12,300.0
664.0,10,300.0
664.0,11,300.0
664.0,12,300.0
665.0,10,300.0
665.0,11,300.0
665.0,12,300.0
666.0,10,300.0
666.0,11,300.0
666.0,12,300.0
667.0,10,300.0
667.0,11,300.0
667.0,12,300.0
668.0,10,300.0
668.0,11,300.0
668.0,12,300.0
669.0,10,300.0
669.0,11,300.0
669.0,12,300.0
670.0,10,300.0
670.0,11,300.0
670.0,12,300.0
671.0,10,300.0
671.0,11,300.0
671.0,12,300.0
672.0,10,300.0
672.0,11,300.0
672.0,12,300.0
673.0,10,300.0
673.0,11,300.0
673.0,12,300.0
674.0,10,300.0
674.0,11,300.0
674.0,12,300.0
675.0,10,300.0
675.0,11,300.0
675.0,12,300.0
676.0,10,300.0
676.0,11,300.0
676.0,12,300.0
677.0,10,300.0
677.0,11,300.0
677.0,12,300.0
678.0,10,300.0
678.0,11,300.0
678.0,12,300.0
679.0,10,300.0
679.0,11,300.0
679.0,12,300.0
680.0,10,300.0
680.0,11,300.0
680.0,12,300.0
681.0,10,300.0
681.0,11,300.0
681.0,12,300.0
682.0,10,300.0
682.0,11,300.0
682.0,12,300.0
683.0,10,300.0
683.0,11,300.0
683.0,12,300.0
684.0,10,300.0
684.0,11,300.0
684.0,12,300.0
685.0,10,300.0
685.0,11,300.0
685.0,12,300.0
686.0,10,300.0
686.0,11,300.0
686.0,12,300.0
687.0,10,300.0
687.0,11,300.0
687.0,12,300.0
688.0,10,300.0
688.0,11,300.0
688.0,12,300.0
689.0,10,300.0
689.0,11,300.0
689.0,12,300.0
690.0,10,300.0
690.0,11,300.0
690.0,12,300.0
691.0,10,300.0
691.0,11,300.0
691.0,12,300.0
692.0,10,300.0
692.0,11,300.0
692.0,12,300.0
693.0,10,300.0
693.0,11,300.0
693.0,12,300.0
694.0,10,300.0
694.0,11,300.0
694.0,12,300.0
695.0,10,300.0
695.0,11,300.0
695.0,12,300.0
696.0,10,300.0
696.0,11,300.0
696.0,12,300.0
697.0,10,300.0
697.0,11,300.0
697.0,12,300.0
698.0,10,300.0
698.0,11,300.0
698.0,12,300.0
699.0,10,300.0
699.0,11,300.0
699.0,12,300.0
700.0,10,300.0
700.0,11,300.0
700.0,12,300.0
701.0,10,300.0
701.0,11,300.0
701.0,12,300.0
702.0,10,300.0
702.0,11,300.0
702.0,12,300.0
703.0,10,300.0
703.0,11,300.0
703.0,12,300.0
704.0,10,300.0
704.0,11,300.0
704.0,12,300.0
705.0,10,300.0
705.0,11,300.0
705.0,12,300.0
706.0,10,300.0
706.0,11,300.0
706.0,12,300.0
707.0,10,300.0
707.0,11,300.0
707.0,12,300.0
708.0,10,300.0
708.0,11,300.0
708.0,12,300.0
709.0,10,300.0
709.0,11,300.0
709.0,12,300.0
710.0,10,300.0
710.0,11,300.0
710.0,12,300.0
711.0,10,300.0
711.0,11,300.0
711.0,12,300.0
712.0,10,300.0
712.0,11,300.0
712.0,12,300.0
713.0,10,300.0
713.0,11,300.0
713.0,12,300.0
714.0,10,300.0
714.0,11,300.0
714.0,12,300.0
715.0,10,300.0
715.0,11,300.0
715.0,12,300.0
716.0,10,300.0
716.0,11,300.0
716.0,12,300.0
717.0,10,300.0
717.0,11,300.0
717.0,12,300.0
718.0,10,300.0
718.0,11,300.0
718.0,12,300.0
719.0,10,300.0
719.0,11,300.0
719.0,12,300.0
720.0,10,300.0
720.0,11,300.0
720.0,12,300.0
721.0,10,300.0
721.0,11,300.0
721.0,12,300.0
722.0,10,300.0
722.0,11,300.0
722.0,12,300.0
723.0,10,300.0
723.0,11,300.0
723.0,12,300.0
724.0,10,300.0
724.0,11,300.0
724.0,12,300.0
725.0,10,300.0
725.0,11,300.0
725.0,12,300.0
726.0,10,300.0
726.0,11,300.0
726.0,12,300.0
727.0,10,300.0
727.0,11,300.0
727.0,12,300.0
728.0,10,300.0
728.0,11,300.0
728.0,12,300.0
729.0,10,300.0
729.0,11,300.0
729.0,12,300.0
730.0,10,300.0
730.0,11,300.0
730.0,12,300.0
731.0,10,300.0
731.0,11,300.0
731.0,12,300.0
732.0,10,300.0
732.0,11,300.0
732.0,12,300.0
733.0,10,300.0
733.0,11,300.0
733.0,12,300.0
734.0,10,300.0
734.0,11,300.0
734.0,12,300.0
735.0,10,300.0
735.0,11,300.0
735.0,12,300.0
736.0,10,300.0
736.0,11,300.0
736.0,12,300.0
737.0,10,300.0
737.0,11,300.0
737.0,12,300.0
738.0,10,300.0
738.0,11,300.0
738.0,12,300.0
739.0,10,300.0
739.0,11,300.0
739.0,12,300.0
740.0,10,300.0
740.0,11,300.0
740.0,12,300.0
741.0,10,300.0
741.0,11,300.0
741.0,12,300.0
742.0,10,300.0
742.0,11,300.0
742.0,12,300.0
743.0,10,300.0
743.0,11,300.0
743.0,12,300.0
744.0,10,300.0
744.0,11,300.0
744.0,12,300.0
745.0,10,300.0
745.0,11,300.0
745.0,12,300.0
746.0,10,300.0
746.0,11,300.0
746.0,12,300.0
747.0,10,300.0
747.0,11,300.0
747.0,12,300.0
748.0,10,300.0
748.0,11,300.0
748.0,12,300.0
749.0,10,300.0
749.0,11,300.0
749.0,12,300.0
750.0,10,300.0
750.0,11,300.0
750.0,12,300.0
751.0,10,300.0
751.0,11,300.0
751.0,12,300.0
752.0,10,300.0
752.0,11,300.0
752.0,12,300.0
753.0,10,300.0
753.0,11,300.0
753.0,12,300.0
754.0,10,300.0
754.0,11,300.0
754.0,12,300.0
755.0,10,300.0
755.0,11,300.0
755.0,12,300.0
756.0,10,300.0
756.0,11,300.0
756.0,12,300.0
757.0,10,300.0
757.0,11,300.0
757.0,12,300.0
758.0,10,300.0
758.0,11,300.0
758.0,12,300.0
759.0,10,300.0
759.0,11,300.0
759.0,12,300.0
760.0,10,300.0
760.0,11,300.0
760.0,12,300.0
761.0,10,300.0
761.0,11,300.0
761.0,12,300.0
762.0,10,300.0
762.0,11,300.0
762.0,12,300.0
763.0,10,300.0
763.0,11,300.0
763.0,12,300.0
764.0,10,300.0
764.0,11,300.0
764.0,12,300.0
765.0,10,300.0
765.0,11,300.0
765.0,12,300.0
766.0,10,300.0
766.0,11,300.0
766.0,12,300.0
767.0,10,300.0
767.0,11,300.0
767.0,12,300.0
768.0,10,300.0
768.0,11,300.0
768.0,12,300.0
769.0,10,300.0
769.0,11,300.0
769.0,12,300.0
770.0,10,300.0
770.0,11,300.0
770.0,12,300.0
771.0,10,300.0
771.0,11,300.0
771.0,12,300.0
772.0,10,300.0
772.0,11,300.0
772.0,12,300.0
773.0,10,300.0
773.0,11,300.0
773.0,12,300.0
774.0,10,300.0
774.0,11,300.0
774.0,12,300.0
775.0,10,300.0
775.0,11,300.0
775.0,12,300.0
776.0,10,300.0
776.0,11,300.0
776.0,12,300.0
777.0,10,300.0
777.0,11,300.0
777.0,12,300.0
778.0,10,300.0
778.0,11,300.0
778.0,12,300.0
779.0,10,300.0
779.0,11,300.0
779.0,12,300.0
780.0,10,300.0
780.0,11,300.0
780.0,12,300.0
781.0,10,300.0
781.0,11,300.0
781.0,12,300.0
782.0,10,300.0
782.0,11,300.0
782.0,12,300.0
783.0,10,300.0
783.0,11,300.0
783.0,12,300.0
784.0,10,300.0
784.0,11,300.0
784.0,12,300.0
785.0,10,300.0
785.0,11,300.0
785.0,12,300.0
786.0,10,300.0
786.0,11,300.0
786.0,12,300.0
787.0,10,300.0
787.0,11,300.0
787.0,12,300.0
788.0,10,300.0
788.0,11,300.0
788.0,12,300.0
789.0,10,300.0
789.0,11,300.0
789.0,12,300.0
790.0,10,300.0
790.0,11,300.0
790.0,12,300.0
791.0,10,300.0
791.0,11,300.0
791.0,12,300.0
792.0,10,300.0
792.0,11,300.0
792.0,12,300.0
793.0,10,300.0
793.0,11,300.0
793.0,12,300.0
794.0,10,300.0
794.0,11,300.0
794.0,12,300.0
795.0,10,300.0
795.0,11,300.0
795.0,12,300.0
796.0,10,300.0
796.0,11,300.0
796.0,12,300.0
797.0,10,300.0
797.0,11,300.0
797.0,12,300.0
798.0,10,300.0
798.0,11,300.0
798.0,12,300.0
799.0,10,300.0
799.0,11,300.0
799.0,12,300.0
800.0,10,300.0
800.0,11,300.0
800.0,12,300.0
801.0,10,300.0
801.0,11,300.0
801.0,12,300.0
802.0,10,300.0
802.0,11,300.0
802.0,12,300.0
803.0,10,300.0
803.0,11,300.0
803.0,12,300.0
804.0,10,300.0
804.0,11,300.0
804.0,12,300.0
805.0,10,300.0
805.0,11,300.0
805.0,12,300.0
806.0,10,300.0
806.0,11,300.0
806.0,12,300.0
807.0,10,300.0
807.0,11,300.0
807.0,12,300.0
808.0,10,300.0
808.0,11,300.0
808.0,12,300.0
809.0,10,300.0
809.0,11,300.0
809.0,12,300.0
810.0,10,300.0
810.0,11,300.0
810.0,12,300.0
811.0,10,300.0
811.0,11,300.0
811.0,12,300.0
812.0,10,300.0
812.0,11,300.0
812.0,12,300.0
813.0,10,300.0
813.0,11,300.0
813.0,12,300.0
814.0,10,300.0
814.0,11,300.0
814.0,12,300.0
815.0,10,300.0
815.0,11,300.0
815.0,12,300.0
816.0,10,300.0
816.0,11,300.0
816.0,12,300.0
817.0,10,300.0
817.0,11,300.0
817.0,12,300.0
818.0,10,300.0
818.0,11,300.0
818.0,12,300.0
819.0,10,300.0
819.0,11,300.0
819.0,12,300.0
820.0,10,300.0
820.0,11,300.0
820.0,12,300.0
821.0,10,300.0
821.0,11,300.0
821.0,12,300.0
822.0,10,300.0
822.0,11,300.0
822.0,12,300.0
823.0,10,300.0
823.0,11,300.0
823.0,12,300.0
824.0,10,300.0
824.0,11,300.0
824.0,12,300.0
825.0,10,300.0
825.0,11,300.0
825.0,12,300.0
826.0,10,300.0
826.0,11,300.0
826.0,12,300.0
827.0,10,300.0
827.0,11,300.0
827.0,12,300.0
828.0,10,300.0
828.0,11,300.0
828.0,12,300.0
829.0,10,300.0
829.0,11,300.0
829.0,12,300.0
830.0,10,300.0
830.0,11,300.0
830.0,12,300.0
831.0,10,300.0
831.0,11,300.0
831.0,12,300.0
832.0,10,300.0
832.0,11,300.0
832.0,12,300.0
833.0,10,300.0
833.0,11,300.0
833.0,12,300.0
834.0,10,300.0
834.0,11,300.0
834.0,12,300.0
835.0,10,300.0
835.0,11,300.0
835.0,12,300.0
836.0,10,300.0
836.0,11,300.0
836.0,12,300.0
837.0,10,300.0
837.0,11,300.0
837.0,12,300.0
838.0,10,300.0
838.0,11,300.0
838.0,12,300.0
839.0,10,300.0
839.0,11,300.0
839.0,12,300.0
840.0,10,300.0
840.0,11,300.0
840.0,12,300.0
841.0,10,300.0
841.0,11,300.0
841.0,12,300.0
842.0,10,300.0
842.0,11,300.0
842.0,12,300.0
843.0,10,300.0
843.0,11,300.0
843.0,12,300.0
844.0,10,300.0
844.0,11,300.0
844.0,12,300.0
845.0,10,300.0
845.0,11,300.0
845.0,12,300.0
846.0,10,300.0
846.0,11,300.0
846.0,12,300.0
847.0,10,300.0
847.0,11,300.0
847.0,12,300.0
848.0,10,300.0
848.0,11,300.0
848.0,12,300.0
849.0,10,300.0
849.0,11,300.0
849.0,12,300.0
850.0,10,300.0
850.0,11,300.0
850.0,12,300.0
851.0,10,300.0
851.0,11,300.0
851.0,12,300.0
852.0,10,300.0
852.0,11,300.0
852.0,12,300.0
853.0,10,300.0
853.0,11,300.0
853.0,12,300.0
854.0,10,300.0
854.0,11,300.0
854.0,12,300.0
855.0,10,300.0
855.0,11,300.0
855.0,12,300.0
856.0,10,300.0
856.0,11,300.0
856.0,12,300.0
857.0,10,300.0
857.0,11,300.0
857.0,12,300.0
858.0,10,300.0
858.0,11,300.0
858.0,12,300.0
859.0,10,300.0
859.0,11,300.0
859.0,12,300.0
860.0,10,300.0
860.0,11,300.0
860.0,12,300.0
861.0,10,300.0
861.0,11,300.0
861.0,12,300.0
862.0,10,300.0
862.0,11,300.0
862.0,12,300.0
863.0,10,300.0
863.0,11,300.0
863.0,12,300.0
864.0,10,300.0
864.0,11,300.0
864.0,12,300.0
865.0,10,300.0
865.0,11,300.0
865.0,12,300.0
866.0,10,300.0
866.0,11,300.0
866.0,12,300.0
867.0,10,300.0
867.0,11,300.0
867.0,12,300.0
868.0,10,300.0
868.0,11,300.0
868.0,12,300.0
869.0,10,300.0
869.0,11,300.0
869.0,12,300.0
870.0,10,300.0
870.0,11,300.0
870.0,12,300.0
871.0,10,300.0
871.0,11,300.0
871.0,12,300.0
872.0,10,300.0
872.0,11,300.0
872.0,12,300.0
873.0,10,300.0
873.0,11,300.0
873.0,12,300.0
874.0,10,300.0
874.0,11,300.0
874.0,12,300.0
875.0,10,300.0
875.0,11,300.0
875.0,12,300.0
876.0,10,300.0
876.0,11,300.0
876.0,12,300.0
877.0,10,300.0
877.0,11,300.0
877.0,12,300.0
878.0,10,300.0
878.0,11,300.0
878.0,12,300.0
879.0,10,300.0
879.0,11,300.0
879.0,12,300.0
880.0,10,300.0
880.0,11,300.0
880.0,12,300.0
881.0,10,300.0
881.0,11,300.0
881.0,12,300.0
882.0,10,300.0
882.0,11,300.0
882.0,12,300.0
883.0,10,300.0
883.0,11,300.0
883.0,12,300.0
884.0,10,300.0
884.0,11,300.0
884.0,12,300.0
885.0,10,300.0
885.0,11,300.0
885.0,12,300.0
886.0,10,300.0
886.0,11,300.0
886.0,12,300.0
887.0,10,300.0
887.0,11,300.0
887.0,12,300.0
888.0,10,300.0
888.0,11,300.0
888.0,12,300.0
889.0,10,300.0
889.0,11,300.0
889.0,12,300.0
890.0,10,300.0
890.0,11,300.0
890.0,12,300.0
891.0,10,300.0
891.0,11,300.0
891.0,12,300.0
892.0,10,300.0
892.0,11,300.0
892.0,12,300.0
893.0,10,300.0
893.0,11,300.0
893.0,12,300.0
894.0,10,300.0
894.0,11,300.0
894.0,12,300.0
895.0,10,300.0
895.0,11,300.0
895.0,12,300.0
896.0,10,300.0
896.0,11,300.0
896.0,12,300.0
897.0,10,300.0
897.0,11,300.0
897.0,12,300.0
898.0,10,300.0
898.0,11,300.0
898.0,12,300.0
899.0,10,300.0
899.0,11,300.0
899.0,12,300.0
900.0,10,300.0
900.0,11,300.0
900.0,12,300.0
901.0,10,300.0
901.0,11,300.0
901.0,12,300.0
902.0,10,300.0
902.0,11,300.0
902.0,12,300.0
903.0,10,300.0
903.0,11,300.0
903.0,12,300.0
904.0,10,300.0
904.0,11,300.0
904.0,12,300.0
905.0,10,300.0
905.0,11,300.0
905.0,12,300.0
906.0,10,300.0
906.0,11,300.0
906.0,12,300.0
907.0,10,300.0
907.0,11,300.0
907.0,12,300.0
908.0,10,300.0
908.0,11,300.0
908.0,12,300.0
909.0,10,300.0
909.0,11,300.0
909.0,12,300.0
910.0,10,300.0
910.0,11,300.0
910.0,12,300.0
911.0,10,300.0
911.0,11,300.0
911.0,12,300.0
912.0,10,300.0
912.0,11,300.0
912.0,12,300.0
913.0,10,300.0
913.0,11,300.0
913.0,12,300.0
914.0,10,300.0
914.0,11,300.0
914.0,12,300.0
915.0,10,300.0
915.0,11,300.0
915.0,12,300.0
916.0,10,300.0
916.0,11,300.0
916.0,12,300.0
917.0,10,300.0
917.0,11,300.0
917.0,12,300.0
918.0,10,300.0
918.0,11,300.0
918.0,12,300.0
919.0,10,300.0
919.0,11,300.0
919.0,12,300.0
920.0,10,300.0
920.0,11,300.0
920.0,12,300.0
921.0,10,300.0
921.0,11,300.0
921.0,12,300.0
922.0,10,300.0
922.0,11,300.0
922.0,12,300.0
923.0,10,300.0
923.0,11,300.0
923.0,12,300.0
924.0,10,300.0
924.0,11,300.0
924.0,12,300.0
925.0,10,300.0
925.0,11,300.0
925.0,12,300.0
926.0,10,300.0
926.0,11,300.0
926.0,12,300.0
927.0,10,300.0
927.0,11,300.0
927.0,12,300.0
928.0,10,300.0
928.0,11,300.0
928.0,12,300.0
929.0,10,300.0
929.0,11,300.0
929.0,12,300.0
930.0,10,300.0
930.0,11,300.0
930.0,12,300.0
931.0,10,300.0
931.0,11,300.0
931.0,12,300.0
932.0,10,300.0
932.0,11,300.0
932.0,12,300.0
933.0,10,300.0
933.0,11,300.0
933.0,12,300.0
934.0,10,300.0
934.0,11,300.0
934.0,12,300.0
935.0,10,300.0
935.0,11,300.0
935.0,12,300.0
936.0,10,300.0
936.0,11,300.0
936.0,12,300.0
937.0,10,300.0
937.0,11,300.0
937.0,12,300.0
938.0,10,300.0
938.0,11,300.0
938.0,12,300.0
939.0,10,300.0
939.0,11,300.0
939.0,12,300.0
940.0,10,300.0
940.0,11,300.0
940.0,12,300.0
941.0,10,300.0
941.0,11,300.0
941.0,12,300.0
942.0,10,300.0
942.0,11,300.0
942.0,12,300.0
943.0,10,300.0
943.0,11,300.0
943.0,12,300.0
944.0,10,300.0
944.0,11,300.0
944.0,12,300.0
945.0,10,300.0
945.0,11,300.0
945.0,12,300.0
946.0,10,300.0
946.0,11,300.0
946.0,12,300.0
947.0,10,300.0
947.0,11,300.0
947.0,12,300.0
948.0,10,300.0
948.0,11,300.0
948.0,12,300.0
949.0,10,300.0
949.0,11,300.0
949.0,12,300.0
950.0,10,300.0
950.0,11,300.0
950.0,12,300.0
951.0,10,300.0
951.0,11,300.0
951.0,12,300.0
952.0,10,300.0
952.0,11,300.0
952.0,12,300.0
953.0,10,300.0
953.0,11,300.0
953.0,12,300.0
954.0,10,300.0
954.0,11,300.0
954.0,12,300.0
955.0,10,300.0
955.0,11,300.0
955.0,12,300.0
956.0,10,300.0
956.0,11,300.0
956.0,12,300.0
957.0,10,300.0
957.0,11,300.0
957.0,12,300.0
958.0,10,300.0
958.0,11,300.0
958.0,12,300.0
959.0,10,300.0
959.0,11,300.0
959.0,12,300.0
960.0,10,300.0
960.0,11,300.0
960.0,12,300.0
961.0,10,300.0
961.0,11,300.0
961.0,12,300.0
962.0,10,300.0
962.0,11,300.0
962.0,12,300.0
963.0,10,300.0
963.0,11,300.0
963.0,12,300.0
964.0,10,300.0
964.0,11,300.0
964.0,12,300.0
965.0,10,300.0
965.0,11,300.0
965.0,12,300.0
966.0,10,300.0
966.0,11,300.0
966.0,12,300.0
967.0,10,300.0
967.0,11,300.0
967.0,12,300.0
968.0,10,300.0
968.0,11,300.0
968.0,12,300.0
969.0,10,300.0
969.0,11,300.0
969.0,12,300.0
970.0,10,300.0
970.0,11,300.0
970.0,12,300.0
971.0,10,300.0
971.0,11,300.0
971.0,12,300.0
972.0,10,300.0
972.0,11,300.0
972.0,12,300.0
973.0,10,300.0
973.0,11,300.0
973.0,12,300.0
974.0,10,300.0
974.0,11,300.0
974.0,12,300.0
975.0,10,300.0
975.0,11,300.0
975.0,12,300.0
976.0,10,300.0
976.0,11,300.0
976.0,12,300.0
977.0,10,300.0
977.0,11,300.0
977.0,12,300.0
978.0,10,300.0
978.0,11,300.0
978.0,12,300.0
979.0,10,300.0
979.0,11,300.0
979.0,12,300.0
980.0,10,300.0
980.0,11,300.0
980.0,12,300.0
981.0,10,300.0
981.0,11,300.0
981.0,12,300.0
982.0,10,300.0
982.0,11,300.0
982.0,12,300.0
983.0,10,300.0
983.0,11,300.0
983.0,12,300.0
984.0,10,300.0
984.0,11,300.0
984.0,12,300.0
985.0,10,300.0
985.0,11,300.0
985.0,12,300.0
986.0,10,300.0
986.0,11,300.0
986.0,12,300.0
987.0,10,300.0
987.0,11,300.0
987.0,12,300.0
988.0,10,300.0
988.0,11,300.0
988.0,12,300.0
989.0,10,300.0
989.0,11,300.0
989.0,12,300.0
990.0,10,300.0
990.0,11,300.0
990.0,12,300.0
991.0,10,300.0
991.0,11,300.0
991.0,12,300.0
992.0,10,300.0
992.0,11,300.0
992.0,12,300.0
993.0,10,300.0
993.0,11,300.0
993.0,12,300.0
994.0,10,300.0
994.0,11,300.0
994.0,12,300.0
995.0,10,300.0
995.0,11,300.0
995.0,12,300.0
996.0,10,300.0
996.0,11,300.0
996.0,12,300.0
997.0,10,300.0
997.0,11,300.0
997.0,12,300.0
998.0,10,300.0
998.0,11,300.0
998.0,12,300.0
999.0,10,300.0
999.0,11,300.0
999.0,12,300.0
1000.0,10,300.0
1000.0,11,300.0
1000.0,12,300.0
1001.0,10,300.0
1001.0,11,300.0
1001.0,12,300.0
1002.0,10,300.0
1002.0,11,300.0
1002.0,12,300.0
1003.0,10,300.0
1003.0,11,300.0
1003.0,12,300.0
1004.0,10,300.0
1004.0,11,300.0
1004.0,12,300.0
1005.0,10,300.0
1005.0,11,300.0
1005.0,12,300.0
1006.0,10,300.0
1006.0,11,300.0
1006.0,12,300.0
1007.0,10,300.0
1007.0,11,300.0
1007.0,12,300.0
1008.0,10,300.0
1008.0,11,300.0
1008.0,12,300.0
1009.0,10,300.0
1009.0,11,300.0
1009.0,12,300.0
1010.0,10,300.0
1010.0,11,300.0
1010.0,12,300.0
1011.0,10,300.0
1011.0,11,300.0
1011.0,12,300.0
1012.0,10,300.0
1012.0,11,300.0
1012.0,12,300.0
1013.0,10,300.0
1013.0,11,300.0
1013.0,12,300.0
1014.0,10,300.0
1014.0,11,300.0
1014.0,12,300.0
1015.0,10,300.0
1015.0,11,300.0
1015.0,12,300.0
1016.0,10,300.0
1016.0,11,300.0
1016.0,12,300.0
1017.0,10,300.0
1017.0,11,300.0
1017.0,12,300.0
1018.0,10,300.0
1018.0,11,300.0
1018.0,12,300.0
1019.0,10,300.0
1019.0,11,300.0
1019.0,12,300.0
1020.0,10,300.0
1020.0,11,300.0
1020.0,12,300.0
1021.0,10,300.0
1021.0,11,300.0
1021.0,12,300.0
1022.0,10,300.0
1022.0,11,300.0
1022.0,12,300.0
1023.0,10,300.0
1023.0,11,300.0
1023.0,12,300.0
1024.0,10,300.0
1024.0,11,300.0
1024.0,12,300.0
1025.0,10,300.0
1025.0,11,300.0
1025.0,12,300.0
1026.0,10,300.0
1026.0,11,300.0
1026.0,12,300.0
1027.0,10,300.0
1027.0,11,300.0
1027.0,12,300.0
1028.0,10,300.0
1028.0,11,300.0
1028.0,12,300.0
1029.0,10,300.0
1029.0,11,300.0
1029.0,12,300.0
1030.0,10,300.0
1030.0,11,300.0
1030.0,12,300.0
1031.0,10,300.0
1031.0,11,300.0
1031.0,12,300.0
1032.0,10,300.0
1032.0,11,300.0
1032.0,12,300.0
1033.0,10,300.0
1033.0,11,300.0
1033.0,12,300.0
1034.0,10,300.0
1034.0,11,300.0
1034.0,12,300.0
1035.0,10,300.0
1035.0,11,300.0
1035.0,12,300.0
1036.0,10,300.0
1036.0,11,300.0
1036.0,12,300.0
1037.0,10,300.0
1037.0,11,300.0
1037.0,12,300.0
1038.0,10,300.0
1038.0,11,300.0
1038.0,12,300.0
1039.0,10,300.0
1039.0,11,300.0
1039.0,12,300.0
1040.0,10,300.0
1040.0,11,300.0
1040.0,12,300.0
1041.0,10,300.0
1041.0,11,300.0
1041.0,12,300.0
1042.0,10,300.0
1042.0,11,300.0
1042.0,12,300.0
1043.0,10,300.0
1043.0,11,300.0
1043.0,12,300.0
1044.0,10,300.0
1044.0,11,300.0
1044.0,12,300.0
1045.0,10,300.0
1045.0,11,300.0
1045.0,12,300.0
1046.0,10,300.0
1046.0,11,300.0
1046.0,12,300.0
1047.0,10,300.0
1047.0,11,300.0
1047.0,12,300.0
1048.0,10,300.0
1048.0,11,300.0
1048.0,12,300.0
1049.0,10,300.0
1049.0,11,300.0
1049.0,12,300.0
1050.0,10,300.0
1050.0,11,300.0
1050.0,12,300.0
1051.0,10,300.0
1051.0,11,300.0
1051.0,12,300.0
1052.0,10,300.0
1052.0,11,300.0
1052.0,12,300.0
1053.0,10,300.0
1053.0,11,300.0
1053.0,12,300.0
1054.0,10,300.0
1054.0,11,300.0
1054.0,12,300.0
1055.0,10,300.0
1055.0,11,300.0
1055.0,12,300.0
1056.0,10,300.0
1056.0,11,300.0
1056.0,12,300.0
1057.0,10,300.0
1057.0,11,300.0
1057.0,12,300.0
1058.0,10,300.0
1058.0,11,300.0
1058.0,12,300.0
1059.0,10,300.0
1059.0,11,300.0
1059.0,12,300.0
1060.0,10,300.0
1060.0,11,300.0
1060.0,12,300.0
1061.0,10,300.0
1061.0,11,300.0
1061.0,12,300.0
1062.0,10,300.0
1062.0,11,300.0
1062.0,12,300.0
1063.0,10,300.0
1063.0,11,300.0
1063.0,12,300.0
1064.0,10,300.0
1064.0,11,300.0
1064.0,12,300.0
1065.0,10,300.0
1065.0,11,300.0
1065.0,12,300.0
1066.0,10,300.0
1066.0,11,300.0
1066.0,12,300.0
1067.0,10,300.0
1067.0,11,300.0
1067.0,12,300.0
1068.0,10,300.0
1068.0,11,300.0
1068.0,12,300.0
1069.0,10,300.0
1069.0,11,300.0
1069.0,12,300.0
1070.0,10,300.0
1070.0,11,300.0
1070.0,12,300.0
1071.0,10,300.0
1071.0,11,300.0
1071.0,12,300.0
1072.0,10,300.0
1072.0,11,300.0
1072.0,12,300.0
1073.0,10,300.0
1073.0,11,300.0
1073.0,12,300.0
1074.0,10,300.0
1074.0,11,300.0
1074.0,12,300.0
1075.0,10,300.0
1075.0,11,300.0
1075.0,12,300.0
1076.0,10,300.0
1076.0,11,300.0
1076.0,12,300.0
1077.0,10,300.0
1077.0,11,300.0
1077.0,12,300.0
1078.0,10,300.0
1078.0,11,300.0
1078.0,12,300.0
1079.0,10,300.0
1079.0,11,300.0
1079.0,12,300.0
1080.0,10,300.0
1080.0,11,300.0
1080.0,12,300.0
1081.0,10,300.0
1081.0,11,300.0
1081.0,12,300.0
1082.0,10,300.0
1082.0,11,300.0
1082.0,12,300.0
1083.0,10,300.0
1083.0,11,300.0
1083.0,12,300.0
1084.0,10,300.0
1084.0,11,300.0
1084.0,12,300.0
1085.0,10,300.0
1085.0,11,300.0
1085.0,12,300.0
1086.0,10,300.0
1086.0,11,300.0
1086.0,12,300.0
1087.0,10,300.0
1087.0,11,300.0
1087.0,12,300.0
1088.0,10,300.0
1088.0,11,300.0
1088.0,12,300.0
1089.0,10,300.0
1089.0,11,300.0
1089.0,12,300.0
1090.0,10,300.0
1090.0,11,300.0
1090.0,12,300.0
1091.0,10,300.0
1091.0,11,300.0
1091.0,12,300.0
1092.0,10,300.0
1092.0,11,300.0
1092.0,12,300.0
1093.0,10,300.0
1093.0,11,300.0
1093.0,12,300.0
1094.0,10,300.0
1094.0,11,300.0
1094.0,12,300.0
1095.0,10,300.0
1095.0,11,300.0
1095.0,12,300.0
1096.0,10,300.0
1096.0,11,300.0
1096.0,12,300.0
1097.0,10,300.0
1097.0,11,300.0
1097.0,12,300.0
1098.0,10,300.0
1098.0,11,300.0
1098.0,12,300.0
1099.0,10,300.0
1099.0,11,300.0
1099.0,12,300.0
1100.0,10,300.0
1100.0,11,300.0
1100.0,12,300.0
1101.0,10,300.0
1101.0,11,300.0
1101.0,12,300.0
1102.0,10,300.0
1102.0,11,300.0
1102.0,12,300.0
1103.0,10,300.0
1103.0,11,300.0
1103.0,12,300.0
1104.0,10,300.0
1104.0,11,300.0
1104.0,12,300.0
1105.0,10,300.0
1105.0,11,300.0
1105.0,12,300.0
1106.0,10,300.0
1106.0,11,300.0
1106.0,12,300.0
1107.0,10,300.0
1107.0,11,300.0
1107.0,12,300.0
1108.0,10,300.0
1108.0,11,300.0
1108.0,12,300.0
1109.0,10,300.0
1109.0,11,300.0
1109.0,12,300.0
1110.0,10,300.0
1110.0,11,300.0
1110.0,12,300.0
1111.0,10,300.0
1111.0,11,300.0
1111.0,12,300.0
1112.0,10,300.0
1112.0,11,300.0
1112.0,12,300.0
1113.0,10,300.0
1113.0,11,300.0
1113.0,12,300.0
1114.0,10,300.0
1114.0,11,300.0
1114.0,12,300.0
1115.0,10,300.0
1115.0,11,300.0
1115.0,12,300.0
1116.0,10,300.0
1116.0,11,300.0
1116.0,12,300.0
1117.0,10,300.0
1117.0,11,300.0
1117.0,12,300.0
1118.0,10,300.0
1118.0,11,300.0
1118.0,12,300.0
1119.0,10,300.0
1119.0,11,300.0
1119.0,12,300.0
1120.0,10,300.0
1120.0,11,300.0
1120.0,12,300.0
1121.0,10,300.0
1121.0,11,300.0
1121.0,12,300.0
1122.0,10,300.0
1122.0,11,300.0
1122.0,12,300.0
1123.0,10,300.0
1123.0,11,300.0
1123.0,12,300.0
1124.0,10,300.0
1124.0,11,300.0
1124.0,12,300.0
1125.0,10,300.0
1125.0,11,300.0
1125.0,12,300.0
1126.0,10,300.0
1126.0,11,300.0
1126.0,12,300.0
1127.0,10,300.0
1127.0,11,300.0
1127.0,12,300.0
1128.0,10,300.0
1128.0,11,300.0
1128.0,12,300.0
1129.0,10,300.0
1129.0,11,300.0
1129.0,12,300.0
1130.0,10,300.0
1130.0,11,300.0
1130.0,12,300.0
1131.0,10,300.0
1131.0,11,300.0
1131.0,12,300.0
1132.0,10,300.0
1132.0,11,300.0
1132.0,12,300.0
1133.0,10,300.0
1133.0,11,300.0
1133.0,12,300.0
1134.0,10,300.0
1134.0,11,300.0
1134.0,12,300.0
1135.0,10,300.0
1135.0,11,300.0
1135.0,12,300.0
1136.0,10,300.0
1136.0,11,300.0
1136.0,12,300.0
1137.0,10,300.0
1137.0,11,300.0
1137.0,12,300.0
1138.0,10,300.0
1138.0,11,300.0
1138.0,12,300.0
1139.0,10,300.0
1139.0,11,300.0
1139.0,12,300.0
1140.0,10,300.0
1140.0,11,300.0
1140.0,12,300.0
1141.0,10,300.0
1141.0,11,300.0
1141.0,12,300.0
1142.0,10,300.0
1142.0,11,300.0
1142.0,12,300.0
1143.0,10,300.0
1143.0,11,300.0
1143.0,12,300.0
1144.0,10,300.0
1144.0,11,300.0
1144.0,12,300.0
1145.0,10,300.0
1145.0,11,300.0
1145.0,12,300.0
1146.0,10,300.0
1146.0,11,300.0
1146.0,12,300.0
1147.0,10,300.0
1147.0,11,300.0
1147.0,12,300.0
1148.0,10,300.0
1148.0,11,300.0
1148.0,12,300.0
1149.0,10,300.0
1149.0,11,300.0
1149.0,12,300.0
1150.0,10,300.0
1150.0,11,300.0
1150.0,12,300.0
1151.0,10,300.0
1151.0,11,300.0
1151.0,12,300.0
1152.0,10,300.0
1152.0,11,300.0
1152.0,12,300.0
1153.0,10,300.0
1153.0,11,300.0
1153.0,12,300.0
1154.0,10,300.0
1154.0,11,300.0
1154.0,12,300.0
1155.0,10,300.0
1155.0,11,300.0
1155.0,12,300.0
1156.0,10,300.0
1156.0,11,300.0
1156.0,12,300.0
1157.0,10,300.0
1157.0,11,300.0
1157.0,12,300.0
1158.0,10,300.0
1158.0,11,300.0
1158.0,12,300.0
1159.0,10,300.0
1159.0,11,300.0
1159.0,12,300.0
1160.0,10,300.0
1160.0,11,300.0
1160.0,12,300.0
1161.0,10,300.0
1161.0,11,300.0
1161.0,12,300.0
1162.0,10,300.0
1162.0,11,300.0
1162.0,12,300.0
1163.0,10,300.0
1163.0,11,300.0
1163.0,12,300.0
1164.0,10,300.0
1164.0,11,300.0
1164.0,12,300.0
1165.0,10,300.0
1165.0,11,300.0
1165.0,12,300.0
1166.0,10,300.0
1166.0,11,300.0
1166.0,12,300.0
1167.0,10,300.0
1167.0,11,300.0
1167.0,12,300.0
1168.0,10,300.0
1168.0,11,300.0
1168.0,12,300.0
1169.0,10,300.0
1169.0,11,300.0
1169.0,12,300.0
1170.0,10,300.0
1170.0,11,300.0
1170.0,12,300.0
1171.0,10,300.0
1171.0,11,300.0
1171.0,12,300.0
1172.0,10,300.0
1172.0,11,300.0
1172.0,12,300.0
1173.0,10,300.0
1173.0,11,300.0
1173.0,12,300.0
1174.0,10,300.0
1174.0,11,300.0
1174.0,12,300.0
1175.0,10,300.0
1175.0,11,300.0
1175.0,12,300.0
1176.0,10,300.0
1176.0,11,300.0
1176.0,12,300.0
1177.0,10,300.0
1177.0,11,300.0
1177.0,12,300.0
1178.0,10,300.0
1178.0,11,300.0
1178.0,12,300.0
1179.0,10,300.0
1179.0,11,300.0
1179.0,12,300.0
1180.0,10,300.0
1180.0,11,300.0
1180.0,12,300.0
1181.0,10,300.0
1181.0,11,300.0
1181.0,12,300.0
1182.0,10,300.0
1182.0,11,300.0
1182.0,12,300.0
1183.0,10,300.0
1183.0,11,300.0
1183.0,12,300.0
1184.0,10,300.0
1184.0,11,300.0
1184.0,12,300.0
1185.0,10,300.0
1185.0,11,300.0
1185.0,12,300.0
1186.0,10,300.0
1186.0,11,300.0
1186.0,12,300.0
1187.0,10,300.0
1187.0,11,300.0
1187.0,12,300.0
1188.0,10,300.0
1188.0,11,300.0
1188.0,12,300.0
1189.0,10,300.0
1189.0,11,300.0
1189.0,12,300.0
1190.0,10,300.0
1190.0,11,300.0
1190.0,12,300.0
1191.0,10,300.0
1191.0,11,300.0
1191.0,12,300.0
1192.0,10,300.0
1192.0,11,300.0
1192.0,12,300.0
1193.0,10,300.0
1193.0,11,300.0
1193.0,12,300.0
1194.0,10,300.0
1194.0,11,300.0
1194.0,12,300.0
1195.0,10,300.0
1195.0,11,300.0
1195.0,12,300.0
1196.0,10,300.0
1196.0,11,300.0
1196.0,12,300.0
1197.0,10,300.0
1197.0,11,300.0
1197.0,12,300.0
1198.0,10,300.0
1198.0,11,300.0
1198.0,12,300.0
1199.0,10,300.0
1199.0,11,300.0
1199.0,12,300.0
1200.0,10,300.0
1200.0,11,300.0
1200.0,12,300.0
1201.0,10,300.0
1201.0,11,300.0
1201.0,12,300.0
1202.0,10,300.0
1202.0,11,300.0
1202.0,12,300.0
1203.0,10,300.0
1203.0,11,300.0
1203.0,12,300.0
1204.0,10,300.0
1204.0,11,300.0
1204.0,12,300.0
1205.0,10,300.0
1205.0,11,300.0
1205.0,12,300.0
1206.0,10,300.0
1206.0,11,300.0
1206.0,12,300.0
1207.0,10,300.0
1207.0,11,300.0
1207.0,12,300.0
1208.0,10,300.0
1208.0,11,300.0
1208.0,12,300.0
1209.0,10,300.0
1209.0,11,300.0
1209.0,12,300.0
1210.0,10,300.0
1210.0,11,300.0
1210.0,12,300.0
1211.0,10,300.0
1211.0,11,300.0
1211.0,12,300.0
1212.0,10,300.0
1212.0,11,300.0
1212.0,12,300.0
1213.0,10,300.0
1213.0,11,300.0
1213.0,12,300.0
1214.0,10,300.0
1214.0,11,300.0
1214.0,12,300.0
1215.0,10,300.0
1215.0,11,300.0
1215.0,12,300.0
1216.0,10,300.0
1216.0,11,300.0
1216.0,12,300.0
1217.0,10,300.0
1217.0,11,300.0
1217.0,12,300.0
1218.0,10,300.0
1218.0,11,300.0
1218.0,12,300.0
1219.0,10,300.0
1219.0,11,300.0
1219.0,12,300.0
1220.0,10,300.0
1220.0,11,300.0
1220.0,12,300.0
1221.0,10,300.0
1221.0,11,300.0
1221.0,12,300.0
1222.0,10,300.0
1222.0,11,300.0
1222.0,12,300.0
1223.0,10,300.0
1223.0,11,300.0
1223.0,12,300.0
1224.0,10,300.0
1224.0,11,300.0
1224.0,12,300.0
1225.0,10,300.0
1225.0,11,300.0
1225.0,12,300.0
1226.0,10,300.0
1226.0,11,300.0
1226.0,12,300.0
1227.0,10,300.0
1227.0,11,300.0
1227.0,12,300.0
1228.0,10,300.0
1228.0,11,300.0
1228.0,12,300.0
1229.0,10,300.0
1229.0,11,300.0
1229.0,12,300.0
1230.0,10,300.0
1230.0,11,300.0
1230.0,12,300.0
1231.0,10,300.0
1231.0,11,300.0
1231.0,12,300.0
1232.0,10,300.0
1232.0,11,300.0
1232.0,12,300.0
1233.0,10,300.0
1233.0,11,300.0
1233.0,12,300.0
1234.0,10,300.0
1234.0,11,300.0
1234.0,12,300.0
1235.0,10,300.0
1235.0,11,300.0
1235.0,12,300.0
1236.0,10,300.0
1236.0,11,300.0
1236.0,12,300.0
1237.0,10,300.0
1237.0,11,300.0
1237.0,12,300.0
1238.0,10,300.0
1238.0,11,300.0
1238.0,12,300.0
1239.0,10,300.0
1239.0,11,300.0
1239.0,12,300.0
1240.0,10,300.0
1240.0,11,300.0
1240.0,12,300.0
1241.0,10,300.0
1241.0,11,300.0
1241.0,12,300.0
1242.0,10,300.0
1242.0,11,300.0
1242.0,12,300.0
1243.0,10,300.0
1243.0,11,300.0
1243.0,12,300.0
1244.0,10,300.0
1244.0,11,300.0
1244.0,12,300.0
1245.0,10,300.0
1245.0,11,300.0
1245.0,12,300.0
1246.0,10,300.0
1246.0,11,300.0
1246.0,12,300.0
1247.0,10,300.0
1247.0,11,300.0
1247.0,12,300.0
1248.0,10,300.0
1248.0,11,300.0
1248.0,12,300.0
1249.0,10,300.0
1249.0,11,300.0
1249.0,12,300.0
1250.0,10,300.0
1250.0,11,300.0
1250.0,12,300.0
1251.0,10,300.0
1251.0,11,300.0
1251.0,12,300.0
1252.0,10,300.0
1252.0,11,300.0
1252.0,12,300.0
1253.0,10,300.0
1253.0,11,300.0
1253.0,12,300.0
1254.0,10,300.0
1254.0,11,300.0
1254.0,12,300.0
1255.0,10,300.0
1255.0,11,300.0
1255.0,12,300.0
1256.0,10,300.0
1256.0,11,300.0
1256.0,12,300.0
1257.0,10,300.0
1257.0,11,300.0
1257.0,12,300.0
1258.0,10,300.0
1258.0,11,300.0
1258.0,12,300.0
1259.0,10,300.0
1259.0,11,300.0
1259.0,12,300.0
1260.0,10,300.0
1260.0,11,300.0
1260.0,12,300.0
1261.0,10,300.0
1261.0,11,300.0
1261.0,12,300.0
1262.0,10,300.0
1262.0,11,300.0
1262.0,12,300.0
1263.0,10,300.0
1263.0,11,300.0
1263.0,12,300.0
1264.0,10,300.0
1264.0,11,300.0
1264.0,12,300.0
1265.0,10,300.0
1265.0,11,300.0
1265.0,12,300.0
1266.0,10,300.0
1266.0,11,300.0
1266.0,12,300.0
1267.0,10,300.0
1267.0,11,300.0
1267.0,12,300.0
1268.0,10,300.0
1268.0,11,300.0
1268.0,12,300.0
1269.0,10,300.0
1269.0,11,300.0
1269.0,12,300.0
1270.0,10,300.0
1270.0,11,300.0
1270.0,12,300.0
1271.0,10,300.0
1271.0,11,300.0
1271.0,12,300.0
1272.0,10,300.0
1272.0,11,300.0
1272.0,12,300.0
1273.0,10,300.0
1273.0,11,300.0
1273.0,12,300.0
1274.0,10,300.0
1274.0,11,300.0
1274.0,12,300.0
1275.0,10,300.0
1275.0,11,300.0
1275.0,12,300.0
1276.0,10,300.0
1276.0,11,300.0
1276.0,12,300.0
1277.0,10,300.0
1277.0,11,300.0
1277.0,12,300.0
1278.0,10,300.0
1278.0,11,300.0
1278.0,12,300.0
1279.0,10,300.0
1279.0,11,300.0
1279.0,12,300.0
1280.0,10,300.0
1280.0,11,300.0
1280.0,12,300.0
1281.0,10,300.0
1281.0,11,300.0
1281.0,12,300.0
1282.0,10,300.0
1282.0,11,300.0
1282.0,12,300.0
1283.0,10,300.0
1283.0,11,300.0
1283.0,12,300.0
1284.0,10,300.0
1284.0,11,300.0
1284.0,12,300.0
1285.0,10,300.0
1285.0,11,300.0
1285.0,12,300.0
1286.0,10,300.0
1286.0,11,300.0
1286.0,12,300.0
1287.0,10,300.0
1287.0,11,300.0
1287.0,12,300.0
1288.0,10,300.0
1288.0,11,300.0
1288.0,12,300.0
1289.0,10,300.0
1289.0,11,300.0
1289.0,12,300.0
1290.0,10,300.0
1290.0,11,300.0
1290.0,12,300.0
1291.0,10,300.0
1291.0,11,300.0
1291.0,12,300.0
1292.0,10,300.0
1292.0,11,300.0
1292.0,12,300.0
1293.0,10,300.0
1293.0,11,300.0
1293.0,12,300.0
1294.0,10,300.0
1294.0,11,300.0
1294.0,12,300.0
1295.0,10,300.0
1295.0,11,300.0
1295.0,12,300.0
1296.0,10,300.0
1296.0,11,300.0
1296.0,12,300.0
1297.0,10,300.0
1297.0,11,300.0
1297.0,12,300.0
1298.0,10,300.0
1298.0,11,300.0
1298.0,12,300.0
1299.0,10,300.0
1299.0,11,300.0
1299.0,12,300.0
1300.0,10,300.0
1300.0,11,300.0
1300.0,12,300.0
1301.0,10,300.0
1301.0,11,300.0
1301.0,12,300.0
1302.0,10,300.0
1302.0,11,300.0
1302.0,12,300.0
1303.0,10,300.0
1303.0,11,300.0
1303.0,12,300.0
1304.0,10,300.0
1304.0,11,300.0
1304.0,12,300.0
1305.0,10,300.0
1305.0,11,300.0
1305.0,12,300.0
1306.0,10,300.0
1306.0,11,300.0
1306.0,12,300.0
1307.0,10,300.0
1307.0,11,300.0
1307.0,12,300.0
1308.0,10,300.0
1308.0,11,300.0
1308.0,12,300.0
1309.0,10,300.0
1309.0,11,300.0
1309.0,12,300.0
1310.0,10,300.0
1310.0,11,300.0
1310.0,12,300.0
1311.0,10,300.0
1311.0,11,300.0
1311.0,12,300.0
1312.0,10,300.0
1312.0,11,300.0
1312.0,12,300.0
1313.0,10,300.0
1313.0,11,300.0
1313.0,12,300.0
1314.0,10,300.0
1314.0,11,300.0
1314.0,12,300.0
1315.0,10,300.0
1315.0,11,300.0
1315.0,12,300.0
1316.0,10,300.0
1316.0,11,300.0
1316.0,12,300.0
1317.0,10,300.0
1317.0,11,300.0
1317.0,12,300.0
1318.0,10,300.0
1318.0,11,300.0
1318.0,12,300.0
1319.0,10,300.0
1319.0,11,300.0
1319.0,12,300.0
1320.0,10,300.0
1320.0,11,300.0
1320.0,12,300.0
1321.0,10,300.0
1321.0,11,300.0
1321.0,12,300.0
1322.0,10,300.0
1322.0,11,300.0
1322.0,12,300.0
1323.0,10,300.0
1323.0,11,300.0
1323.0,12,300.0
1324.0,10,300.0
1324.0,11,300.0
1324.0,12,300.0
1325.0,10,300.0
1325.0,11,300.0
1325.0,12,300.0
1326.0,10,300.0
1326.0,11,300.0
1326.0,12,300.0
1327.0,10,300.0
1327.0,11,300.0
1327.0,12,300.0
1328.0,10,300.0
1328.0,11,300.0
1328.0,12,300.0
1329.0,10,300.0
1329.0,11,300.0
1329.0,12,300.0
1330.0,10,300.0
1330.0,11,300.0
1330.0,12,300.0
1331.0,10,300.0
1331.0,11,300.0
1331.0,12,300.0
1332.0,10,300.0
1332.0,11,300.0
1332.0,12,300.0
1333.0,10,300.0
1333.0,11,300.0
1333.0,12,300.0
1334.0,10,300.0
1334.0,11,300.0
1334.0,12,300.0
1335.0,10,300.0
1335.0,11,300.0
1335.0,12,300.0
1336.0,10,300.0
1336.0,11,300.0
1336.0,12,300.0
1337.0,10,300.0
1337.0,11,300.0
1337.0,12,300.0
1338.0,10,300.0
1338.0,11,300.0
1338.0,12,300.0
1339.0,10,300.0
1339.0,11,300.0
1339.0,12,300.0
1340.0,10,300.0
1340.0,11,300.0
1340.0,12,300.0
1341.0,10,300.0
1341.0,11,300.0
1341.0,12,300.0
1342.0,10,300.0
1342.0,11,300.0
1342.0,12,300.0
1343.0,10,300.0
1343.0,11,300.0
1343.0,12,300.0
1344.0,10,300.0
1344.0,11,300.0
1344.0,12,300.0
1345.0,10,300.0
1345.0,11,300.0
1345.0,12,300.0
1346.0,10,300.0
1346.0,11,300.0
1346.0,12,300.0
1347.0,10,300.0
1347.0,11,300.0
1347.0,12,300.0
1348.0,10,300.0
1348.0,11,300.0
1348.0,12,300.0
1349.0,10,300.0
1349.0,11,300.0
1349.0,12,300.0
1350.0,10,300.0
1350.0,11,300.0
1350.0,12,300.0
1351.0,10,300.0
1351.0,11,300.0
1351.0,12,300.0
1352.0,10,300.0
1352.0,11,300.0
1352.0,12,300.0
1353.0,10,300.0
1353.0,11,300.0
1353.0,12,300.0
1354.0,10,300.0
1354.0,11,300.0
1354.0,12,300.0
1355.0,10,300.0
1355.0,11,300.0
1355.0,12,300.0
1356.0,10,300.0
1356.0,11,300.0
1356.0,12,300.0
1357.0,10,300.0
1357.0,11,300.0
1357.0,12,300.0
1358.0,10,300.0
1358.0,11,300.0
1358.0,12,300.0
1359.0,10,300.0
1359.0,11,300.0
1359.0,12,300.0
1360.0,10,300.0
1360.0,11,300.0
1360.0,12,300.0
1361.0,10,300.0
1361.0,11,300.0
1361.0,12,300.0
1362.0,10,300.0
1362.0,11,300.0
1362.0,12,300.0
1363.0,10,300.0
1363.0,11,300.0
1363.0,12,300.0
1364.0,10,300.0
1364.0,11,300.0
1364.0,12,300.0
1365.0,10,300.0
1365.0,11,300.0
1365.0,12,300.0
1366.0,10,300.0
1366.0,11,300.0
1366.0,12,300.0
1367.0,10,300.0
1367.0,11,300.0
1367.0,12,300.0
1368.0,10,300.0
1368.0,11,300.0
1368.0,12,300.0
1369.0,10,300.0
1369.0,11,300.0
1369.0,12,300.0
1370.0,10,300.0
1370.0,11,300.0
1370.0,12,300.0
1371.0,10,300.0
1371.0,11,300.0
1371.0,12,300.0
1372.0,10,300.0
1372.0,11,300.0
1372.0,12,300.0
1373.0,10,300.0
1373.0,11,300.0
1373.0,12,300.0
1374.0,10,300.0
1374.0,11,300.0
1374.0,12,300.0
1375.0,10,300.0
1375.0,11,300.0
1375.0,12,300.0
1376.0,10,300.0
1376.0,11,300.0
1376.0,12,300.0
1377.0,10,300.0
1377.0,11,300.0
1377.0,12,300.0
1378.0,10,300.0
1378.0,11,300.0
1378.0,12,300.0
1379.0,10,300.0
1379.0,11,300.0
1379.0,12,300.0
1380.0,10,300.0
1380.0,11,300.0
1380.0,12,300.0
1381.0,10,300.0
1381.0,11,300.0
1381.0,12,300.0
1382.0,10,300.0
1382.0,11,300.0
1382.0,12,300.0
1383.0,10,300.0
1383.0,11,300.0
1383.0,12,300.0
1384.0,10,300.0
1384.0,11,300.0
1384.0,12,300.0
1385.0,10,300.0
1385.0,11,300.0
1385.0,12,300.0
1386.0,10,300.0
1386.0,11,300.0
1386.0,12,300.0
1387.0,10,300.0
1387.0,11,300.0
1387.0,12,300.0
1388.0,10,300.0
1388.0,11,300.0
1388.0,12,300.0
1389.0,10,300.0
1389.0,11,300.0
1389.0,12,300.0
1390.0,10,300.0
1390.0,11,300.0
1390.0,12,300.0
1391.0,10,300.0
1391.0,11,300.0
1391.0,12,300.0
1392.0,10,300.0
1392.0,11,300.0
1392.0,12,300.0
1393.0,10,300.0
1393.0,11,300.0
1393.0,12,300.0
1394.0,10,300.0
1394.0,11,300.0
1394.0,12,300.0
1395.0,10,300.0
1395.0,11,300.0
1395.0,12,300.0
1396.0,10,300.0
1396.0,11,300.0
1396.0,12,300.0
1397.0,10,300.0
1397.0,11,300.0
1397.0,12,300.0
1398.0,10,300.0
1398.0,11,300.0
1398.0,12,300.0
1399.0,10,300.0
1399.0,11,300.0
1399.0,12,300.0
1400.0,10,300.0
1400.0,11,300.0
1400.0,12,300.0
1401.0,10,300.0
1401.0,11,300.0
1401.0,12,300.0
1402.0,10,300.0
1402.0,11,300.0
1402.0,12,300.0
1403.0,10,300.0
1403.0,11,300.0
1403.0,12,300.0
1404.0,10,300.0
1404.0,11,300.0
1404.0,12,300.0
1405.0,10,300.0
1405.0,11,300.0
1405.0,12,300.0
1406.0,10,300.0
1406.0,11,300.0
1406.0,12,300.0
1407.0,10,300.0
1407.0,11,300.0
1407.0,12,300.0
1408.0,10,300.0
1408.0,11,300.0
1408.0,12,300.0
1409.0,10,300.0
1409.0,11,300.0
1409.0,12,300.0
1410.0,10,300.0
1410.0,11,300.0
1410.0,12,300.0
1411.0,10,300.0
1411.0,11,300.0
1411.0,12,300.0
1412.0,10,300.0
1412.0,11,300.0
1412.0,12,300.0
1413.0,10,300.0
1413.0,11,300.0
1413.0,12,300.0
1414.0,10,300.0
1414.0,11,300.0
1414.0,12,300.0
1415.0,10,300.0
1415.0,11,300.0
1415.0,12,300.0
1416.0,10,300.0
1416.0,11,300.0
1416.0,12,300.0
1417.0,10,300.0
1417.0,11,300.0
1417.0,12,300.0
1418.0,10,300.0
1418.0,11,300.0
1418.0,12,300.0
1419.0,10,300.0
1419.0,11,300.0
1419.0,12,300.0
1420.0,10,300.0
1420.0,11,300.0
1420.0,12,300.0
1421.0,10,300.0
1421.0,11,300.0
1421.0,12,300.0
1422.0,10,300.0
1422.0,11,300.0
1422.0,12,300.0
1423.0,10,300.0
1423.0,11,300.0
1423.0,12,300.0
1424.0,10,300.0
1424.0,11,300.0
1424.0,12,300.0
1425.0,10,300.0
1425.0,11,300.0
1425.0,12,300.0
1426.0,10,300.0
1426.0,11,300.0
1426.0,12,300.0
1427.0,10,300.0
1427.0,11,300.0
1427.0,12,300.0
1428.0,10,300.0
1428.0,11,300.0
1428.0,12,300.0
1429.0,10,300.0
1429.0,11,300.0
1429.0,12,300.0
1430.0,10,300.0
1430.0,11,300.0
1430.0,12,300.0
1431.0,10,300.0
1431.0,11,300.0
1431.0,12,300.0
1432.0,10,300.0
1432.0,11,300.0
1432.0,12,300.0
1433.0,10,300.0
1433.0,11,300.0
1433.0,12,300.0
1434.0,10,300.0
1434.0,11,300.0
1434.0,12,300.0
1435.0,10,300.0
1435.0,11,300.0
1435.0,12,300.0
1436.0,10,300.0
1436.0,11,300.0
1436.0,12,300.0
1437.0,10,300.0
1437.0,11,300.0
1437.0,12,300.0
1438.0,10,300.0
1438.0,11,300.0
1438.0,12,300.0
1439.0,10,300.0
1439.0,11,300.0
1439.0,12,300.0
1440.0,10,300.0
1440.0,11,300.0
1440.0,12,300.0
1441.0,10,300.0
1441.0,11,300.0
1441.0,12,300.0
1442.0,10,300.0
1442.0,11,300.0
1442.0,12,300.0
1443.0,10,300.0
1443.0,11,300.0
1443.0,12,300.0
1444.0,10,300.0
1444.0,11,300.0
1444.0,12,300.0
1445.0,10,300.0
1445.0,11,300.0
1445.0,12,300.0
1446.0,10,300.0
1446.0,11,300.0
1446.0,12,300.0
1447.0,10,300.0
1447.0,11,300.0
1447.0,12,300.0
1448.0,10,300.0
1448.0,11,300.0
1448.0,12,300.0
1449.0,10,300.0
1449.0,11,300.0
1449.0,12,300.0
1450.0,10,300.0
1450.0,11,300.0
1450.0,12,300.0
1451.0,10,300.0
1451.0,11,300.0
1451.0,12,300.0
1452.0,10,300.0
1452.0,11,300.0
1452.0,12,300.0
1453.0,10,300.0
1453.0,11,300.0
1453.0,12,300.0
1454.0,10,300.0
1454.0,11,300.0
1454.0,12,300.0
1455.0,10,300.0
1455.0,11,300.0
1455.0,12,300.0
1456.0,10,300.0
1456.0,11,300.0
1456.0,12,300.0
1457.0,10,300.0
1457.0,11,300.0
1457.0,12,300.0
1458.0,10,300.0
1458.0,11,300.0
1458.0,12,300.0
1459.0,10,300.0
1459.0,11,300.0
1459.0,12,300.0
1460.0,10,300.0
1460.0,11,300.0
1460.0,12,300.0
1461.0,10,300.0
1461.0,11,300.0
1461.0,12,300.0
1462.0,10,300.0
1462.0,11,300.0
1462.0,12,300.0
1463.0,10,300.0
1463.0,11,300.0
1463.0,12,300.0
1464.0,10,300.0
1464.0,11,300.0
1464.0,12,300.0
1465.0,10,300.0
1465.0,11,300.0
1465.0,12,300.0
1466.0,10,300.0
1466.0,11,300.0
1466.0,12,300.0
1467.0,10,300.0
1467.0,11,300.0
1467.0,12,300.0
1468.0,10,300.0
1468.0,11,300.0
1468.0,12,300.0
1469.0,10,300.0
1469.0,11,300.0
1469.0,12,300.0
1470.0,10,300.0
1470.0,11,300.0
1470.0,12,300.0
1471.0,10,300.0
1471.0,11,300.0
1471.0,12,300.0
1472.0,10,300.0
1472.0,11,300.0
1472.0,12,300.0
1473.0,10,300.0
1473.0,11,300.0
1473.0,12,300.0
1474.0,10,300.0
1474.0,11,300.0
1474.0,12,300.0
1475.0,10,300.0
1475.0,11,300.0
1475.0,12,300.0
1476.0,10,300.0
1476.0,11,300.0
1476.0,12,300.0
1477.0,10,300.0
1477.0,11,300.0
1477.0,12,300.0
1478.0,10,300.0
1478.0,11,300.0
1478.0,12,300.0
1479.0,10,300.0
1479.0,11,300.0
1479.0,12,300.0
1480.0,10,300.0
1480.0,11,300.0
1480.0,12,300.0
1481.0,10,300.0
1481.0,11,300.0
1481.0,12,300.0
1482.0,10,300.0
1482.0,11,300.0
1482.0,12,300.0
1483.0,10,300.0
1483.0,11,300.0
1483.0,12,300.0
1484.0,10,300.0
1484.0,11,300.0
1484.0,12,300.0
1485.0,10,300.0
1485.0,11,300.0
1485.0,12,300.0
1486.0,10,300.0
1486.0,11,300.0
1486.0,12,300.0
1487.0,10,300.0
1487.0,11,300.0
1487.0,12,300.0
1488.0,10,300.0
1488.0,11,300.0
1488.0,12,300.0
1489.0,10,300.0
1489.0,11,300.0
1489.0,12,300.0
1490.0,10,300.0
1490.0,11,300.0
1490.0,12,300.0
1491.0,10,300.0
1491.0,11,300.0
1491.0,12,300.0
1492.0,10,300.0
1492.0,11,300.0
1492.0,12,300.0
1493.0,10,300.0
1493.0,11,300.0
1493.0,12,300.0
1494.0,10,300.0
1494.0,11,300.0
1494.0,12,300.0
1495.0,10,300.0
1495.0,11,300.0
1495.0,12,300.0
1496.0,10,300.0
1496.0,11,300.0
1496.0,12,300.0
1497.0,10,300.0
1497.0,11,300.0
1497.0,12,300.0
1498.0,10,300.0
1498.0,11,300.0
1498.0,12,300.0
1499.0,10,300.0
1499.0,11,300.0
1499.0,12,300.0
1500.0,10,300.0
1500.0,11,300.0
1500.0,12,300.0
1501.0,10,300.0
1501.0,11,300.0
1501.0,12,300.0
1502.0,10,300.0
1502.0,11,300.0
1502.0,12,300.0
1503.0,10,300.0
1503.0,11,300.0
1503.0,12,300.0
1504.0,10,300.0
1504.0,11,300.0
1504.0,12,300.0
1505.0,10,300.0
1505.0,11,300.0
1505.0,12,300.0
1506.0,10,300.0
1506.0,11,300.0
1506.0,12,300.0
1507.0,10,300.0
1507.0,11,300.0
1507.0,12,300.0
1508.0,10,300.0
1508.0,11,300.0
1508.0,12,300.0
1509.0,10,300.0
1509.0,11,300.0
1509.0,12,300.0
1510.0,10,300.0
1510.0,11,300.0
1510.0,12,300.0
1511.0,10,300.0
1511.0,11,300.0
1511.0,12,300.0
1512.0,10,300.0
1512.0,11,300.0
1512.0,12,300.0
1513.0,10,300.0
1513.0,11,300.0
1513.0,12,300.0
1514.0,10,300.0
1514.0,11,300.0
1514.0,12,300.0
1515.0,10,300.0
1515.0,11,300.0
1515.0,12,300.0
1516.0,10,300.0
1516.0,11,300.0
1516.0,12,300.0
1517.0,10,300.0
1517.0,11,300.0
1517.0,12,300.0
1518.0,10,300.0
1518.0,11,300.0
1518.0,12,300.0
1519.0,10,300.0
1519.0,11,300.0
1519.0,12,300.0
1520.0,10,300.0
1520.0,11,300.0
1520.0,12,300.0
1521.0,10,300.0
1521.0,11,300.0
1521.0,12,300.0
1522.0,10,300.0
1522.0,11,300.0
1522.0,12,300.0
1523.0,10,300.0
1523.0,11,300.0
1523.0,12,300.0
1524.0,10,300.0
1524.0,11,300.0
1524.0,12,300.0
1525.0,10,300.0
1525.0,11,300.0
1525.0,12,300.0
1526.0,10,300.0
1526.0,11,300.0
1526.0,12,300.0
1527.0,10,300.0
1527.0,11,300.0
1527.0,12,300.0
1528.0,10,300.0
1528.0,11,300.0
1528.0,12,300.0
1529.0,10,300.0
1529.0,11,300.0
1529.0,12,300.0
1530.0,10,300.0
1530.0,11,300.0
1530.0,12,300.0
1531.0,10,300.0
1531.0,11,300.0
1531.0,12,300.0
1532.0,10,300.0
1532.0,11,300.0
1532.0,12,300.0
1533.0,10,300.0
1533.0,11,300.0
1533.0,12,300.0
1534.0,10,300.0
1534.0,11,300.0
1534.0,12,300.0
1535.0,10,300.0
1535.0,11,300.0
1535.0,12,300.0
1536.0,10,300.0
1536.0,11,300.0
1536.0,12,300.0
1537.0,10,300.0
1537.0,11,300.0
1537.0,12,300.0
1538.0,10,300.0
1538.0,11,300.0
1538.0,12,300.0
1539.0,10,300.0
1539.0,11,300.0
1539.0,12,300.0
1540.0,10,300.0
1540.0,11,300.0
1540.0,12,300.0
1541.0,10,300.0
1541.0,11,300.0
1541.0,12,300.0
1542.0,10,300.0
1542.0,11,300.0
1542.0,12,300.0
1543.0,10,300.0
1543.0,11,300.0
1543.0,12,300.0
1544.0,10,300.0
1544.0,11,300.0
1544.0,12,300.0
1545.0,10,300.0
1545.0,11,300.0
1545.0,12,300.0
1546.0,10,300.0
1546.0,11,300.0
1546.0,12,300.0
1547.0,10,300.0
1547.0,11,300.0
1547.0,12,300.0
1548.0,10,300.0
1548.0,11,300.0
1548.0,12,300.0
1549.0,10,300.0
1549.0,11,300.0
1549.0,12,300.0
1550.0,10,300.0
1550.0,11,300.0
1550.0,12,300.0
1551.0,10,300.0
1551.0,11,300.0
1551.0,12,300.0
1552.0,10,300.0
1552.0,11,300.0
1552.0,12,300.0
1553.0,10,300.0
1553.0,11,300.0
1553.0,12,300.0
1554.0,10,300.0
1554.0,11,300.0
1554.0,12,300.0
1555.0,10,300.0
1555.0,11,300.0
1555.0,12,300.0
1556.0,10,300.0
1556.0,11,300.0
1556.0,12,300.0
1557.0,10,300.0
1557.0,11,300.0
1557.0,12,300.0
1558.0,10,300.0
1558.0,11,300.0
1558.0,12,300.0
1559.0,10,300.0
1559.0,11,300.0
1559.0,12,300.0
1560.0,10,300.0
1560.0,11,300.0
1560.0,12,300.0
1561.0,10,300.0
1561.0,11,300.0
1561.0,12,300.0
1562.0,10,300.0
1562.0,11,300.0
1562.0,12,300.0
1563.0,10,300.0
1563.0,11,300.0
1563.0,12,300.0
1564.0,10,300.0
1564.0,11,300.0
1564.0,12,300.0
1565.0,10,300.0
1565.0,11,300.0
1565.0,12,300.0
1566.0,10,300.0
1566.0,11,300.0
1566.0,12,300.0
1567.0,10,300.0
1567.0,11,300.0
1567.0,12,300.0
1568.0,10,300.0
1568.0,11,300.0
1568.0,12,300.0
1569.0,10,300.0
1569.0,11,300.0
1569.0,12,300.0
1570.0,10,300.0
1570.0,11,300.0
1570.0,12,300.0
1571.0,10,300.0
1571.0,11,300.0
1571.0,12,300.0
1572.0,10,300.0
1572.0,11,300.0
1572.0,12,300.0
1573.0,10,300.0
1573.0,11,300.0
1573.0,12,300.0
1574.0,10,300.0
1574.0,11,300.0
1574.0,12,300.0
1575.0,10,300.0
1575.0,11,300.0
1575.0,12,300.0
1576.0,10,300.0
1576.0,11,300.0
1576.0,12,300.0
1577.0,10,300.0
1577.0,11,300.0
1577.0,12,300.0
1578.0,10,300.0
1578.0,11,300.0
1578.0,12,300.0
1579.0,10,300.0
1579.0,11,300.0
1579.0,12,300.0
1580.0,10,300.0
1580.0,11,300.0
1580.0,12,300.0
1581.0,10,300.0
1581.0,11,300.0
1581.0,12,300.0
1582.0,10,300.0
1582.0,11,300.0
1582.0,12,300.0
1583.0,10,300.0
1583.0,11,300.0
1583.0,12,300.0
1584.0,10,300.0
1584.0,11,300.0
1584.0,12,300.0
1585.0,10,300.0
1585.0,11,300.0
1585.0,12,300.0
1586.0,10,300.0
1586.0,11,300.0
1586.0,12,300.0
1587.0,10,300.0
1587.0,11,300.0
1587.0,12,300.0
1588.0,10,300.0
1588.0,11,300.0
1588.0,12,300.0
1589.0,10,300.0
1589.0,11,300.0
1589.0,12,300.0
1590.0,10,300.0
1590.0,11,300.0
1590.0,12,300.0
1591.0,10,300.0
1591.0,11,300.0
1591.0,12,300.0
1592.0,10,300.0
1592.0,11,300.0
1592.0,12,300.0
1593.0,10,300.0
1593.0,11,300.0
1593.0,12,300.0
1594.0,10,300.0
1594.0,11,300.0
1594.0,12,300.0
1595.0,10,300.0
1595.0,11,300.0
1595.0,12,300.0
1596.0,10,300.0
1596.0,11,300.0
1596.0,12,300.0
1597.0,10,300.0
1597.0,11,300.0
1597.0,12,300.0
1598.0,10,300.0
1598.0,11,300.0
1598.0,12,300.0
1599.0,10,300.0
1599.0,11,300.0
1599.0,12,300.0
1600.0,10,300.0
1600.0,11,300.0
1600.0,12,300.0
1601.0,10,300.0
1601.0,11,300.0
1601.0,12,300.0
1602.0,10,300.0
1602.0,11,300.0
1602.0,12,300.0
1603.0,10,300.0
1603.0,11,300.0
1603.0,12,300.0
1604.0,10,300.0
1604.0,11,300.0
1604.0,12,300.0
1605.0,10,300.0
1605.0,11,300.0
1605.0,12,300.0
1606.0,10,300.0
1606.0,11,300.0
1606.0,12,300.0
1607.0,10,300.0
1607.0,11,300.0
1607.0,12,300.0
1608.0,10,300.0
1608.0,11,300.0
1608.0,12,300.0
1609.0,10,300.0
1609.0,11,300.0
1609.0,12,300.0
1610.0,10,300.0
1610.0,11,300.0
1610.0,12,300.0
1611.0,10,300.0
1611.0,11,300.0
1611.0,12,300.0
1612.0,10,300.0
1612.0,11,300.0
1612.0,12,300.0
1613.0,10,300.0
1613.0,11,300.0
1613.0,12,300.0
1614.0,10,300.0
1614.0,11,300.0
1614.0,12,300.0
1615.0,10,300.0
1615.0,11,300.0
1615.0,12,300.0
1616.0,10,300.0
1616.0,11,300.0
1616.0,12,300.0
1617.0,10,300.0
1617.0,11,300.0
1617.0,12,300.0
1618.0,10,300.0
1618.0,11,300.0
1618.0,12,300.0
1619.0,10,300.0
1619.0,11,300.0
1619.0,12,300.0
1620.0,10,300.0
1620.0,11,300.0
1620.0,12,300.0
1621.0,10,300.0
1621.0,11,300.0
1621.0,12,300.0
1622.0,10,300.0
1622.0,11,300.0
1622.0,12,300.0
1623.0,10,300.0
1623.0,11,300.0
1623.0,12,300.0
1624.0,10,300.0
1624.0,11,300.0
1624.0,12,300.0
1625.0,10,300.0
1625.0,11,300.0
1625.0,12,300.0
1626.0,10,300.0
1626.0,11,300.0
1626.0,12,300.0
1627.0,10,300.0
1627.0,11,300.0
1627.0,12,300.0
1628.0,10,300.0
1628.0,11,300.0
1628.0,12,300.0
1629.0,10,300.0
1629.0,11,300.0
1629.0,12,300.0
1630.0,10,300.0
1630.0,11,300.0
1630.0,12,300.0
1631.0,10,300.0
1631.0,11,300.0
1631.0,12,300.0
1632.0,10,300.0
1632.0,11,300.0
1632.0,12,300.0
1633.0,10,300.0
1633.0,11,300.0
1633.0,12,300.0
1634.0,10,300.0
1634.0,11,300.0
1634.0,12,300.0
1635.0,10,300.0
1635.0,11,300.0
1635.0,12,300.0
1636.0,10,300.0
1636.0,11,300.0
1636.0,12,300.0
1637.0,10,300.0
1637.0,11,300.0
1637.0,12,300.0
1638.0,10,300.0
1638.0,11,300.0
1638.0,12,300.0
1639.0,10,300.0
1639.0,11,300.0
1639.0,12,300.0
1640.0,10,300.0
1640.0,11,300.0
1640.0,12,300.0
1641.0,10,300.0
1641.0,11,300.0
1641.0,12,300.0
1642.0,10,300.0
1642.0,11,300.0
1642.0,12,300.0
1643.0,10,300.0
1643.0,11,300.0
1643.0,12,300.0
1644.0,10,300.0
1644.0,11,300.0
1644.0,12,300.0
1645.0,10,300.0
1645.0,11,300.0
1645.0,12,300.0
1646.0,10,300.0
1646.0,11,300.0
1646.0,12,300.0
1647.0,10,300.0
1647.0,11,300.0
1647.0,12,300.0
1648.0,10,300.0
1648.0,11,300.0
1648.0,12,300.0
1649.0,10,300.0
1649.0,11,300.0
1649.0,12,300.0
1650.0,10,300.0
1650.0,11,300.0
1650.0,12,300.0
1651.0,10,300.0
1651.0,11,300.0
1651.0,12,300.0
1652.0,10,300.0
1652.0,11,300.0
1652.0,12,300.0
1653.0,10,300.0
1653.0,11,300.0
1653.0,12,300.0
1654.0,10,300.0
1654.0,11,300.0
1654.0,12,300.0
1655.0,10,300.0
1655.0,11,300.0
1655.0,12,300.0
1656.0,10,300.0
1656.0,11,300.0
1656.0,12,300.0
1657.0,10,300.0
1657.0,11,300.0
1657.0,12,300.0
1658.0,10,300.0
1658.0,11,300.0
1658.0,12,300.0
1659.0,10,300.0
1659.0,11,300.0
1659.0,12,300.0
1660.0,10,300.0
1660.0,11,300.0
1660.0,12,300.0
1661.0,10,300.0
1661.0,11,300.0
1661.0,12,300.0
1662.0,10,300.0
1662.0,11,300.0
1662.0,12,300.0
1663.0,10,300.0
1663.0,11,300.0
1663.0,12,300.0
1664.0,10,300.0
1664.0,11,300.0
1664.0,12,300.0
1665.0,10,300.0
1665.0,11,300.0
1665.0,12,300.0
1666.0,10,300.0
1666.0,11,300.0
1666.0,12,300.0
1667.0,10,300.0
1667.0,11,300.0
1667.0,12,300.0
1668.0,10,300.0
1668.0,11,300.0
1668.0,12,300.0
1669.0,10,300.0
1669.0,11,300.0
1669.0,12,300.0
1670.0,10,300.0
1670.0,11,300.0
1670.0,12,300.0
1671.0,10,300.0
1671.0,11,300.0
1671.0,12,300.0
1672.0,10,300.0
1672.0,11,300.0
1672.0,12,300.0
1673.0,10,300.0
1673.0,11,300.0
1673.0,12,300.0
1674.0,10,300.0
1674.0,11,300.0
1674.0,12,300.0
1675.0,10,300.0
1675.0,11,300.0
1675.0,12,300.0
1676.0,10,300.0
1676.0,11,300.0
1676.0,12,300.0
1677.0,10,300.0
1677.0,11,300.0
1677.0,12,300.0
1678.0,10,300.0
1678.0,11,300.0
1678.0,12,300.0
1679.0,10,300.0
1679.0,11,300.0
1679.0,12,300.0
1680.0,10,300.0
1680.0,11,300.0
1680.0,12,300.0
1681.0,10,300.0
1681.0,11,300.0
1681.0,12,300.0
1682.0,10,300.0
1682.0,11,300.0
1682.0,12,300.0
1683.0,10,300.0
1683.0,11,300.0
1683.0,12,300.0
1684.0,10,300.0
1684.0,11,300.0
1684.0,12,300.0
1685.0,10,300.0
1685.0,11,300.0
1685.0,12,300.0
1686.0,10,300.0
1686.0,11,300.0
1686.0,12,300.0
1687.0,10,300.0
1687.0,11,300.0
1687.0,12,300.0
1688.0,10,300.0
1688.0,11,300.0
1688.0,12,300.0
1689.0,10,300.0
1689.0,11,300.0
1689.0,12,300.0
1690.0,10,300.0
1690.0,11,300.0
1690.0,12,300.0
1691.0,10,300.0
1691.0,11,300.0
1691.0,12,300.0
1692.0,10,300.0
1692.0,11,300.0
1692.0,12,300.0
1693.0,10,300.0
1693.0,11,300.0
1693.0,12,300.0
1694.0,10,300.0
1694.0,11,300.0
1694.0,12,300.0
1695.0,10,300.0
1695.0,11,300.0
1695.0,12,300.0
1696.0,10,300.0
1696.0,11,300.0
1696.0,12,300.0
1697.0,10,300.0
1697.0,11,300.0
1697.0,12,300.0
1698.0,10,300.0
1698.0,11,300.0
1698.0,12,300.0
1699.0,10,300.0
1699.0,11,300.0
1699.0,12,300.0
1700.0,10,300.0
1700.0,11,300.0
1700.0,12,300.0
1701.0,10,300.0
1701.0,11,300.0
1701.0,12,300.0
1702.0,10,300.0
1702.0,11,300.0
1702.0,12,300.0
1703.0,10,300.0
1703.0,11,300.0
1703.0,12,300.0
1704.0,10,300.0
1704.0,11,300.0
1704.0,12,300.0
1705.0,10,300.0
1705.0,11,300.0
1705.0,12,300.0
1706.0,10,300.0
1706.0,11,300.0
1706.0,12,300.0
1707.0,10,300.0
1707.0,11,300.0
1707.0,12,300.0
1708.0,10,300.0
1708.0,11,300.0
1708.0,12,300.0
1709.0,10,300.0
1709.0,11,300.0
1709.0,12,300.0
1710.0,10,300.0
1710.0,11,300.0
1710.0,12,300.0
1711.0,10,300.0
1711.0,11,300.0
1711.0,12,300.0
1712.0,10,300.0
1712.0,11,300.0
1712.0,12,300.0
1713.0,10,300.0
1713.0,11,300.0
1713.0,12,300.0
1714.0,10,300.0
1714.0,11,300.0
1714.0,12,300.0
1715.0,10,300.0
1715.0,11,300.0
1715.0,12,300.0
1716.0,10,300.0
1716.0,11,300.0
1716.0,12,300.0
1717.0,10,300.0
1717.0,11,300.0
1717.0,12,300.0
1718.0,10,300.0
1718.0,11,300.0
1718.0,12,300.0
1719.0,10,300.0
1719.0,11,300.0
1719.0,12,300.0
1720.0,10,300.0
1720.0,11,300.0
1720.0,12,300.0
1721.0,10,300.0
1721.0,11,300.0
1721.0,12,300.0
1722.0,10,300.0
1722.0,11,300.0
1722.0,12,300.0
1723.0,10,300.0
1723.0,11,300.0
1723.0,12,300.0
1724.0,10,300.0
1724.0,11,300.0
1724.0,12,300.0
1725.0,10,300.0
1725.0,11,300.0
1725.0,12,300.0
1726.0,10,300.0
1726.0,11,300.0
1726.0,12,300.0
1727.0,10,300.0
1727.0,11,300.0
1727.0,12,300.0
1728.0,10,300.0
1728.0,11,300.0
1728.0,12,300.0
1729.0,10,300.0
1729.0,11,300.0
1729.0,12,300.0
1730.0,10,300.0
1730.0,11,300.0
1730.0,12,300.0
1731.0,10,300.0
1731.0,11,300.0
1731.0,12,300.0
1732.0,10,300.0
1732.0,11,300.0
1732.0,12,300.0
1733.0,10,300.0
1733.0,11,300.0
1733.0,12,300.0
1734.0,10,300.0
1734.0,11,300.0
1734.0,12,300.0
1735.0,10,300.0
1735.0,11,300.0
1735.0,12,300.0
1736.0,10,300.0
1736.0,11,300.0
1736.0,12,300.0
1737.0,10,300.0
1737.0,11,300.0
1737.0,12,300.0
1738.0,10,300.0
1738.0,11,300.0
1738.0,12,300.0
1739.0,10,300.0
1739.0,11,300.0
1739.0,12,300.0
1740.0,10,300.0
1740.0,11,300.0
1740.0,12,300.0
1741.0,10,300.0
1741.0,11,300.0
1741.0,12,300.0
1742.0,10,300.0
1742.0,11,300.0
1742.0,12,300.0
1743.0,10,300.0
1743.0,11,300.0
1743.0,12,300.0
1744.0,10,300.0
1744.0,11,300.0
1744.0,12,300.0
1745.0,10,300.0
1745.0,11,300.0
1745.0,12,300.0
1746.0,10,300.0
1746.0,11,300.0
1746.0,12,300.0
1747.0,10,300.0
1747.0,11,300.0
1747.0,12,300.0
1748.0,10,300.0
1748.0,11,300.0
1748.0,12,300.0
1749.0,10,300.0
1749.0,11,300.0
1749.0,12,300.0
1750.0,10,300.0
1750.0,11,300.0
1750.0,12,300.0
1751.0,10,300.0
1751.0,11,300.0
1751.0,12,300.0
1752.0,10,300.0
1752.0,11,300.0
1752.0,12,300.0
1753.0,10,300.0
1753.0,11,300.0
1753.0,12,300.0
1754.0,10,300.0
1754.0,11,300.0
1754.0,12,300.0
1755.0,10,300.0
1755.0,11,300.0
1755.0,12,300.0
1756.0,10,300.0
1756.0,11,300.0
1756.0,12,300.0
1757.0,10,300.0
1757.0,11,300.0
1757.0,12,300.0
1758.0,10,300.0
1758.0,11,300.0
1758.0,12,300.0
1759.0,10,300.0
1759.0,11,300.0
1759.0,12,300.0
1760.0,10,300.0
1760.0,11,300.0
1760.0,12,300.0
1761.0,10,300.0
1761.0,11,300.0
1761.0,12,300.0
1762.0,10,300.0
1762.0,11,300.0
1762.0,12,300.0
1763.0,10,300.0
1763.0,11,300.0
1763.0,12,300.0
1764.0,10,300.0
1764.0,11,300.0
1764.0,12,300.0
1765.0,10,300.0
1765.0,11,300.0
1765.0,12,300.0
1766.0,10,300.0
1766.0,11,300.0
1766.0,12,300.0
1767.0,10,300.0
1767.0,11,300.0
1767.0,12,300.0
1768.0,10,300.0
1768.0,11,300.0
1768.0,12,300.0
1769.0,10,300.0
1769.0,11,300.0
1769.0,12,300.0
1770.0,10,300.0
1770.0,11,300.0
1770.0,12,300.0
1771.0,10,300.0
1771.0,11,300.0
1771.0,12,300.0
1772.0,10,300.0
1772.0,11,300.0
1772.0,12,300.0
1773.0,10,300.0
1773.0,11,300.0
1773.0,12,300.0
1774.0,10,300.0
1774.0,11,300.0
1774.0,12,300.0
1775.0,10,300.0
1775.0,11,300.0
1775.0,12,300.0
1776.0,10,300.0
1776.0,11,300.0
1776.0,12,300.0
1777.0,10,300.0
1777.0,11,300.0
1777.0,12,300.0
1778.0,10,300.0
1778.0,11,300.0
1778.0,12,300.0
1779.0,10,300.0
1779.0,11,300.0
1779.0,12,300.0
1780.0,10,300.0
1780.0,11,300.0
1780.0,12,300.0
1781.0,10,300.0
1781.0,11,300.0
1781.0,12,300.0
1782.0,10,300.0
1782.0,11,300.0
1782.0,12,300.0
1783.0,10,300.0
1783.0,11,300.0
1783.0,12,300.0
1784.0,10,300.0
1784.0,11,300.0
1784.0,12,300.0
1785.0,10,300.0
1785.0,11,300.0
1785.0,12,300.0
1786.0,10,300.0
1786.0,11,300.0
1786.0,12,300.0
1787.0,10,300.0
1787.0,11,300.0
1787.0,12,300.0
1788.0,10,300.0
1788.0,11,300.0
1788.0,12,300.0
1789.0,10,300.0
1789.0,11,300.0
1789.0,12,300.0
1790.0,10,300.0
1790.0,11,300.0
1790.0,12,300.0
1791.0,10,300.0
1791.0,11,300.0
1791.0,12,300.0
1792.0,10,300.0
1792.0,11,300.0
1792.0,12,300.0
1793.0,10,300.0
1793.0,11,300.0
1793.0,12,300.0
1794.0,10,300.0
1794.0,11,300.0
1794.0,12,300.0
1795.0,10,300.0
1795.0,11,300.0
1795.0,12,300.0
1796.0,10,300.0
1796.0,11,300.0
1796.0,12,300.0
1797.0,10,300.0
1797.0,11,300.0
1797.0,12,300.0
1798.0,10,300.0
1798.0,11,300.0
1798.0,12,300.0
1799.0,10,300.0
1799.0,11,300.0
1799.0,12,300.0
1800.0,10,300.0
1800.0,11,300.0
1800.0,12,300.0
1801.0,10,300.0
1801.0,11,300.0
1801.0,12,300.0
1802.0,10,300.0
1802.0,11,300.0
1802.0,12,300.0
1803.0,10,300.0
1803.0,11,300.0
1803.0,12,300.0
1804.0,10,300.0
1804.0,11,300.0
1804.0,12,300.0
1805.0,10,300.0
1805.0,11,300.0
1805.0,12,300.0
1806.0,10,300.0
1806.0,11,300.0
1806.0,12,300.0
1807.0,10,300.0
1807.0,11,300.0
1807.0,12,300.0
1808.0,10,300.0
1808.0,11,300.0
1808.0,12,300.0
1809.0,10,300.0
1809.0,11,300.0
1809.0,12,300.0
1810.0,10,300.0
1810.0,11,300.0
1810.0,12,300.0
1811.0,10,300.0
1811.0,11,300.0
1811.0,12,300.0
1812.0,10,300.0
1812.0,11,300.0
1812.0,12,300.0
1813.0,10,300.0
1813.0,11,300.0
1813.0,12,300.0
1814.0,10,300.0
1814.0,11,300.0
1814.0,12,300.0
1815.0,10,300.0
1815.0,11,300.0
1815.0,12,300.0
1816.0,10,300.0
1816.0,11,300.0
1816.0,12,300.0
1817.0,10,300.0
1817.0,11,300.0
1817.0,12,300.0
1818.0,10,300.0
1818.0,11,300.0
1818.0,12,300.0
1819.0,10,300.0
1819.0,11,300.0
1819.0,12,300.0
1820.0,10,300.0
1820.0,11,300.0
1820.0,12,300.0
1821.0,10,300.0
1821.0,11,300.0
1821.0,12,300.0
1822.0,10,300.0
1822.0,11,300.0
1822.0,12,300.0
1823.0,10,300.0
1823.0,11,300.0
1823.0,12,300.0
1824.0,10,300.0
1824.0,11,300.0
1824.0,12,300.0
1825.0,10,300.0
1825.0,11,300.0
1825.0,12,300.0
1826.0,10,300.0
1826.0,11,300.0
1826.0,12,300.0
1827.0,10,300.0
1827.0,11,300.0
1827.0,12,300.0
1828.0,10,300.0
1828.0,11,300.0
1828.0,12,300.0
1829.0,10,300.0
1829.0,11,300.0
1829.0,12,300.0
1830.0,10,300.0
1830.0,11,300.0
1830.0,12,300.0
1831.0,10,300.0
1831.0,11,300.0
1831.0,12,300.0
1832.0,10,300.0
1832.0,11,300.0
1832.0,12,300.0
1833.0,10,300.0
1833.0,11,300.0
1833.0,12,300.0
1834.0,10,300.0
1834.0,11,300.0
1834.0,12,300.0
1835.0,10,300.0
1835.0,11,300.0
1835.0,12,300.0
1836.0,10,300.0
1836.0,11,300.0
1836.0,12,300.0
1837.0,10,300.0
1837.0,11,300.0
1837.0,12,300.0
1838.0,10,300.0
1838.0,11,300.0
1838.0,12,300.0
1839.0,10,300.0
1839.0,11,300.0
1839.0,12,300.0
1840.0,10,300.0
1840.0,11,300.0
1840.0,12,300.0
1841.0,10,300.0
1841.0,11,300.0
1841.0,12,300.0
1842.0,10,300.0
1842.0,11,300.0
1842.0,12,300.0
1843.0,10,300.0
1843.0,11,300.0
1843.0,12,300.0
1844.0,10,300.0
1844.0,11,300.0
1844.0,12,300.0
1845.0,10,300.0
1845.0,11,300.0
1845.0,12,300.0
1846.0,10,300.0
1846.0,11,300.0
1846.0,12,300.0
1847.0,10,300.0
1847.0,11,300.0
1847.0,12,300.0
1848.0,10,300.0
1848.0,11,300.0
1848.0,12,300.0
1849.0,10,300.0
1849.0,11,300.0
1849.0,12,300.0
1850.0,10,300.0
1850.0,11,300.0
1850.0,12,300.0
1851.0,10,300.0
1851.0,11,300.0
1851.0,12,300.0
1852.0,10,300.0
1852.0,11,300.0
1852.0,12,300.0
1853.0,10,300.0
1853.0,11,300.0
1853.0,12,300.0
1854.0,10,300.0
1854.0,11,300.0
1854.0,12,300.0
1855.0,10,300.0
1855.0,11,300.0
1855.0,12,300.0
1856.0,10,300.0
1856.0,11,300.0
1856.0,12,300.0
1857.0,10,300.0
1857.0,11,300.0
1857.0,12,300.0
1858.0,10,300.0
1858.0,11,300.0
1858.0,12,300.0
1859.0,10,300.0
1859.0,11,300.0
1859.0,12,300.0
1860.0,10,300.0
1860.0,11,300.0
1860.0,12,300.0
1861.0,10,300.0
1861.0,11,300.0
1861.0,12,300.0
1862.0,10,300.0
1862.0,11,300.0
1862.0,12,300.0
1863.0,10,300.0
1863.0,11,300.0
1863.0,12,300.0
1864.0,10,300.0
1864.0,11,300.0
1864.0,12,300.0
1865.0,10,300.0
1865.0,11,300.0
1865.0,12,300.0
1866.0,10,300.0
1866.0,11,300.0
1866.0,12,300.0
1867.0,10,300.0
1867.0,11,300.0
1867.0,12,300.0
1868.0,10,300.0
1868.0,11,300.0
1868.0,12,300.0
1869.0,10,300.0
1869.0,11,300.0
1869.0,12,300.0
1870.0,10,300.0
1870.0,11,300.0
1870.0,12,300.0
1871.0,10,300.0
1871.0,11,300.0
1871.0,12,300.0
1872.0,10,300.0
1872.0,11,300.0
1872.0,12,300.0
1873.0,10,300.0
1873.0,11,300.0
1873.0,12,300.0
1874.0,10,300.0
1874.0,11,300.0
1874.0,12,300.0
1875.0,10,300.0
1875.0,11,300.0
1875.0,12,300.0
1876.0,10,300.0
1876.0,11,300.0
1876.0,12,300.0
1877.0,10,300.0
1877.0,11,300.0
1877.0,12,300.0
1878.0,10,300.0
1878.0,11,300.0
1878.0,12,300.0
1879.0,10,300.0
1879.0,11,300.0
1879.0,12,300.0
1880.0,10,300.0
1880.0,11,300.0
1880.0,12,300.0
1881.0,10,300.0
1881.0,11,300.0
1881.0,12,300.0
1882.0,10,300.0
1882.0,11,300.0
1882.0,12,300.0
1883.0,10,300.0
1883.0,11,300.0
1883.0,12,300.0
1884.0,10,300.0
1884.0,11,300.0
1884.0,12,300.0
1885.0,10,300.0
1885.0,11,300.0
1885.0,12,300.0
1886.0,10,300.0
1886.0,11,300.0
1886.0,12,300.0
1887.0,10,300.0
1887.0,11,300.0
1887.0,12,300.0
1888.0,10,300.0
1888.0,11,300.0
1888.0,12,300.0
1889.0,10,300.0
1889.0,11,300.0
1889.0,12,300.0
1890.0,10,300.0
1890.0,11,300.0
1890.0,12,300.0
1891.0,10,300.0
1891.0,11,300.0
1891.0,12,300.0
1892.0,10,300.0
1892.0,11,300.0
1892.0,12,300.0
1893.0,10,300.0
1893.0,11,300.0
1893.0,12,300.0
1894.0,10,300.0
1894.0,11,300.0
1894.0,12,300.0
1895.0,10,300.0
1895.0,11,300.0
1895.0,12,300.0
1896.0,10,300.0
1896.0,11,300.0
1896.0,12,300.0
1897.0,10,300.0
1897.0,11,300.0
1897.0,12,300.0
1898.0,10,300.0
1898.0,11,300.0
1898.0,12,300.0
1899.0,10,300.0
1899.0,11,300.0
1899.0,12,300.0
1900.0,10,300.0
1900.0,11,300.0
1900.0,12,300.0
1901.0,10,300.0
1901.0,11,300.0
1901.0,12,300.0
1902.0,10,300.0
1902.0,11,300.0
1902.0,12,300.0
1903.0,10,300.0
1903.0,11,300.0
1903.0,12,300.0
1904.0,10,300.0
1904.0,11,300.0
1904.0,12,300.0
1905.0,10,300.0
1905.0,11,300.0
1905.0,12,300.0
1906.0,10,300.0
1906.0,11,300.0
1906.0,12,300.0
1907.0,10,300.0
1907.0,11,300.0
1907.0,12,300.0
1908.0,10,300.0
1908.0,11,300.0
1908.0,12,300.0
1909.0,10,300.0
1909.0,11,300.0
1909.0,12,300.0
1910.0,10,300.0
1910.0,11,300.0
1910.0,12,300.0
1911.0,10,300.0
1911.0,11,300.0
1911.0,12,300.0
1912.0,10,300.0
1912.0,11,300.0
1912.0,12,300.0
1913.0,10,300.0
1913.0,11,300.0
1913.0,12,300.0
1914.0,10,300.0
1914.0,11,300.0
1914.0,12,300.0
1915.0,10,300.0
1915.0,11,300.0
1915.0,12,300.0
1916.0,10,300.0
1916.0,11,300.0
1916.0,12,300.0
1917.0,10,300.0
1917.0,11,300.0
1917.0,12,300.0
1918.0,10,300.0
1918.0,11,300.0
1918.0,12,300.0
1919.0,10,300.0
1919.0,11,300.0
1919.0,12,300.0
1920.0,10,300.0
1920.0,11,300.0
1920.0,12,300.0
1921.0,10,300.0
1921.0,11,300.0
1921.0,12,300.0
1922.0,10,300.0
1922.0,11,300.0
1922.0,12,300.0
1923.0,10,300.0
1923.0,11,300.0
1923.0,12,300.0
1924.0,10,300.0
1924.0,11,300.0
1924.0,12,300.0
1925.0,10,300.0
1925.0,11,300.0
1925.0,12,300.0
1926.0,10,300.0
1926.0,11,300.0
1926.0,12,300.0
1927.0,10,300.0
1927.0,11,300.0
1927.0,12,300.0
1928.0,10,300.0
1928.0,11,300.0
1928.0,12,300.0
1929.0,10,300.0
1929.0,11,300.0
1929.0,12,300.0
1930.0,10,300.0
1930.0,11,300.0
1930.0,12,300.0
1931.0,10,300.0
1931.0,11,300.0
1931.0,12,300.0
1932.0,10,300.0
1932.0,11,300.0
1932.0,12,300.0
1933.0,10,300.0
1933.0,11,300.0
1933.0,12,300.0
1934.0,10,300.0
1934.0,11,300.0
1934.0,12,300.0
1935.0,10,300.0
1935.0,11,300.0
1935.0,12,300.0
1936.0,10,300.0
1936.0,11,300.0
1936.0,12,300.0
1937.0,10,300.0
1937.0,11,300.0
1937.0,12,300.0
1938.0,10,300.0
1938.0,11,300.0
1938.0,12,300.0
1939.0,10,300.0
1939.0,11,300.0
1939.0,12,300.0
1940.0,10,300.0
1940.0,11,300.0
1940.0,12,300.0
1941.0,10,300.0
1941.0,11,300.0
1941.0,12,300.0
1942.0,10,300.0
1942.0,11,300.0
1942.0,12,300.0
1943.0,10,300.0
1943.0,11,300.0
1943.0,12,300.0
1944.0,10,300.0
1944.0,11,300.0
1944.0,12,300.0
1945.0,10,300.0
1945.0,11,300.0
1945.0,12,300.0
1946.0,10,300.0
1946.0,11,300.0
1946.0,12,300.0
1947.0,10,300.0
1947.0,11,300.0
1947.0,12,300.0
1948.0,10,300.0
1948.0,11,300.0
1948.0,12,300.0
1949.0,10,300.0
1949.0,11,300.0
1949.0,12,300.0
1950.0,10,300.0
1950.0,11,300.0
1950.0,12,300.0
1951.0,10,300.0
1951.0,11,300.0
1951.0,12,300.0
1952.0,10,300.0
1952.0,11,300.0
1952.0,12,300.0
1953.0,10,300.0
1953.0,11,300.0
1953.0,12,300.0
1954.0,10,300.0
1954.0,11,300.0
1954.0,12,300.0
1955.0,10,300.0
1955.0,11,300.0
1955.0,12,300.0
1956.0,10,300.0
1956.0,11,300.0
1956.0,12,300.0
1957.0,10,300.0
1957.0,11,300.0
1957.0,12,300.0
1958.0,10,300.0
1958.0,11,300.0
1958.0,12,300.0
1959.0,10,300.0
1959.0,11,300.0
1959.0,12,300.0
1960.0,10,300.0
1960.0,11,300.0
1960.0,12,300.0
1961.0,10,300.0
1961.0,11,300.0
1961.0,12,300.0
1962.0,10,300.0
1962.0,11,300.0
1962.0,12,300.0
1963.0,10,300.0
1963.0,11,300.0
1963.0,12,300.0
1964.0,10,300.0
1964.0,11,300.0
1964.0,12,300.0
1965.0,10,300.0
1965.0,11,300.0
1965.0,12,300.0
1966.0,10,300.0
1966.0,11,300.0
1966.0,12,300.0
1967.0,10,300.0
1967.0,11,300.0
1967.0,12,300.0
1968.0,10,300.0
1968.0,11,300.0
1968.0,12,300.0
1969.0,10,300.0
1969.0,11,300.0
1969.0,12,300.0
1970.0,10,300.0
1970.0,11,300.0
1970.0,12,300.0
1971.0,10,300.0
1971.0,11,300.0
1971.0,12,300.0
1972.0,10,300.0
1972.0,11,300.0
1972.0,12,300.0
1973.0,10,300.0
1973.0,11,300.0
1973.0,12,300.0
1974.0,10,300.0
1974.0,11,300.0
1974.0,12,300.0
1975.0,10,300.0
1975.0,11,300.0
1975.0,12,300.0
1976.0,10,300.0
1976.0,11,300.0
1976.0,12,300.0
1977.0,10,300.0
1977.0,11,300.0
1977.0,12,300.0
1978.0,10,300.0
1978.0,11,300.0
1978.0,12,300.0
1979.0,10,300.0
1979.0,11,300.0
1979.0,12,300.0
1980.0,10,300.0
1980.0,11,300.0
1980.0,12,300.0
1981.0,10,300.0
1981.0,11,300.0
1981.0,12,300.0
1982.0,10,300.0
1982.0,11,300.0
1982.0,12,300.0
1983.0,10,300.0
1983.0,11,300.0
1983.0,12,300.0
1984.0,10,300.0
1984.0,11,300.0
1984.0,12,300.0
1985.0,10,300.0
1985.0,11,300.0
1985.0,12,300.0
1986.0,10,300.0
1986.0,11,300.0
1986.0,12,300.0
1987.0,10,300.0
1987.0,11,300.0
1987.0,12,300.0
1988.0,10,300.0
1988.0,11,300.0
1988.0,12,300.0
1989.0,10,300.0
1989.0,11,300.0
1989.0,12,300.0
1990.0,10,300.0
1990.0,11,300.0
1990.0,12,300.0
1991.0,10,300.0
1991.0,11,300.0
1991.0,12,300.0
1992.0,10,300.0
1992.0,11,300.0
1992.0,12,300.0
1993.0,10,300.0
1993.0,11,300.0
1993.0,12,300.0
1994.0,10,300.0
1994.0,11,300.0
1994.0,12,300.0
1995.0,10,300.0
1995.0,11,300.0
1995.0,12,300.0
1996.0,10,300.0
1996.0,11,300.0
1996.0,12,300.0
1997.0,10,300.0
1997.0,11,300.0
1997.0,12,300.0
1998.0,10,300.0
1998.0,11,300.0
1998.0,12,300.0
1999.0,10,300.0
1999.0,11,300.0
1999.0,12,300.0
2000.0,10,300.0
2000.0,11,300.0
2000.0,12,300.0
2001.0,10,300.0
2001.0,11,300.0
2001.0,12,300.0
2002.0,10,300.0
2002.0,11,300.0
2002.0,12,300.0
2003.0,10,300.0
2003.0,11,300.0
2003.0,12,300.0
2004.0,10,300.0
2004.0,11,300.0
2004.0,12,300.0
2005.0,10,300.0
2005.0,11,300.0
2005.0,12,300.0
2006.0,10,300.0
2006.0,11,300.0
2006.0,12,300.0
2007.0,10,300.0
2007.0,11,300.0
2007.0,12,300.0
2008.0,10,300.0
2008.0,11,300.0
2008.0,12,300.0
2009.0,10,300.0
2009.0,11,300.0
2009.0,12,300.0
2010.0,10,300.0
2010.0,11,300.0
2010.0,12,300.0
2011.0,10,300.0
2011.0,11,300.0
2011.0,12,300.0
2012.0,10,300.0
2012.0,11,300.0
2012.0,12,300.0
2013.0,10,300.0
2013.0,11,300.0
2013.0,12,300.0
2014.0,10,300.0
2014.0,11,300.0
2014.0,12,300.0
2015.0,10,300.0
2015.0,11,300.0
2015.0,12,300.0
2016.0,10,300.0
2016.0,11,300.0
2016.0,12,300.0
2017.0,10,300.0
2017.0,11,300.0
2017.0,12,300.0
2018.0,10,300.0
2018.0,11,300.0
2018.0,12,300.0
2019.0,10,300.0
2019.0,11,300.0
2019.0,12,300.0
2020.0,10,300.0
2020.0,11,300.0
2020.0,12,300.0
2021.0,10,300.0
2021.0,11,300.0
2021.0,12,300.0
2022.0,10,300.0
2022.0,11,300.0
2022.0,12,300.0
2023.0,10,300.0
2023.0,11,300.0
2023.0,12,300.0
2024.0,10,300.0
2024.0,11,300.0
2024.0,12,300.0
2025.0,10,300.0
2025.0,11,300.0
2025.0,12,300.0
2026.0,10,300.0
2026.0,11,300.0
2026.0,12,300.0
2027.0,10,300.0
2027.0,11,300.0
2027.0,12,300.0
2028.0,10,300.0
2028.0,11,300.0
2028.0,12,300.0
2029.0,10,300.0
2029.0,11,300.0
2029.0,12,300.0
2030.0,10,300.0
2030.0,11,300.0
2030.0,12,300.0
2031.0,10,300.0
2031.0,11,300.0
2031.0,12,300.0
2032.0,10,300.0
2032.0,11,300.0
2032.0,12,300.0
2033.0,10,300.0
2033.0,11,300.0
2033.0,12,300.0
2034.0,10,300.0
2034.0,11,300.0
2034.0,12,300.0
2035.0,10,300.0
2035.0,11,300.0
2035.0,12,300.0
2036.0,10,300.0
2036.0,11,300.0
2036.0,12,300.0
2037.0,10,300.0
2037.0,11,300.0
2037.0,12,300.0
2038.0,10,300.0
2038.0,11,300.0
2038.0,12,300.0
2039.0,10,300.0
2039.0,11,300.0
2039.0,12,300.0
2040.0,10,300.0
2040.0,11,300.0
2040.0,12,300.0
2041.0,10,300.0
2041.0,11,300.0
2041.0,12,300.0
2042.0,10,300.0
2042.0,11,300.0
2042.0,12,300.0
2043.0,10,300.0
2043.0,11,300.0
2043.0,12,300.0
2044.0,10,300.0
2044.0,11,300.0
2044.0,12,300.0
2045.0,10,300.0
2045.0,11,300.0
2045.0,12,300.0
2046.0,10,300.0
2046.0,11,300.0
2046.0,12,300.0
2047.0,10,300.0
2047.0,11,300.0
2047.0,12,300.0
2048.0,10,300.0
2048.0,11,300.0
2048.0,12,300.0
2049.0,10,300.0
2049.0,11,300.0
2049.0,12,300.0
2050.0,10,300.0
2050.0,11,300.0
2050.0,12,300.0
2051.0,10,300.0
2051.0,11,300.0
2051.0,12,300.0
2052.0,10,300.0
2052.0,11,300.0
2052.0,12,300.0
2053.0,10,300.0
2053.0,11,300.0
2053.0,12,300.0
2054.0,10,300.0
2054.0,11,300.0
2054.0,12,300.0
2055.0,10,300.0
2055.0,11,300.0
2055.0,12,300.0
2056.0,10,300.0
2056.0,11,300.0
2056.0,12,300.0
2057.0,10,300.0
2057.0,11,300.0
2057.0,12,300.0
2058.0,10,300.0
2058.0,11,300.0
2058.0,12,300.0
2059.0,10,300.0
2059.0,11,300.0
2059.0,12,300.0
2060.0,10,300.0
2060.0,11,300.0
2060.0,12,300.0
2061.0,10,300.0
2061.0,11,300.0
2061.0,12,300.0
2062.0,10,300.0
2062.0,11,300.0
2062.0,12,300.0
2063.0,10,300.0
2063.0,11,300.0
2063.0,12,300.0
2064.0,10,300.0
2064.0,11,300.0
2064.0,12,300.0
2065.0,10,300.0
2065.0,11,300.0
2065.0,12,300.0
2066.0,10,300.0
2066.0,11,300.0
2066.0,12,300.0
2067.0,10,300.0
2067.0,11,300.0
2067.0,12,300.0
2068.0,10,300.0
2068.0,11,300.0
2068.0,12,300.0
2069.0,10,300.0
2069.0,11,300.0
2069.0,12,300.0
2070.0,10,300.0
2070.0,11,300.0
2070.0,12,300.0
2071.0,10,300.0
2071.0,11,300.0
2071.0,12,300.0
2072.0,10,300.0
2072.0,11,300.0
2072.0,12,300.0
2073.0,10,300.0
2073.0,11,300.0
2073.0,12,300.0
2074.0,10,300.0
2074.0,11,300.0
2074.0,12,300.0
2075.0,10,300.0
2075.0,11,300.0
2075.0,12,300.0
2076.0,10,300.0
2076.0,11,300.0
2076.0,12,300.0
2077.0,10,300.0
2077.0,11,300.0
2077.0,12,300.0
2078.0,10,300.0
2078.0,11,300.0
2078.0,12,300.0
2079.0,10,300.0
2079.0,11,300.0
2079.0,12,300.0
2080.0,10,300.0
2080.0,11,300.0
2080.0,12,300.0
2081.0,10,300.0
2081.0,11,300.0
2081.0,12,300.0
2082.0,10,300.0
2082.0,11,300.0
2082.0,12,300.0
2083.0,10,300.0
2083.0,11,300.0
2083.0,12,300.0
2084.0,10,300.0
2084.0,11,300.0
2084.0,12,300.0
2085.0,10,300.0
2085.0,11,300.0
2085.0,12,300.0
2086.0,10,300.0
2086.0,11,300.0
2086.0,12,300.0
2087.0,10,300.0
2087.0,11,300.0
2087.0,12,300.0
2088.0,10,300.0
2088.0,11,300.0
2088.0,12,300.0
2089.0,10,300.0
2089.0,11,300.0
2089.0,12,300.0
2090.0,10,300.0
2090.0,11,300.0
2090.0,12,300.0
2091.0,10,300.0
2091.0,11,300.0
2091.0,12,300.0
2092.0,10,300.0
2092.0,11,300.0
2092.0,12,300.0
2093.0,10,300.0
2093.0,11,300.0
2093.0,12,300.0
2094.0,10,300.0
2094.0,11,300.0
2094.0,12,300.0
2095.0,10,300.0
2095.0,11,300.0
2095.0,12,300.0
2096.0,10,300.0
2096.0,11,300.0
2096.0,12,300.0
2097.0,10,300.0
2097.0,11,300.0
2097.0,12,300.0
2098.0,10,300.0
2098.0,11,300.0
2098.0,12,300.0
2099.0,10,300.0
2099.0,11,300.0
2099.0,12,300.0
2100.0,10,300.0
2100.0,11,300.0
2100.0,12,300.0
2101.0,10,300.0
2101.0,11,300.0
2101.0,12,300.0
2102.0,10,300.0
2102.0,11,300.0
2102.0,12,300.0
2103.0,10,300.0
2103.0,11,300.0
2103.0,12,300.0
2104.0,10,300.0
2104.0,11,300.0
2104.0,12,300.0
2105.0,10,300.0
2105.0,11,300.0
2105.0,12,300.0
2106.0,10,300.0
2106.0,11,300.0
2106.0,12,300.0
2107.0,10,300.0
2107.0,11,300.0
2107.0,12,300.0
2108.0,10,300.0
2108.0,11,300.0
2108.0,12,300.0
2109.0,10,300.0
2109.0,11,300.0
2109.0,12,300.0
2110.0,10,300.0
2110.0,11,300.0
2110.0,12,300.0
2111.0,10,300.0
2111.0,11,300.0
2111.0,12,300.0
2112.0,10,300.0
2112.0,11,300.0
2112.0,12,300.0
2113.0,10,300.0
2113.0,11,300.0
2113.0,12,300.0
2114.0,10,300.0
2114.0,11,300.0
2114.0,12,300.0
2115.0,10,300.0
2115.0,11,300.0
2115.0,12,300.0
2116.0,10,300.0
2116.0,11,300.0
2116.0,12,300.0
2117.0,10,300.0
2117.0,11,300.0
2117.0,12,300.0
2118.0,10,300.0
2118.0,11,300.0
2118.0,12,300.0
2119.0,10,300.0
2119.0,11,300.0
2119.0,12,300.0
2120.0,10,300.0
2120.0,11,300.0
2120.0,12,300.0
2121.0,10,300.0
2121.0,11,300.0
2121.0,12,300.0
2122.0,10,300.0
2122.0,11,300.0
2122.0,12,300.0
2123.0,10,300.0
2123.0,11,300.0
2123.0,12,300.0
2124.0,10,300.0
2124.0,11,300.0
2124.0,12,300.0
2125.0,10,300.0
2125.0,11,300.0
2125.0,12,300.0
2126.0,10,300.0
2126.0,11,300.0
2126.0,12,300.0
2127.0,10,300.0
2127.0,11,300.0
2127.0,12,300.0
2128.0,10,300.0
2128.0,11,300.0
2128.0,12,300.0
2129.0,10,300.0
2129.0,11,300.0
2129.0,12,300.0
2130.0,10,300.0
2130.0,11,300.0
2130.0,12,300.0
2131.0,10,300.0
2131.0,11,300.0
2131.0,12,300.0
2132.0,10,300.0
2132.0,11,300.0
2132.0,12,300.0
2133.0,10,300.0
2133.0,11,300.0
2133.0,12,300.0
2134.0,10,300.0
2134.0,11,300.0
2134.0,12,300.0
2135.0,10,300.0
2135.0,11,300.0
2135.0,12,300.0
2136.0,10,300.0
2136.0,11,300.0
2136.0,12,300.0
2137.0,10,300.0
2137.0,11,300.0
2137.0,12,300.0
2138.0,10,300.0
2138.0,11,300.0
2138.0,12,300.0
2139.0,10,300.0
2139.0,11,300.0
2139.0,12,300.0
2140.0,10,300.0
2140.0,11,300.0
2140.0,12,300.0
2141.0,10,300.0
2141.0,11,300.0
2141.0,12,300.0
2142.0,10,300.0
2142.0,11,300.0
2142.0,12,300.0
2143.0,10,300.0
2143.0,11,300.0
2143.0,12,300.0
2144.0,10,300.0
2144.0,11,300.0
2144.0,12,300.0
2145.0,10,300.0
2145.0,11,300.0
2145.0,12,300.0
2146.0,10,300.0
2146.0,11,300.0
2146.0,12,300.0
2147.0,10,300.0
2147.0,11,300.0
2147.0,12,300.0
2148.0,10,300.0
2148.0,11,300.0
2148.0,12,300.0
2149.0,10,300.0
2149.0,11,300.0
2149.0,12,300.0
2150.0,10,300.0
2150.0,11,300.0
2150.0,12,300.0
2151.0,10,300.0
2151.0,11,300.0
2151.0,12,300.0
2152.0,10,300.0
2152.0,11,300.0
2152.0,12,300.0
2153.0,10,300.0
2153.0,11,300.0
2153.0,12,300.0
2154.0,10,300.0
2154.0,11,300.0
2154.0,12,300.0
2155.0,10,300.0
2155.0,11,300.0
2155.0,12,300.0
2156.0,10,300.0
2156.0,11,300.0
2156.0,12,300.0
2157.0,10,300.0
2157.0,11,300.0
2157.0,12,300.0
2158.0,10,300.0
2158.0,11,300.0
2158.0,12,300.0
2159.0,10,300.0
2159.0,11,300.0
2159.0,12,300.0
2160.0,10,300.0
2160.0,11,300.0
2160.0,12,300.0
2161.0,10,300.0
2161.0,11,300.0
2161.0,12,300.0
2162.0,10,300.0
2162.0,11,300.0
2162.0,12,300.0
2163.0,10,300.0
2163.0,11,300.0
2163.0,12,300.0
2164.0,10,300.0
2164.0,11,300.0
2164.0,12,300.0
2165.0,10,300.0
2165.0,11,300.0
2165.0,12,300.0
2166.0,10,300.0
2166.0,11,300.0
2166.0,12,300.0
2167.0,10,300.0
2167.0,11,300.0
2167.0,12,300.0
2168.0,10,300.0
2168.0,11,300.0
2168.0,12,300.0
2169.0,10,300.0
2169.0,11,300.0
2169.0,12,300.0
2170.0,10,300.0
2170.0,11,300.0
2170.0,12,300.0
2171.0,10,300.0
2171.0,11,300.0
2171.0,12,300.0
2172.0,10,300.0
2172.0,11,300.0
2172.0,12,300.0
2173.0,10,300.0
2173.0,11,300.0
2173.0,12,300.0
2174.0,10,300.0
2174.0,11,300.0
2174.0,12,300.0
2175.0,10,300.0
2175.0,11,300.0
2175.0,12,300.0
2176.0,10,300.0
2176.0,11,300.0
2176.0,12,300.0
2177.0,10,300.0
2177.0,11,300.0
2177.0,12,300.0
2178.0,10,300.0
2178.0,11,300.0
2178.0,12,300.0
2179.0,10,300.0
2179.0,11,300.0
2179.0,12,300.0
2180.0,10,300.0
2180.0,11,300.0
2180.0,12,300.0
2181.0,10,300.0
2181.0,11,300.0
2181.0,12,300.0
2182.0,10,300.0
2182.0,11,300.0
2182.0,12,300.0
2183.0,10,300.0
2183.0,11,300.0
2183.0,12,300.0
2184.0,10,300.0
2184.0,11,300.0
2184.0,12,300.0
2185.0,10,300.0
2185.0,11,300.0
2185.0,12,300.0
2186.0,10,300.0
2186.0,11,300.0
2186.0,12,300.0
2187.0,10,300.0
2187.0,11,300.0
2187.0,12,300.0
2188.0,10,300.0
2188.0,11,300.0
2188.0,12,300.0
2189.0,10,300.0
2189.0,11,300.0
2189.0,12,300.0
2190.0,10,300.0
2190.0,11,300.0
2190.0,12,300.0
2191.0,10,300.0
2191.0,11,300.0
2191.0,12,300.0
2192.0,10,300.0
2192.0,11,300.0
2192.0,12,300.0
2193.0,10,300.0
2193.0,11,300.0
2193.0,12,300.0
2194.0,10,300.0
2194.0,11,300.0
2194.0,12,300.0
2195.0,10,300.0
2195.0,11,300.0
2195.0,12,300.0
2196.0,10,300.0
2196.0,11,300.0
2196.0,12,300.0
2197.0,10,300.0
2197.0,11,300.0
2197.0,12,300.0
2198.0,10,300.0
2198.0,11,300.0
2198.0,12,300.0
2199.0,10,300.0
2199.0,11,300.0
2199.0,12,300.0
2200.0,10,300.0
2200.0,11,300.0
2200.0,12,300.0
2201.0,10,300.0
2201.0,11,300.0
2201.0,12,300.0
2202.0,10,300.0
2202.0,11,300.0
2202.0,12,300.0
2203.0,10,300.0
2203.0,11,300.0
2203.0,12,300.0
2204.0,10,300.0
2204.0,11,300.0
2204.0,12,300.0
2205.0,10,300.0
2205.0,11,300.0
2205.0,12,300.0
2206.0,10,300.0
2206.0,11,300.0
2206.0,12,300.0
2207.0,10,300.0
2207.0,11,300.0
2207.0,12,300.0
2208.0,10,300.0
2208.0,11,300.0
2208.0,12,300.0
2209.0,10,300.0
2209.0,11,300.0
2209.0,12,300.0
2210.0,10,300.0
2210.0,11,300.0
2210.0,12,300.0
2211.0,10,300.0
2211.0,11,300.0
2211.0,12,300.0
2212.0,10,300.0
2212.0,11,300.0
2212.0,12,300.0
2213.0,10,300.0
2213.0,11,300.0
2213.0,12,300.0
2214.0,10,300.0
2214.0,11,300.0
2214.0,12,300.0
2215.0,10,300.0
2215.0,11,300.0
2215.0,12,300.0
2216.0,10,300.0
2216.0,11,300.0
2216.0,12,300.0
2217.0,10,300.0
2217.0,11,300.0
2217.0,12,300.0
2218.0,10,300.0
2218.0,11,300.0
2218.0,12,300.0
2219.0,10,300.0
2219.0,11,300.0
2219.0,12,300.0
2220.0,10,300.0
2220.0,11,300.0
2220.0,12,300.0
2221.0,10,300.0
2221.0,11,300.0
2221.0,12,300.0
2222.0,10,300.0
2222.0,11,300.0
2222.0,12,300.0
2223.0,10,300.0
2223.0,11,300.0
2223.0,12,300.0
2224.0,10,300.0
2224.0,11,300.0
2224.0,12,300.0
2225.0,10,300.0
2225.0,11,300.0
2225.0,12,300.0
2226.0,10,300.0
2226.0,11,300.0
2226.0,12,300.0
2227.0,10,300.0
2227.0,11,300.0
2227.0,12,300.0
2228.0,10,300.0
2228.0,11,300.0
2228.0,12,300.0
2229.0,10,300.0
2229.0,11,300.0
2229.0,12,300.0
2230.0,10,300.0
2230.0,11,300.0
2230.0,12,300.0
2231.0,10,300.0
2231.0,11,300.0
2231.0,12,300.0
2232.0,10,300.0
2232.0,11,300.0
2232.0,12,300.0
2233.0,10,300.0
2233.0,11,300.0
2233.0,12,300.0
2234.0,10,300.0
2234.0,11,300.0
2234.0,12,300.0
2235.0,10,300.0
2235.0,11,300.0
2235.0,12,300.0
2236.0,10,300.0
2236.0,11,300.0
2236.0,12,300.0
2237.0,10,300.0
2237.0,11,300.0
2237.0,12,300.0
2238.0,10,300.0
2238.0,11,300.0
2238.0,12,300.0
2239.0,10,300.0
2239.0,11,300.0
2239.0,12,300.0
2240.0,10,300.0
2240.0,11,300.0
2240.0,12,300.0
2241.0,10,300.0
2241.0,11,300.0
2241.0,12,300.0
2242.0,10,300.0
2242.0,11,300.0
2242.0,12,300.0
2243.0,10,300.0
2243.0,11,300.0
2243.0,12,300.0
2244.0,10,300.0
2244.0,11,300.0
2244.0,12,300.0
2245.0,10,300.0
2245.0,11,300.0
2245.0,12,300.0
2246.0,10,300.0
2246.0,11,300.0
2246.0,12,300.0
2247.0,10,300.0
2247.0,11,300.0
2247.0,12,300.0
2248.0,10,300.0
2248.0,11,300.0
2248.0,12,300.0
2249.0,10,300.0
2249.0,11,300.0
2249.0,12,300.0
2250.0,10,300.0
2250.0,11,300.0
2250.0,12,300.0
2251.0,10,300.0
2251.0,11,300.0
2251.0,12,300.0
2252.0,10,300.0
2252.0,11,300.0
2252.0,12,300.0
2253.0,10,300.0
2253.0,11,300.0
2253.0,12,300.0
2254.0,10,300.0
2254.0,11,300.0
2254.0,12,300.0
2255.0,10,300.0
2255.0,11,300.0
2255.0,12,300.0
2256.0,10,300.0
2256.0,11,300.0
2256.0,12,300.0
2257.0,10,300.0
2257.0,11,300.0
2257.0,12,300.0
2258.0,10,300.0
2258.0,11,300.0
2258.0,12,300.0
2259.0,10,300.0
2259.0,11,300.0
2259.0,12,300.0
2260.0,10,300.0
2260.0,11,300.0
2260.0,12,300.0
2261.0,10,300.0
2261.0,11,300.0
2261.0,12,300.0
2262.0,10,300.0
2262.0,11,300.0
2262.0,12,300.0
2263.0,10,300.0
2263.0,11,300.0
2263.0,12,300.0
2264.0,10,300.0
2264.0,11,300.0
2264.0,12,300.0
2265.0,10,300.0
2265.0,11,300.0
2265.0,12,300.0
2266.0,10,300.0
2266.0,11,300.0
2266.0,12,300.0
2267.0,10,300.0
2267.0,11,300.0
2267.0,12,300.0
2268.0,10,300.0
2268.0,11,300.0
2268.0,12,300.0
2269.0,10,300.0
2269.0,11,300.0
2269.0,12,300.0
2270.0,10,300.0
2270.0,11,300.0
2270.0,12,300.0
2271.0,10,300.0
2271.0,11,300.0
2271.0,12,300.0
2272.0,10,300.0
2272.0,11,300.0
2272.0,12,300.0
2273.0,10,300.0
2273.0,11,300.0
2273.0,12,300.0
2274.0,10,300.0
2274.0,11,300.0
2274.0,12,300.0
2275.0,10,300.0
2275.0,11,300.0
2275.0,12,300.0
2276.0,10,300.0
2276.0,11,300.0
2276.0,12,300.0
2277.0,10,300.0
2277.0,11,300.0
2277.0,12,300.0
2278.0,10,300.0
2278.0,11,300.0
2278.0,12,300.0
2279.0,10,300.0
2279.0,11,300.0
2279.0,12,300.0
2280.0,10,300.0
2280.0,11,300.0
2280.0,12,300.0
2281.0,10,300.0
2281.0,11,300.0
2281.0,12,300.0
2282.0,10,300.0
2282.0,11,300.0
2282.0,12,300.0
2283.0,10,300.0
2283.0,11,300.0
2283.0,12,300.0
2284.0,10,300.0
2284.0,11,300.0
2284.0,12,300.0
2285.0,10,300.0
2285.0,11,300.0
2285.0,12,300.0
2286.0,10,300.0
2286.0,11,300.0
2286.0,12,300.0
2287.0,10,300.0
2287.0,11,300.0
2287.0,12,300.0
2288.0,10,300.0
2288.0,11,300.0
2288.0,12,300.0
2289.0,10,300.0
2289.0,11,300.0
2289.0,12,300.0
2290.0,10,300.0
2290.0,11,300.0
2290.0,12,300.0
2291.0,10,300.0
2291.0,11,300.0
2291.0,12,300.0
2292.0,10,300.0
2292.0,11,300.0
2292.0,12,300.0
2293.0,10,300.0
2293.0,11,300.0
2293.0,12,300.0
2294.0,10,300.0
2294.0,11,300.0
2294.0,12,300.0
2295.0,10,300.0
2295.0,11,300.0
2295.0,12,300.0
2296.0,10,300.0
2296.0,11,300.0
2296.0,12,300.0
2297.0,10,300.0
2297.0,11,300.0
2297.0,12,300.0
2298.0,10,300.0
2298.0,11,300.0
2298.0,12,300.0
2299.0,10,300.0
2299.0,11,300.0
2299.0,12,300.0
2300.0,10,300.0
2300.0,11,300.0
2300.0,12,300.0
2301.0,10,300.0
2301.0,11,300.0
2301.0,12,300.0
2302.0,10,300.0
2302.0,11,300.0
2302.0,12,300.0
2303.0,10,300.0
2303.0,11,300.0
2303.0,12,300.0
2304.0,10,300.0
2304.0,11,300.0
2304.0,12,300.0
2305.0,10,300.0
2305.0,11,300.0
2305.0,12,300.0
2306.0,10,300.0
2306.0,11,300.0
2306.0,12,300.0
2307.0,10,300.0
2307.0,11,300.0
2307.0,12,300.0
2308.0,10,300.0
2308.0,11,300.0
2308.0,12,300.0
2309.0,10,300.0
2309.0,11,300.0
2309.0,12,300.0
2310.0,10,300.0
2310.0,11,300.0
2310.0,12,300.0
2311.0,10,300.0
2311.0,11,300.0
2311.0,12,300.0
2312.0,10,300.0
2312.0,11,300.0
2312.0,12,300.0
2313.0,10,300.0
2313.0,11,300.0
2313.0,12,300.0
2314.0,10,300.0
2314.0,11,300.0
2314.0,12,300.0
2315.0,10,300.0
2315.0,11,300.0
2315.0,12,300.0
2316.0,10,300.0
2316.0,11,300.0
2316.0,12,300.0
2317.0,10,300.0
2317.0,11,300.0
2317.0,12,300.0
2318.0,10,300.0
2318.0,11,300.0
2318.0,12,300.0
2319.0,10,300.0
2319.0,11,300.0
2319.0,12,300.0
2320.0,10,300.0
2320.0,11,300.0
2320.0,12,300.0
2321.0,10,300.0
2321.0,11,300.0
2321.0,12,300.0
2322.0,10,300.0
2322.0,11,300.0
2322.0,12,300.0
2323.0,10,300.0
2323.0,11,300.0
2323.0,12,300.0
2324.0,10,300.0
2324.0,11,300.0
2324.0,12,300.0
2325.0,10,300.0
2325.0,11,300.0
2325.0,12,300.0
2326.0,10,300.0
2326.0,11,300.0
2326.0,12,300.0
2327.0,10,300.0
2327.0,11,300.0
2327.0,12,300.0
2328.0,10,300.0
2328.0,11,300.0
2328.0,12,300.0
2329.0,10,300.0
2329.0,11,300.0
2329.0,12,300.0
2330.0,10,300.0
2330.0,11,300.0
2330.0,12,300.0
2331.0,10,300.0
2331.0,11,300.0
2331.0,12,300.0
2332.0,10,300.0
2332.0,11,300.0
2332.0,12,300.0
2333.0,10,300.0
2333.0,11,300.0
2333.0,12,300.0
2334.0,10,300.0
2334.0,11,300.0
2334.0,12,300.0
2335.0,10,300.0
2335.0,11,300.0
2335.0,12,300.0
2336.0,10,300.0
2336.0,11,300.0
2336.0,12,300.0
2337.0,10,300.0
2337.0,11,300.0
2337.0,12,300.0
2338.0,10,300.0
2338.0,11,300.0
2338.0,12,300.0
2339.0,10,300.0
2339.0,11,300.0
2339.0,12,300.0
2340.0,10,300.0
2340.0,11,300.0
2340.0,12,300.0
2341.0,10,300.0
2341.0,11,300.0
2341.0,12,300.0
2342.0,10,300.0
2342.0,11,300.0
2342.0,12,300.0
2343.0,10,300.0
2343.0,11,300.0
2343.0,12,300.0
2344.0,10,300.0
2344.0,11,300.0
2344.0,12,300.0
2345.0,10,300.0
2345.0,11,300.0
2345.0,12,300.0
2346.0,10,300.0
2346.0,11,300.0
2346.0,12,300.0
2347.0,10,300.0
2347.0,11,300.0
2347.0,12,300.0
2348.0,10,300.0
2348.0,11,300.0
2348.0,12,300.0
2349.0,10,300.0
2349.0,11,300.0
2349.0,12,300.0
2350.0,10,300.0
2350.0,11,300.0
2350.0,12,300.0
2351.0,10,300.0
2351.0,11,300.0
2351.0,12,300.0
2352.0,10,300.0
2352.0,11,300.0
2352.0,12,300.0
2353.0,10,300.0
2353.0,11,300.0
2353.0,12,300.0
2354.0,10,300.0
2354.0,11,300.0
2354.0,12,300.0
2355.0,10,300.0
2355.0,11,300.0
2355.0,12,300.0
2356.0,10,300.0
2356.0,11,300.0
2356.0,12,300.0
2357.0,10,300.0
2357.0,11,300.0
2357.0,12,300.0
2358.0,10,300.0
2358.0,11,300.0
2358.0,12,300.0
2359.0,10,300.0
2359.0,11,300.0
2359.0,12,300.0
2360.0,10,300.0
2360.0,11,300.0
2360.0,12,300.0
2361.0,10,300.0
2361.0,11,300.0
2361.0,12,300.0
2362.0,10,300.0
2362.0,11,300.0
2362.0,12,300.0
2363.0,10,300.0
2363.0,11,300.0
2363.0,12,300.0
2364.0,10,300.0
2364.0,11,300.0
2364.0,12,300.0
2365.0,10,300.0
2365.0,11,300.0
2365.0,12,300.0
2366.0,10,300.0
2366.0,11,300.0
2366.0,12,300.0
2367.0,10,300.0
2367.0,11,300.0
2367.0,12,300.0
2368.0,10,300.0
2368.0,11,300.0
2368.0,12,300.0
2369.0,10,300.0
2369.0,11,300.0
2369.0,12,300.0
2370.0,10,300.0
2370.0,11,300.0
2370.0,12,300.0
2371.0,10,300.0
2371.0,11,300.0
2371.0,12,300.0
2372.0,10,300.0
2372.0,11,300.0
2372.0,12,300.0
2373.0,10,300.0
2373.0,11,300.0
2373.0,12,300.0
2374.0,10,300.0
2374.0,11,300.0
2374.0,12,300.0
2375.0,10,300.0
2375.0,11,300.0
2375.0,12,300.0
2376.0,10,300.0
2376.0,11,300.0
2376.0,12,300.0
2377.0,10,300.0
2377.0,11,300.0
2377.0,12,300.0
2378.0,10,300.0
2378.0,11,300.0
2378.0,12,300.0
2379.0,10,300.0
2379.0,11,300.0
2379.0,12,300.0
2380.0,10,300.0
2380.0,11,300.0
2380.0,12,300.0
2381.0,10,300.0
2381.0,11,300.0
2381.0,12,300.0
2382.0,10,300.0
2382.0,11,300.0
2382.0,12,300.0
2383.0,10,300.0
2383.0,11,300.0
2383.0,12,300.0
2384.0,10,300.0
2384.0,11,300.0
2384.0,12,300.0
2385.0,10,300.0
2385.0,11,300.0
2385.0,12,300.0
2386.0,10,300.0
2386.0,11,300.0
2386.0,12,300.0
2387.0,10,300.0
2387.0,11,300.0
2387.0,12,300.0
2388.0,10,300.0
2388.0,11,300.0
2388.0,12,300.0
2389.0,10,300.0
2389.0,11,300.0
2389.0,12,300.0
2390.0,10,300.0
2390.0,11,300.0
2390.0,12,300.0
2391.0,10,300.0
2391.0,11,300.0
2391.0,12,300.0
2392.0,10,300.0
2392.0,11,300.0
2392.0,12,300.0
2393.0,10,300.0
2393.0,11,300.0
2393.0,12,300.0
2394.0,10,300.0
2394.0,11,300.0
2394.0,12,300.0
2395.0,10,300.0
2395.0,11,300.0
2395.0,12,300.0
2396.0,10,300.0
2396.0,11,300.0
2396.0,12,300.0
2397.0,10,300.0
2397.0,11,300.0
2397.0,12,300.0
2398.0,10,300.0
2398.0,11,300.0
2398.0,12,300.0
2399.0,10,300.0
2399.0,11,300.0
2399.0,12,300.0
2400.0,10,300.0
2400.0,11,300.0
2400.0,12,300.0
2401.0,10,300.0
2401.0,11,300.0
2401.0,12,300.0
2402.0,10,300.0
2402.0,11,300.0
2402.0,12,300.0
2403.0,10,300.0
2403.0,11,300.0
2403.0,12,300.0
2404.0,10,300.0
2404.0,11,300.0
2404.0,12,300.0
2405.0,10,300.0
2405.0,11,300.0
2405.0,12,300.0
2406.0,10,300.0
2406.0,11,300.0
2406.0,12,300.0
2407.0,10,300.0
2407.0,11,300.0
2407.0,12,300.0
2408.0,10,300.0
2408.0,11,300.0
2408.0,12,300.0
2409.0,10,300.0
2409.0,11,300.0
2409.0,12,300.0
2410.0,10,300.0
2410.0,11,300.0
2410.0,12,300.0
2411.0,10,300.0
2411.0,11,300.0
2411.0,12,300.0
2412.0,10,300.0
2412.0,11,300.0
2412.0,12,300.0
2413.0,10,300.0
2413.0,11,300.0
2413.0,12,300.0
2414.0,10,300.0
2414.0,11,300.0
2414.0,12,300.0
2415.0,10,300.0
2415.0,11,300.0
2415.0,12,300.0
2416.0,10,300.0
2416.0,11,300.0
2416.0,12,300.0
2417.0,10,300.0
2417.0,11,300.0
2417.0,12,300.0
2418.0,10,300.0
2418.0,11,300.0
2418.0,12,300.0
2419.0,10,300.0
2419.0,11,300.0
2419.0,12,300.0
2420.0,10,300.0
2420.0,11,300.0
2420.0,12,300.0
2421.0,10,300.0
2421.0,11,300.0
2421.0,12,300.0
2422.0,10,300.0
2422.0,11,300.0
2422.0,12,300.0
2423.0,10,300.0
2423.0,11,300.0
2423.0,12,300.0
2424.0,10,300.0
2424.0,11,300.0
2424.0,12,300.0
2425.0,10,300.0
2425.0,11,300.0
2425.0,12,300.0
2426.0,10,300.0
2426.0,11,300.0
2426.0,12,300.0
2427.0,10,300.0
2427.0,11,300.0
2427.0,12,300.0
2428.0,10,300.0
2428.0,11,300.0
2428.0,12,300.0
2429.0,10,300.0
2429.0,11,300.0
2429.0,12,300.0
2430.0,10,300.0
2430.0,11,300.0
2430.0,12,300.0
2431.0,10,300.0
2431.0,11,300.0
2431.0,12,300.0
2432.0,10,300.0
2432.0,11,300.0
2432.0,12,300.0
2433.0,10,300.0
2433.0,11,300.0
2433.0,12,300.0
2434.0,10,300.0
2434.0,11,300.0
2434.0,12,300.0
2435.0,10,300.0
2435.0,11,300.0
2435.0,12,300.0
2436.0,10,300.0
2436.0,11,300.0
2436.0,12,300.0
2437.0,10,300.0
2437.0,11,300.0
2437.0,12,300.0
2438.0,10,300.0
2438.0,11,300.0
2438.0,12,300.0
2439.0,10,300.0
2439.0,11,300.0
2439.0,12,300.0
2440.0,10,300.0
2440.0,11,300.0
2440.0,12,300.0
2441.0,10,300.0
2441.0,11,300.0
2441.0,12,300.0
2442.0,10,300.0
2442.0,11,300.0
2442.0,12,300.0
2443.0,10,300.0
2443.0,11,300.0
2443.0,12,300.0
2444.0,10,300.0
2444.0,11,300.0
2444.0,12,300.0
2445.0,10,300.0
2445.0,11,300.0
2445.0,12,300.0
2446.0,10,300.0
2446.0,11,300.0
2446.0,12,300.0
2447.0,10,300.0
2447.0,11,300.0
2447.0,12,300.0
2448.0,10,300.0
2448.0,11,300.0
2448.0,12,300.0
2449.0,10,300.0
2449.0,11,300.0
2449.0,12,300.0
2450.0,10,300.0
2450.0,11,300.0
2450.0,12,300.0
2451.0,10,300.0
2451.0,11,300.0
2451.0,12,300.0
2452.0,10,300.0
2452.0,11,300.0
2452.0,12,300.0
2453.0,10,300.0
2453.0,11,300.0
2453.0,12,300.0
2454.0,10,300.0
2454.0,11,300.0
2454.0,12,300.0
2455.0,10,300.0
2455.0,11,300.0
2455.0,12,300.0
2456.0,10,300.0
2456.0,11,300.0
2456.0,12,300.0
2457.0,10,300.0
2457.0,11,300.0
2457.0,12,300.0
2458.0,10,300.0
2458.0,11,300.0
2458.0,12,300.0
2459.0,10,300.0
2459.0,11,300.0
2459.0,12,300.0
2460.0,10,300.0
2460.0,11,300.0
2460.0,12,300.0
2461.0,10,300.0
2461.0,11,300.0
2461.0,12,300.0
2462.0,10,300.0
2462.0,11,300.0
2462.0,12,300.0
2463.0,10,300.0
2463.0,11,300.0
2463.0,12,300.0
2464.0,10,300.0
2464.0,11,300.0
2464.0,12,300.0
2465.0,10,300.0
2465.0,11,300.0
2465.0,12,300.0
2466.0,10,300.0
2466.0,11,300.0
2466.0,12,300.0
2467.0,10,300.0
2467.0,11,300.0
2467.0,12,300.0
2468.0,10,300.0
2468.0,11,300.0
2468.0,12,300.0
2469.0,10,300.0
2469.0,11,300.0
2469.0,12,300.0
2470.0,10,300.0
2470.0,11,300.0
2470.0,12,300.0
2471.0,10,300.0
2471.0,11,300.0
2471.0,12,300.0
2472.0,10,300.0
2472.0,11,300.0
2472.0,12,300.0
2473.0,10,300.0
2473.0,11,300.0
2473.0,12,300.0
2474.0,10,300.0
2474.0,11,300.0
2474.0,12,300.0
2475.0,10,300.0
2475.0,11,300.0
2475.0,12,300.0
2476.0,10,300.0
2476.0,11,300.0
2476.0,12,300.0
2477.0,10,300.0
2477.0,11,300.0
2477.0,12,300.0
2478.0,10,300.0
2478.0,11,300.0
2478.0,12,300.0
2479.0,10,300.0
2479.0,11,300.0
2479.0,12,300.0
2480.0,10,300.0
2480.0,11,300.0
2480.0,12,300.0
2481.0,10,300.0
2481.0,11,300.0
2481.0,12,300.0
2482.0,10,300.0
2482.0,11,300.0
2482.0,12,300.0
2483.0,10,300.0
2483.0,11,300.0
2483.0,12,300.0
2484.0,10,300.0
2484.0,11,300.0
2484.0,12,300.0
2485.0,10,300.0
2485.0,11,300.0
2485.0,12,300.0
2486.0,10,300.0
2486.0,11,300.0
2486.0,12,300.0
2487.0,10,300.0
2487.0,11,300.0
2487.0,12,300.0
2488.0,10,300.0
2488.0,11,300.0
2488.0,12,300.0
2489.0,10,300.0
2489.0,11,300.0
2489.0,12,300.0
2490.0,10,300.0
2490.0,11,300.0
2490.0,12,300.0
2491.0,10,300.0
2491.0,11,300.0
2491.0,12,300.0
2492.0,10,300.0
2492.0,11,300.0
2492.0,12,300.0
2493.0,10,300.0
2493.0,11,300.0
2493.0,12,300.0
2494.0,10,300.0
2494.0,11,300.0
2494.0,12,300.0
2495.0,10,300.0
2495.0,11,300.0
2495.0,12,300.0
2496.0,10,300.0
2496.0,11,300.0
2496.0,12,300.0
2497.0,10,300.0
2497.0,11,300.0
2497.0,12,300.0
2498.0,10,300.0
2498.0,11,300.0
2498.0,12,300.0
2499.0,10,300.0
2499.0,11,300.0
2499.0,12,300.0
2500.0,10,300.0
2500.0,11,300.0
2500.0,12,300.0
2501.0,10,300.0
2501.0,11,300.0
2501.0,12,300.0
2502.0,10,300.0
2502.0,11,300.0
2502.0,12,300.0
2503.0,10,300.0
2503.0,11,300.0
2503.0,12,300.0
2504.0,10,300.0
2504.0,11,300.0
2504.0,12,300.0
2505.0,10,300.0
2505.0,11,300.0
2505.0,12,300.0
2506.0,10,300.0
2506.0,11,300.0
2506.0,12,300.0
2507.0,10,300.0
2507.0,11,300.0
2507.0,12,300.0
2508.0,10,300.0
2508.0,11,300.0
2508.0,12,300.0
2509.0,10,300.0
2509.0,11,300.0
2509.0,12,300.0
2510.0,10,300.0
2510.0,11,300.0
2510.0,12,300.0
2511.0,10,300.0
2511.0,11,300.0
2511.0,12,300.0
2512.0,10,300.0
2512.0,11,300.0
2512.0,12,300.0
2513.0,10,300.0
2513.0,11,300.0
2513.0,12,300.0
2514.0,10,300.0
2514.0,11,300.0
2514.0,12,300.0
2515.0,10,300.0
2515.0,11,300.0
2515.0,12,300.0
2516.0,10,300.0
2516.0,11,300.0
2516.0,12,300.0
2517.0,10,300.0
2517.0,11,300.0
2517.0,12,300.0
2518.0,10,300.0
2518.0,11,300.0
2518.0,12,300.0
2519.0,10,300.0
2519.0,11,300.0
2519.0,12,300.0
2520.0,10,300.0
2520.0,11,300.0
2520.0,12,300.0
2521.0,10,300.0
2521.0,11,300.0
2521.0,12,300.0
2522.0,10,300.0
2522.0,11,300.0
2522.0,12,300.0
2523.0,10,300.0
2523.0,11,300.0
2523.0,12,300.0
2524.0,10,300.0
2524.0,11,300.0
2524.0,12,300.0
2525.0,10,300.0
2525.0,11,300.0
2525.0,12,300.0
2526.0,10,300.0
2526.0,11,300.0
2526.0,12,300.0
2527.0,10,300.0
2527.0,11,300.0
2527.0,12,300.0
2528.0,10,300.0
2528.0,11,300.0
2528.0,12,300.0
2529.0,10,300.0
2529.0,11,300.0
2529.0,12,300.0
2530.0,10,300.0
2530.0,11,300.0
2530.0,12,300.0
2531.0,10,300.0
2531.0,11,300.0
2531.0,12,300.0
2532.0,10,300.0
2532.0,11,300.0
2532.0,12,300.0
2533.0,10,300.0
2533.0,11,300.0
2533.0,12,300.0
2534.0,10,300.0
2534.0,11,300.0
2534.0,12,300.0
2535.0,10,300.0
2535.0,11,300.0
2535.0,12,300.0
2536.0,10,300.0
2536.0,11,300.0
2536.0,12,300.0
2537.0,10,300.0
2537.0,11,300.0
2537.0,12,300.0
2538.0,10,300.0
2538.0,11,300.0
2538.0,12,300.0
2539.0,10,300.0
2539.0,11,300.0
2539.0,12,300.0
2540.0,10,300.0
2540.0,11,300.0
2540.0,12,300.0
2541.0,10,300.0
2541.0,11,300.0
2541.0,12,300.0
2542.0,10,300.0
2542.0,11,300.0
2542.0,12,300.0
2543.0,10,300.0
2543.0,11,300.0
2543.0,12,300.0
2544.0,10,300.0
2544.0,11,300.0
2544.0,12,300.0
2545.0,10,300.0
2545.0,11,300.0
2545.0,12,300.0
2546.0,10,300.0
2546.0,11,300.0
2546.0,12,300.0
2547.0,10,300.0
2547.0,11,300.0
2547.0,12,300.0
2548.0,10,300.0
2548.0,11,300.0
2548.0,12,300.0
2549.0,10,300.0
2549.0,11,300.0
2549.0,12,300.0
2550.0,10,300.0
2550.0,11,300.0
2550.0,12,300.0
2551.0,10,300.0
2551.0,11,300.0
2551.0,12,300.0
2552.0,10,300.0
2552.0,11,300.0
2552.0,12,300.0
2553.0,10,300.0
2553.0,11,300.0
2553.0,12,300.0
2554.0,10,300.0
2554.0,11,300.0
2554.0,12,300.0
2555.0,10,300.0
2555.0,11,300.0
2555.0,12,300.0
2556.0,10,300.0
2556.0,11,300.0
2556.0,12,300.0
2557.0,10,300.0
2557.0,11,300.0
2557.0,12,300.0
2558.0,10,300.0
2558.0,11,300.0
2558.0,12,300.0
2559.0,10,300.0
2559.0,11,300.0
2559.0,12,300.0
2560.0,10,300.0
2560.0,11,300.0
2560.0,12,300.0
2561.0,10,300.0
2561.0,11,300.0
2561.0,12,300.0
2562.0,10,300.0
2562.0,11,300.0
2562.0,12,300.0
2563.0,10,300.0
2563.0,11,300.0
2563.0,12,300.0
2564.0,10,300.0
2564.0,11,300.0
2564.0,12,300.0
2565.0,10,300.0
2565.0,11,300.0
2565.0,12,300.0
2566.0,10,300.0
2566.0,11,300.0
2566.0,12,300.0
2567.0,10,300.0
2567.0,11,300.0
2567.0,12,300.0
2568.0,10,300.0
2568.0,11,300.0
2568.0,12,300.0
2569.0,10,300.0
2569.0,11,300.0
2569.0,12,300.0
2570.0,10,300.0
2570.0,11,300.0
2570.0,12,300.0
2571.0,10,300.0
2571.0,11,300.0
2571.0,12,300.0
2572.0,10,300.0
2572.0,11,300.0
2572.0,12,300.0
2573.0,10,300.0
2573.0,11,300.0
2573.0,12,300.0
2574.0,10,300.0
2574.0,11,300.0
2574.0,12,300.0
2575.0,10,300.0
2575.0,11,300.0
2575.0,12,300.0
2576.0,10,300.0
2576.0,11,300.0
2576.0,12,300.0
2577.0,10,300.0
2577.0,11,300.0
2577.0,12,300.0
2578.0,10,300.0
2578.0,11,300.0
2578.0,12,300.0
2579.0,10,300.0
2579.0,11,300.0
2579.0,12,300.0
2580.0,10,300.0
2580.0,11,300.0
2580.0,12,300.0
2581.0,10,300.0
2581.0,11,300.0
2581.0,12,300.0
2582.0,10,300.0
2582.0,11,300.0
2582.0,12,300.0
2583.0,10,300.0
2583.0,11,300.0
2583.0,12,300.0
2584.0,10,300.0
2584.0,11,300.0
2584.0,12,300.0
2585.0,10,300.0
2585.0,11,300.0
2585.0,12,300.0
2586.0,10,300.0
2586.0,11,300.0
2586.0,12,300.0
2587.0,10,300.0
2587.0,11,300.0
2587.0,12,300.0
2588.0,10,300.0
2588.0,11,300.0
2588.0,12,300.0
2589.0,10,300.0
2589.0,11,300.0
2589.0,12,300.0
2590.0,10,300.0
2590.0,11,300.0
2590.0,12,300.0
2591.0,10,300.0
2591.0,11,300.0
2591.0,12,300.0
2592.0,10,300.0
2592.0,11,300.0
2592.0,12,300.0
2593.0,10,300.0
2593.0,11,300.0
2593.0,12,300.0
2594.0,10,300.0
2594.0,11,300.0
2594.0,12,300.0
2595.0,10,300.0
2595.0,11,300.0
2595.0,12,300.0
2596.0,10,300.0
2596.0,11,300.0
2596.0,12,300.0
2597.0,10,300.0
2597.0,11,300.0
2597.0,12,300.0
2598.0,10,300.0
2598.0,11,300.0
2598.0,12,300.0
2599.0,10,300.0
2599.0,11,300.0
2599.0,12,300.0
2600.0,10,300.0
2600.0,11,300.0
2600.0,12,300.0
2601.0,10,300.0
2601.0,11,300.0
2601.0,12,300.0
2602.0,10,300.0
2602.0,11,300.0
2602.0,12,300.0
2603.0,10,300.0
2603.0,11,300.0
2603.0,12,300.0
2604.0,10,300.0
2604.0,11,300.0
2604.0,12,300.0
2605.0,10,300.0
2605.0,11,300.0
2605.0,12,300.0
2606.0,10,300.0
2606.0,11,300.0
2606.0,12,300.0
2607.0,10,300.0
2607.0,11,300.0
2607.0,12,300.0
2608.0,10,300.0
2608.0,11,300.0
2608.0,12,300.0
2609.0,10,300.0
2609.0,11,300.0
2609.0,12,300.0
2610.0,10,300.0
2610.0,11,300.0
2610.0,12,300.0
2611.0,10,300.0
2611.0,11,300.0
2611.0,12,300.0
2612.0,10,300.0
2612.0,11,300.0
2612.0,12,300.0
2613.0,10,300.0
2613.0,11,300.0
2613.0,12,300.0
2614.0,10,300.0
2614.0,11,300.0
2614.0,12,300.0
2615.0,10,300.0
2615.0,11,300.0
2615.0,12,300.0
2616.0,10,300.0
2616.0,11,300.0
2616.0,12,300.0
2617.0,10,300.0
2617.0,11,300.0
2617.0,12,300.0
2618.0,10,300.0
2618.0,11,300.0
2618.0,12,300.0
2619.0,10,300.0
2619.0,11,300.0
2619.0,12,300.0
2620.0,10,300.0
2620.0,11,300.0
2620.0,12,300.0
2621.0,10,300.0
2621.0,11,300.0
2621.0,12,300.0
2622.0,10,300.0
2622.0,11,300.0
2622.0,12,300.0
2623.0,10,300.0
2623.0,11,300.0
2623.0,12,300.0
2624.0,10,300.0
2624.0,11,300.0
2624.0,12,300.0
2625.0,10,300.0
2625.0,11,300.0
2625.0,12,300.0
2626.0,10,300.0
2626.0,11,300.0
2626.0,12,300.0
2627.0,10,300.0
2627.0,11,300.0
2627.0,12,300.0
2628.0,10,300.0
2628.0,11,300.0
2628.0,12,300.0
2629.0,10,300.0
2629.0,11,300.0
2629.0,12,300.0
2630.0,10,300.0
2630.0,11,300.0
2630.0,12,300.0
2631.0,10,300.0
2631.0,11,300.0
2631.0,12,300.0
2632.0,10,300.0
2632.0,11,300.0
2632.0,12,300.0
2633.0,10,300.0
2633.0,11,300.0
2633.0,12,300.0
2634.0,10,300.0
2634.0,11,300.0
2634.0,12,300.0
2635.0,10,300.0
2635.0,11,300.0
2635.0,12,300.0
2636.0,10,300.0
2636.0,11,300.0
2636.0,12,300.0
2637.0,10,300.0
2637.0,11,300.0
2637.0,12,300.0
2638.0,10,300.0
2638.0,11,300.0
2638.0,12,300.0
2639.0,10,300.0
2639.0,11,300.0
2639.0,12,300.0
2640.0,10,300.0
2640.0,11,300.0
2640.0,12,300.0
2641.0,10,300.0
2641.0,11,300.0
2641.0,12,300.0
2642.0,10,300.0
2642.0,11,300.0
2642.0,12,300.0
2643.0,10,300.0
2643.0,11,300.0
2643.0,12,300.0
2644.0,10,300.0
2644.0,11,300.0
2644.0,12,300.0
2645.0,10,300.0
2645.0,11,300.0
2645.0,12,300.0
2646.0,10,300.0
2646.0,11,300.0
2646.0,12,300.0
2647.0,10,300.0
2647.0,11,300.0
2647.0,12,300.0
2648.0,10,300.0
2648.0,11,300.0
2648.0,12,300.0
2649.0,10,300.0
2649.0,11,300.0
2649.0,12,300.0
2650.0,10,300.0
2650.0,11,300.0
2650.0,12,300.0
2651.0,10,300.0
2651.0,11,300.0
2651.0,12,300.0
2652.0,10,300.0
2652.0,11,300.0
2652.0,12,300.0
2653.0,10,300.0
2653.0,11,300.0
2653.0,12,300.0
2654.0,10,300.0
2654.0,11,300.0
2654.0,12,300.0
2655.0,10,300.0
2655.0,11,300.0
2655.0,12,300.0
2656.0,10,300.0
2656.0,11,300.0
2656.0,12,300.0
2657.0,10,300.0
2657.0,11,300.0
2657.0,12,300.0
2658.0,10,300.0
2658.0,11,300.0
2658.0,12,300.0
2659.0,10,300.0
2659.0,11,300.0
2659.0,12,300.0
2660.0,10,300.0
2660.0,11,300.0
2660.0,12,300.0
2661.0,10,300.0
2661.0,11,300.0
2661.0,12,300.0
2662.0,10,300.0
2662.0,11,300.0
2662.0,12,300.0
2663.0,10,300.0
2663.0,11,300.0
2663.0,12,300.0
2664.0,10,300.0
2664.0,11,300.0
2664.0,12,300.0
2665.0,10,300.0
2665.0,11,300.0
2665.0,12,300.0
2666.0,10,300.0
2666.0,11,300.0
2666.0,12,300.0
2667.0,10,300.0
2667.0,11,300.0
2667.0,12,300.0
2668.0,10,300.0
2668.0,11,300.0
2668.0,12,300.0
2669.0,10,300.0
2669.0,11,300.0
2669.0,12,300.0
2670.0,10,300.0
2670.0,11,300.0
2670.0,12,300.0
2671.0,10,300.0
2671.0,11,300.0
2671.0,12,300.0
2672.0,10,300.0
2672.0,11,300.0
2672.0,12,300.0
2673.0,10,300.0
2673.0,11,300.0
2673.0,12,300.0
2674.0,10,300.0
2674.0,11,300.0
2674.0,12,300.0
2675.0,10,300.0
2675.0,11,300.0
2675.0,12,300.0
2676.0,10,300.0
2676.0,11,300.0
2676.0,12,300.0
2677.0,10,300.0
2677.0,11,300.0
2677.0,12,300.0
2678.0,10,300.0
2678.0,11,300.0
2678.0,12,300.0
2679.0,10,300.0
2679.0,11,300.0
2679.0,12,300.0
2680.0,10,300.0
2680.0,11,300.0
2680.0,12,300.0
2681.0,10,300.0
2681.0,11,300.0
2681.0,12,300.0
2682.0,10,300.0
2682.0,11,300.0
2682.0,12,300.0
2683.0,10,300.0
2683.0,11,300.0
2683.0,12,300.0
2684.0,10,300.0
2684.0,11,300.0
2684.0,12,300.0
2685.0,10,300.0
2685.0,11,300.0
2685.0,12,300.0
2686.0,10,300.0
2686.0,11,300.0
2686.0,12,300.0
2687.0,10,300.0
2687.0,11,300.0
2687.0,12,300.0
2688.0,10,300.0
2688.0,11,300.0
2688.0,12,300.0
2689.0,10,300.0
2689.0,11,300.0
2689.0,12,300.0
2690.0,10,300.0
2690.0,11,300.0
2690.0,12,300.0
2691.0,10,300.0
2691.0,11,300.0
2691.0,12,300.0
2692.0,10,300.0
2692.0,11,300.0
2692.0,12,300.0
2693.0,10,300.0
2693.0,11,300.0
2693.0,12,300.0
2694.0,10,300.0
2694.0,11,300.0
2694.0,12,300.0
2695.0,10,300.0
2695.0,11,300.0
2695.0,12,300.0
2696.0,10,300.0
2696.0,11,300.0
2696.0,12,300.0
2697.0,10,300.0
2697.0,11,300.0
2697.0,12,300.0
2698.0,10,300.0
2698.0,11,300.0
2698.0,12,300.0
2699.0,10,300.0
2699.0,11,300.0
2699.0,12,300.0
2700.0,10,300.0
2700.0,11,300.0
2700.0,12,300.0
2701.0,10,300.0
2701.0,11,300.0
2701.0,12,300.0
2702.0,10,300.0
2702.0,11,300.0
2702.0,12,300.0
2703.0,10,300.0
2703.0,11,300.0
2703.0,12,300.0
2704.0,10,300.0
2704.0,11,300.0
2704.0,12,300.0
2705.0,10,300.0
2705.0,11,300.0
2705.0,12,300.0
2706.0,10,300.0
2706.0,11,300.0
2706.0,12,300.0
2707.0,10,300.0
2707.0,11,300.0
2707.0,12,300.0
2708.0,10,300.0
2708.0,11,300.0
2708.0,12,300.0
2709.0,10,300.0
2709.0,11,300.0
2709.0,12,300.0
2710.0,10,300.0
2710.0,11,300.0
2710.0,12,300.0
2711.0,10,300.0
2711.0,11,300.0
2711.0,12,300.0
2712.0,10,300.0
2712.0,11,300.0
2712.0,12,300.0
2713.0,10,300.0
2713.0,11,300.0
2713.0,12,300.0
2714.0,10,300.0
2714.0,11,300.0
2714.0,12,300.0
2715.0,10,300.0
2715.0,11,300.0
2715.0,12,300.0
2716.0,10,300.0
2716.0,11,300.0
2716.0,12,300.0
2717.0,10,300.0
2717.0,11,300.0
2717.0,12,300.0
2718.0,10,300.0
2718.0,11,300.0
2718.0,12,300.0
2719.0,10,300.0
2719.0,11,300.0
2719.0,12,300.0
2720.0,10,300.0
2720.0,11,300.0
2720.0,12,300.0
2721.0,10,300.0
2721.0,11,300.0
2721.0,12,300.0
2722.0,10,300.0
2722.0,11,300.0
2722.0,12,300.0
2723.0,10,300.0
2723.0,11,300.0
2723.0,12,300.0
2724.0,10,300.0
2724.0,11,300.0
2724.0,12,300.0
2725.0,10,300.0
2725.0,11,300.0
2725.0,12,300.0
2726.0,10,300.0
2726.0,11,300.0
2726.0,12,300.0
2727.0,10,300.0
2727.0,11,300.0
2727.0,12,300.0
2728.0,10,300.0
2728.0,11,300.0
2728.0,12,300.0
2729.0,10,300.0
2729.0,11,300.0
2729.0,12,300.0
2730.0,10,300.0
2730.0,11,300.0
2730.0,12,300.0
2731.0,10,300.0
2731.0,11,300.0
2731.0,12,300.0
2732.0,10,300.0
2732.0,11,300.0
2732.0,12,300.0
2733.0,10,300.0
2733.0,11,300.0
2733.0,12,300.0
2734.0,10,300.0
2734.0,11,300.0
2734.0,12,300.0
2735.0,10,300.0
2735.0,11,300.0
2735.0,12,300.0
2736.0,10,300.0
2736.0,11,300.0
2736.0,12,300.0
2737.0,10,300.0
2737.0,11,300.0
2737.0,12,300.0
2738.0,10,300.0
2738.0,11,300.0
2738.0,12,300.0
2739.0,10,300.0
2739.0,11,300.0
2739.0,12,300.0
2740.0,10,300.0
2740.0,11,300.0
2740.0,12,300.0
2741.0,10,300.0
2741.0,11,300.0
2741.0,12,300.0
2742.0,10,300.0
2742.0,11,300.0
2742.0,12,300.0
2743.0,10,300.0
2743.0,11,300.0
2743.0,12,300.0
2744.0,10,300.0
2744.0,11,300.0
2744.0,12,300.0
2745.0,10,300.0
2745.0,11,300.0
2745.0,12,300.0
2746.0,10,300.0
2746.0,11,300.0
2746.0,12,300.0
2747.0,10,300.0
2747.0,11,300.0
2747.0,12,300.0
2748.0,10,300.0
2748.0,11,300.0
2748.0,12,300.0
2749.0,10,300.0
2749.0,11,300.0
2749.0,12,300.0
2750.0,10,300.0
2750.0,11,300.0
2750.0,12,300.0
2751.0,10,300.0
2751.0,11,300.0
2751.0,12,300.0
2752.0,10,300.0
2752.0,11,300.0
2752.0,12,300.0
2753.0,10,300.0
2753.0,11,300.0
2753.0,12,300.0
2754.0,10,300.0
2754.0,11,300.0
2754.0,12,300.0
2755.0,10,300.0
2755.0,11,300.0
2755.0,12,300.0
2756.0,10,300.0
2756.0,11,300.0
2756.0,12,300.0
2757.0,10,300.0
2757.0,11,300.0
2757.0,12,300.0
2758.0,10,300.0
2758.0,11,300.0
2758.0,12,300.0
2759.0,10,300.0
2759.0,11,300.0
2759.0,12,300.0
2760.0,10,300.0
2760.0,11,300.0
2760.0,12,300.0
2761.0,10,300.0
2761.0,11,300.0
2761.0,12,300.0
2762.0,10,300.0
2762.0,11,300.0
2762.0,12,300.0
2763.0,10,300.0
2763.0,11,300.0
2763.0,12,300.0
2764.0,10,300.0
2764.0,11,300.0
2764.0,12,300.0
2765.0,10,300.0
2765.0,11,300.0
2765.0,12,300.0
2766.0,10,300.0
2766.0,11,300.0
2766.0,12,300.0
2767.0,10,300.0
2767.0,11,300.0
2767.0,12,300.0
2768.0,10,300.0
2768.0,11,300.0
2768.0,12,300.0
2769.0,10,300.0
2769.0,11,300.0
2769.0,12,300.0
2770.0,10,300.0
2770.0,11,300.0
2770.0,12,300.0
2771.0,10,300.0
2771.0,11,300.0
2771.0,12,300.0
2772.0,10,300.0
2772.0,11,300.0
2772.0,12,300.0
2773.0,10,300.0
2773.0,11,300.0
2773.0,12,300.0
2774.0,10,300.0
2774.0,11,300.0
2774.0,12,300.0
2775.0,10,300.0
2775.0,11,300.0
2775.0,12,300.0
2776.0,10,300.0
2776.0,11,300.0
2776.0,12,300.0
2777.0,10,300.0
2777.0,11,300.0
2777.0,12,300.0
2778.0,10,300.0
2778.0,11,300.0
2778.0,12,300.0
2779.0,10,300.0
2779.0,11,300.0
2779.0,12,300.0
2780.0,10,300.0
2780.0,11,300.0
2780.0,12,300.0
2781.0,10,300.0
2781.0,11,300.0
2781.0,12,300.0
2782.0,10,300.0
2782.0,11,300.0
2782.0,12,300.0
2783.0,10,300.0
2783.0,11,300.0
2783.0,12,300.0
2784.0,10,300.0
2784.0,11,300.0
2784.0,12,300.0
2785.0,10,300.0
2785.0,11,300.0
2785.0,12,300.0
2786.0,10,300.0
2786.0,11,300.0
2786.0,12,300.0
2787.0,10,300.0
2787.0,11,300.0
2787.0,12,300.0
2788.0,10,300.0
2788.0,11,300.0
2788.0,12,300.0
2789.0,10,300.0
2789.0,11,300.0
2789.0,12,300.0
2790.0,10,300.0
2790.0,11,300.0
2790.0,12,300.0
2791.0,10,300.0
2791.0,11,300.0
2791.0,12,300.0
2792.0,10,300.0
2792.0,11,300.0
2792.0,12,300.0
2793.0,10,300.0
2793.0,11,300.0
2793.0,12,300.0
2794.0,10,300.0
2794.0,11,300.0
2794.0,12,300.0
2795.0,10,300.0
2795.0,11,300.0
2795.0,12,300.0
2796.0,10,300.0
2796.0,11,300.0
2796.0,12,300.0
2797.0,10,300.0
2797.0,11,300.0
2797.0,12,300.0
2798.0,10,300.0
2798.0,11,300.0
2798.0,12,300.0
2799.0,10,300.0
2799.0,11,300.0
2799.0,12,300.0
2800.0,10,300.0
2800.0,11,300.0
2800.0,12,300.0
2801.0,10,300.0
2801.0,11,300.0
2801.0,12,300.0
2802.0,10,300.0
2802.0,11,300.0
2802.0,12,300.0
2803.0,10,300.0
2803.0,11,300.0
2803.0,12,300.0
2804.0,10,300.0
2804.0,11,300.0
2804.0,12,300.0
2805.0,10,300.0
2805.0,11,300.0
2805.0,12,300.0
2806.0,10,300.0
2806.0,11,300.0
2806.0,12,300.0
2807.0,10,300.0
2807.0,11,300.0
2807.0,12,300.0
2808.0,10,300.0
2808.0,11,300.0
2808.0,12,300.0
2809.0,10,300.0
2809.0,11,300.0
2809.0,12,300.0
2810.0,10,300.0
2810.0,11,300.0
2810.0,12,300.0
2811.0,10,300.0
2811.0,11,300.0
2811.0,12,300.0
2812.0,10,300.0
2812.0,11,300.0
2812.0,12,300.0
2813.0,10,300.0
2813.0,11,300.0
2813.0,12,300.0
2814.0,10,300.0
2814.0,11,300.0
2814.0,12,300.0
2815.0,10,300.0
2815.0,11,300.0
2815.0,12,300.0
2816.0,10,300.0
2816.0,11,300.0
2816.0,12,300.0
2817.0,10,300.0
2817.0,11,300.0
2817.0,12,300.0
2818.0,10,300.0
2818.0,11,300.0
2818.0,12,300.0
2819.0,10,300.0
2819.0,11,300.0
2819.0,12,300.0
2820.0,10,300.0
2820.0,11,300.0
2820.0,12,300.0
2821.0,10,300.0
2821.0,11,300.0
2821.0,12,300.0
2822.0,10,300.0
2822.0,11,300.0
2822.0,12,300.0
2823.0,10,300.0
2823.0,11,300.0
2823.0,12,300.0
2824.0,10,300.0
2824.0,11,300.0
2824.0,12,300.0
2825.0,10,300.0
2825.0,11,300.0
2825.0,12,300.0
2826.0,10,300.0
2826.0,11,300.0
2826.0,12,300.0
2827.0,10,300.0
2827.0,11,300.0
2827.0,12,300.0
2828.0,10,300.0
2828.0,11,300.0
2828.0,12,300.0
2829.0,10,300.0
2829.0,11,300.0
2829.0,12,300.0
2830.0,10,300.0
2830.0,11,300.0
2830.0,12,300.0
2831.0,10,300.0
2831.0,11,300.0
2831.0,12,300.0
2832.0,10,300.0
2832.0,11,300.0
2832.0,12,300.0
2833.0,10,300.0
2833.0,11,300.0
2833.0,12,300.0
2834.0,10,300.0
2834.0,11,300.0
2834.0,12,300.0
2835.0,10,300.0
2835.0,11,300.0
2835.0,12,300.0
2836.0,10,300.0
2836.0,11,300.0
2836.0,12,300.0
2837.0,10,300.0
2837.0,11,300.0
2837.0,12,300.0
2838.0,10,300.0
2838.0,11,300.0
2838.0,12,300.0
2839.0,10,300.0
2839.0,11,300.0
2839.0,12,300.0
2840.0,10,300.0
2840.0,11,300.0
2840.0,12,300.0
2841.0,10,300.0
2841.0,11,300.0
2841.0,12,300.0
2842.0,10,300.0
2842.0,11,300.0
2842.0,12,300.0
2843.0,10,300.0
2843.0,11,300.0
2843.0,12,300.0
2844.0,10,300.0
2844.0,11,300.0
2844.0,12,300.0
2845.0,10,300.0
2845.0,11,300.0
2845.0,12,300.0
2846.0,10,300.0
2846.0,11,300.0
2846.0,12,300.0
2847.0,10,300.0
2847.0,11,300.0
2847.0,12,300.0
2848.0,10,300.0
2848.0,11,300.0
2848.0,12,300.0
2849.0,10,300.0
2849.0,11,300.0
2849.0,12,300.0
2850.0,10,300.0
2850.0,11,300.0
2850.0,12,300.0
2851.0,10,300.0
2851.0,11,300.0
2851.0,12,300.0
2852.0,10,300.0
2852.0,11,300.0
2852.0,12,300.0
2853.0,10,300.0
2853.0,11,300.0
2853.0,12,300.0
2854.0,10,300.0
2854.0,11,300.0
2854.0,12,300.0
2855.0,10,300.0
2855.0,11,300.0
2855.0,12,300.0
2856.0,10,300.0
2856.0,11,300.0
2856.0,12,300.0
2857.0,10,300.0
2857.0,11,300.0
2857.0,12,300.0
2858.0,10,300.0
2858.0,11,300.0
2858.0,12,300.0
2859.0,10,300.0
2859.0,11,300.0
2859.0,12,300.0
2860.0,10,300.0
2860.0,11,300.0
2860.0,12,300.0
2861.0,10,300.0
2861.0,11,300.0
2861.0,12,300.0
2862.0,10,300.0
2862.0,11,300.0
2862.0,12,300.0
2863.0,10,300.0
2863.0,11,300.0
2863.0,12,300.0
2864.0,10,300.0
2864.0,11,300.0
2864.0,12,300.0
2865.0,10,300.0
2865.0,11,300.0
2865.0,12,300.0
2866.0,10,300.0
2866.0,11,300.0
2866.0,12,300.0
2867.0,10,300.0
2867.0,11,300.0
2867.0,12,300.0
2868.0,10,300.0
2868.0,11,300.0
2868.0,12,300.0
2869.0,10,300.0
2869.0,11,300.0
2869.0,12,300.0
2870.0,10,300.0
2870.0,11,300.0
2870.0,12,300.0
2871.0,10,300.0
2871.0,11,300.0
2871.0,12,300.0
2872.0,10,300.0
2872.0,11,300.0
2872.0,12,300.0
2873.0,10,300.0
2873.0,11,300.0
2873.0,12,300.0
2874.0,10,300.0
2874.0,11,300.0
2874.0,12,300.0
2875.0,10,300.0
2875.0,11,300.0
2875.0,12,300.0
2876.0,10,300.0
2876.0,11,300.0
2876.0,12,300.0
2877.0,10,300.0
2877.0,11,300.0
2877.0,12,300.0
2878.0,10,300.0
2878.0,11,300.0
2878.0,12,300.0
2879.0,10,300.0
2879.0,11,300.0
2879.0,12,300.0
2880.0,10,300.0
2880.0,11,300.0
2880.0,12,300.0
2881.0,10,300.0
2881.0,11,300.0
2881.0,12,300.0
2882.0,10,300.0
2882.0,11,300.0
2882.0,12,300.0
2883.0,10,300.0
2883.0,11,300.0
2883.0,12,300.0
2884.0,10,300.0
2884.0,11,300.0
2884.0,12,300.0
2885.0,10,300.0
2885.0,11,300.0
2885.0,12,300.0
2886.0,10,300.0
2886.0,11,300.0
2886.0,12,300.0
2887.0,10,300.0
2887.0,11,300.0
2887.0,12,300.0
2888.0,10,300.0
2888.0,11,300.0
2888.0,12,300.0
2889.0,10,300.0
2889.0,11,300.0
2889.0,12,300.0
2890.0,10,300.0
2890.0,11,300.0
2890.0,12,300.0
2891.0,10,300.0
2891.0,11,300.0
2891.0,12,300.0
2892.0,10,300.0
2892.0,11,300.0
2892.0,12,300.0
2893.0,10,300.0
2893.0,11,300.0
2893.0,12,300.0
2894.0,10,300.0
2894.0,11,300.0
2894.0,12,300.0
2895.0,10,300.0
2895.0,11,300.0
2895.0,12,300.0
2896.0,10,300.0
2896.0,11,300.0
2896.0,12,300.0
2897.0,10,300.0
2897.0,11,300.0
2897.0,12,300.0
2898.0,10,300.0
2898.0,11,300.0
2898.0,12,300.0
2899.0,10,300.0
2899.0,11,300.0
2899.0,12,300.0
2900.0,10,300.0
2900.0,11,300.0
2900.0,12,300.0
2901.0,10,300.0
2901.0,11,300.0
2901.0,12,300.0
2902.0,10,300.0
2902.0,11,300.0
2902.0,12,300.0
2903.0,10,300.0
2903.0,11,300.0
2903.0,12,300.0
2904.0,10,300.0
2904.0,11,300.0
2904.0,12,300.0
2905.0,10,300.0
2905.0,11,300.0
2905.0,12,300.0
2906.0,10,300.0
2906.0,11,300.0
2906.0,12,300.0
2907.0,10,300.0
2907.0,11,300.0
2907.0,12,300.0
2908.0,10,300.0
2908.0,11,300.0
2908.0,12,300.0
2909.0,10,300.0
2909.0,11,300.0
2909.0,12,300.0
2910.0,10,300.0
2910.0,11,300.0
2910.0,12,300.0
2911.0,10,300.0
2911.0,11,300.0
2911.0,12,300.0
2912.0,10,300.0
2912.0,11,300.0
2912.0,12,300.0
2913.0,10,300.0
2913.0,11,300.0
2913.0,12,300.0
2914.0,10,300.0
2914.0,11,300.0
2914.0,12,300.0
2915.0,10,300.0
2915.0,11,300.0
2915.0,12,300.0
2916.0,10,300.0
2916.0,11,300.0
2916.0,12,300.0
2917.0,10,300.0
2917.0,11,300.0
2917.0,12,300.0
2918.0,10,300.0
2918.0,11,300.0
2918.0,12,300.0
2919.0,10,300.0
2919.0,11,300.0
2919.0,12,300.0
2920.0,10,300.0
2920.0,11,300.0
2920.0,12,300.0
2921.0,10,300.0
2921.0,11,300.0
2921.0,12,300.0
2922.0,10,300.0
2922.0,11,300.0
2922.0,12,300.0
2923.0,10,300.0
2923.0,11,300.0
2923.0,12,300.0
2924.0,10,300.0
2924.0,11,300.0
2924.0,12,300.0
2925.0,10,300.0
2925.0,11,300.0
2925.0,12,300.0
2926.0,10,300.0
2926.0,11,300.0
2926.0,12,300.0
2927.0,10,300.0
2927.0,11,300.0
2927.0,12,300.0
2928.0,10,300.0
2928.0,11,300.0
2928.0,12,300.0
2929.0,10,300.0
2929.0,11,300.0
2929.0,12,300.0
2930.0,10,300.0
2930.0,11,300.0
2930.0,12,300.0
2931.0,10,300.0
2931.0,11,300.0
2931.0,12,300.0
2932.0,10,300.0
2932.0,11,300.0
2932.0,12,300.0
2933.0,10,300.0
2933.0,11,300.0
2933.0,12,300.0
2934.0,10,300.0
2934.0,11,300.0
2934.0,12,300.0
2935.0,10,300.0
2935.0,11,300.0
2935.0,12,300.0
2936.0,10,300.0
2936.0,11,300.0
2936.0,12,300.0
2937.0,10,300.0
2937.0,11,300.0
2937.0,12,300.0
2938.0,10,300.0
2938.0,11,300.0
2938.0,12,300.0
2939.0,10,300.0
2939.0,11,300.0
2939.0,12,300.0
2940.0,10,300.0
2940.0,11,300.0
2940.0,12,300.0
2941.0,10,300.0
2941.0,11,300.0
2941.0,12,300.0
2942.0,10,300.0
2942.0,11,300.0
2942.0,12,300.0
2943.0,10,300.0
2943.0,11,300.0
2943.0,12,300.0
2944.0,10,300.0
2944.0,11,300.0
2944.0,12,300.0
2945.0,10,300.0
2945.0,11,300.0
2945.0,12,300.0
2946.0,10,300.0
2946.0,11,300.0
2946.0,12,300.0
2947.0,10,300.0
2947.0,11,300.0
2947.0,12,300.0
2948.0,10,300.0
2948.0,11,300.0
2948.0,12,300.0
2949.0,10,300.0
2949.0,11,300.0
2949.0,12,300.0
2950.0,10,300.0
2950.0,11,300.0
2950.0,12,300.0
2951.0,10,300.0
2951.0,11,300.0
2951.0,12,300.0
2952.0,10,300.0
2952.0,11,300.0
2952.0,12,300.0
2953.0,10,300.0
2953.0,11,300.0
2953.0,12,300.0
2954.0,10,300.0
2954.0,11,300.0
2954.0,12,300.0
2955.0,10,300.0
2955.0,11,300.0
2955.0,12,300.0
2956.0,10,300.0
2956.0,11,300.0
2956.0,12,300.0
2957.0,10,300.0
2957.0,11,300.0
2957.0,12,300.0
2958.0,10,300.0
2958.0,11,300.0
2958.0,12,300.0
2959.0,10,300.0
2959.0,11,300.0
2959.0,12,300.0
2960.0,10,300.0
2960.0,11,300.0
2960.0,12,300.0
2961.0,10,300.0
2961.0,11,300.0
2961.0,12,300.0
2962.0,10,300.0
2962.0,11,300.0
2962.0,12,300.0
2963.0,10,300.0
2963.0,11,300.0
2963.0,12,300.0
2964.0,10,300.0
2964.0,11,300.0
2964.0,12,300.0
2965.0,10,300.0
2965.0,11,300.0
2965.0,12,300.0
2966.0,10,300.0
2966.0,11,300.0
2966.0,12,300.0
2967.0,10,300.0
2967.0,11,300.0
2967.0,12,300.0
2968.0,10,300.0
2968.0,11,300.0
2968.0,12,300.0
2969.0,10,300.0
2969.0,11,300.0
2969.0,12,300.0
2970.0,10,300.0
2970.0,11,300.0
2970.0,12,300.0
2971.0,10,300.0
2971.0,11,300.0
2971.0,12,300.0
2972.0,10,300.0
2972.0,11,300.0
2972.0,12,300.0
2973.0,10,300.0
2973.0,11,300.0
2973.0,12,300.0
2974.0,10,300.0
2974.0,11,300.0
2974.0,12,300.0
2975.0,10,300.0
2975.0,11,300.0
2975.0,12,300.0
2976.0,10,300.0
2976.0,11,300.0
2976.0,12,300.0
2977.0,10,300.0
2977.0,11,300.0
2977.0,12,300.0
2978.0,10,300.0
2978.0,11,300.0
2978.0,12,300.0
2979.0,10,300.0
2979.0,11,300.0
2979.0,12,300.0
2980.0,10,300.0
2980.0,11,300.0
2980.0,12,300.0
2981.0,10,300.0
2981.0,11,300.0
2981.0,12,300.0
2982.0,10,300.0
2982.0,11,300.0
2982.0,12,300.0
2983.0,10,300.0
2983.0,11,300.0
2983.0,12,300.0
2984.0,10,300.0
2984.0,11,300.0
2984.0,12,300.0
2985.0,10,300.0
2985.0,11,300.0
2985.0,12,300.0
2986.0,10,300.0
2986.0,11,300.0
2986.0,12,300.0
2987.0,10,300.0
2987.0,11,300.0
2987.0,12,300.0
2988.0,10,300.0
2988.0,11,300.0
2988.0,12,300.0
2989.0,10,300.0
2989.0,11,300.0
2989.0,12,300.0
2990.0,10,300.0
2990.0,11,300.0
2990.0,12,300.0
2991.0,10,300.0
2991.0,11,300.0
2991.0,12,300.0
2992.0,10,300.0
2992.0,11,300.0
2992.0,12,300.0
2993.0,10,300.0
2993.0,11,300.0
2993.0,12,300.0
2994.0,10,300.0
2994.0,11,300.0
2994.0,12,300.0
2995.0,10,300.0
2995.0,11,300.0
2995.0,12,300.0
2996.0,10,300.0
2996.0,11,300.0
2996.0,12,300.0
2997.0,10,300.0
2997.0,11,300.0
2997.0,12,300.0
2998.0,10,300.0
2998.0,11,300.0
2998.0,12,300.0
2999.0,10,300.0
2999.0,11,300.0
2999.0,12,300.0
3000.0,10,300.0
3000.0,11,300.0
3000.0,12,300.0
3001.0,10,300.0
3001.0,11,300.0
3001.0,12,300.0
3002.0,10,300.0
3002.0,11,300.0
3002.0,12,300.0
3003.0,10,300.0
3003.0,11,300.0
3003.0,12,300.0
3004.0,10,300.0
3004.0,11,300.0
3004.0,12,300.0
3005.0,10,300.0
3005.0,11,300.0
3005.0,12,300.0
3006.0,10,300.0
3006.0,11,300.0
3006.0,12,300.0
3007.0,10,300.0
3007.0,11,300.0
3007.0,12,300.0
3008.0,10,300.0
3008.0,11,300.0
3008.0,12,300.0
3009.0,10,300.0
3009.0,11,300.0
3009.0,12,300.0
3010.0,10,300.0
3010.0,11,300.0
3010.0,12,300.0
3011.0,10,300.0
3011.0,11,300.0
3011.0,12,300.0
3012.0,10,300.0
3012.0,11,300.0
3012.0,12,300.0
3013.0,10,300.0
3013.0,11,300.0
3013.0,12,300.0
3014.0,10,300.0
3014.0,11,300.0
3014.0,12,300.0
3015.0,10,300.0
3015.0,11,300.0
3015.0,12,300.0
3016.0,10,300.0
3016.0,11,300.0
3016.0,12,300.0
3017.0,10,300.0
3017.0,11,300.0
3017.0,12,300.0
3018.0,10,300.0
3018.0,11,300.0
3018.0,12,300.0
3019.0,10,300.0
3019.0,11,300.0
3019.0,12,300.0
3020.0,10,300.0
3020.0,11,300.0
3020.0,12,300.0
3021.0,10,300.0
3021.0,11,300.0
3021.0,12,300.0
3022.0,10,300.0
3022.0,11,300.0
3022.0,12,300.0
3023.0,10,300.0
3023.0,11,300.0
3023.0,12,300.0
3024.0,10,300.0
3024.0,11,300.0
3024.0,12,300.0
3025.0,10,300.0
3025.0,11,300.0
3025.0,12,300.0
3026.0,10,300.0
3026.0,11,300.0
3026.0,12,300.0
3027.0,10,300.0
3027.0,11,300.0
3027.0,12,300.0
3028.0,10,300.0
3028.0,11,300.0
3028.0,12,300.0
3029.0,10,300.0
3029.0,11,300.0
3029.0,12,300.0
3030.0,10,300.0
3030.0,11,300.0
3030.0,12,300.0
3031.0,10,300.0
3031.0,11,300.0
3031.0,12,300.0
3032.0,10,300.0
3032.0,11,300.0
3032.0,12,300.0
3033.0,10,300.0
3033.0,11,300.0
3033.0,12,300.0
3034.0,10,300.0
3034.0,11,300.0
3034.0,12,300.0
3035.0,10,300.0
3035.0,11,300.0
3035.0,12,300.0
3036.0,10,300.0
3036.0,11,300.0
3036.0,12,300.0
3037.0,10,300.0
3037.0,11,300.0
3037.0,12,300.0
3038.0,10,300.0
3038.0,11,300.0
3038.0,12,300.0
3039.0,10,300.0
3039.0,11,300.0
3039.0,12,300.0
3040.0,10,300.0
3040.0,11,300.0
3040.0,12,300.0
3041.0,10,300.0
3041.0,11,300.0
3041.0,12,300.0
3042.0,10,300.0
3042.0,11,300.0
3042.0,12,300.0
3043.0,10,300.0
3043.0,11,300.0
3043.0,12,300.0
3044.0,10,300.0
3044.0,11,300.0
3044.0,12,300.0
3045.0,10,300.0
3045.0,11,300.0
3045.0,12,300.0
3046.0,10,300.0
3046.0,11,300.0
3046.0,12,300.0
3047.0,10,300.0
3047.0,11,300.0
3047.0,12,300.0
3048.0,10,300.0
3048.0,11,300.0
3048.0,12,300.0
3049.0,10,300.0
3049.0,11,300.0
3049.0,12,300.0
3050.0,10,300.0
3050.0,11,300.0
3050.0,12,300.0
3051.0,10,300.0
3051.0,11,300.0
3051.0,12,300.0
3052.0,10,300.0
3052.0,11,300.0
3052.0,12,300.0
3053.0,10,300.0
3053.0,11,300.0
3053.0,12,300.0
3054.0,10,300.0
3054.0,11,300.0
3054.0,12,300.0
3055.0,10,300.0
3055.0,11,300.0
3055.0,12,300.0
3056.0,10,300.0
3056.0,11,300.0
3056.0,12,300.0
3057.0,10,300.0
3057.0,11,300.0
3057.0,12,300.0
3058.0,10,300.0
3058.0,11,300.0
3058.0,12,300.0
3059.0,10,300.0
3059.0,11,300.0
3059.0,12,300.0
3060.0,10,300.0
3060.0,11,300.0
3060.0,12,300.0
3061.0,10,300.0
3061.0,11,300.0
3061.0,12,300.0
3062.0,10,300.0
3062.0,11,300.0
3062.0,12,300.0
3063.0,10,300.0
3063.0,11,300.0
3063.0,12,300.0
3064.0,10,300.0
3064.0,11,300.0
3064.0,12,300.0
3065.0,10,300.0
3065.0,11,300.0
3065.0,12,300.0
3066.0,10,300.0
3066.0,11,300.0
3066.0,12,300.0
3067.0,10,300.0
3067.0,11,300.0
3067.0,12,300.0
3068.0,10,300.0
3068.0,11,300.0
3068.0,12,300.0
3069.0,10,300.0
3069.0,11,300.0
3069.0,12,300.0
3070.0,10,300.0
3070.0,11,300.0
3070.0,12,300.0
3071.0,10,300.0
3071.0,11,300.0
3071.0,12,300.0
3072.0,10,300.0
3072.0,11,300.0
3072.0,12,300.0
3073.0,10,300.0
3073.0,11,300.0
3073.0,12,300.0
3074.0,10,300.0
3074.0,11,300.0
3074.0,12,300.0
3075.0,10,300.0
3075.0,11,300.0
3075.0,12,300.0
3076.0,10,300.0
3076.0,11,300.0
3076.0,12,300.0
3077.0,10,300.0
3077.0,11,300.0
3077.0,12,300.0
3078.0,10,300.0
3078.0,11,300.0
3078.0,12,300.0
3079.0,10,300.0
3079.0,11,300.0
3079.0,12,300.0
3080.0,10,300.0
3080.0,11,300.0
3080.0,12,300.0
3081.0,10,300.0
3081.0,11,300.0
3081.0,12,300.0
3082.0,10,300.0
3082.0,11,300.0
3082.0,12,300.0
3083.0,10,300.0
3083.0,11,300.0
3083.0,12,300.0
3084.0,10,300.0
3084.0,11,300.0
3084.0,12,300.0
3085.0,10,300.0
3085.0,11,300.0
3085.0,12,300.0
3086.0,10,300.0
3086.0,11,300.0
3086.0,12,300.0
3087.0,10,300.0
3087.0,11,300.0
3087.0,12,300.0
3088.0,10,300.0
3088.0,11,300.0
3088.0,12,300.0
3089.0,10,300.0
3089.0,11,300.0
3089.0,12,300.0
3090.0,10,300.0
3090.0,11,300.0
3090.0,12,300.0
3091.0,10,300.0
3091.0,11,300.0
3091.0,12,300.0
3092.0,10,300.0
3092.0,11,300.0
3092.0,12,300.0
3093.0,10,300.0
3093.0,11,300.0
3093.0,12,300.0
3094.0,10,300.0
3094.0,11,300.0
3094.0,12,300.0
3095.0,10,300.0
3095.0,11,300.0
3095.0,12,300.0
3096.0,10,300.0
3096.0,11,300.0
3096.0,12,300.0
3097.0,10,300.0
3097.0,11,300.0
3097.0,12,300.0
3098.0,10,300.0
3098.0,11,300.0
3098.0,12,300.0
3099.0,10,300.0
3099.0,11,300.0
3099.0,12,300.0
3100.0,10,300.0
3100.0,11,300.0
3100.0,12,300.0
3101.0,10,300.0
3101.0,11,300.0
3101.0,12,300.0
3102.0,10,300.0
3102.0,11,300.0
3102.0,12,300.0
3103.0,10,300.0
3103.0,11,300.0
3103.0,12,300.0
3104.0,10,300.0
3104.0,11,300.0
3104.0,12,300.0
3105.0,10,300.0
3105.0,11,300.0
3105.0,12,300.0
3106.0,10,300.0
3106.0,11,300.0
3106.0,12,300.0
3107.0,10,300.0
3107.0,11,300.0
3107.0,12,300.0
3108.0,10,300.0
3108.0,11,300.0
3108.0,12,300.0
3109.0,10,300.0
3109.0,11,300.0
3109.0,12,300.0
3110.0,10,300.0
3110.0,11,300.0
3110.0,12,300.0
3111.0,10,300.0
3111.0,11,300.0
3111.0,12,300.0
3112.0,10,300.0
3112.0,11,300.0
3112.0,12,300.0
3113.0,10,300.0
3113.0,11,300.0
3113.0,12,300.0
3114.0,10,300.0
3114.0,11,300.0
3114.0,12,300.0
3115.0,10,300.0
3115.0,11,300.0
3115.0,12,300.0
3116.0,10,300.0
3116.0,11,300.0
3116.0,12,300.0
3117.0,10,300.0
3117.0,11,300.0
3117.0,12,300.0
3118.0,10,300.0
3118.0,11,300.0
3118.0,12,300.0
3119.0,10,300.0
3119.0,11,300.0
3119.0,12,300.0
3120.0,10,300.0
3120.0,11,300.0
3120.0,12,300.0
3121.0,10,300.0
3121.0,11,300.0
3121.0,12,300.0
3122.0,10,300.0
3122.0,11,300.0
3122.0,12,300.0
3123.0,10,300.0
3123.0,11,300.0
3123.0,12,300.0
3124.0,10,300.0
3124.0,11,300.0
3124.0,12,300.0
3125.0,10,300.0
3125.0,11,300.0
3125.0,12,300.0
3126.0,10,300.0
3126.0,11,300.0
3126.0,12,300.0
3127.0,10,300.0
3127.0,11,300.0
3127.0,12,300.0
3128.0,10,300.0
3128.0,11,300.0
3128.0,12,300.0
3129.0,10,300.0
3129.0,11,300.0
3129.0,12,300.0
3130.0,10,300.0
3130.0,11,300.0
3130.0,12,300.0
3131.0,10,300.0
3131.0,11,300.0
3131.0,12,300.0
3132.0,10,300.0
3132.0,11,300.0
3132.0,12,300.0
3133.0,10,300.0
3133.0,11,300.0
3133.0,12,300.0
3134.0,10,300.0
3134.0,11,300.0
3134.0,12,300.0
3135.0,10,300.0
3135.0,11,300.0
3135.0,12,300.0
3136.0,10,300.0
3136.0,11,300.0
3136.0,12,300.0
3137.0,10,300.0
3137.0,11,300.0
3137.0,12,300.0
3138.0,10,300.0
3138.0,11,300.0
3138.0,12,300.0
3139.0,10,300.0
3139.0,11,300.0
3139.0,12,300.0
3140.0,10,300.0
3140.0,11,300.0
3140.0,12,300.0
3141.0,10,300.0
3141.0,11,300.0
3141.0,12,300.0
3142.0,10,300.0
3142.0,11,300.0
3142.0,12,300.0
3143.0,10,300.0
3143.0,11,300.0
3143.0,12,300.0
3144.0,10,300.0
3144.0,11,300.0
3144.0,12,300.0
3145.0,10,300.0
3145.0,11,300.0
3145.0,12,300.0
3146.0,10,300.0
3146.0,11,300.0
3146.0,12,300.0
3147.0,10,300.0
3147.0,11,300.0
3147.0,12,300.0
3148.0,10,300.0
3148.0,11,300.0
3148.0,12,300.0
3149.0,10,300.0
3149.0,11,300.0
3149.0,12,300.0
3150.0,10,300.0
3150.0,11,300.0
3150.0,12,300.0
3151.0,10,300.0
3151.0,11,300.0
3151.0,12,300.0
3152.0,10,300.0
3152.0,11,300.0
3152.0,12,300.0
3153.0,10,300.0
3153.0,11,300.0
3153.0,12,300.0
3154.0,10,300.0
3154.0,11,300.0
3154.0,12,300.0
3155.0,10,300.0
3155.0,11,300.0
3155.0,12,300.0
3156.0,10,300.0
3156.0,11,300.0
3156.0,12,300.0
3157.0,10,300.0
3157.0,11,300.0
3157.0,12,300.0
3158.0,10,300.0
3158.0,11,300.0
3158.0,12,300.0
3159.0,10,300.0
3159.0,11,300.0
3159.0,12,300.0
3160.0,10,300.0
3160.0,11,300.0
3160.0,12,300.0
3161.0,10,300.0
3161.0,11,300.0
3161.0,12,300.0
3162.0,10,300.0
3162.0,11,300.0
3162.0,12,300.0
3163.0,10,300.0
3163.0,11,300.0
3163.0,12,300.0
3164.0,10,300.0
3164.0,11,300.0
3164.0,12,300.0
3165.0,10,300.0
3165.0,11,300.0
3165.0,12,300.0
3166.0,10,300.0
3166.0,11,300.0
3166.0,12,300.0
3167.0,10,300.0
3167.0,11,300.0
3167.0,12,300.0
3168.0,10,300.0
3168.0,11,300.0
3168.0,12,300.0
3169.0,10,300.0
3169.0,11,300.0
3169.0,12,300.0
3170.0,10,300.0
3170.0,11,300.0
3170.0,12,300.0
3171.0,10,300.0
3171.0,11,300.0
3171.0,12,300.0
3172.0,10,300.0
3172.0,11,300.0
3172.0,12,300.0
3173.0,10,300.0
3173.0,11,300.0
3173.0,12,300.0
3174.0,10,300.0
3174.0,11,300.0
3174.0,12,300.0
3175.0,10,300.0
3175.0,11,300.0
3175.0,12,300.0
3176.0,10,300.0
3176.0,11,300.0
3176.0,12,300.0
3177.0,10,300.0
3177.0,11,300.0
3177.0,12,300.0
3178.0,10,300.0
3178.0,11,300.0
3178.0,12,300.0
3179.0,10,300.0
3179.0,11,300.0
3179.0,12,300.0
3180.0,10,300.0
3180.0,11,300.0
3180.0,12,300.0
3181.0,10,300.0
3181.0,11,300.0
3181.0,12,300.0
3182.0,10,300.0
3182.0,11,300.0
3182.0,12,300.0
3183.0,10,300.0
3183.0,11,300.0
3183.0,12,300.0
3184.0,10,300.0
3184.0,11,300.0
3184.0,12,300.0
3185.0,10,300.0
3185.0,11,300.0
3185.0,12,300.0
3186.0,10,300.0
3186.0,11,300.0
3186.0,12,300.0
3187.0,10,300.0
3187.0,11,300.0
3187.0,12,300.0
3188.0,10,300.0
3188.0,11,300.0
3188.0,12,300.0
3189.0,10,300.0
3189.0,11,300.0
3189.0,12,300.0
3190.0,10,300.0
3190.0,11,300.0
3190.0,12,300.0
3191.0,10,300.0
3191.0,11,300.0
3191.0,12,300.0
3192.0,10,300.0
3192.0,11,300.0
3192.0,12,300.0
3193.0,10,300.0
3193.0,11,300.0
3193.0,12,300.0
3194.0,10,300.0
3194.0,11,300.0
3194.0,12,300.0
3195.0,10,300.0
3195.0,11,300.0
3195.0,12,300.0
3196.0,10,300.0
3196.0,11,300.0
3196.0,12,300.0
3197.0,10,300.0
3197.0,11,300.0
3197.0,12,300.0
3198.0,10,300.0
3198.0,11,300.0
3198.0,12,300.0
3199.0,10,300.0
3199.0,11,300.0
3199.0,12,300.0
3200.0,10,300.0
3200.0,11,300.0
3200.0,12,300.0
3201.0,10,300.0
3201.0,11,300.0
3201.0,12,300.0
3202.0,10,300.0
3202.0,11,300.0
3202.0,12,300.0
3203.0,10,300.0
3203.0,11,300.0
3203.0,12,300.0
3204.0,10,300.0
3204.0,11,300.0
3204.0,12,300.0
3205.0,10,300.0
3205.0,11,300.0
3205.0,12,300.0
3206.0,10,300.0
3206.0,11,300.0
3206.0,12,300.0
3207.0,10,300.0
3207.0,11,300.0
3207.0,12,300.0
3208.0,10,300.0
3208.0,11,300.0
3208.0,12,300.0
3209.0,10,300.0
3209.0,11,300.0
3209.0,12,300.0
3210.0,10,300.0
3210.0,11,300.0
3210.0,12,300.0
3211.0,10,300.0
3211.0,11,300.0
3211.0,12,300.0
3212.0,10,300.0
3212.0,11,300.0
3212.0,12,300.0
3213.0,10,300.0
3213.0,11,300.0
3213.0,12,300.0
3214.0,10,300.0
3214.0,11,300.0
3214.0,12,300.0
3215.0,10,300.0
3215.0,11,300.0
3215.0,12,300.0
3216.0,10,300.0
3216.0,11,300.0
3216.0,12,300.0
3217.0,10,300.0
3217.0,11,300.0
3217.0,12,300.0
3218.0,10,300.0
3218.0,11,300.0
3218.0,12,300.0
3219.0,10,300.0
3219.0,11,300.0
3219.0,12,300.0
3220.0,10,300.0
3220.0,11,300.0
3220.0,12,300.0
3221.0,10,300.0
3221.0,11,300.0
3221.0,12,300.0
3222.0,10,300.0
3222.0,11,300.0
3222.0,12,300.0
3223.0,10,300.0
3223.0,11,300.0
3223.0,12,300.0
3224.0,10,300.0
3224.0,11,300.0
3224.0,12,300.0
3225.0,10,300.0
3225.0,11,300.0
3225.0,12,300.0
3226.0,10,300.0
3226.0,11,300.0
3226.0,12,300.0
3227.0,10,300.0
3227.0,11,300.0
3227.0,12,300.0
3228.0,10,300.0
3228.0,11,300.0
3228.0,12,300.0
3229.0,10,300.0
3229.0,11,300.0
3229.0,12,300.0
3230.0,10,300.0
3230.0,11,300.0
3230.0,12,300.0
3231.0,10,300.0
3231.0,11,300.0
3231.0,12,300.0
3232.0,10,300.0
3232.0,11,300.0
3232.0,12,300.0
3233.0,10,300.0
3233.0,11,300.0
3233.0,12,300.0
3234.0,10,300.0
3234.0,11,300.0
3234.0,12,300.0
3235.0,10,300.0
3235.0,11,300.0
3235.0,12,300.0
3236.0,10,300.0
3236.0,11,300.0
3236.0,12,300.0
3237.0,10,300.0
3237.0,11,300.0
3237.0,12,300.0
3238.0,10,300.0
3238.0,11,300.0
3238.0,12,300.0
3239.0,10,300.0
3239.0,11,300.0
3239.0,12,300.0
3240.0,10,300.0
3240.0,11,300.0
3240.0,12,300.0
3241.0,10,300.0
3241.0,11,300.0
3241.0,12,300.0
3242.0,10,300.0
3242.0,11,300.0
3242.0,12,300.0
3243.0,10,300.0
3243.0,11,300.0
3243.0,12,300.0
3244.0,10,300.0
3244.0,11,300.0
3244.0,12,300.0
3245.0,10,300.0
3245.0,11,300.0
3245.0,12,300.0
3246.0,10,300.0
3246.0,11,300.0
3246.0,12,300.0
3247.0,10,300.0
3247.0,11,300.0
3247.0,12,300.0
3248.0,10,300.0
3248.0,11,300.0
3248.0,12,300.0
3249.0,10,300.0
3249.0,11,300.0
3249.0,12,300.0
3250.0,10,300.0
3250.0,11,300.0
3250.0,12,300.0
3251.0,10,300.0
3251.0,11,300.0
3251.0,12,300.0
3252.0,10,300.0
3252.0,11,300.0
3252.0,12,300.0
3253.0,10,300.0
3253.0,11,300.0
3253.0,12,300.0
3254.0,10,300.0
3254.0,11,300.0
3254.0,12,300.0
3255.0,10,300.0
3255.0,11,300.0
3255.0,12,300.0
3256.0,10,300.0
3256.0,11,300.0
3256.0,12,300.0
3257.0,10,300.0
3257.0,11,300.0
3257.0,12,300.0
3258.0,10,300.0
3258.0,11,300.0
3258.0,12,300.0
3259.0,10,300.0
3259.0,11,300.0
3259.0,12,300.0
3260.0,10,300.0
3260.0,11,300.0
3260.0,12,300.0
3261.0,10,300.0
3261.0,11,300.0
3261.0,12,300.0
3262.0,10,300.0
3262.0,11,300.0
3262.0,12,300.0
3263.0,10,300.0
3263.0,11,300.0
3263.0,12,300.0
3264.0,10,300.0
3264.0,11,300.0
3264.0,12,300.0
3265.0,10,300.0
3265.0,11,300.0
3265.0,12,300.0
3266.0,10,300.0
3266.0,11,300.0
3266.0,12,300.0
3267.0,10,300.0
3267.0,11,300.0
3267.0,12,300.0
3268.0,10,300.0
3268.0,11,300.0
3268.0,12,300.0
3269.0,10,300.0
3269.0,11,300.0
3269.0,12,300.0
3270.0,10,300.0
3270.0,11,300.0
3270.0,12,300.0
3271.0,10,300.0
3271.0,11,300.0
3271.0,12,300.0
3272.0,10,300.0
3272.0,11,300.0
3272.0,12,300.0
3273.0,10,300.0
3273.0,11,300.0
3273.0,12,300.0
3274.0,10,300.0
3274.0,11,300.0
3274.0,12,300.0
3275.0,10,300.0
3275.0,11,300.0
3275.0,12,300.0
3276.0,10,300.0
3276.0,11,300.0
3276.0,12,300.0
3277.0,10,300.0
3277.0,11,300.0
3277.0,12,300.0
3278.0,10,300.0
3278.0,11,300.0
3278.0,12,300.0
3279.0,10,300.0
3279.0,11,300.0
3279.0,12,300.0
3280.0,10,300.0
3280.0,11,300.0
3280.0,12,300.0
3281.0,10,300.0
3281.0,11,300.0
3281.0,12,300.0
3282.0,10,300.0
3282.0,11,300.0
3282.0,12,300.0
3283.0,10,300.0
3283.0,11,300.0
3283.0,12,300.0
3284.0,10,300.0
3284.0,11,300.0
3284.0,12,300.0
3285.0,10,300.0
3285.0,11,300.0
3285.0,12,300.0
3286.0,10,300.0
3286.0,11,300.0
3286.0,12,300.0
3287.0,10,300.0
3287.0,11,300.0
3287.0,12,300.0
3288.0,10,300.0
3288.0,11,300.0
3288.0,12,300.0
3289.0,10,300.0
3289.0,11,300.0
3289.0,12,300.0
3290.0,10,300.0
3290.0,11,300.0
3290.0,12,300.0
3291.0,10,300.0
3291.0,11,300.0
3291.0,12,300.0
3292.0,10,300.0
3292.0,11,300.0
3292.0,12,300.0
3293.0,10,300.0
3293.0,11,300.0
3293.0,12,300.0
3294.0,10,300.0
3294.0,11,300.0
3294.0,12,300.0
3295.0,10,300.0
3295.0,11,300.0
3295.0,12,300.0
3296.0,10,300.0
3296.0,11,300.0
3296.0,12,300.0
3297.0,10,300.0
3297.0,11,300.0
3297.0,12,300.0
3298.0,10,300.0
3298.0,11,300.0
3298.0,12,300.0
3299.0,10,300.0
3299.0,11,300.0
3299.0,12,300.0
3300.0,10,300.0
3300.0,11,300.0
3300.0,12,300.0
3301.0,10,300.0
3301.0,11,300.0
3301.0,12,300.0
3302.0,10,300.0
3302.0,11,300.0
3302.0,12,300.0
3303.0,10,300.0
3303.0,11,300.0
3303.0,12,300.0
3304.0,10,300.0
3304.0,11,300.0
3304.0,12,300.0
3305.0,10,300.0
3305.0,11,300.0
3305.0,12,300.0
3306.0,10,300.0
3306.0,11,300.0
3306.0,12,300.0
3307.0,10,300.0
3307.0,11,300.0
3307.0,12,300.0
3308.0,10,300.0
3308.0,11,300.0
3308.0,12,300.0
3309.0,10,300.0
3309.0,11,300.0
3309.0,12,300.0
3310.0,10,300.0
3310.0,11,300.0
3310.0,12,300.0
3311.0,10,300.0
3311.0,11,300.0
3311.0,12,300.0
3312.0,10,300.0
3312.0,11,300.0
3312.0,12,300.0
3313.0,10,300.0
3313.0,11,300.0
3313.0,12,300.0
3314.0,10,300.0
3314.0,11,300.0
3314.0,12,300.0
3315.0,10,300.0
3315.0,11,300.0
3315.0,12,300.0
3316.0,10,300.0
3316.0,11,300.0
3316.0,12,300.0
3317.0,10,300.0
3317.0,11,300.0
3317.0,12,300.0
3318.0,10,300.0
3318.0,11,300.0
3318.0,12,300.0
3319.0,10,300.0
3319.0,11,300.0
3319.0,12,300.0
3320.0,10,300.0
3320.0,11,300.0
3320.0,12,300.0
3321.0,10,300.0
3321.0,11,300.0
3321.0,12,300.0
3322.0,10,300.0
3322.0,11,300.0
3322.0,12,300.0
3323.0,10,300.0
3323.0,11,300.0
3323.0,12,300.0
3324.0,10,300.0
3324.0,11,300.0
3324.0,12,300.0
3325.0,10,300.0
3325.0,11,300.0
3325.0,12,300.0
3326.0,10,300.0
3326.0,11,300.0
3326.0,12,300.0
3327.0,10,300.0
3327.0,11,300.0
3327.0,12,300.0
3328.0,10,300.0
3328.0,11,300.0
3328.0,12,300.0
3329.0,10,300.0
3329.0,11,300.0
3329.0,12,300.0
3330.0,10,300.0
3330.0,11,300.0
3330.0,12,300.0
3331.0,10,300.0
3331.0,11,300.0
3331.0,12,300.0
3332.0,10,300.0
3332.0,11,300.0
3332.0,12,300.0
3333.0,10,300.0
3333.0,11,300.0
3333.0,12,300.0
3334.0,10,300.0
3334.0,11,300.0
3334.0,12,300.0
3335.0,10,300.0
3335.0,11,300.0
3335.0,12,300.0
3336.0,10,300.0
3336.0,11,300.0
3336.0,12,300.0
3337.0,10,300.0
3337.0,11,300.0
3337.0,12,300.0
3338.0,10,300.0
3338.0,11,300.0
3338.0,12,300.0
3339.0,10,300.0
3339.0,11,300.0
3339.0,12,300.0
3340.0,10,300.0
3340.0,11,300.0
3340.0,12,300.0
3341.0,10,300.0
3341.0,11,300.0
3341.0,12,300.0
3342.0,10,300.0
3342.0,11,300.0
3342.0,12,300.0
3343.0,10,300.0
3343.0,11,300.0
3343.0,12,300.0
3344.0,10,300.0
3344.0,11,300.0
3344.0,12,300.0
3345.0,10,300.0
3345.0,11,300.0
3345.0,12,300.0
3346.0,10,300.0
3346.0,11,300.0
3346.0,12,300.0
3347.0,10,300.0
3347.0,11,300.0
3347.0,12,300.0
3348.0,10,300.0
3348.0,11,300.0
3348.0,12,300.0
3349.0,10,300.0
3349.0,11,300.0
3349.0,12,300.0
3350.0,10,300.0
3350.0,11,300.0
3350.0,12,300.0
3351.0,10,300.0
3351.0,11,300.0
3351.0,12,300.0
3352.0,10,300.0
3352.0,11,300.0
3352.0,12,300.0
3353.0,10,300.0
3353.0,11,300.0
3353.0,12,300.0
3354.0,10,300.0
3354.0,11,300.0
3354.0,12,300.0
3355.0,10,300.0
3355.0,11,300.0
3355.0,12,300.0
3356.0,10,300.0
3356.0,11,300.0
3356.0,12,300.0
3357.0,10,300.0
3357.0,11,300.0
3357.0,12,300.0
3358.0,10,300.0
3358.0,11,300.0
3358.0,12,300.0
3359.0,10,300.0
3359.0,11,300.0
3359.0,12,300.0
3360.0,10,300.0
3360.0,11,300.0
3360.0,12,300.0
3361.0,10,300.0
3361.0,11,300.0
3361.0,12,300.0
3362.0,10,300.0
3362.0,11,300.0
3362.0,12,300.0
3363.0,10,300.0
3363.0,11,300.0
3363.0,12,300.0
3364.0,10,300.0
3364.0,11,300.0
3364.0,12,300.0
3365.0,10,300.0
3365.0,11,300.0
3365.0,12,300.0
3366.0,10,300.0
3366.0,11,300.0
3366.0,12,300.0
3367.0,10,300.0
3367.0,11,300.0
3367.0,12,300.0
3368.0,10,300.0
3368.0,11,300.0
3368.0,12,300.0
3369.0,10,300.0
3369.0,11,300.0
3369.0,12,300.0
3370.0,10,300.0
3370.0,11,300.0
3370.0,12,300.0
3371.0,10,300.0
3371.0,11,300.0
3371.0,12,300.0
3372.0,10,300.0
3372.0,11,300.0
3372.0,12,300.0
3373.0,10,300.0
3373.0,11,300.0
3373.0,12,300.0
3374.0,10,300.0
3374.0,11,300.0
3374.0,12,300.0
3375.0,10,300.0
3375.0,11,300.0
3375.0,12,300.0
3376.0,10,300.0
3376.0,11,300.0
3376.0,12,300.0
3377.0,10,300.0
3377.0,11,300.0
3377.0,12,300.0
3378.0,10,300.0
3378.0,11,300.0
3378.0,12,300.0
3379.0,10,300.0
3379.0,11,300.0
3379.0,12,300.0
3380.0,10,300.0
3380.0,11,300.0
3380.0,12,300.0
3381.0,10,300.0
3381.0,11,300.0
3381.0,12,300.0
3382.0,10,300.0
3382.0,11,300.0
3382.0,12,300.0
3383.0,10,300.0
3383.0,11,300.0
3383.0,12,300.0
3384.0,10,300.0
3384.0,11,300.0
3384.0,12,300.0
3385.0,10,300.0
3385.0,11,300.0
3385.0,12,300.0
3386.0,10,300.0
3386.0,11,300.0
3386.0,12,300.0
3387.0,10,300.0
3387.0,11,300.0
3387.0,12,300.0
3388.0,10,300.0
3388.0,11,300.0
3388.0,12,300.0
3389.0,10,300.0
3389.0,11,300.0
3389.0,12,300.0
3390.0,10,300.0
3390.0,11,300.0
3390.0,12,300.0
3391.0,10,300.0
3391.0,11,300.0
3391.0,12,300.0
3392.0,10,300.0
3392.0,11,300.0
3392.0,12,300.0
3393.0,10,300.0
3393.0,11,300.0
3393.0,12,300.0
3394.0,10,300.0
3394.0,11,300.0
3394.0,12,300.0
3395.0,10,300.0
3395.0,11,300.0
3395.0,12,300.0
3396.0,10,300.0
3396.0,11,300.0
3396.0,12,300.0
3397.0,10,300.0
3397.0,11,300.0
3397.0,12,300.0
3398.0,10,300.0
3398.0,11,300.0
3398.0,12,300.0
3399.0,10,300.0
3399.0,11,300.0
3399.0,12,300.0
3400.0,10,300.0
3400.0,11,300.0
3400.0,12,300.0
3401.0,10,300.0
3401.0,11,300.0
3401.0,12,300.0
3402.0,10,300.0
3402.0,11,300.0
3402.0,12,300.0
3403.0,10,300.0
3403.0,11,300.0
3403.0,12,300.0
3404.0,10,300.0
3404.0,11,300.0
3404.0,12,300.0
3405.0,10,300.0
3405.0,11,300.0
3405.0,12,300.0
3406.0,10,300.0
3406.0,11,300.0
3406.0,12,300.0
3407.0,10,300.0
3407.0,11,300.0
3407.0,12,300.0
3408.0,10,300.0
3408.0,11,300.0
3408.0,12,300.0
3409.0,10,300.0
3409.0,11,300.0
3409.0,12,300.0
3410.0,10,300.0
3410.0,11,300.0
3410.0,12,300.0
3411.0,10,300.0
3411.0,11,300.0
3411.0,12,300.0
3412.0,10,300.0
3412.0,11,300.0
3412.0,12,300.0
3413.0,10,300.0
3413.0,11,300.0
3413.0,12,300.0
3414.0,10,300.0
3414.0,11,300.0
3414.0,12,300.0
3415.0,10,300.0
3415.0,11,300.0
3415.0,12,300.0
3416.0,10,300.0
3416.0,11,300.0
3416.0,12,300.0
3417.0,10,300.0
3417.0,11,300.0
3417.0,12,300.0
3418.0,10,300.0
3418.0,11,300.0
3418.0,12,300.0
3419.0,10,300.0
3419.0,11,300.0
3419.0,12,300.0
3420.0,10,300.0
3420.0,11,300.0
3420.0,12,300.0
3421.0,10,300.0
3421.0,11,300.0
3421.0,12,300.0
3422.0,10,300.0
3422.0,11,300.0
3422.0,12,300.0
3423.0,10,300.0
3423.0,11,300.0
3423.0,12,300.0
3424.0,10,300.0
3424.0,11,300.0
3424.0,12,300.0
3425.0,10,300.0
3425.0,11,300.0
3425.0,12,300.0
3426.0,10,300.0
3426.0,11,300.0
3426.0,12,300.0
3427.0,10,300.0
3427.0,11,300.0
3427.0,12,300.0
3428.0,10,300.0
3428.0,11,300.0
3428.0,12,300.0
3429.0,10,300.0
3429.0,11,300.0
3429.0,12,300.0
3430.0,10,300.0
3430.0,11,300.0
3430.0,12,300.0
3431.0,10,300.0
3431.0,11,300.0
3431.0,12,300.0
3432.0,10,300.0
3432.0,11,300.0
3432.0,12,300.0
3433.0,10,300.0
3433.0,11,300.0
3433.0,12,300.0
3434.0,10,300.0
3434.0,11,300.0
3434.0,12,300.0
3435.0,10,300.0
3435.0,11,300.0
3435.0,12,300.0
3436.0,10,300.0
3436.0,11,300.0
3436.0,12,300.0
3437.0,10,300.0
3437.0,11,300.0
3437.0,12,300.0
3438.0,10,300.0
3438.0,11,300.0
3438.0,12,300.0
3439.0,10,300.0
3439.0,11,300.0
3439.0,12,300.0
3440.0,10,300.0
3440.0,11,300.0
3440.0,12,300.0
3441.0,10,300.0
3441.0,11,300.0
3441.0,12,300.0
3442.0,10,300.0
3442.0,11,300.0
3442.0,12,300.0
3443.0,10,300.0
3443.0,11,300.0
3443.0,12,300.0
3444.0,10,300.0
3444.0,11,300.0
3444.0,12,300.0
3445.0,10,300.0
3445.0,11,300.0
3445.0,12,300.0
3446.0,10,300.0
3446.0,11,300.0
3446.0,12,300.0
3447.0,10,300.0
3447.0,11,300.0
3447.0,12,300.0
3448.0,10,300.0
3448.0,11,300.0
3448.0,12,300.0
3449.0,10,300.0
3449.0,11,300.0
3449.0,12,300.0
3450.0,10,300.0
3450.0,11,300.0
3450.0,12,300.0
3451.0,10,300.0
3451.0,11,300.0
3451.0,12,300.0
3452.0,10,300.0
3452.0,11,300.0
3452.0,12,300.0
3453.0,10,300.0
3453.0,11,300.0
3453.0,12,300.0
3454.0,10,300.0
3454.0,11,300.0
3454.0,12,300.0
3455.0,10,300.0
3455.0,11,300.0
3455.0,12,300.0
3456.0,10,300.0
3456.0,11,300.0
3456.0,12,300.0
3457.0,10,300.0
3457.0,11,300.0
3457.0,12,300.0
3458.0,10,300.0
3458.0,11,300.0
3458.0,12,300.0
3459.0,10,300.0
3459.0,11,300.0
3459.0,12,300.0
3460.0,10,300.0
3460.0,11,300.0
3460.0,12,300.0
3461.0,10,300.0
3461.0,11,300.0
3461.0,12,300.0
3462.0,10,300.0
3462.0,11,300.0
3462.0,12,300.0
3463.0,10,300.0
3463.0,11,300.0
3463.0,12,300.0
3464.0,10,300.0
3464.0,11,300.0
3464.0,12,300.0
3465.0,10,300.0
3465.0,11,300.0
3465.0,12,300.0
3466.0,10,300.0
3466.0,11,300.0
3466.0,12,300.0
3467.0,10,300.0
3467.0,11,300.0
3467.0,12,300.0
3468.0,10,300.0
3468.0,11,300.0
3468.0,12,300.0
3469.0,10,300.0
3469.0,11,300.0
3469.0,12,300.0
3470.0,10,300.0
3470.0,11,300.0
3470.0,12,300.0
3471.0,10,300.0
3471.0,11,300.0
3471.0,12,300.0
3472.0,10,300.0
3472.0,11,300.0
3472.0,12,300.0
3473.0,10,300.0
3473.0,11,300.0
3473.0,12,300.0
3474.0,10,300.0
3474.0,11,300.0
3474.0,12,300.0
3475.0,10,300.0
3475.0,11,300.0
3475.0,12,300.0
3476.0,10,300.0
3476.0,11,300.0
3476.0,12,300.0
3477.0,10,300.0
3477.0,11,300.0
3477.0,12,300.0
3478.0,10,300.0
3478.0,11,300.0
3478.0,12,300.0
3479.0,10,300.0
3479.0,11,300.0
3479.0,12,300.0
3480.0,10,300.0
3480.0,11,300.0
3480.0,12,300.0
3481.0,10,300.0
3481.0,11,300.0
3481.0,12,300.0
3482.0,10,300.0
3482.0,11,300.0
3482.0,12,300.0
3483.0,10,300.0
3483.0,11,300.0
3483.0,12,300.0
3484.0,10,300.0
3484.0,11,300.0
3484.0,12,300.0
3485.0,10,300.0
3485.0,11,300.0
3485.0,12,300.0
3486.0,10,300.0
3486.0,11,300.0
3486.0,12,300.0
3487.0,10,300.0
3487.0,11,300.0
3487.0,12,300.0
3488.0,10,300.0
3488.0,11,300.0
3488.0,12,300.0
3489.0,10,300.0
3489.0,11,300.0
3489.0,12,300.0
3490.0,10,300.0
3490.0,11,300.0
3490.0,12,300.0
3491.0,10,300.0
3491.0,11,300.0
3491.0,12,300.0
3492.0,10,300.0
3492.0,11,300.0
3492.0,12,300.0
3493.0,10,300.0
3493.0,11,300.0
3493.0,12,300.0
3494.0,10,300.0
3494.0,11,300.0
3494.0,12,300.0
3495.0,10,300.0
3495.0,11,300.0
3495.0,12,300.0
3496.0,10,300.0
3496.0,11,300.0
3496.0,12,300.0
3497.0,10,300.0
3497.0,11,300.0
3497.0,12,300.0
3498.0,10,300.0
3498.0,11,300.0
3498.0,12,300.0
3499.0,10,300.0
3499.0,11,300.0
3499.0,12,300.0
3500.0,10,300.0
3500.0,11,300.0
3500.0,12,300.0
3501.0,10,300.0
3501.0,11,300.0
3501.0,12,300.0
3502.0,10,300.0
3502.0,11,300.0
3502.0,12,300.0
3503.0,10,300.0
3503.0,11,300.0
3503.0,12,300.0
3504.0,10,300.0
3504.0,11,300.0
3504.0,12,300.0
3505.0,10,300.0
3505.0,11,300.0
3505.0,12,300.0
3506.0,10,300.0
3506.0,11,300.0
3506.0,12,300.0
3507.0,10,300.0
3507.0,11,300.0
3507.0,12,300.0
3508.0,10,300.0
3508.0,11,300.0
3508.0,12,300.0
3509.0,10,300.0
3509.0,11,300.0
3509.0,12,300.0
3510.0,10,300.0
3510.0,11,300.0
3510.0,12,300.0
3511.0,10,300.0
3511.0,11,300.0
3511.0,12,300.0
3512.0,10,300.0
3512.0,11,300.0
3512.0,12,300.0
3513.0,10,300.0
3513.0,11,300.0
3513.0,12,300.0
3514.0,10,300.0
3514.0,11,300.0
3514.0,12,300.0
3515.0,10,300.0
3515.0,11,300.0
3515.0,12,300.0
3516.0,10,300.0
3516.0,11,300.0
3516.0,12,300.0
3517.0,10,300.0
3517.0,11,300.0
3517.0,12,300.0
3518.0,10,300.0
3518.0,11,300.0
3518.0,12,300.0
3519.0,10,300.0
3519.0,11,300.0
3519.0,12,300.0
3520.0,10,300.0
3520.0,11,300.0
3520.0,12,300.0
3521.0,10,300.0
3521.0,11,300.0
3521.0,12,300.0
3522.0,10,300.0
3522.0,11,300.0
3522.0,12,300.0
3523.0,10,300.0
3523.0,11,300.0
3523.0,12,300.0
3524.0,10,300.0
3524.0,11,300.0
3524.0,12,300.0
3525.0,10,300.0
3525.0,11,300.0
3525.0,12,300.0
3526.0,10,300.0
3526.0,11,300.0
3526.0,12,300.0
3527.0,10,300.0
3527.0,11,300.0
3527.0,12,300.0
3528.0,10,300.0
3528.0,11,300.0
3528.0,12,300.0
3529.0,10,300.0
3529.0,11,300.0
3529.0,12,300.0
3530.0,10,300.0
3530.0,11,300.0
3530.0,12,300.0
3531.0,10,300.0
3531.0,11,300.0
3531.0,12,300.0
3532.0,10,300.0
3532.0,11,300.0
3532.0,12,300.0
3533.0,10,300.0
3533.0,11,300.0
3533.0,12,300.0
3534.0,10,300.0
3534.0,11,300.0
3534.0,12,300.0
3535.0,10,300.0
3535.0,11,300.0
3535.0,12,300.0
3536.0,10,300.0
3536.0,11,300.0
3536.0,12,300.0
3537.0,10,300.0
3537.0,11,300.0
3537.0,12,300.0
3538.0,10,300.0
3538.0,11,300.0
3538.0,12,300.0
3539.0,10,300.0
3539.0,11,300.0
3539.0,12,300.0
3540.0,10,300.0
3540.0,11,300.0
3540.0,12,300.0
3541.0,10,300.0
3541.0,11,300.0
3541.0,12,300.0
3542.0,10,300.0
3542.0,11,300.0
3542.0,12,300.0
3543.0,10,300.0
3543.0,11,300.0
3543.0,12,300.0
3544.0,10,300.0
3544.0,11,300.0
3544.0,12,300.0
3545.0,10,300.0
3545.0,11,300.0
3545.0,12,300.0
3546.0,10,300.0
3546.0,11,300.0
3546.0,12,300.0
3547.0,10,300.0
3547.0,11,300.0
3547.0,12,300.0
3548.0,10,300.0
3548.0,11,300.0
3548.0,12,300.0
3549.0,10,300.0
3549.0,11,300.0
3549.0,12,300.0
3550.0,10,300.0
3550.0,11,300.0
3550.0,12,300.0
3551.0,10,300.0
3551.0,11,300.0
3551.0,12,300.0
3552.0,10,300.0
3552.0,11,300.0
3552.0,12,300.0
3553.0,10,300.0
3553.0,11,300.0
3553.0,12,300.0
3554.0,10,300.0
3554.0,11,300.0
3554.0,12,300.0
3555.0,10,300.0
3555.0,11,300.0
3555.0,12,300.0
3556.0,10,300.0
3556.0,11,300.0
3556.0,12,300.0
3557.0,10,300.0
3557.0,11,300.0
3557.0,12,300.0
3558.0,10,300.0
3558.0,11,300.0
3558.0,12,300.0
3559.0,10,300.0
3559.0,11,300.0
3559.0,12,300.0
3560.0,10,300.0
3560.0,11,300.0
3560.0,12,300.0
3561.0,10,300.0
3561.0,11,300.0
3561.0,12,300.0
3562.0,10,300.0
3562.0,11,300.0
3562.0,12,300.0
3563.0,10,300.0
3563.0,11,300.0
3563.0,12,300.0
3564.0,10,300.0
3564.0,11,300.0
3564.0,12,300.0
3565.0,10,300.0
3565.0,11,300.0
3565.0,12,300.0
3566.0,10,300.0
3566.0,11,300.0
3566.0,12,300.0
3567.0,10,300.0
3567.0,11,300.0
3567.0,12,300.0
3568.0,10,300.0
3568.0,11,300.0
3568.0,12,300.0
3569.0,10,300.0
3569.0,11,300.0
3569.0,12,300.0
3570.0,10,300.0
3570.0,11,300.0
3570.0,12,300.0
3571.0,10,300.0
3571.0,11,300.0
3571.0,12,300.0
3572.0,10,300.0
3572.0,11,300.0
3572.0,12,300.0
3573.0,10,300.0
3573.0,11,300.0
3573.0,12,300.0
3574.0,10,300.0
3574.0,11,300.0
3574.0,12,300.0
3575.0,10,300.0
3575.0,11,300.0
3575.0,12,300.0
3576.0,10,300.0
3576.0,11,300.0
3576.0,12,300.0
3577.0,10,300.0
3577.0,11,300.0
3577.0,12,300.0
3578.0,10,300.0
3578.0,11,300.0
3578.0,12,300.0
3579.0,10,300.0
3579.0,11,300.0
3579.0,12,300.0
3580.0,10,300.0
3580.0,11,300.0
3580.0,12,300.0
3581.0,10,300.0
3581.0,11,300.0
3581.0,12,300.0
3582.0,10,300.0
3582.0,11,300.0
3582.0,12,300.0
3583.0,10,300.0
3583.0,11,300.0
3583.0,12,300.0
3584.0,10,300.0
3584.0,11,300.0
3584.0,12,300.0
3585.0,10,300.0
3585.0,11,300.0
3585.0,12,300.0
3586.0,10,300.0
3586.0,11,300.0
3586.0,12,300.0
3587.0,10,300.0
3587.0,11,300.0
3587.0,12,300.0
3588.0,10,300.0
3588.0,11,300.0
3588.0,12,300.0
3589.0,10,300.0
3589.0,11,300.0
3589.0,12,300.0
3590.0,10,300.0
3590.0,11,300.0
3590.0,12,300.0
3591.0,10,300.0
3591.0,11,300.0
3591.0,12,300.0
3592.0,10,300.0
3592.0,11,300.0
3592.0,12,300.0
3593.0,10,300.0
3593.0,11,300.0
3593.0,12,300.0
3594.0,10,300.0
3594.0,11,300.0
3594.0,12,300.0
3595.0,10,300.0
3595.0,11,300.0
3595.0,12,300.0
3596.0,10,300.0
3596.0,11,300.0
3596.0,12,300.0
3597.0,10,300.0
3597.0,11,300.0
3597.0,12,300.0
3598.0,10,300.0
3598.0,11,300.0
3598.0,12,300.0
3599.0,10,300.0
3599.0,11,300.0
3599.0,12,300.0
3600.0,10,300.0
3600.0,11,300.0
3600.0,12,300.0
3601.0,10,300.0
3601.0,11,300.0
3601.0,12,300.0
3602.0,10,300.0
3602.0,11,300.0
3602.0,12,300.0
3603.0,10,300.0
3603.0,11,300.0
3603.0,12,300.0
3604.0,10,300.0
3604.0,11,300.0
3604.0,12,300.0
3605.0,10,300.0
3605.0,11,300.0
3605.0,12,300.0
3606.0,10,300.0
3606.0,11,300.0
3606.0,12,300.0
3607.0,10,300.0
3607.0,11,300.0
3607.0,12,300.0
3608.0,10,300.0
3608.0,11,300.0
3608.0,12,300.0
3609.0,10,300.0
3609.0,11,300.0
3609.0,12,300.0
3610.0,10,300.0
3610.0,11,300.0
3610.0,12,300.0
3611.0,10,300.0
3611.0,11,300.0
3611.0,12,300.0
3612.0,10,300.0
3612.0,11,300.0
3612.0,12,300.0
3613.0,10,300.0
3613.0,11,300.0
3613.0,12,300.0
3614.0,10,300.0
3614.0,11,300.0
3614.0,12,300.0
3615.0,10,300.0
3615.0,11,300.0
3615.0,12,300.0
3616.0,10,300.0
3616.0,11,300.0
3616.0,12,300.0
3617.0,10,300.0
3617.0,11,300.0
3617.0,12,300.0
3618.0,10,300.0
3618.0,11,300.0
3618.0,12,300.0
3619.0,10,300.0
3619.0,11,300.0
3619.0,12,300.0
3620.0,10,300.0
3620.0,11,300.0
3620.0,12,300.0
3621.0,10,300.0
3621.0,11,300.0
3621.0,12,300.0
3622.0,10,300.0
3622.0,11,300.0
3622.0,12,300.0
3623.0,10,300.0
3623.0,11,300.0
3623.0,12,300.0
3624.0,10,300.0
3624.0,11,300.0
3624.0,12,300.0
3625.0,10,300.0
3625.0,11,300.0
3625.0,12,300.0
3626.0,10,300.0
3626.0,11,300.0
3626.0,12,300.0
3627.0,10,300.0
3627.0,11,300.0
3627.0,12,300.0
3628.0,10,300.0
3628.0,11,300.0
3628.0,12,300.0
3629.0,10,300.0
3629.0,11,300.0
3629.0,12,300.0
3630.0,10,300.0
3630.0,11,300.0
3630.0,12,300.0
3631.0,10,300.0
3631.0,11,300.0
3631.0,12,300.0
3632.0,10,300.0
3632.0,11,300.0
3632.0,12,300.0
3633.0,10,300.0
3633.0,11,300.0
3633.0,12,300.0
3634.0,10,300.0
3634.0,11,300.0
3634.0,12,300.0
3635.0,10,300.0
3635.0,11,300.0
3635.0,12,300.0
3636.0,10,300.0
3636.0,11,300.0
3636.0,12,300.0
3637.0,10,300.0
3637.0,11,300.0
3637.0,12,300.0
3638.0,10,300.0
3638.0,11,300.0
3638.0,12,300.0
3639.0,10,300.0
3639.0,11,300.0
3639.0,12,300.0
3640.0,10,300.0
3640.0,11,300.0
3640.0,12,300.0
3641.0,10,300.0
3641.0,11,300.0
3641.0,12,300.0
3642.0,10,300.0
3642.0,11,300.0
3642.0,12,300.0
3643.0,10,300.0
3643.0,11,300.0
3643.0,12,300.0
3644.0,10,300.0
3644.0,11,300.0
3644.0,12,300.0
3645.0,10,300.0
3645.0,11,300.0
3645.0,12,300.0
3646.0,10,300.0
3646.0,11,300.0
3646.0,12,300.0
3647.0,10,300.0
3647.0,11,300.0
3647.0,12,300.0
3648.0,10,300.0
3648.0,11,300.0
3648.0,12,300.0
3649.0,10,300.0
3649.0,11,300.0
3649.0,12,300.0
3650.0,10,300.0
3650.0,11,300.0
3650.0,12,300.0
3651.0,10,300.0
3651.0,11,300.0
3651.0,12,300.0
3652.0,10,300.0
3652.0,11,300.0
3652.0,12,300.0
3653.0,10,300.0
3653.0,11,300.0
3653.0,12,300.0
3654.0,10,300.0
3654.0,11,300.0
3654.0,12,300.0
3655.0,10,300.0
3655.0,11,300.0
3655.0,12,300.0
3656.0,10,300.0
3656.0,11,300.0
3656.0,12,300.0
3657.0,10,300.0
3657.0,11,300.0
3657.0,12,300.0
3658.0,10,300.0
3658.0,11,300.0
3658.0,12,300.0
3659.0,10,300.0
3659.0,11,300.0
3659.0,12,300.0
3660.0,10,300.0
3660.0,11,300.0
3660.0,12,300.0
3661.0,10,300.0
3661.0,11,300.0
3661.0,12,300.0
3662.0,10,300.0
3662.0,11,300.0
3662.0,12,300.0
3663.0,10,300.0
3663.0,11,300.0
3663.0,12,300.0
3664.0,10,300.0
3664.0,11,300.0
3664.0,12,300.0
3665.0,10,300.0
3665.0,11,300.0
3665.0,12,300.0
3666.0,10,300.0
3666.0,11,300.0
3666.0,12,300.0
3667.0,10,300.0
3667.0,11,300.0
3667.0,12,300.0
3668.0,10,300.0
3668.0,11,300.0
3668.0,12,300.0
3669.0,10,300.0
3669.0,11,300.0
3669.0,12,300.0
3670.0,10,300.0
3670.0,11,300.0
3670.0,12,300.0
3671.0,10,300.0
3671.0,11,300.0
3671.0,12,300.0
3672.0,10,300.0
3672.0,11,300.0
3672.0,12,300.0
3673.0,10,300.0
3673.0,11,300.0
3673.0,12,300.0
3674.0,10,300.0
3674.0,11,300.0
3674.0,12,300.0
3675.0,10,300.0
3675.0,11,300.0
3675.0,12,300.0
3676.0,10,300.0
3676.0,11,300.0
3676.0,12,300.0
3677.0,10,300.0
3677.0,11,300.0
3677.0,12,300.0
3678.0,10,300.0
3678.0,11,300.0
3678.0,12,300.0
3679.0,10,300.0
3679.0,11,300.0
3679.0,12,300.0
3680.0,10,300.0
3680.0,11,300.0
3680.0,12,300.0
3681.0,10,300.0
3681.0,11,300.0
3681.0,12,300.0
3682.0,10,300.0
3682.0,11,300.0
3682.0,12,300.0
3683.0,10,300.0
3683.0,11,300.0
3683.0,12,300.0
3684.0,10,300.0
3684.0,11,300.0
3684.0,12,300.0
3685.0,10,300.0
3685.0,11,300.0
3685.0,12,300.0
3686.0,10,300.0
3686.0,11,300.0
3686.0,12,300.0
3687.0,10,300.0
3687.0,11,300.0
3687.0,12,300.0
3688.0,10,300.0
3688.0,11,300.0
3688.0,12,300.0
3689.0,10,300.0
3689.0,11,300.0
3689.0,12,300.0
3690.0,10,300.0
3690.0,11,300.0
3690.0,12,300.0
3691.0,10,300.0
3691.0,11,300.0
3691.0,12,300.0
3692.0,10,300.0
3692.0,11,300.0
3692.0,12,300.0
3693.0,10,300.0
3693.0,11,300.0
3693.0,12,300.0
3694.0,10,300.0
3694.0,11,300.0
3694.0,12,300.0
3695.0,10,300.0
3695.0,11,300.0
3695.0,12,300.0
3696.0,10,300.0
3696.0,11,300.0
3696.0,12,300.0
3697.0,10,300.0
3697.0,11,300.0
3697.0,12,300.0
3698.0,10,300.0
3698.0,11,300.0
3698.0,12,300.0
3699.0,10,300.0
3699.0,11,300.0
3699.0,12,300.0
3700.0,10,300.0
3700.0,11,300.0
3700.0,12,300.0
3701.0,10,300.0
3701.0,11,300.0
3701.0,12,300.0
3702.0,10,300.0
3702.0,11,300.0
3702.0,12,300.0
3703.0,10,300.0
3703.0,11,300.0
3703.0,12,300.0
3704.0,10,300.0
3704.0,11,300.0
3704.0,12,300.0
3705.0,10,300.0
3705.0,11,300.0
3705.0,12,300.0
3706.0,10,300.0
3706.0,11,300.0
3706.0,12,300.0
3707.0,10,300.0
3707.0,11,300.0
3707.0,12,300.0
3708.0,10,300.0
3708.0,11,300.0
3708.0,12,300.0
3709.0,10,300.0
3709.0,11,300.0
3709.0,12,300.0
3710.0,10,300.0
3710.0,11,300.0
3710.0,12,300.0
3711.0,10,300.0
3711.0,11,300.0
3711.0,12,300.0
3712.0,10,300.0
3712.0,11,300.0
3712.0,12,300.0
3713.0,10,300.0
3713.0,11,300.0
3713.0,12,300.0
3714.0,10,300.0
3714.0,11,300.0
3714.0,12,300.0
3715.0,10,300.0
3715.0,11,300.0
3715.0,12,300.0
3716.0,10,300.0
3716.0,11,300.0
3716.0,12,300.0
3717.0,10,300.0
3717.0,11,300.0
3717.0,12,300.0
3718.0,10,300.0
3718.0,11,300.0
3718.0,12,300.0
3719.0,10,300.0
3719.0,11,300.0
3719.0,12,300.0
3720.0,10,300.0
3720.0,11,300.0
3720.0,12,300.0
3721.0,10,300.0
3721.0,11,300.0
3721.0,12,300.0
3722.0,10,300.0
3722.0,11,300.0
3722.0,12,300.0
3723.0,10,300.0
3723.0,11,300.0
3723.0,12,300.0
3724.0,10,300.0
3724.0,11,300.0
3724.0,12,300.0
3725.0,10,300.0
3725.0,11,300.0
3725.0,12,300.0
3726.0,10,300.0
3726.0,11,300.0
3726.0,12,300.0
3727.0,10,300.0
3727.0,11,300.0
3727.0,12,300.0
3728.0,10,300.0
3728.0,11,300.0
3728.0,12,300.0
3729.0,10,300.0
3729.0,11,300.0
3729.0,12,300.0
3730.0,10,300.0
3730.0,11,300.0
3730.0,12,300.0
3731.0,10,300.0
3731.0,11,300.0
3731.0,12,300.0
3732.0,10,300.0
3732.0,11,300.0
3732.0,12,300.0
3733.0,10,300.0
3733.0,11,300.0
3733.0,12,300.0
3734.0,10,300.0
3734.0,11,300.0
3734.0,12,300.0
3735.0,10,300.0
3735.0,11,300.0
3735.0,12,300.0
3736.0,10,300.0
3736.0,11,300.0
3736.0,12,300.0
3737.0,10,300.0
3737.0,11,300.0
3737.0,12,300.0
3738.0,10,300.0
3738.0,11,300.0
3738.0,12,300.0
3739.0,10,300.0
3739.0,11,300.0
3739.0,12,300.0
3740.0,10,300.0
3740.0,11,300.0
3740.0,12,300.0
3741.0,10,300.0
3741.0,11,300.0
3741.0,12,300.0
3742.0,10,300.0
3742.0,11,300.0
3742.0,12,300.0
3743.0,10,300.0
3743.0,11,300.0
3743.0,12,300.0
3744.0,10,300.0
3744.0,11,300.0
3744.0,12,300.0
3745.0,10,300.0
3745.0,11,300.0
3745.0,12,300.0
3746.0,10,300.0
3746.0,11,300.0
3746.0,12,300.0
3747.0,10,300.0
3747.0,11,300.0
3747.0,12,300.0
3748.0,10,300.0
3748.0,11,300.0
3748.0,12,300.0
3749.0,10,300.0
3749.0,11,300.0
3749.0,12,300.0
3750.0,10,300.0
3750.0,11,300.0
3750.0,12,300.0
3751.0,10,300.0
3751.0,11,300.0
3751.0,12,300.0
3752.0,10,300.0
3752.0,11,300.0
3752.0,12,300.0
3753.0,10,300.0
3753.0,11,300.0
3753.0,12,300.0
3754.0,10,300.0
3754.0,11,300.0
3754.0,12,300.0
3755.0,10,300.0
3755.0,11,300.0
3755.0,12,300.0
3756.0,10,300.0
3756.0,11,300.0
3756.0,12,300.0
3757.0,10,300.0
3757.0,11,300.0
3757.0,12,300.0
3758.0,10,300.0
3758.0,11,300.0
3758.0,12,300.0
3759.0,10,300.0
3759.0,11,300.0
3759.0,12,300.0
3760.0,10,300.0
3760.0,11,300.0
3760.0,12,300.0
3761.0,10,300.0
3761.0,11,300.0
3761.0,12,300.0
3762.0,10,300.0
3762.0,11,300.0
3762.0,12,300.0
3763.0,10,300.0
3763.0,11,300.0
3763.0,12,300.0
3764.0,10,300.0
3764.0,11,300.0
3764.0,12,300.0
3765.0,10,300.0
3765.0,11,300.0
3765.0,12,300.0
3766.0,10,300.0
3766.0,11,300.0
3766.0,12,300.0
3767.0,10,300.0
3767.0,11,300.0
3767.0,12,300.0
3768.0,10,300.0
3768.0,11,300.0
3768.0,12,300.0
3769.0,10,300.0
3769.0,11,300.0
3769.0,12,300.0
3770.0,10,300.0
3770.0,11,300.0
3770.0,12,300.0
3771.0,10,300.0
3771.0,11,300.0
3771.0,12,300.0
3772.0,10,300.0
3772.0,11,300.0
3772.0,12,300.0
3773.0,10,300.0
3773.0,11,300.0
3773.0,12,300.0
3774.0,10,300.0
3774.0,11,300.0
3774.0,12,300.0
3775.0,10,300.0
3775.0,11,300.0
3775.0,12,300.0
3776.0,10,300.0
3776.0,11,300.0
3776.0,12,300.0
3777.0,10,300.0
3777.0,11,300.0
3777.0,12,300.0
3778.0,10,300.0
3778.0,11,300.0
3778.0,12,300.0
3779.0,10,300.0
3779.0,11,300.0
3779.0,12,300.0
3780.0,10,300.0
3780.0,11,300.0
3780.0,12,300.0
3781.0,10,300.0
3781.0,11,300.0
3781.0,12,300.0
3782.0,10,300.0
3782.0,11,300.0
3782.0,12,300.0
3783.0,10,300.0
3783.0,11,300.0
3783.0,12,300.0
3784.0,10,300.0
3784.0,11,300.0
3784.0,12,300.0
3785.0,10,300.0
3785.0,11,300.0
3785.0,12,300.0
3786.0,10,300.0
3786.0,11,300.0
3786.0,12,300.0
3787.0,10,300.0
3787.0,11,300.0
3787.0,12,300.0
3788.0,10,300.0
3788.0,11,300.0
3788.0,12,300.0
3789.0,10,300.0
3789.0,11,300.0
3789.0,12,300.0
3790.0,10,300.0
3790.0,11,300.0
3790.0,12,300.0
3791.0,10,300.0
3791.0,11,300.0
3791.0,12,300.0
3792.0,10,300.0
3792.0,11,300.0
3792.0,12,300.0
3793.0,10,300.0
3793.0,11,300.0
3793.0,12,300.0
3794.0,10,300.0
3794.0,11,300.0
3794.0,12,300.0
3795.0,10,300.0
3795.0,11,300.0
3795.0,12,300.0
3796.0,10,300.0
3796.0,11,300.0
3796.0,12,300.0
3797.0,10,300.0
3797.0,11,300.0
3797.0,12,300.0
3798.0,10,300.0
3798.0,11,300.0
3798.0,12,300.0
3799.0,10,300.0
3799.0,11,300.0
3799.0,12,300.0
3800.0,10,300.0
3800.0,11,300.0
3800.0,12,300.0
3801.0,10,300.0
3801.0,11,300.0
3801.0,12,300.0
3802.0,10,300.0
3802.0,11,300.0
3802.0,12,300.0
3803.0,10,300.0
3803.0,11,300.0
3803.0,12,300.0
3804.0,10,300.0
3804.0,11,300.0
3804.0,12,300.0
3805.0,10,300.0
3805.0,11,300.0
3805.0,12,300.0
3806.0,10,300.0
3806.0,11,300.0
3806.0,12,300.0
3807.0,10,300.0
3807.0,11,300.0
3807.0,12,300.0
3808.0,10,300.0
3808.0,11,300.0
3808.0,12,300.0
3809.0,10,300.0
3809.0,11,300.0
3809.0,12,300.0
3810.0,10,300.0
3810.0,11,300.0
3810.0,12,300.0
3811.0,10,300.0
3811.0,11,300.0
3811.0,12,300.0
3812.0,10,300.0
3812.0,11,300.0
3812.0,12,300.0
3813.0,10,300.0
3813.0,11,300.0
3813.0,12,300.0
3814.0,10,300.0
3814.0,11,300.0
3814.0,12,300.0
3815.0,10,300.0
3815.0,11,300.0
3815.0,12,300.0
3816.0,10,300.0
3816.0,11,300.0
3816.0,12,300.0
3817.0,10,300.0
3817.0,11,300.0
3817.0,12,300.0
3818.0,10,300.0
3818.0,11,300.0
3818.0,12,300.0
3819.0,10,300.0
3819.0,11,300.0
3819.0,12,300.0
3820.0,10,300.0
3820.0,11,300.0
3820.0,12,300.0
3821.0,10,300.0
3821.0,11,300.0
3821.0,12,300.0
3822.0,10,300.0
3822.0,11,300.0
3822.0,12,300.0
3823.0,10,300.0
3823.0,11,300.0
3823.0,12,300.0
3824.0,10,300.0
3824.0,11,300.0
3824.0,12,300.0
3825.0,10,300.0
3825.0,11,300.0
3825.0,12,300.0
3826.0,10,300.0
3826.0,11,300.0
3826.0,12,300.0
3827.0,10,300.0
3827.0,11,300.0
3827.0,12,300.0
3828.0,10,300.0
3828.0,11,300.0
3828.0,12,300.0
3829.0,10,300.0
3829.0,11,300.0
3829.0,12,300.0
3830.0,10,300.0
3830.0,11,300.0
3830.0,12,300.0
3831.0,10,300.0
3831.0,11,300.0
3831.0,12,300.0
3832.0,10,300.0
3832.0,11,300.0
3832.0,12,300.0
3833.0,10,300.0
3833.0,11,300.0
3833.0,12,300.0
3834.0,10,300.0
3834.0,11,300.0
3834.0,12,300.0
3835.0,10,300.0
3835.0,11,300.0
3835.0,12,300.0
3836.0,10,300.0
3836.0,11,300.0
3836.0,12,300.0
3837.0,10,300.0
3837.0,11,300.0
3837.0,12,300.0
3838.0,10,300.0
3838.0,11,300.0
3838.0,12,300.0
3839.0,10,300.0
3839.0,11,300.0
3839.0,12,300.0
3840.0,10,300.0
3840.0,11,300.0
3840.0,12,300.0
3841.0,10,300.0
3841.0,11,300.0
3841.0,12,300.0
3842.0,10,300.0
3842.0,11,300.0
3842.0,12,300.0
3843.0,10,300.0
3843.0,11,300.0
3843.0,12,300.0
3844.0,10,300.0
3844.0,11,300.0
3844.0,12,300.0
3845.0,10,300.0
3845.0,11,300.0
3845.0,12,300.0
3846.0,10,300.0
3846.0,11,300.0
3846.0,12,300.0
3847.0,10,300.0
3847.0,11,300.0
3847.0,12,300.0
3848.0,10,300.0
3848.0,11,300.0
3848.0,12,300.0
3849.0,10,300.0
3849.0,11,300.0
3849.0,12,300.0
3850.0,10,300.0
3850.0,11,300.0
3850.0,12,300.0
3851.0,10,300.0
3851.0,11,300.0
3851.0,12,300.0
3852.0,10,300.0
3852.0,11,300.0
3852.0,12,300.0
3853.0,10,300.0
3853.0,11,300.0
3853.0,12,300.0
3854.0,10,300.0
3854.0,11,300.0
3854.0,12,300.0
3855.0,10,300.0
3855.0,11,300.0
3855.0,12,300.0
3856.0,10,300.0
3856.0,11,300.0
3856.0,12,300.0
3857.0,10,300.0
3857.0,11,300.0
3857.0,12,300.0
3858.0,10,300.0
3858.0,11,300.0
3858.0,12,300.0
3859.0,10,300.0
3859.0,11,300.0
3859.0,12,300.0
3860.0,10,300.0
3860.0,11,300.0
3860.0,12,300.0
3861.0,10,300.0
3861.0,11,300.0
3861.0,12,300.0
3862.0,10,300.0
3862.0,11,300.0
3862.0,12,300.0
3863.0,10,300.0
3863.0,11,300.0
3863.0,12,300.0
3864.0,10,300.0
3864.0,11,300.0
3864.0,12,300.0
3865.0,10,300.0
3865.0,11,300.0
3865.0,12,300.0
3866.0,10,300.0
3866.0,11,300.0
3866.0,12,300.0
3867.0,10,300.0
3867.0,11,300.0
3867.0,12,300.0
3868.0,10,300.0
3868.0,11,300.0
3868.0,12,300.0
3869.0,10,300.0
3869.0,11,300.0
3869.0,12,300.0
3870.0,10,300.0
3870.0,11,300.0
3870.0,12,300.0
3871.0,10,300.0
3871.0,11,300.0
3871.0,12,300.0
3872.0,10,300.0
3872.0,11,300.0
3872.0,12,300.0
3873.0,10,300.0
3873.0,11,300.0
3873.0,12,300.0
3874.0,10,300.0
3874.0,11,300.0
3874.0,12,300.0
3875.0,10,300.0
3875.0,11,300.0
3875.0,12,300.0
3876.0,10,300.0
3876.0,11,300.0
3876.0,12,300.0
3877.0,10,300.0
3877.0,11,300.0
3877.0,12,300.0
3878.0,10,300.0
3878.0,11,300.0
3878.0,12,300.0
3879.0,10,300.0
3879.0,11,300.0
3879.0,12,300.0
3880.0,10,300.0
3880.0,11,300.0
3880.0,12,300.0
3881.0,10,300.0
3881.0,11,300.0
3881.0,12,300.0
3882.0,10,300.0
3882.0,11,300.0
3882.0,12,300.0
3883.0,10,300.0
3883.0,11,300.0
3883.0,12,300.0
3884.0,10,300.0
3884.0,11,300.0
3884.0,12,300.0
3885.0,10,300.0
3885.0,11,300.0
3885.0,12,300.0
3886.0,10,300.0
3886.0,11,300.0
3886.0,12,300.0
3887.0,10,300.0
3887.0,11,300.0
3887.0,12,300.0
3888.0,10,300.0
3888.0,11,300.0
3888.0,12,300.0
3889.0,10,300.0
3889.0,11,300.0
3889.0,12,300.0
3890.0,10,300.0
3890.0,11,300.0
3890.0,12,300.0
3891.0,10,300.0
3891.0,11,300.0
3891.0,12,300.0
3892.0,10,300.0
3892.0,11,300.0
3892.0,12,300.0
3893.0,10,300.0
3893.0,11,300.0
3893.0,12,300.0
3894.0,10,300.0
3894.0,11,300.0
3894.0,12,300.0
3895.0,10,300.0
3895.0,11,300.0
3895.0,12,300.0
3896.0,10,300.0
3896.0,11,300.0
3896.0,12,300.0
3897.0,10,300.0
3897.0,11,300.0
3897.0,12,300.0
3898.0,10,300.0
3898.0,11,300.0
3898.0,12,300.0
3899.0,10,300.0
3899.0,11,300.0
3899.0,12,300.0
3900.0,10,300.0
3900.0,11,300.0
3900.0,12,300.0
3901.0,10,300.0
3901.0,11,300.0
3901.0,12,300.0
3902.0,10,300.0
3902.0,11,300.0
3902.0,12,300.0
3903.0,10,300.0
3903.0,11,300.0
3903.0,12,300.0
3904.0,10,300.0
3904.0,11,300.0
3904.0,12,300.0
3905.0,10,300.0
3905.0,11,300.0
3905.0,12,300.0
3906.0,10,300.0
3906.0,11,300.0
3906.0,12,300.0
3907.0,10,300.0
3907.0,11,300.0
3907.0,12,300.0
3908.0,10,300.0
3908.0,11,300.0
3908.0,12,300.0
3909.0,10,300.0
3909.0,11,300.0
3909.0,12,300.0
3910.0,10,300.0
3910.0,11,300.0
3910.0,12,300.0
3911.0,10,300.0
3911.0,11,300.0
3911.0,12,300.0
3912.0,10,300.0
3912.0,11,300.0
3912.0,12,300.0
3913.0,10,300.0
3913.0,11,300.0
3913.0,12,300.0
3914.0,10,300.0
3914.0,11,300.0
3914.0,12,300.0
3915.0,10,300.0
3915.0,11,300.0
3915.0,12,300.0
3916.0,10,300.0
3916.0,11,300.0
3916.0,12,300.0
3917.0,10,300.0
3917.0,11,300.0
3917.0,12,300.0
3918.0,10,300.0
3918.0,11,300.0
3918.0,12,300.0
3919.0,10,300.0
3919.0,11,300.0
3919.0,12,300.0
3920.0,10,300.0
3920.0,11,300.0
3920.0,12,300.0
3921.0,10,300.0
3921.0,11,300.0
3921.0,12,300.0
3922.0,10,300.0
3922.0,11,300.0
3922.0,12,300.0
3923.0,10,300.0
3923.0,11,300.0
3923.0,12,300.0
3924.0,10,300.0
3924.0,11,300.0
3924.0,12,300.0
3925.0,10,300.0
3925.0,11,300.0
3925.0,12,300.0
3926.0,10,300.0
3926.0,11,300.0
3926.0,12,300.0
3927.0,10,300.0
3927.0,11,300.0
3927.0,12,300.0
3928.0,10,300.0
3928.0,11,300.0
3928.0,12,300.0
3929.0,10,300.0
3929.0,11,300.0
3929.0,12,300.0
3930.0,10,300.0
3930.0,11,300.0
3930.0,12,300.0
3931.0,10,300.0
3931.0,11,300.0
3931.0,12,300.0
3932.0,10,300.0
3932.0,11,300.0
3932.0,12,300.0
3933.0,10,300.0
3933.0,11,300.0
3933.0,12,300.0
3934.0,10,300.0
3934.0,11,300.0
3934.0,12,300.0
3935.0,10,300.0
3935.0,11,300.0
3935.0,12,300.0
3936.0,10,300.0
3936.0,11,300.0
3936.0,12,300.0
3937.0,10,300.0
3937.0,11,300.0
3937.0,12,300.0
3938.0,10,300.0
3938.0,11,300.0
3938.0,12,300.0
3939.0,10,300.0
3939.0,11,300.0
3939.0,12,300.0
3940.0,10,300.0
3940.0,11,300.0
3940.0,12,300.0
3941.0,10,300.0
3941.0,11,300.0
3941.0,12,300.0
3942.0,10,300.0
3942.0,11,300.0
3942.0,12,300.0
3943.0,10,300.0
3943.0,11,300.0
3943.0,12,300.0
3944.0,10,300.0
3944.0,11,300.0
3944.0,12,300.0
3945.0,10,300.0
3945.0,11,300.0
3945.0,12,300.0
3946.0,10,300.0
3946.0,11,300.0
3946.0,12,300.0
3947.0,10,300.0
3947.0,11,300.0
3947.0,12,300.0
3948.0,10,300.0
3948.0,11,300.0
3948.0,12,300.0
3949.0,10,300.0
3949.0,11,300.0
3949.0,12,300.0
3950.0,10,300.0
3950.0,11,300.0
3950.0,12,300.0
3951.0,10,300.0
3951.0,11,300.0
3951.0,12,300.0
3952.0,10,300.0
3952.0,11,300.0
3952.0,12,300.0
3953.0,10,300.0
3953.0,11,300.0
3953.0,12,300.0
3954.0,10,300.0
3954.0,11,300.0
3954.0,12,300.0
3955.0,10,300.0
3955.0,11,300.0
3955.0,12,300.0
3956.0,10,300.0
3956.0,11,300.0
3956.0,12,300.0
3957.0,10,300.0
3957.0,11,300.0
3957.0,12,300.0
3958.0,10,300.0
3958.0,11,300.0
3958.0,12,300.0
3959.0,10,300.0
3959.0,11,300.0
3959.0,12,300.0
3960.0,10,300.0
3960.0,11,300.0
3960.0,12,300.0
3961.0,10,300.0
3961.0,11,300.0
3961.0,12,300.0
3962.0,10,300.0
3962.0,11,300.0
3962.0,12,300.0
3963.0,10,300.0
3963.0,11,300.0
3963.0,12,300.0
3964.0,10,300.0
3964.0,11,300.0
3964.0,12,300.0
3965.0,10,300.0
3965.0,11,300.0
3965.0,12,300.0
3966.0,10,300.0
3966.0,11,300.0
3966.0,12,300.0
3967.0,10,300.0
3967.0,11,300.0
3967.0,12,300.0
3968.0,10,300.0
3968.0,11,300.0
3968.0,12,300.0
3969.0,10,300.0
3969.0,11,300.0
3969.0,12,300.0
3970.0,10,300.0
3970.0,11,300.0
3970.0,12,300.0
3971.0,10,300.0
3971.0,11,300.0
3971.0,12,300.0
3972.0,10,300.0
3972.0,11,300.0
3972.0,12,300.0
3973.0,10,300.0
3973.0,11,300.0
3973.0,12,300.0
3974.0,10,300.0
3974.0,11,300.0
3974.0,12,300.0
3975.0,10,300.0
3975.0,11,300.0
3975.0,12,300.0
3976.0,10,300.0
3976.0,11,300.0
3976.0,12,300.0
3977.0,10,300.0
3977.0,11,300.0
3977.0,12,300.0
3978.0,10,300.0
3978.0,11,300.0
3978.0,12,300.0
3979.0,10,300.0
3979.0,11,300.0
3979.0,12,300.0
3980.0,10,300.0
3980.0,11,300.0
3980.0,12,300.0
3981.0,10,300.0
3981.0,11,300.0
3981.0,12,300.0
3982.0,10,300.0
3982.0,11,300.0
3982.0,12,300.0
3983.0,10,300.0
3983.0,11,300.0
3983.0,12,300.0
3984.0,10,300.0
3984.0,11,300.0
3984.0,12,300.0
3985.0,10,300.0
3985.0,11,300.0
3985.0,12,300.0
3986.0,10,300.0
3986.0,11,300.0
3986.0,12,300.0
3987.0,10,300.0
3987.0,11,300.0
3987.0,12,300.0
3988.0,10,300.0
3988.0,11,300.0
3988.0,12,300.0
3989.0,10,300.0
3989.0,11,300.0
3989.0,12,300.0
3990.0,10,300.0
3990.0,11,300.0
3990.0,12,300.0
3991.0,10,300.0
3991.0,11,300.0
3991.0,12,300.0
3992.0,10,300.0
3992.0,11,300.0
3992.0,12,300.0
3993.0,10,300.0
3993.0,11,300.0
3993.0,12,300.0
3994.0,10,300.0
3994.0,11,300.0
3994.0,12,300.0
3995.0,10,300.0
3995.0,11,300.0
3995.0,12,300.0
3996.0,10,300.0
3996.0,11,300.0
3996.0,12,300.0
3997.0,10,300.0
3997.0,11,300.0
3997.0,12,300.0
3998.0,10,300.0
3998.0,11,300.0
3998.0,12,300.0
3999.0,10,300.0
3999.0,11,300.0
3999.0,12,300.0
4000.0,10,300.0
4000.0,11,300.0
4000.0,12,300.0
4001.0,10,300.0
4001.0,11,300.0
4001.0,12,300.0
4002.0,10,300.0
4002.0,11,300.0
4002.0,12,300.0
4003.0,10,300.0
4003.0,11,300.0
4003.0,12,300.0
4004.0,10,300.0
4004.0,11,300.0
4004.0,12,300.0
4005.0,10,300.0
4005.0,11,300.0
4005.0,12,300.0
4006.0,10,300.0
4006.0,11,300.0
4006.0,12,300.0
4007.0,10,300.0
4007.0,11,300.0
4007.0,12,300.0
4008.0,10,300.0
4008.0,11,300.0
4008.0,12,300.0
4009.0,10,300.0
4009.0,11,300.0
4009.0,12,300.0
4010.0,10,300.0
4010.0,11,300.0
4010.0,12,300.0
4011.0,10,300.0
4011.0,11,300.0
4011.0,12,300.0
4012.0,10,300.0
4012.0,11,300.0
4012.0,12,300.0
4013.0,10,300.0
4013.0,11,300.0
4013.0,12,300.0
4014.0,10,300.0
4014.0,11,300.0
4014.0,12,300.0
4015.0,10,300.0
4015.0,11,300.0
4015.0,12,300.0
4016.0,10,300.0
4016.0,11,300.0
4016.0,12,300.0
4017.0,10,300.0
4017.0,11,300.0
4017.0,12,300.0
4018.0,10,300.0
4018.0,11,300.0
4018.0,12,300.0
4019.0,10,300.0
4019.0,11,300.0
4019.0,12,300.0
4020.0,10,300.0
4020.0,11,300.0
4020.0,12,300.0
4021.0,10,300.0
4021.0,11,300.0
4021.0,12,300.0
4022.0,10,300.0
4022.0,11,300.0
4022.0,12,300.0
4023.0,10,300.0
4023.0,11,300.0
4023.0,12,300.0
4024.0,10,300.0
4024.0,11,300.0
4024.0,12,300.0
4025.0,10,300.0
4025.0,11,300.0
4025.0,12,300.0
4026.0,10,300.0
4026.0,11,300.0
4026.0,12,300.0
4027.0,10,300.0
4027.0,11,300.0
4027.0,12,300.0
4028.0,10,300.0
4028.0,11,300.0
4028.0,12,300.0
4029.0,10,300.0
4029.0,11,300.0
4029.0,12,300.0
4030.0,10,300.0
4030.0,11,300.0
4030.0,12,300.0
4031.0,10,300.0
4031.0,11,300.0
4031.0,12,300.0
4032.0,10,300.0
4032.0,11,300.0
4032.0,12,300.0
4033.0,10,300.0
4033.0,11,300.0
4033.0,12,300.0
4034.0,10,300.0
4034.0,11,300.0
4034.0,12,300.0
4035.0,10,300.0
4035.0,11,300.0
4035.0,12,300.0
4036.0,10,300.0
4036.0,11,300.0
4036.0,12,300.0
4037.0,10,300.0
4037.0,11,300.0
4037.0,12,300.0
4038.0,10,300.0
4038.0,11,300.0
4038.0,12,300.0
4039.0,10,300.0
4039.0,11,300.0
4039.0,12,300.0
4040.0,10,300.0
4040.0,11,300.0
4040.0,12,300.0
4041.0,10,300.0
4041.0,11,300.0
4041.0,12,300.0
4042.0,10,300.0
4042.0,11,300.0
4042.0,12,300.0
4043.0,10,300.0
4043.0,11,300.0
4043.0,12,300.0
4044.0,10,300.0
4044.0,11,300.0
4044.0,12,300.0
4045.0,10,300.0
4045.0,11,300.0
4045.0,12,300.0
4046.0,10,300.0
4046.0,11,300.0
4046.0,12,300.0
4047.0,10,300.0
4047.0,11,300.0
4047.0,12,300.0
4048.0,10,300.0
4048.0,11,300.0
4048.0,12,300.0
4049.0,10,300.0
4049.0,11,300.0
4049.0,12,300.0
4050.0,10,300.0
4050.0,11,300.0
4050.0,12,300.0
4051.0,10,300.0
4051.0,11,300.0
4051.0,12,300.0
4052.0,10,300.0
4052.0,11,300.0
4052.0,12,300.0
4053.0,10,300.0
4053.0,11,300.0
4053.0,12,300.0
4054.0,10,300.0
4054.0,11,300.0
4054.0,12,300.0
4055.0,10,300.0
4055.0,11,300.0
4055.0,12,300.0
4056.0,10,300.0
4056.0,11,300.0
4056.0,12,300.0
4057.0,10,300.0
4057.0,11,300.0
4057.0,12,300.0
4058.0,10,300.0
4058.0,11,300.0
4058.0,12,300.0
4059.0,10,300.0
4059.0,11,300.0
4059.0,12,300.0
4060.0,10,300.0
4060.0,11,300.0
4060.0,12,300.0
4061.0,10,300.0
4061.0,11,300.0
4061.0,12,300.0
4062.0,10,300.0
4062.0,11,300.0
4062.0,12,300.0
4063.0,10,300.0
4063.0,11,300.0
4063.0,12,300.0
4064.0,10,300.0
4064.0,11,300.0
4064.0,12,300.0
4065.0,10,300.0
4065.0,11,300.0
4065.0,12,300.0
4066.0,10,300.0
4066.0,11,300.0
4066.0,12,300.0
4067.0,10,300.0
4067.0,11,300.0
4067.0,12,300.0
4068.0,10,300.0
4068.0,11,300.0
4068.0,12,300.0
4069.0,10,300.0
4069.0,11,300.0
4069.0,12,300.0
4070.0,10,300.0
4070.0,11,300.0
4070.0,12,300.0
4071.0,10,300.0
4071.0,11,300.0
4071.0,12,300.0
4072.0,10,300.0
4072.0,11,300.0
4072.0,12,300.0
4073.0,10,300.0
4073.0,11,300.0
4073.0,12,300.0
4074.0,10,300.0
4074.0,11,300.0
4074.0,12,300.0
4075.0,10,300.0
4075.0,11,300.0
4075.0,12,300.0
4076.0,10,300.0
4076.0,11,300.0
4076.0,12,300.0
4077.0,10,300.0
4077.0,11,300.0
4077.0,12,300.0
4078.0,10,300.0
4078.0,11,300.0
4078.0,12,300.0
4079.0,10,300.0
4079.0,11,300.0
4079.0,12,300.0
4080.0,10,300.0
4080.0,11,300.0
4080.0,12,300.0
4081.0,10,300.0
4081.0,11,300.0
4081.0,12,300.0
4082.0,10,300.0
4082.0,11,300.0
4082.0,12,300.0
4083.0,10,300.0
4083.0,11,300.0
4083.0,12,300.0
4084.0,10,300.0
4084.0,11,300.0
4084.0,12,300.0
4085.0,10,300.0
4085.0,11,300.0
4085.0,12,300.0
4086.0,10,300.0
4086.0,11,300.0
4086.0,12,300.0
4087.0,10,300.0
4087.0,11,300.0
4087.0,12,300.0
4088.0,10,300.0
4088.0,11,300.0
4088.0,12,300.0
4089.0,10,300.0
4089.0,11,300.0
4089.0,12,300.0
4090.0,10,300.0
4090.0,11,300.0
4090.0,12,300.0
4091.0,10,300.0
4091.0,11,300.0
4091.0,12,300.0
4092.0,10,300.0
4092.0,11,300.0
4092.0,12,300.0
4093.0,10,300.0
4093.0,11,300.0
4093.0,12,300.0
4094.0,10,300.0
4094.0,11,300.0
4094.0,12,300.0
4095.0,10,300.0
4095.0,11,300.0
4095.0,12,300.0
4096.0,10,300.0
4096.0,11,300.0
4096.0,12,300.0
4097.0,10,300.0
4097.0,11,300.0
4097.0,12,300.0
4098.0,10,300.0
4098.0,11,300.0
4098.0,12,300.0
4099.0,10,300.0
4099.0,11,300.0
4099.0,12,300.0
4100.0,10,300.0
4100.0,11,300.0
4100.0,12,300.0
4101.0,10,300.0
4101.0,11,300.0
4101.0,12,300.0
4102.0,10,300.0
4102.0,11,300.0
4102.0,12,300.0
4103.0,10,300.0
4103.0,11,300.0
4103.0,12,300.0
4104.0,10,300.0
4104.0,11,300.0
4104.0,12,300.0
4105.0,10,300.0
4105.0,11,300.0
4105.0,12,300.0
4106.0,10,300.0
4106.0,11,300.0
4106.0,12,300.0
4107.0,10,300.0
4107.0,11,300.0
4107.0,12,300.0
4108.0,10,300.0
4108.0,11,300.0
4108.0,12,300.0
4109.0,10,300.0
4109.0,11,300.0
4109.0,12,300.0
4110.0,10,300.0
4110.0,11,300.0
4110.0,12,300.0
4111.0,10,300.0
4111.0,11,300.0
4111.0,12,300.0
4112.0,10,300.0
4112.0,11,300.0
4112.0,12,300.0
4113.0,10,300.0
4113.0,11,300.0
4113.0,12,300.0
4114.0,10,300.0
4114.0,11,300.0
4114.0,12,300.0
4115.0,10,300.0
4115.0,11,300.0
4115.0,12,300.0
4116.0,10,300.0
4116.0,11,300.0
4116.0,12,300.0
4117.0,10,300.0
4117.0,11,300.0
4117.0,12,300.0
4118.0,10,300.0
4118.0,11,300.0
4118.0,12,300.0
4119.0,10,300.0
4119.0,11,300.0
4119.0,12,300.0
4120.0,10,300.0
4120.0,11,300.0
4120.0,12,300.0
4121.0,10,300.0
4121.0,11,300.0
4121.0,12,300.0
4122.0,10,300.0
4122.0,11,300.0
4122.0,12,300.0
4123.0,10,300.0
4123.0,11,300.0
4123.0,12,300.0
4124.0,10,300.0
4124.0,11,300.0
4124.0,12,300.0
4125.0,10,300.0
4125.0,11,300.0
4125.0,12,300.0
4126.0,10,300.0
4126.0,11,300.0
4126.0,12,300.0
4127.0,10,300.0
4127.0,11,300.0
4127.0,12,300.0
4128.0,10,300.0
4128.0,11,300.0
4128.0,12,300.0
4129.0,10,300.0
4129.0,11,300.0
4129.0,12,300.0
4130.0,10,300.0
4130.0,11,300.0
4130.0,12,300.0
4131.0,10,300.0
4131.0,11,300.0
4131.0,12,300.0
4132.0,10,300.0
4132.0,11,300.0
4132.0,12,300.0
4133.0,10,300.0
4133.0,11,300.0
4133.0,12,300.0
4134.0,10,300.0
4134.0,11,300.0
4134.0,12,300.0
4135.0,10,300.0
4135.0,11,300.0
4135.0,12,300.0
4136.0,10,300.0
4136.0,11,300.0
4136.0,12,300.0
4137.0,10,300.0
4137.0,11,300.0
4137.0,12,300.0
4138.0,10,300.0
4138.0,11,300.0
4138.0,12,300.0
4139.0,10,300.0
4139.0,11,300.0
4139.0,12,300.0
4140.0,10,300.0
4140.0,11,300.0
4140.0,12,300.0
4141.0,10,300.0
4141.0,11,300.0
4141.0,12,300.0
4142.0,10,300.0
4142.0,11,300.0
4142.0,12,300.0
4143.0,10,300.0
4143.0,11,300.0
4143.0,12,300.0
4144.0,10,300.0
4144.0,11,300.0
4144.0,12,300.0
4145.0,10,300.0
4145.0,11,300.0
4145.0,12,300.0
4146.0,10,300.0
4146.0,11,300.0
4146.0,12,300.0
4147.0,10,300.0
4147.0,11,300.0
4147.0,12,300.0
4148.0,10,300.0
4148.0,11,300.0
4148.0,12,300.0
4149.0,10,300.0
4149.0,11,300.0
4149.0,12,300.0
4150.0,10,300.0
4150.0,11,300.0
4150.0,12,300.0
4151.0,10,300.0
4151.0,11,300.0
4151.0,12,300.0
4152.0,10,300.0
4152.0,11,300.0
4152.0,12,300.0
4153.0,10,300.0
4153.0,11,300.0
4153.0,12,300.0
4154.0,10,300.0
4154.0,11,300.0
4154.0,12,300.0
4155.0,10,300.0
4155.0,11,300.0
4155.0,12,300.0
4156.0,10,300.0
4156.0,11,300.0
4156.0,12,300.0
4157.0,10,300.0
4157.0,11,300.0
4157.0,12,300.0
4158.0,10,300.0
4158.0,11,300.0
4158.0,12,300.0
4159.0,10,300.0
4159.0,11,300.0
4159.0,12,300.0
4160.0,10,300.0
4160.0,11,300.0
4160.0,12,300.0
4161.0,10,300.0
4161.0,11,300.0
4161.0,12,300.0
4162.0,10,300.0
4162.0,11,300.0
4162.0,12,300.0
4163.0,10,300.0
4163.0,11,300.0
4163.0,12,300.0
4164.0,10,300.0
4164.0,11,300.0
4164.0,12,300.0
4165.0,10,300.0
4165.0,11,300.0
4165.0,12,300.0
4166.0,10,300.0
4166.0,11,300.0
4166.0,12,300.0
4167.0,10,300.0
4167.0,11,300.0
4167.0,12,300.0
4168.0,10,300.0
4168.0,11,300.0
4168.0,12,300.0
4169.0,10,300.0
4169.0,11,300.0
4169.0,12,300.0
4170.0,10,300.0
4170.0,11,300.0
4170.0,12,300.0
4171.0,10,300.0
4171.0,11,300.0
4171.0,12,300.0
4172.0,10,300.0
4172.0,11,300.0
4172.0,12,300.0
4173.0,10,300.0
4173.0,11,300.0
4173.0,12,300.0
4174.0,10,300.0
4174.0,11,300.0
4174.0,12,300.0
4175.0,10,300.0
4175.0,11,300.0
4175.0,12,300.0
4176.0,10,300.0
4176.0,11,300.0
4176.0,12,300.0
4177.0,10,300.0
4177.0,11,300.0
4177.0,12,300.0
4178.0,10,300.0
4178.0,11,300.0
4178.0,12,300.0
4179.0,10,300.0
4179.0,11,300.0
4179.0,12,300.0
4180.0,10,300.0
4180.0,11,300.0
4180.0,12,300.0
4181.0,10,300.0
4181.0,11,300.0
4181.0,12,300.0
4182.0,10,300.0
4182.0,11,300.0
4182.0,12,300.0
4183.0,10,300.0
4183.0,11,300.0
4183.0,12,300.0
4184.0,10,300.0
4184.0,11,300.0
4184.0,12,300.0
4185.0,10,300.0
4185.0,11,300.0
4185.0,12,300.0
4186.0,10,300.0
4186.0,11,300.0
4186.0,12,300.0
4187.0,10,300.0
4187.0,11,300.0
4187.0,12,300.0
4188.0,10,300.0
4188.0,11,300.0
4188.0,12,300.0
4189.0,10,300.0
4189.0,11,300.0
4189.0,12,300.0
4190.0,10,300.0
4190.0,11,300.0
4190.0,12,300.0
4191.0,10,300.0
4191.0,11,300.0
4191.0,12,300.0
4192.0,10,300.0
4192.0,11,300.0
4192.0,12,300.0
4193.0,10,300.0
4193.0,11,300.0
4193.0,12,300.0
4194.0,10,300.0
4194.0,11,300.0
4194.0,12,300.0
4195.0,10,300.0
4195.0,11,300.0
4195.0,12,300.0
4196.0,10,300.0
4196.0,11,300.0
4196.0,12,300.0
4197.0,10,300.0
4197.0,11,300.0
4197.0,12,300.0
4198.0,10,300.0
4198.0,11,300.0
4198.0,12,300.0
4199.0,10,300.0
4199.0,11,300.0
4199.0,12,300.0
4200.0,10,300.0
4200.0,11,300.0
4200.0,12,300.0
4201.0,10,300.0
4201.0,11,300.0
4201.0,12,300.0
4202.0,10,300.0
4202.0,11,300.0
4202.0,12,300.0
4203.0,10,300.0
4203.0,11,300.0
4203.0,12,300.0
4204.0,10,300.0
4204.0,11,300.0
4204.0,12,300.0
4205.0,10,300.0
4205.0,11,300.0
4205.0,12,300.0
4206.0,10,300.0
4206.0,11,300.0
4206.0,12,300.0
4207.0,10,300.0
4207.0,11,300.0
4207.0,12,300.0
4208.0,10,300.0
4208.0,11,300.0
4208.0,12,300.0
4209.0,10,300.0
4209.0,11,300.0
4209.0,12,300.0
4210.0,10,300.0
4210.0,11,300.0
4210.0,12,300.0
4211.0,10,300.0
4211.0,11,300.0
4211.0,12,300.0
4212.0,10,300.0
4212.0,11,300.0
4212.0,12,300.0
4213.0,10,300.0
4213.0,11,300.0
4213.0,12,300.0
4214.0,10,300.0
4214.0,11,300.0
4214.0,12,300.0
4215.0,10,300.0
4215.0,11,300.0
4215.0,12,300.0
4216.0,10,300.0
4216.0,11,300.0
4216.0,12,300.0
4217.0,10,300.0
4217.0,11,300.0
4217.0,12,300.0
4218.0,10,300.0
4218.0,11,300.0
4218.0,12,300.0
4219.0,10,300.0
4219.0,11,300.0
4219.0,12,300.0
4220.0,10,300.0
4220.0,11,300.0
4220.0,12,300.0
4221.0,10,300.0
4221.0,11,300.0
4221.0,12,300.0
4222.0,10,300.0
4222.0,11,300.0
4222.0,12,300.0
4223.0,10,300.0
4223.0,11,300.0
4223.0,12,300.0
4224.0,10,300.0
4224.0,11,300.0
4224.0,12,300.0
4225.0,10,300.0
4225.0,11,300.0
4225.0,12,300.0
4226.0,10,300.0
4226.0,11,300.0
4226.0,12,300.0
4227.0,10,300.0
4227.0,11,300.0
4227.0,12,300.0
4228.0,10,300.0
4228.0,11,300.0
4228.0,12,300.0
4229.0,10,300.0
4229.0,11,300.0
4229.0,12,300.0
4230.0,10,300.0
4230.0,11,300.0
4230.0,12,300.0
4231.0,10,300.0
4231.0,11,300.0
4231.0,12,300.0
4232.0,10,300.0
4232.0,11,300.0
4232.0,12,300.0
4233.0,10,300.0
4233.0,11,300.0
4233.0,12,300.0
4234.0,10,300.0
4234.0,11,300.0
4234.0,12,300.0
4235.0,10,300.0
4235.0,11,300.0
4235.0,12,300.0
4236.0,10,300.0
4236.0,11,300.0
4236.0,12,300.0
4237.0,10,300.0
4237.0,11,300.0
4237.0,12,300.0
4238.0,10,300.0
4238.0,11,300.0
4238.0,12,300.0
4239.0,10,300.0
4239.0,11,300.0
4239.0,12,300.0
4240.0,10,300.0
4240.0,11,300.0
4240.0,12,300.0
4241.0,10,300.0
4241.0,11,300.0
4241.0,12,300.0
4242.0,10,300.0
4242.0,11,300.0
4242.0,12,300.0
4243.0,10,300.0
4243.0,11,300.0
4243.0,12,300.0
4244.0,10,300.0
4244.0,11,300.0
4244.0,12,300.0
4245.0,10,300.0
4245.0,11,300.0
4245.0,12,300.0
4246.0,10,300.0
4246.0,11,300.0
4246.0,12,300.0
4247.0,10,300.0
4247.0,11,300.0
4247.0,12,300.0
4248.0,10,300.0
4248.0,11,300.0
4248.0,12,300.0
4249.0,10,300.0
4249.0,11,300.0
4249.0,12,300.0
4250.0,10,300.0
4250.0,11,300.0
4250.0,12,300.0
4251.0,10,300.0
4251.0,11,300.0
4251.0,12,300.0
4252.0,10,300.0
4252.0,11,300.0
4252.0,12,300.0
4253.0,10,300.0
4253.0,11,300.0
4253.0,12,300.0
4254.0,10,300.0
4254.0,11,300.0
4254.0,12,300.0
4255.0,10,300.0
4255.0,11,300.0
4255.0,12,300.0
4256.0,10,300.0
4256.0,11,300.0
4256.0,12,300.0
4257.0,10,300.0
4257.0,11,300.0
4257.0,12,300.0
4258.0,10,300.0
4258.0,11,300.0
4258.0,12,300.0
4259.0,10,300.0
4259.0,11,300.0
4259.0,12,300.0
4260.0,10,300.0
4260.0,11,300.0
4260.0,12,300.0
4261.0,10,300.0
4261.0,11,300.0
4261.0,12,300.0
4262.0,10,300.0
4262.0,11,300.0
4262.0,12,300.0
4263.0,10,300.0
4263.0,11,300.0
4263.0,12,300.0
4264.0,10,300.0
4264.0,11,300.0
4264.0,12,300.0
4265.0,10,300.0
4265.0,11,300.0
4265.0,12,300.0
4266.0,10,300.0
4266.0,11,300.0
4266.0,12,300.0
4267.0,10,300.0
4267.0,11,300.0
4267.0,12,300.0
4268.0,10,300.0
4268.0,11,300.0
4268.0,12,300.0
4269.0,10,300.0
4269.0,11,300.0
4269.0,12,300.0
4270.0,10,300.0
4270.0,11,300.0
4270.0,12,300.0
4271.0,10,300.0
4271.0,11,300.0
4271.0,12,300.0
4272.0,10,300.0
4272.0,11,300.0
4272.0,12,300.0
4273.0,10,300.0
4273.0,11,300.0
4273.0,12,300.0
4274.0,10,300.0
4274.0,11,300.0
4274.0,12,300.0
4275.0,10,300.0
4275.0,11,300.0
4275.0,12,300.0
4276.0,10,300.0
4276.0,11,300.0
4276.0,12,300.0
4277.0,10,300.0
4277.0,11,300.0
4277.0,12,300.0
4278.0,10,300.0
4278.0,11,300.0
4278.0,12,300.0
4279.0,10,300.0
4279.0,11,300.0
4279.0,12,300.0
4280.0,10,300.0
4280.0,11,300.0
4280.0,12,300.0
4281.0,10,300.0
4281.0,11,300.0
4281.0,12,300.0
4282.0,10,300.0
4282.0,11,300.0
4282.0,12,300.0
4283.0,10,300.0
4283.0,11,300.0
4283.0,12,300.0
4284.0,10,300.0
4284.0,11,300.0
4284.0,12,300.0
4285.0,10,300.0
4285.0,11,300.0
4285.0,12,300.0
4286.0,10,300.0
4286.0,11,300.0
4286.0,12,300.0
4287.0,10,300.0
4287.0,11,300.0
4287.0,12,300.0
4288.0,10,300.0
4288.0,11,300.0
4288.0,12,300.0
4289.0,10,300.0
4289.0,11,300.0
4289.0,12,300.0
4290.0,10,300.0
4290.0,11,300.0
4290.0,12,300.0
4291.0,10,300.0
4291.0,11,300.0
4291.0,12,300.0
4292.0,10,300.0
4292.0,11,300.0
4292.0,12,300.0
4293.0,10,300.0
4293.0,11,300.0
4293.0,12,300.0
4294.0,10,300.0
4294.0,11,300.0
4294.0,12,300.0
4295.0,10,300.0
4295.0,11,300.0
4295.0,12,300.0
4296.0,10,300.0
4296.0,11,300.0
4296.0,12,300.0
4297.0,10,300.0
4297.0,11,300.0
4297.0,12,300.0
4298.0,10,300.0
4298.0,11,300.0
4298.0,12,300.0
4299.0,10,300.0
4299.0,11,300.0
4299.0,12,300.0
4300.0,10,300.0
4300.0,11,300.0
4300.0,12,300.0
4301.0,10,300.0
4301.0,11,300.0
4301.0,12,300.0
4302.0,10,300.0
4302.0,11,300.0
4302.0,12,300.0
4303.0,10,300.0
4303.0,11,300.0
4303.0,12,300.0
4304.0,10,300.0
4304.0,11,300.0
4304.0,12,300.0
4305.0,10,300.0
4305.0,11,300.0
4305.0,12,300.0
4306.0,10,300.0
4306.0,11,300.0
4306.0,12,300.0
4307.0,10,300.0
4307.0,11,300.0
4307.0,12,300.0
4308.0,10,300.0
4308.0,11,300.0
4308.0,12,300.0
4309.0,10,300.0
4309.0,11,300.0
4309.0,12,300.0
4310.0,10,300.0
4310.0,11,300.0
4310.0,12,300.0
4311.0,10,300.0
4311.0,11,300.0
4311.0,12,300.0
4312.0,10,300.0
4312.0,11,300.0
4312.0,12,300.0
4313.0,10,300.0
4313.0,11,300.0
4313.0,12,300.0
4314.0,10,300.0
4314.0,11,300.0
4314.0,12,300.0
4315.0,10,300.0
4315.0,11,300.0
4315.0,12,300.0
4316.0,10,300.0
4316.0,11,300.0
4316.0,12,300.0
4317.0,10,300.0
4317.0,11,300.0
4317.0,12,300.0
4318.0,10,300.0
4318.0,11,300.0
4318.0,12,300.0
4319.0,10,300.0
4319.0,11,300.0
4319.0,12,300.0
4320.0,10,300.0
4320.0,11,300.0
4320.0,12,300.0
4321.0,10,300.0
4321.0,11,300.0
4321.0,12,300.0
4322.0,10,300.0
4322.0,11,300.0
4322.0,12,300.0
4323.0,10,300.0
4323.0,11,300.0
4323.0,12,300.0
4324.0,10,300.0
4324.0,11,300.0
4324.0,12,300.0
4325.0,10,300.0
4325.0,11,300.0
4325.0,12,300.0
4326.0,10,300.0
4326.0,11,300.0
4326.0,12,300.0
4327.0,10,300.0
4327.0,11,300.0
4327.0,12,300.0
4328.0,10,300.0
4328.0,11,300.0
4328.0,12,300.0
4329.0,10,300.0
4329.0,11,300.0
4329.0,12,300.0
4330.0,10,300.0
4330.0,11,300.0
4330.0,12,300.0
4331.0,10,300.0
4331.0,11,300.0
4331.0,12,300.0
4332.0,10,300.0
4332.0,11,300.0
4332.0,12,300.0
4333.0,10,300.0
4333.0,11,300.0
4333.0,12,300.0
4334.0,10,300.0
4334.0,11,300.0
4334.0,12,300.0
4335.0,10,300.0
4335.0,11,300.0
4335.0,12,300.0
4336.0,10,300.0
4336.0,11,300.0
4336.0,12,300.0
4337.0,10,300.0
4337.0,11,300.0
4337.0,12,300.0
4338.0,10,300.0
4338.0,11,300.0
4338.0,12,300.0
4339.0,10,300.0
4339.0,11,300.0
4339.0,12,300.0
4340.0,10,300.0
4340.0,11,300.0
4340.0,12,300.0
4341.0,10,300.0
4341.0,11,300.0
4341.0,12,300.0
4342.0,10,300.0
4342.0,11,300.0
4342.0,12,300.0
4343.0,10,300.0
4343.0,11,300.0
4343.0,12,300.0
4344.0,10,300.0
4344.0,11,300.0
4344.0,12,300.0
4345.0,10,300.0
4345.0,11,300.0
4345.0,12,300.0
4346.0,10,300.0
4346.0,11,300.0
4346.0,12,300.0
4347.0,10,300.0
4347.0,11,300.0
4347.0,12,300.0
4348.0,10,300.0
4348.0,11,300.0
4348.0,12,300.0
4349.0,10,300.0
4349.0,11,300.0
4349.0,12,300.0
4350.0,10,300.0
4350.0,11,300.0
4350.0,12,300.0
4351.0,10,300.0
4351.0,11,300.0
4351.0,12,300.0
4352.0,10,300.0
4352.0,11,300.0
4352.0,12,300.0
4353.0,10,300.0
4353.0,11,300.0
4353.0,12,300.0
4354.0,10,300.0
4354.0,11,300.0
4354.0,12,300.0
4355.0,10,300.0
4355.0,11,300.0
4355.0,12,300.0
4356.0,10,300.0
4356.0,11,300.0
4356.0,12,300.0
4357.0,10,300.0
4357.0,11,300.0
4357.0,12,300.0
4358.0,10,300.0
4358.0,11,300.0
4358.0,12,300.0
4359.0,10,300.0
4359.0,11,300.0
4359.0,12,300.0
4360.0,10,300.0
4360.0,11,300.0
4360.0,12,300.0
4361.0,10,300.0
4361.0,11,300.0
4361.0,12,300.0
4362.0,10,300.0
4362.0,11,300.0
4362.0,12,300.0
4363.0,10,300.0
4363.0,11,300.0
4363.0,12,300.0
4364.0,10,300.0
4364.0,11,300.0
4364.0,12,300.0
4365.0,10,300.0
4365.0,11,300.0
4365.0,12,300.0
4366.0,10,300.0
4366.0,11,300.0
4366.0,12,300.0
4367.0,10,300.0
4367.0,11,300.0
4367.0,12,300.0
4368.0,10,300.0
4368.0,11,300.0
4368.0,12,300.0
4369.0,10,300.0
4369.0,11,300.0
4369.0,12,300.0
4370.0,10,300.0
4370.0,11,300.0
4370.0,12,300.0
4371.0,10,300.0
4371.0,11,300.0
4371.0,12,300.0
4372.0,10,300.0
4372.0,11,300.0
4372.0,12,300.0
4373.0,10,300.0
4373.0,11,300.0
4373.0,12,300.0
4374.0,10,300.0
4374.0,11,300.0
4374.0,12,300.0
4375.0,10,300.0
4375.0,11,300.0
4375.0,12,300.0
4376.0,10,300.0
4376.0,11,300.0
4376.0,12,300.0
4377.0,10,300.0
4377.0,11,300.0
4377.0,12,300.0
4378.0,10,300.0
4378.0,11,300.0
4378.0,12,300.0
4379.0,10,300.0
4379.0,11,300.0
4379.0,12,300.0
4380.0,10,300.0
4380.0,11,300.0
4380.0,12,300.0
4381.0,10,300.0
4381.0,11,300.0
4381.0,12,300.0
4382.0,10,300.0
4382.0,11,300.0
4382.0,12,300.0
4383.0,10,300.0
4383.0,11,300.0
4383.0,12,300.0
4384.0,10,300.0
4384.0,11,300.0
4384.0,12,300.0
4385.0,10,300.0
4385.0,11,300.0
4385.0,12,300.0
4386.0,10,300.0
4386.0,11,300.0
4386.0,12,300.0
4387.0,10,300.0
4387.0,11,300.0
4387.0,12,300.0
4388.0,10,300.0
4388.0,11,300.0
4388.0,12,300.0
4389.0,10,300.0
4389.0,11,300.0
4389.0,12,300.0
4390.0,10,300.0
4390.0,11,300.0
4390.0,12,300.0
4391.0,10,300.0
4391.0,11,300.0
4391.0,12,300.0
4392.0,10,300.0
4392.0,11,300.0
4392.0,12,300.0
4393.0,10,300.0
4393.0,11,300.0
4393.0,12,300.0
4394.0,10,300.0
4394.0,11,300.0
4394.0,12,300.0
4395.0,10,300.0
4395.0,11,300.0
4395.0,12,300.0
4396.0,10,300.0
4396.0,11,300.0
4396.0,12,300.0
4397.0,10,300.0
4397.0,11,300.0
4397.0,12,300.0
4398.0,10,300.0
4398.0,11,300.0
4398.0,12,300.0
4399.0,10,300.0
4399.0,11,300.0
4399.0,12,300.0
4400.0,10,300.0
4400.0,11,300.0
4400.0,12,300.0
4401.0,10,300.0
4401.0,11,300.0
4401.0,12,300.0
4402.0,10,300.0
4402.0,11,300.0
4402.0,12,300.0
4403.0,10,300.0
4403.0,11,300.0
4403.0,12,300.0
4404.0,10,300.0
4404.0,11,300.0
4404.0,12,300.0
4405.0,10,300.0
4405.0,11,300.0
4405.0,12,300.0
4406.0,10,300.0
4406.0,11,300.0
4406.0,12,300.0
4407.0,10,300.0
4407.0,11,300.0
4407.0,12,300.0
4408.0,10,300.0
4408.0,11,300.0
4408.0,12,300.0
4409.0,10,300.0
4409.0,11,300.0
4409.0,12,300.0
4410.0,10,300.0
4410.0,11,300.0
4410.0,12,300.0
4411.0,10,300.0
4411.0,11,300.0
4411.0,12,300.0
4412.0,10,300.0
4412.0,11,300.0
4412.0,12,300.0
4413.0,10,300.0
4413.0,11,300.0
4413.0,12,300.0
4414.0,10,300.0
4414.0,11,300.0
4414.0,12,300.0
4415.0,10,300.0
4415.0,11,300.0
4415.0,12,300.0
4416.0,10,300.0
4416.0,11,300.0
4416.0,12,300.0
4417.0,10,300.0
4417.0,11,300.0
4417.0,12,300.0
4418.0,10,300.0
4418.0,11,300.0
4418.0,12,300.0
4419.0,10,300.0
4419.0,11,300.0
4419.0,12,300.0
4420.0,10,300.0
4420.0,11,300.0
4420.0,12,300.0
4421.0,10,300.0
4421.0,11,300.0
4421.0,12,300.0
4422.0,10,300.0
4422.0,11,300.0
4422.0,12,300.0
4423.0,10,300.0
4423.0,11,300.0
4423.0,12,300.0
4424.0,10,300.0
4424.0,11,300.0
4424.0,12,300.0
4425.0,10,300.0
4425.0,11,300.0
4425.0,12,300.0
4426.0,10,300.0
4426.0,11,300.0
4426.0,12,300.0
4427.0,10,300.0
4427.0,11,300.0
4427.0,12,300.0
4428.0,10,300.0
4428.0,11,300.0
4428.0,12,300.0
4429.0,10,300.0
4429.0,11,300.0
4429.0,12,300.0
4430.0,10,300.0
4430.0,11,300.0
4430.0,12,300.0
4431.0,10,300.0
4431.0,11,300.0
4431.0,12,300.0
4432.0,10,300.0
4432.0,11,300.0
4432.0,12,300.0
4433.0,10,300.0
4433.0,11,300.0
4433.0,12,300.0
4434.0,10,300.0
4434.0,11,300.0
4434.0,12,300.0
4435.0,10,300.0
4435.0,11,300.0
4435.0,12,300.0
4436.0,10,300.0
4436.0,11,300.0
4436.0,12,300.0
4437.0,10,300.0
4437.0,11,300.0
4437.0,12,300.0
4438.0,10,300.0
4438.0,11,300.0
4438.0,12,300.0
4439.0,10,300.0
4439.0,11,300.0
4439.0,12,300.0
4440.0,10,300.0
4440.0,11,300.0
4440.0,12,300.0
4441.0,10,300.0
4441.0,11,300.0
4441.0,12,300.0
4442.0,10,300.0
4442.0,11,300.0
4442.0,12,300.0
4443.0,10,300.0
4443.0,11,300.0
4443.0,12,300.0
4444.0,10,300.0
4444.0,11,300.0
4444.0,12,300.0
4445.0,10,300.0
4445.0,11,300.0
4445.0,12,300.0
4446.0,10,300.0
4446.0,11,300.0
4446.0,12,300.0
4447.0,10,300.0
4447.0,11,300.0
4447.0,12,300.0
4448.0,10,300.0
4448.0,11,300.0
4448.0,12,300.0
4449.0,10,300.0
4449.0,11,300.0
4449.0,12,300.0
4450.0,10,300.0
4450.0,11,300.0
4450.0,12,300.0
4451.0,10,300.0
4451.0,11,300.0
4451.0,12,300.0
4452.0,10,300.0
4452.0,11,300.0
4452.0,12,300.0
4453.0,10,300.0
4453.0,11,300.0
4453.0,12,300.0
4454.0,10,300.0
4454.0,11,300.0
4454.0,12,300.0
4455.0,10,300.0
4455.0,11,300.0
4455.0,12,300.0
4456.0,10,300.0
4456.0,11,300.0
4456.0,12,300.0
4457.0,10,300.0
4457.0,11,300.0
4457.0,12,300.0
4458.0,10,300.0
4458.0,11,300.0
4458.0,12,300.0
4459.0,10,300.0
4459.0,11,300.0
4459.0,12,300.0
4460.0,10,300.0
4460.0,11,300.0
4460.0,12,300.0
4461.0,10,300.0
4461.0,11,300.0
4461.0,12,300.0
4462.0,10,300.0
4462.0,11,300.0
4462.0,12,300.0
4463.0,10,300.0
4463.0,11,300.0
4463.0,12,300.0
4464.0,10,300.0
4464.0,11,300.0
4464.0,12,300.0
4465.0,10,300.0
4465.0,11,300.0
4465.0,12,300.0
4466.0,10,300.0
4466.0,11,300.0
4466.0,12,300.0
4467.0,10,300.0
4467.0,11,300.0
4467.0,12,300.0
4468.0,10,300.0
4468.0,11,300.0
4468.0,12,300.0
4469.0,10,300.0
4469.0,11,300.0
4469.0,12,300.0
4470.0,10,300.0
4470.0,11,300.0
4470.0,12,300.0
4471.0,10,300.0
4471.0,11,300.0
4471.0,12,300.0
4472.0,10,300.0
4472.0,11,300.0
4472.0,12,300.0
4473.0,10,300.0
4473.0,11,300.0
4473.0,12,300.0
4474.0,10,300.0
4474.0,11,300.0
4474.0,12,300.0
4475.0,10,300.0
4475.0,11,300.0
4475.0,12,300.0
4476.0,10,300.0
4476.0,11,300.0
4476.0,12,300.0
4477.0,10,300.0
4477.0,11,300.0
4477.0,12,300.0
4478.0,10,300.0
4478.0,11,300.0
4478.0,12,300.0
4479.0,10,300.0
4479.0,11,300.0
4479.0,12,300.0
4480.0,10,300.0
4480.0,11,300.0
4480.0,12,300.0
4481.0,10,300.0
4481.0,11,300.0
4481.0,12,300.0
4482.0,10,300.0
4482.0,11,300.0
4482.0,12,300.0
4483.0,10,300.0
4483.0,11,300.0
4483.0,12,300.0
4484.0,10,300.0
4484.0,11,300.0
4484.0,12,300.0
4485.0,10,300.0
4485.0,11,300.0
4485.0,12,300.0
4486.0,10,300.0
4486.0,11,300.0
4486.0,12,300.0
4487.0,10,300.0
4487.0,11,300.0
4487.0,12,300.0
4488.0,10,300.0
4488.0,11,300.0
4488.0,12,300.0
4489.0,10,300.0
4489.0,11,300.0
4489.0,12,300.0
4490.0,10,300.0
4490.0,11,300.0
4490.0,12,300.0
4491.0,10,300.0
4491.0,11,300.0
4491.0,12,300.0
4492.0,10,300.0
4492.0,11,300.0
4492.0,12,300.0
4493.0,10,300.0
4493.0,11,300.0
4493.0,12,300.0
4494.0,10,300.0
4494.0,11,300.0
4494.0,12,300.0
4495.0,10,300.0
4495.0,11,300.0
4495.0,12,300.0
4496.0,10,300.0
4496.0,11,300.0
4496.0,12,300.0
4497.0,10,300.0
4497.0,11,300.0
4497.0,12,300.0
4498.0,10,300.0
4498.0,11,300.0
4498.0,12,300.0
4499.0,10,300.0
4499.0,11,300.0
4499.0,12,300.0
4500.0,10,300.0
4500.0,11,300.0
4500.0,12,300.0
4501.0,10,300.0
4501.0,11,300.0
4501.0,12,300.0
4502.0,10,300.0
4502.0,11,300.0
4502.0,12,300.0
4503.0,10,300.0
4503.0,11,300.0
4503.0,12,300.0
4504.0,10,300.0
4504.0,11,300.0
4504.0,12,300.0
4505.0,10,300.0
4505.0,11,300.0
4505.0,12,300.0
4506.0,10,300.0
4506.0,11,300.0
4506.0,12,300.0
4507.0,10,300.0
4507.0,11,300.0
4507.0,12,300.0
4508.0,10,300.0
4508.0,11,300.0
4508.0,12,300.0
4509.0,10,300.0
4509.0,11,300.0
4509.0,12,300.0
4510.0,10,300.0
4510.0,11,300.0
4510.0,12,300.0
4511.0,10,300.0
4511.0,11,300.0
4511.0,12,300.0
4512.0,10,300.0
4512.0,11,300.0
4512.0,12,300.0
4513.0,10,300.0
4513.0,11,300.0
4513.0,12,300.0
4514.0,10,300.0
4514.0,11,300.0
4514.0,12,300.0
4515.0,10,300.0
4515.0,11,300.0
4515.0,12,300.0
4516.0,10,300.0
4516.0,11,300.0
4516.0,12,300.0
4517.0,10,300.0
4517.0,11,300.0
4517.0,12,300.0
4518.0,10,300.0
4518.0,11,300.0
4518.0,12,300.0
4519.0,10,300.0
4519.0,11,300.0
4519.0,12,300.0
4520.0,10,300.0
4520.0,11,300.0
4520.0,12,300.0
4521.0,10,300.0
4521.0,11,300.0
4521.0,12,300.0
4522.0,10,300.0
4522.0,11,300.0
4522.0,12,300.0
4523.0,10,300.0
4523.0,11,300.0
4523.0,12,300.0
4524.0,10,300.0
4524.0,11,300.0
4524.0,12,300.0
4525.0,10,300.0
4525.0,11,300.0
4525.0,12,300.0
4526.0,10,300.0
4526.0,11,300.0
4526.0,12,300.0
4527.0,10,300.0
4527.0,11,300.0
4527.0,12,300.0
4528.0,10,300.0
4528.0,11,300.0
4528.0,12,300.0
4529.0,10,300.0
4529.0,11,300.0
4529.0,12,300.0
4530.0,10,300.0
4530.0,11,300.0
4530.0,12,300.0
4531.0,10,300.0
4531.0,11,300.0
4531.0,12,300.0
4532.0,10,300.0
4532.0,11,300.0
4532.0,12,300.0
4533.0,10,300.0
4533.0,11,300.0
4533.0,12,300.0
4534.0,10,300.0
4534.0,11,300.0
4534.0,12,300.0
4535.0,10,300.0
4535.0,11,300.0
4535.0,12,300.0
4536.0,10,300.0
4536.0,11,300.0
4536.0,12,300.0
4537.0,10,300.0
4537.0,11,300.0
4537.0,12,300.0
4538.0,10,300.0
4538.0,11,300.0
4538.0,12,300.0
4539.0,10,300.0
4539.0,11,300.0
4539.0,12,300.0
4540.0,10,300.0
4540.0,11,300.0
4540.0,12,300.0
4541.0,10,300.0
4541.0,11,300.0
4541.0,12,300.0
4542.0,10,300.0
4542.0,11,300.0
4542.0,12,300.0
4543.0,10,300.0
4543.0,11,300.0
4543.0,12,300.0
4544.0,10,300.0
4544.0,11,300.0
4544.0,12,300.0
4545.0,10,300.0
4545.0,11,300.0
4545.0,12,300.0
4546.0,10,300.0
4546.0,11,300.0
4546.0,12,300.0
4547.0,10,300.0
4547.0,11,300.0
4547.0,12,300.0
4548.0,10,300.0
4548.0,11,300.0
4548.0,12,300.0
4549.0,10,300.0
4549.0,11,300.0
4549.0,12,300.0
4550.0,10,300.0
4550.0,11,300.0
4550.0,12,300.0
4551.0,10,300.0
4551.0,11,300.0
4551.0,12,300.0
4552.0,10,300.0
4552.0,11,300.0
4552.0,12,300.0
4553.0,10,300.0
4553.0,11,300.0
4553.0,12,300.0
4554.0,10,300.0
4554.0,11,300.0
4554.0,12,300.0
4555.0,10,300.0
4555.0,11,300.0
4555.0,12,300.0
4556.0,10,300.0
4556.0,11,300.0
4556.0,12,300.0
4557.0,10,300.0
4557.0,11,300.0
4557.0,12,300.0
4558.0,10,300.0
4558.0,11,300.0
4558.0,12,300.0
4559.0,10,300.0
4559.0,11,300.0
4559.0,12,300.0
4560.0,10,300.0
4560.0,11,300.0
4560.0,12,300.0
4561.0,10,300.0
4561.0,11,300.0
4561.0,12,300.0
4562.0,10,300.0
4562.0,11,300.0
4562.0,12,300.0
4563.0,10,300.0
4563.0,11,300.0
4563.0,12,300.0
4564.0,10,300.0
4564.0,11,300.0
4564.0,12,300.0
4565.0,10,300.0
4565.0,11,300.0
4565.0,12,300.0
4566.0,10,300.0
4566.0,11,300.0
4566.0,12,300.0
4567.0,10,300.0
4567.0,11,300.0
4567.0,12,300.0
4568.0,10,300.0
4568.0,11,300.0
4568.0,12,300.0
4569.0,10,300.0
4569.0,11,300.0
4569.0,12,300.0
4570.0,10,300.0
4570.0,11,300.0
4570.0,12,300.0
4571.0,10,300.0
4571.0,11,300.0
4571.0,12,300.0
4572.0,10,300.0
4572.0,11,300.0
4572.0,12,300.0
4573.0,10,300.0
4573.0,11,300.0
4573.0,12,300.0
4574.0,10,300.0
4574.0,11,300.0
4574.0,12,300.0
4575.0,10,300.0
4575.0,11,300.0
4575.0,12,300.0
4576.0,10,300.0
4576.0,11,300.0
4576.0,12,300.0
4577.0,10,300.0
4577.0,11,300.0
4577.0,12,300.0
4578.0,10,300.0
4578.0,11,300.0
4578.0,12,300.0
4579.0,10,300.0
4579.0,11,300.0
4579.0,12,300.0
4580.0,10,300.0
4580.0,11,300.0
4580.0,12,300.0
4581.0,10,300.0
4581.0,11,300.0
4581.0,12,300.0
4582.0,10,300.0
4582.0,11,300.0
4582.0,12,300.0
4583.0,10,300.0
4583.0,11,300.0
4583.0,12,300.0
4584.0,10,300.0
4584.0,11,300.0
4584.0,12,300.0
4585.0,10,300.0
4585.0,11,300.0
4585.0,12,300.0
4586.0,10,300.0
4586.0,11,300.0
4586.0,12,300.0
4587.0,10,300.0
4587.0,11,300.0
4587.0,12,300.0
4588.0,10,300.0
4588.0,11,300.0
4588.0,12,300.0
4589.0,10,300.0
4589.0,11,300.0
4589.0,12,300.0
4590.0,10,300.0
4590.0,11,300.0
4590.0,12,300.0
4591.0,10,300.0
4591.0,11,300.0
4591.0,12,300.0
4592.0,10,300.0
4592.0,11,300.0
4592.0,12,300.0
4593.0,10,300.0
4593.0,11,300.0
4593.0,12,300.0
4594.0,10,300.0
4594.0,11,300.0
4594.0,12,300.0
4595.0,10,300.0
4595.0,11,300.0
4595.0,12,300.0
4596.0,10,300.0
4596.0,11,300.0
4596.0,12,300.0
4597.0,10,300.0
4597.0,11,300.0
4597.0,12,300.0
4598.0,10,300.0
4598.0,11,300.0
4598.0,12,300.0
4599.0,10,300.0
4599.0,11,300.0
4599.0,12,300.0
4600.0,10,300.0
4600.0,11,300.0
4600.0,12,300.0
4601.0,10,300.0
4601.0,11,300.0
4601.0,12,300.0
4602.0,10,300.0
4602.0,11,300.0
4602.0,12,300.0
4603.0,10,300.0
4603.0,11,300.0
4603.0,12,300.0
4604.0,10,300.0
4604.0,11,300.0
4604.0,12,300.0
4605.0,10,300.0
4605.0,11,300.0
4605.0,12,300.0
4606.0,10,300.0
4606.0,11,300.0
4606.0,12,300.0
4607.0,10,300.0
4607.0,11,300.0
4607.0,12,300.0
4608.0,10,300.0
4608.0,11,300.0
4608.0,12,300.0
4609.0,10,300.0
4609.0,11,300.0
4609.0,12,300.0
4610.0,10,300.0
4610.0,11,300.0
4610.0,12,300.0
4611.0,10,300.0
4611.0,11,300.0
4611.0,12,300.0
4612.0,10,300.0
4612.0,11,300.0
4612.0,12,300.0
4613.0,10,300.0
4613.0,11,300.0
4613.0,12,300.0
4614.0,10,300.0
4614.0,11,300.0
4614.0,12,300.0
4615.0,10,300.0
4615.0,11,300.0
4615.0,12,300.0
4616.0,10,300.0
4616.0,11,300.0
4616.0,12,300.0
4617.0,10,300.0
4617.0,11,300.0
4617.0,12,300.0
4618.0,10,300.0
4618.0,11,300.0
4618.0,12,300.0
4619.0,10,300.0
4619.0,11,300.0
4619.0,12,300.0
4620.0,10,300.0
4620.0,11,300.0
4620.0,12,300.0
4621.0,10,300.0
4621.0,11,300.0
4621.0,12,300.0
4622.0,10,300.0
4622.0,11,300.0
4622.0,12,300.0
4623.0,10,300.0
4623.0,11,300.0
4623.0,12,300.0
4624.0,10,300.0
4624.0,11,300.0
4624.0,12,300.0
4625.0,10,300.0
4625.0,11,300.0
4625.0,12,300.0
4626.0,10,300.0
4626.0,11,300.0
4626.0,12,300.0
4627.0,10,300.0
4627.0,11,300.0
4627.0,12,300.0
4628.0,10,300.0
4628.0,11,300.0
4628.0,12,300.0
4629.0,10,300.0
4629.0,11,300.0
4629.0,12,300.0
4630.0,10,300.0
4630.0,11,300.0
4630.0,12,300.0
4631.0,10,300.0
4631.0,11,300.0
4631.0,12,300.0
4632.0,10,300.0
4632.0,11,300.0
4632.0,12,300.0
4633.0,10,300.0
4633.0,11,300.0
4633.0,12,300.0
4634.0,10,300.0
4634.0,11,300.0
4634.0,12,300.0
4635.0,10,300.0
4635.0,11,300.0
4635.0,12,300.0
4636.0,10,300.0
4636.0,11,300.0
4636.0,12,300.0
4637.0,10,300.0
4637.0,11,300.0
4637.0,12,300.0
4638.0,10,300.0
4638.0,11,300.0
4638.0,12,300.0
4639.0,10,300.0
4639.0,11,300.0
4639.0,12,300.0
4640.0,10,300.0
4640.0,11,300.0
4640.0,12,300.0
4641.0,10,300.0
4641.0,11,300.0
4641.0,12,300.0
4642.0,10,300.0
4642.0,11,300.0
4642.0,12,300.0
4643.0,10,300.0
4643.0,11,300.0
4643.0,12,300.0
4644.0,10,300.0
4644.0,11,300.0
4644.0,12,300.0
4645.0,10,300.0
4645.0,11,300.0
4645.0,12,300.0
4646.0,10,300.0
4646.0,11,300.0
4646.0,12,300.0
4647.0,10,300.0
4647.0,11,300.0
4647.0,12,300.0
4648.0,10,300.0
4648.0,11,300.0
4648.0,12,300.0
4649.0,10,300.0
4649.0,11,300.0
4649.0,12,300.0
4650.0,10,300.0
4650.0,11,300.0
4650.0,12,300.0
4651.0,10,300.0
4651.0,11,300.0
4651.0,12,300.0
4652.0,10,300.0
4652.0,11,300.0
4652.0,12,300.0
4653.0,10,300.0
4653.0,11,300.0
4653.0,12,300.0
4654.0,10,300.0
4654.0,11,300.0
4654.0,12,300.0
4655.0,10,300.0
4655.0,11,300.0
4655.0,12,300.0
4656.0,10,300.0
4656.0,11,300.0
4656.0,12,300.0
4657.0,10,300.0
4657.0,11,300.0
4657.0,12,300.0
4658.0,10,300.0
4658.0,11,300.0
4658.0,12,300.0
4659.0,10,300.0
4659.0,11,300.0
4659.0,12,300.0
4660.0,10,300.0
4660.0,11,300.0
4660.0,12,300.0
4661.0,10,300.0
4661.0,11,300.0
4661.0,12,300.0
4662.0,10,300.0
4662.0,11,300.0
4662.0,12,300.0
4663.0,10,300.0
4663.0,11,300.0
4663.0,12,300.0
4664.0,10,300.0
4664.0,11,300.0
4664.0,12,300.0
4665.0,10,300.0
4665.0,11,300.0
4665.0,12,300.0
4666.0,10,300.0
4666.0,11,300.0
4666.0,12,300.0
4667.0,10,300.0
4667.0,11,300.0
4667.0,12,300.0
4668.0,10,300.0
4668.0,11,300.0
4668.0,12,300.0
4669.0,10,300.0
4669.0,11,300.0
4669.0,12,300.0
4670.0,10,300.0
4670.0,11,300.0
4670.0,12,300.0
4671.0,10,300.0
4671.0,11,300.0
4671.0,12,300.0
4672.0,10,300.0
4672.0,11,300.0
4672.0,12,300.0
4673.0,10,300.0
4673.0,11,300.0
4673.0,12,300.0
4674.0,10,300.0
4674.0,11,300.0
4674.0,12,300.0
4675.0,10,300.0
4675.0,11,300.0
4675.0,12,300.0
4676.0,10,300.0
4676.0,11,300.0
4676.0,12,300.0
4677.0,10,300.0
4677.0,11,300.0
4677.0,12,300.0
4678.0,10,300.0
4678.0,11,300.0
4678.0,12,300.0
4679.0,10,300.0
4679.0,11,300.0
4679.0,12,300.0
4680.0,10,300.0
4680.0,11,300.0
4680.0,12,300.0
4681.0,10,300.0
4681.0,11,300.0
4681.0,12,300.0
4682.0,10,300.0
4682.0,11,300.0
4682.0,12,300.0
4683.0,10,300.0
4683.0,11,300.0
4683.0,12,300.0
4684.0,10,300.0
4684.0,11,300.0
4684.0,12,300.0
4685.0,10,300.0
4685.0,11,300.0
4685.0,12,300.0
4686.0,10,300.0
4686.0,11,300.0
4686.0,12,300.0
4687.0,10,300.0
4687.0,11,300.0
4687.0,12,300.0
4688.0,10,300.0
4688.0,11,300.0
4688.0,12,300.0
4689.0,10,300.0
4689.0,11,300.0
4689.0,12,300.0
4690.0,10,300.0
4690.0,11,300.0
4690.0,12,300.0
4691.0,10,300.0
4691.0,11,300.0
4691.0,12,300.0
4692.0,10,300.0
4692.0,11,300.0
4692.0,12,300.0
4693.0,10,300.0
4693.0,11,300.0
4693.0,12,300.0
4694.0,10,300.0
4694.0,11,300.0
4694.0,12,300.0
4695.0,10,300.0
4695.0,11,300.0
4695.0,12,300.0
4696.0,10,300.0
4696.0,11,300.0
4696.0,12,300.0
4697.0,10,300.0
4697.0,11,300.0
4697.0,12,300.0
4698.0,10,300.0
4698.0,11,300.0
4698.0,12,300.0
4699.0,10,300.0
4699.0,11,300.0
4699.0,12,300.0
4700.0,10,300.0
4700.0,11,300.0
4700.0,12,300.0
4701.0,10,300.0
4701.0,11,300.0
4701.0,12,300.0
4702.0,10,300.0
4702.0,11,300.0
4702.0,12,300.0
4703.0,10,300.0
4703.0,11,300.0
4703.0,12,300.0
4704.0,10,300.0
4704.0,11,300.0
4704.0,12,300.0
4705.0,10,300.0
4705.0,11,300.0
4705.0,12,300.0
4706.0,10,300.0
4706.0,11,300.0
4706.0,12,300.0
4707.0,10,300.0
4707.0,11,300.0
4707.0,12,300.0
4708.0,10,300.0
4708.0,11,300.0
4708.0,12,300.0
4709.0,10,300.0
4709.0,11,300.0
4709.0,12,300.0
4710.0,10,300.0
4710.0,11,300.0
4710.0,12,300.0
4711.0,10,300.0
4711.0,11,300.0
4711.0,12,300.0
4712.0,10,300.0
4712.0,11,300.0
4712.0,12,300.0
4713.0,10,300.0
4713.0,11,300.0
4713.0,12,300.0
4714.0,10,300.0
4714.0,11,300.0
4714.0,12,300.0
4715.0,10,300.0
4715.0,11,300.0
4715.0,12,300.0
4716.0,10,300.0
4716.0,11,300.0
4716.0,12,300.0
4717.0,10,300.0
4717.0,11,300.0
4717.0,12,300.0
4718.0,10,300.0
4718.0,11,300.0
4718.0,12,300.0
4719.0,10,300.0
4719.0,11,300.0
4719.0,12,300.0
4720.0,10,300.0
4720.0,11,300.0
4720.0,12,300.0
4721.0,10,300.0
4721.0,11,300.0
4721.0,12,300.0
4722.0,10,300.0
4722.0,11,300.0
4722.0,12,300.0
4723.0,10,300.0
4723.0,11,300.0
4723.0,12,300.0
4724.0,10,300.0
4724.0,11,300.0
4724.0,12,300.0
4725.0,10,300.0
4725.0,11,300.0
4725.0,12,300.0
4726.0,10,300.0
4726.0,11,300.0
4726.0,12,300.0
4727.0,10,300.0
4727.0,11,300.0
4727.0,12,300.0
4728.0,10,300.0
4728.0,11,300.0
4728.0,12,300.0
4729.0,10,300.0
4729.0,11,300.0
4729.0,12,300.0
4730.0,10,300.0
4730.0,11,300.0
4730.0,12,300.0
4731.0,10,300.0
4731.0,11,300.0
4731.0,12,300.0
4732.0,10,300.0
4732.0,11,300.0
4732.0,12,300.0
4733.0,10,300.0
4733.0,11,300.0
4733.0,12,300.0
4734.0,10,300.0
4734.0,11,300.0
4734.0,12,300.0
4735.0,10,300.0
4735.0,11,300.0
4735.0,12,300.0
4736.0,10,300.0
4736.0,11,300.0
4736.0,12,300.0
4737.0,10,300.0
4737.0,11,300.0
4737.0,12,300.0
4738.0,10,300.0
4738.0,11,300.0
4738.0,12,300.0
4739.0,10,300.0
4739.0,11,300.0
4739.0,12,300.0
4740.0,10,300.0
4740.0,11,300.0
4740.0,12,300.0
4741.0,10,300.0
4741.0,11,300.0
4741.0,12,300.0
4742.0,10,300.0
4742.0,11,300.0
4742.0,12,300.0
4743.0,10,300.0
4743.0,11,300.0
4743.0,12,300.0
4744.0,10,300.0
4744.0,11,300.0
4744.0,12,300.0
4745.0,10,300.0
4745.0,11,300.0
4745.0,12,300.0
4746.0,10,300.0
4746.0,11,300.0
4746.0,12,300.0
4747.0,10,300.0
4747.0,11,300.0
4747.0,12,300.0
4748.0,10,300.0
4748.0,11,300.0
4748.0,12,300.0
4749.0,10,300.0
4749.0,11,300.0
4749.0,12,300.0
4750.0,10,300.0
4750.0,11,300.0
4750.0,12,300.0
4751.0,10,300.0
4751.0,11,300.0
4751.0,12,300.0
4752.0,10,300.0
4752.0,11,300.0
4752.0,12,300.0
4753.0,10,300.0
4753.0,11,300.0
4753.0,12,300.0
4754.0,10,300.0
4754.0,11,300.0
4754.0,12,300.0
4755.0,10,300.0
4755.0,11,300.0
4755.0,12,300.0
4756.0,10,300.0
4756.0,11,300.0
4756.0,12,300.0
4757.0,10,300.0
4757.0,11,300.0
4757.0,12,300.0
4758.0,10,300.0
4758.0,11,300.0
4758.0,12,300.0
4759.0,10,300.0
4759.0,11,300.0
4759.0,12,300.0
4760.0,10,300.0
4760.0,11,300.0
4760.0,12,300.0
4761.0,10,300.0
4761.0,11,300.0
4761.0,12,300.0
4762.0,10,300.0
4762.0,11,300.0
4762.0,12,300.0
4763.0,10,300.0
4763.0,11,300.0
4763.0,12,300.0
4764.0,10,300.0
4764.0,11,300.0
4764.0,12,300.0
4765.0,10,300.0
4765.0,11,300.0
4765.0,12,300.0
4766.0,10,300.0
4766.0,11,300.0
4766.0,12,300.0
4767.0,10,300.0
4767.0,11,300.0
4767.0,12,300.0
4768.0,10,300.0
4768.0,11,300.0
4768.0,12,300.0
4769.0,10,300.0
4769.0,11,300.0
4769.0,12,300.0
4770.0,10,300.0
4770.0,11,300.0
4770.0,12,300.0
4771.0,10,300.0
4771.0,11,300.0
4771.0,12,300.0
4772.0,10,300.0
4772.0,11,300.0
4772.0,12,300.0
4773.0,10,300.0
4773.0,11,300.0
4773.0,12,300.0
4774.0,10,300.0
4774.0,11,300.0
4774.0,12,300.0
4775.0,10,300.0
4775.0,11,300.0
4775.0,12,300.0
4776.0,10,300.0
4776.0,11,300.0
4776.0,12,300.0
4777.0,10,300.0
4777.0,11,300.0
4777.0,12,300.0
4778.0,10,300.0
4778.0,11,300.0
4778.0,12,300.0
4779.0,10,300.0
4779.0,11,300.0
4779.0,12,300.0
4780.0,10,300.0
4780.0,11,300.0
4780.0,12,300.0
4781.0,10,300.0
4781.0,11,300.0
4781.0,12,300.0
4782.0,10,300.0
4782.0,11,300.0
4782.0,12,300.0
4783.0,10,300.0
4783.0,11,300.0
4783.0,12,300.0
4784.0,10,300.0
4784.0,11,300.0
4784.0,12,300.0
4785.0,10,300.0
4785.0,11,300.0
4785.0,12,300.0
4786.0,10,300.0
4786.0,11,300.0
4786.0,12,300.0
4787.0,10,300.0
4787.0,11,300.0
4787.0,12,300.0
4788.0,10,300.0
4788.0,11,300.0
4788.0,12,300.0
4789.0,10,300.0
4789.0,11,300.0
4789.0,12,300.0
4790.0,10,300.0
4790.0,11,300.0
4790.0,12,300.0
4791.0,10,300.0
4791.0,11,300.0
4791.0,12,300.0
4792.0,10,300.0
4792.0,11,300.0
4792.0,12,300.0
4793.0,10,300.0
4793.0,11,300.0
4793.0,12,300.0
4794.0,10,300.0
4794.0,11,300.0
4794.0,12,300.0
4795.0,10,300.0
4795.0,11,300.0
4795.0,12,300.0
4796.0,10,300.0
4796.0,11,300.0
4796.0,12,300.0
4797.0,10,300.0
4797.0,11,300.0
4797.0,12,300.0
4798.0,10,300.0
4798.0,11,300.0
4798.0,12,300.0
4799.0,10,300.0
4799.0,11,300.0
4799.0,12,300.0
4800.0,10,300.0
4800.0,11,300.0
4800.0,12,300.0
4801.0,10,300.0
4801.0,11,300.0
4801.0,12,300.0
4802.0,10,300.0
4802.0,11,300.0
4802.0,12,300.0
4803.0,10,300.0
4803.0,11,300.0
4803.0,12,300.0
4804.0,10,300.0
4804.0,11,300.0
4804.0,12,300.0
4805.0,10,300.0
4805.0,11,300.0
4805.0,12,300.0
4806.0,10,300.0
4806.0,11,300.0
4806.0,12,300.0
4807.0,10,300.0
4807.0,11,300.0
4807.0,12,300.0
4808.0,10,300.0
4808.0,11,300.0
4808.0,12,300.0
4809.0,10,300.0
4809.0,11,300.0
4809.0,12,300.0
4810.0,10,300.0
4810.0,11,300.0
4810.0,12,300.0
4811.0,10,300.0
4811.0,11,300.0
4811.0,12,300.0
4812.0,10,300.0
4812.0,11,300.0
4812.0,12,300.0
4813.0,10,300.0
4813.0,11,300.0
4813.0,12,300.0
4814.0,10,300.0
4814.0,11,300.0
4814.0,12,300.0
4815.0,10,300.0
4815.0,11,300.0
4815.0,12,300.0
4816.0,10,300.0
4816.0,11,300.0
4816.0,12,300.0
4817.0,10,300.0
4817.0,11,300.0
4817.0,12,300.0
4818.0,10,300.0
4818.0,11,300.0
4818.0,12,300.0
4819.0,10,300.0
4819.0,11,300.0
4819.0,12,300.0
4820.0,10,300.0
4820.0,11,300.0
4820.0,12,300.0
4821.0,10,300.0
4821.0,11,300.0
4821.0,12,300.0
4822.0,10,300.0
4822.0,11,300.0
4822.0,12,300.0
4823.0,10,300.0
4823.0,11,300.0
4823.0,12,300.0
4824.0,10,300.0
4824.0,11,300.0
4824.0,12,300.0
4825.0,10,300.0
4825.0,11,300.0
4825.0,12,300.0
4826.0,10,300.0
4826.0,11,300.0
4826.0,12,300.0
4827.0,10,300.0
4827.0,11,300.0
4827.0,12,300.0
4828.0,10,300.0
4828.0,11,300.0
4828.0,12,300.0
4829.0,10,300.0
4829.0,11,300.0
4829.0,12,300.0
4830.0,10,300.0
4830.0,11,300.0
4830.0,12,300.0
4831.0,10,300.0
4831.0,11,300.0
4831.0,12,300.0
4832.0,10,300.0
4832.0,11,300.0
4832.0,12,300.0
4833.0,10,300.0
4833.0,11,300.0
4833.0,12,300.0
4834.0,10,300.0
4834.0,11,300.0
4834.0,12,300.0
4835.0,10,300.0
4835.0,11,300.0
4835.0,12,300.0
4836.0,10,300.0
4836.0,11,300.0
4836.0,12,300.0
4837.0,10,300.0
4837.0,11,300.0
4837.0,12,300.0
4838.0,10,300.0
4838.0,11,300.0
4838.0,12,300.0
4839.0,10,300.0
4839.0,11,300.0
4839.0,12,300.0
4840.0,10,300.0
4840.0,11,300.0
4840.0,12,300.0
4841.0,10,300.0
4841.0,11,300.0
4841.0,12,300.0
4842.0,10,300.0
4842.0,11,300.0
4842.0,12,300.0
4843.0,10,300.0
4843.0,11,300.0
4843.0,12,300.0
4844.0,10,300.0
4844.0,11,300.0
4844.0,12,300.0
4845.0,10,300.0
4845.0,11,300.0
4845.0,12,300.0
4846.0,10,300.0
4846.0,11,300.0
4846.0,12,300.0
4847.0,10,300.0
4847.0,11,300.0
4847.0,12,300.0
4848.0,10,300.0
4848.0,11,300.0
4848.0,12,300.0
4849.0,10,300.0
4849.0,11,300.0
4849.0,12,300.0
4850.0,10,300.0
4850.0,11,300.0
4850.0,12,300.0
4851.0,10,300.0
4851.0,11,300.0
4851.0,12,300.0
4852.0,10,300.0
4852.0,11,300.0
4852.0,12,300.0
4853.0,10,300.0
4853.0,11,300.0
4853.0,12,300.0
4854.0,10,300.0
4854.0,11,300.0
4854.0,12,300.0
4855.0,10,300.0
4855.0,11,300.0
4855.0,12,300.0
4856.0,10,300.0
4856.0,11,300.0
4856.0,12,300.0
4857.0,10,300.0
4857.0,11,300.0
4857.0,12,300.0
4858.0,10,300.0
4858.0,11,300.0
4858.0,12,300.0
4859.0,10,300.0
4859.0,11,300.0
4859.0,12,300.0
4860.0,10,300.0
4860.0,11,300.0
4860.0,12,300.0
4861.0,10,300.0
4861.0,11,300.0
4861.0,12,300.0
4862.0,10,300.0
4862.0,11,300.0
4862.0,12,300.0
4863.0,10,300.0
4863.0,11,300.0
4863.0,12,300.0
4864.0,10,300.0
4864.0,11,300.0
4864.0,12,300.0
4865.0,10,300.0
4865.0,11,300.0
4865.0,12,300.0
4866.0,10,300.0
4866.0,11,300.0
4866.0,12,300.0
4867.0,10,300.0
4867.0,11,300.0
4867.0,12,300.0
4868.0,10,300.0
4868.0,11,300.0
4868.0,12,300.0
4869.0,10,300.0
4869.0,11,300.0
4869.0,12,300.0
4870.0,10,300.0
4870.0,11,300.0
4870.0,12,300.0
4871.0,10,300.0
4871.0,11,300.0
4871.0,12,300.0
4872.0,10,300.0
4872.0,11,300.0
4872.0,12,300.0
4873.0,10,300.0
4873.0,11,300.0
4873.0,12,300.0
4874.0,10,300.0
4874.0,11,300.0
4874.0,12,300.0
4875.0,10,300.0
4875.0,11,300.0
4875.0,12,300.0
4876.0,10,300.0
4876.0,11,300.0
4876.0,12,300.0
4877.0,10,300.0
4877.0,11,300.0
4877.0,12,300.0
4878.0,10,300.0
4878.0,11,300.0
4878.0,12,300.0
4879.0,10,300.0
4879.0,11,300.0
4879.0,12,300.0
4880.0,10,300.0
4880.0,11,300.0
4880.0,12,300.0
4881.0,10,300.0
4881.0,11,300.0
4881.0,12,300.0
4882.0,10,300.0
4882.0,11,300.0
4882.0,12,300.0
4883.0,10,300.0
4883.0,11,300.0
4883.0,12,300.0
4884.0,10,300.0
4884.0,11,300.0
4884.0,12,300.0
4885.0,10,300.0
4885.0,11,300.0
4885.0,12,300.0
4886.0,10,300.0
4886.0,11,300.0
4886.0,12,300.0
4887.0,10,300.0
4887.0,11,300.0
4887.0,12,300.0
4888.0,10,300.0
4888.0,11,300.0
4888.0,12,300.0
4889.0,10,300.0
4889.0,11,300.0
4889.0,12,300.0
4890.0,10,300.0
4890.0,11,300.0
4890.0,12,300.0
4891.0,10,300.0
4891.0,11,300.0
4891.0,12,300.0
4892.0,10,300.0
4892.0,11,300.0
4892.0,12,300.0
4893.0,10,300.0
4893.0,11,300.0
4893.0,12,300.0
4894.0,10,300.0
4894.0,11,300.0
4894.0,12,300.0
4895.0,10,300.0
4895.0,11,300.0
4895.0,12,300.0
4896.0,10,300.0
4896.0,11,300.0
4896.0,12,300.0
4897.0,10,300.0
4897.0,11,300.0
4897.0,12,300.0
4898.0,10,300.0
4898.0,11,300.0
4898.0,12,300.0
4899.0,10,300.0
4899.0,11,300.0
4899.0,12,300.0
4900.0,10,300.0
4900.0,11,300.0
4900.0,12,300.0
4901.0,10,300.0
4901.0,11,300.0
4901.0,12,300.0
4902.0,10,300.0
4902.0,11,300.0
4902.0,12,300.0
4903.0,10,300.0
4903.0,11,300.0
4903.0,12,300.0
4904.0,10,300.0
4904.0,11,300.0
4904.0,12,300.0
4905.0,10,300.0
4905.0,11,300.0
4905.0,12,300.0
4906.0,10,300.0
4906.0,11,300.0
4906.0,12,300.0
4907.0,10,300.0
4907.0,11,300.0
4907.0,12,300.0
4908.0,10,300.0
4908.0,11,300.0
4908.0,12,300.0
4909.0,10,300.0
4909.0,11,300.0
4909.0,12,300.0
4910.0,10,300.0
4910.0,11,300.0
4910.0,12,300.0
4911.0,10,300.0
4911.0,11,300.0
4911.0,12,300.0
4912.0,10,300.0
4912.0,11,300.0
4912.0,12,300.0
4913.0,10,300.0
4913.0,11,300.0
4913.0,12,300.0
4914.0,10,300.0
4914.0,11,300.0
4914.0,12,300.0
4915.0,10,300.0
4915.0,11,300.0
4915.0,12,300.0
4916.0,10,300.0
4916.0,11,300.0
4916.0,12,300.0
4917.0,10,300.0
4917.0,11,300.0
4917.0,12,300.0
4918.0,10,300.0
4918.0,11,300.0
4918.0,12,300.0
4919.0,10,300.0
4919.0,11,300.0
4919.0,12,300.0
4920.0,10,300.0
4920.0,11,300.0
4920.0,12,300.0
4921.0,10,300.0
4921.0,11,300.0
4921.0,12,300.0
4922.0,10,300.0
4922.0,11,300.0
4922.0,12,300.0
4923.0,10,300.0
4923.0,11,300.0
4923.0,12,300.0
4924.0,10,300.0
4924.0,11,300.0
4924.0,12,300.0
4925.0,10,300.0
4925.0,11,300.0
4925.0,12,300.0
4926.0,10,300.0
4926.0,11,300.0
4926.0,12,300.0
4927.0,10,300.0
4927.0,11,300.0
4927.0,12,300.0
4928.0,10,300.0
4928.0,11,300.0
4928.0,12,300.0
4929.0,10,300.0
4929.0,11,300.0
4929.0,12,300.0
4930.0,10,300.0
4930.0,11,300.0
4930.0,12,300.0
4931.0,10,300.0
4931.0,11,300.0
4931.0,12,300.0
4932.0,10,300.0
4932.0,11,300.0
4932.0,12,300.0
4933.0,10,300.0
4933.0,11,300.0
4933.0,12,300.0
4934.0,10,300.0
4934.0,11,300.0
4934.0,12,300.0
4935.0,10,300.0
4935.0,11,300.0
4935.0,12,300.0
4936.0,10,300.0
4936.0,11,300.0
4936.0,12,300.0
4937.0,10,300.0
4937.0,11,300.0
4937.0,12,300.0
4938.0,10,300.0
4938.0,11,300.0
4938.0,12,300.0
4939.0,10,300.0
4939.0,11,300.0
4939.0,12,300.0
4940.0,10,300.0
4940.0,11,300.0
4940.0,12,300.0
4941.0,10,300.0
4941.0,11,300.0
4941.0,12,300.0
4942.0,10,300.0
4942.0,11,300.0
4942.0,12,300.0
4943.0,10,300.0
4943.0,11,300.0
4943.0,12,300.0
4944.0,10,300.0
4944.0,11,300.0
4944.0,12,300.0
4945.0,10,300.0
4945.0,11,300.0
4945.0,12,300.0
4946.0,10,300.0
4946.0,11,300.0
4946.0,12,300.0
4947.0,10,300.0
4947.0,11,300.0
4947.0,12,300.0
4948.0,10,300.0
4948.0,11,300.0
4948.0,12,300.0
4949.0,10,300.0
4949.0,11,300.0
4949.0,12,300.0
4950.0,10,300.0
4950.0,11,300.0
4950.0,12,300.0
4951.0,10,300.0
4951.0,11,300.0
4951.0,12,300.0
4952.0,10,300.0
4952.0,11,300.0
4952.0,12,300.0
4953.0,10,300.0
4953.0,11,300.0
4953.0,12,300.0
4954.0,10,300.0
4954.0,11,300.0
4954.0,12,300.0
4955.0,10,300.0
4955.0,11,300.0
4955.0,12,300.0
4956.0,10,300.0
4956.0,11,300.0
4956.0,12,300.0
4957.0,10,300.0
4957.0,11,300.0
4957.0,12,300.0
4958.0,10,300.0
4958.0,11,300.0
4958.0,12,300.0
4959.0,10,300.0
4959.0,11,300.0
4959.0,12,300.0
4960.0,10,300.0
4960.0,11,300.0
4960.0,12,300.0
4961.0,10,300.0
4961.0,11,300.0
4961.0,12,300.0
4962.0,10,300.0
4962.0,11,300.0
4962.0,12,300.0
4963.0,10,300.0
4963.0,11,300.0
4963.0,12,300.0
4964.0,10,300.0
4964.0,11,300.0
4964.0,12,300.0
4965.0,10,300.0
4965.0,11,300.0
4965.0,12,300.0
4966.0,10,300.0
4966.0,11,300.0
4966.0,12,300.0
4967.0,10,300.0
4967.0,11,300.0
4967.0,12,300.0
4968.0,10,300.0
4968.0,11,300.0
4968.0,12,300.0
4969.0,10,300.0
4969.0,11,300.0
4969.0,12,300.0
4970.0,10,300.0
4970.0,11,300.0
4970.0,12,300.0
4971.0,10,300.0
4971.0,11,300.0
4971.0,12,300.0
4972.0,10,300.0
4972.0,11,300.0
4972.0,12,300.0
4973.0,10,300.0
4973.0,11,300.0
4973.0,12,300.0
4974.0,10,300.0
4974.0,11,300.0
4974.0,12,300.0
4975.0,10,300.0
4975.0,11,300.0
4975.0,12,300.0
4976.0,10,300.0
4976.0,11,300.0
4976.0,12,300.0
4977.0,10,300.0
4977.0,11,300.0
4977.0,12,300.0
4978.0,10,300.0
4978.0,11,300.0
4978.0,12,300.0
4979.0,10,300.0
4979.0,11,300.0
4979.0,12,300.0
4980.0,10,300.0
4980.0,11,300.0
4980.0,12,300.0
4981.0,10,300.0
4981.0,11,300.0
4981.0,12,300.0
4982.0,10,300.0
4982.0,11,300.0
4982.0,12,300.0
4983.0,10,300.0
4983.0,11,300.0
4983.0,12,300.0
4984.0,10,300.0
4984.0,11,300.0
4984.0,12,300.0
4985.0,10,300.0
4985.0,11,300.0
4985.0,12,300.0
4986.0,10,300.0
4986.0,11,300.0
4986.0,12,300.0
4987.0,10,300.0
4987.0,11,300.0
4987.0,12,300.0
4988.0,10,300.0
4988.0,11,300.0
4988.0,12,300.0
4989.0,10,300.0
4989.0,11,300.0
4989.0,12,300.0
4990.0,10,300.0
4990.0,11,300.0
4990.0,12,300.0
4991.0,10,300.0
4991.0,11,300.0
4991.0,12,300.0
4992.0,10,300.0
4992.0,11,300.0
4992.0,12,300.0
4993.0,10,300.0
4993.0,11,300.0
4993.0,12,300.0
4994.0,10,300.0
4994.0,11,300.0
4994.0,12,300.0
4995.0,10,300.0
4995.0,11,300.0
4995.0,12,300.0
4996.0,10,300.0
4996.0,11,300.0
4996.0,12,300.0
4997.0,10,300.0
4997.0,11,300.0
4997.0,12,300.0
4998.0,10,300.0
4998.0,11,300.0
4998.0,12,300.0
4999.0,10,300.0
4999.0,11,300.0
4999.0,12,300.0
5000.0,10,300.0
5000.0,11,300.0
5000.0,12,300.0
5001.0,10,300.0
5001.0,11,300.0
5001.0,12,300.0
5002.0,10,300.0
5002.0,11,300.0
5002.0,12,300.0
5003.0,10,300.0
5003.0,11,300.0
5003.0,12,300.0
5004.0,10,300.0
5004.0,11,300.0
5004.0,12,300.0
5005.0,10,300.0
5005.0,11,300.0
5005.0,12,300.0
5006.0,10,300.0
5006.0,11,300.0
5006.0,12,300.0
5007.0,10,300.0
5007.0,11,300.0
5007.0,12,300.0
5008.0,10,300.0
5008.0,11,300.0
5008.0,12,300.0
5009.0,10,300.0
5009.0,11,300.0
5009.0,12,300.0
5010.0,10,300.0
5010.0,11,300.0
5010.0,12,300.0
5011.0,10,300.0
5011.0,11,300.0
5011.0,12,300.0
5012.0,10,300.0
5012.0,11,300.0
5012.0,12,300.0
5013.0,10,300.0
5013.0,11,300.0
5013.0,12,300.0
5014.0,10,300.0
5014.0,11,300.0
5014.0,12,300.0
5015.0,10,300.0
5015.0,11,300.0
5015.0,12,300.0
5016.0,10,300.0
5016.0,11,300.0
5016.0,12,300.0
5017.0,10,300.0
5017.0,11,300.0
5017.0,12,300.0
5018.0,10,300.0
5018.0,11,300.0
5018.0,12,300.0
5019.0,10,300.0
5019.0,11,300.0
5019.0,12,300.0
5020.0,10,300.0
5020.0,11,300.0
5020.0,12,300.0
5021.0,10,300.0
5021.0,11,300.0
5021.0,12,300.0
5022.0,10,300.0
5022.0,11,300.0
5022.0,12,300.0
5023.0,10,300.0
5023.0,11,300.0
5023.0,12,300.0
5024.0,10,300.0
5024.0,11,300.0
5024.0,12,300.0
5025.0,10,300.0
5025.0,11,300.0
5025.0,12,300.0
5026.0,10,300.0
5026.0,11,300.0
5026.0,12,300.0
5027.0,10,300.0
5027.0,11,300.0
5027.0,12,300.0
5028.0,10,300.0
5028.0,11,300.0
5028.0,12,300.0
5029.0,10,300.0
5029.0,11,300.0
5029.0,12,300.0
5030.0,10,300.0
5030.0,11,300.0
5030.0,12,300.0
5031.0,10,300.0
5031.0,11,300.0
5031.0,12,300.0
5032.0,10,300.0
5032.0,11,300.0
5032.0,12,300.0
5033.0,10,300.0
5033.0,11,300.0
5033.0,12,300.0
5034.0,10,300.0
5034.0,11,300.0
5034.0,12,300.0
5035.0,10,300.0
5035.0,11,300.0
5035.0,12,300.0
5036.0,10,300.0
5036.0,11,300.0
5036.0,12,300.0
5037.0,10,300.0
5037.0,11,300.0
5037.0,12,300.0
5038.0,10,300.0
5038.0,11,300.0
5038.0,12,300.0
5039.0,10,300.0
5039.0,11,300.0
5039.0,12,300.0
5040.0,10,300.0
5040.0,11,300.0
5040.0,12,300.0
5041.0,10,300.0
5041.0,11,300.0
5041.0,12,300.0
5042.0,10,300.0
5042.0,11,300.0
5042.0,12,300.0
5043.0,10,300.0
5043.0,11,300.0
5043.0,12,300.0
5044.0,10,300.0
5044.0,11,300.0
5044.0,12,300.0
5045.0,10,300.0
5045.0,11,300.0
5045.0,12,300.0
5046.0,10,300.0
5046.0,11,300.0
5046.0,12,300.0
5047.0,10,300.0
5047.0,11,300.0
5047.0,12,300.0
5048.0,10,300.0
5048.0,11,300.0
5048.0,12,300.0
5049.0,10,300.0
5049.0,11,300.0
5049.0,12,300.0
5050.0,10,300.0
5050.0,11,300.0
5050.0,12,300.0
5051.0,10,300.0
5051.0,11,300.0
5051.0,12,300.0
5052.0,10,300.0
5052.0,11,300.0
5052.0,12,300.0
5053.0,10,300.0
5053.0,11,300.0
5053.0,12,300.0
5054.0,10,300.0
5054.0,11,300.0
5054.0,12,300.0
5055.0,10,300.0
5055.0,11,300.0
5055.0,12,300.0
5056.0,10,300.0
5056.0,11,300.0
5056.0,12,300.0
5057.0,10,300.0
5057.0,11,300.0
5057.0,12,300.0
5058.0,10,300.0
5058.0,11,300.0
5058.0,12,300.0
5059.0,10,300.0
5059.0,11,300.0
5059.0,12,300.0
5060.0,10,300.0
5060.0,11,300.0
5060.0,12,300.0
5061.0,10,300.0
5061.0,11,300.0
5061.0,12,300.0
5062.0,10,300.0
5062.0,11,300.0
5062.0,12,300.0
5063.0,10,300.0
5063.0,11,300.0
5063.0,12,300.0
5064.0,10,300.0
5064.0,11,300.0
5064.0,12,300.0
5065.0,10,300.0
5065.0,11,300.0
5065.0,12,300.0
5066.0,10,300.0
5066.0,11,300.0
5066.0,12,300.0
5067.0,10,300.0
5067.0,11,300.0
5067.0,12,300.0
5068.0,10,300.0
5068.0,11,300.0
5068.0,12,300.0
5069.0,10,300.0
5069.0,11,300.0
5069.0,12,300.0
5070.0,10,300.0
5070.0,11,300.0
5070.0,12,300.0
5071.0,10,300.0
5071.0,11,300.0
5071.0,12,300.0
5072.0,10,300.0
5072.0,11,300.0
5072.0,12,300.0
5073.0,10,300.0
5073.0,11,300.0
5073.0,12,300.0
5074.0,10,300.0
5074.0,11,300.0
5074.0,12,300.0
5075.0,10,300.0
5075.0,11,300.0
5075.0,12,300.0
5076.0,10,300.0
5076.0,11,300.0
5076.0,12,300.0
5077.0,10,300.0
5077.0,11,300.0
5077.0,12,300.0
5078.0,10,300.0
5078.0,11,300.0
5078.0,12,300.0
5079.0,10,300.0
5079.0,11,300.0
5079.0,12,300.0
5080.0,10,300.0
5080.0,11,300.0
5080.0,12,300.0
5081.0,10,300.0
5081.0,11,300.0
5081.0,12,300.0
5082.0,10,300.0
5082.0,11,300.0
5082.0,12,300.0
5083.0,10,300.0
5083.0,11,300.0
5083.0,12,300.0
5084.0,10,300.0
5084.0,11,300.0
5084.0,12,300.0
5085.0,10,300.0
5085.0,11,300.0
5085.0,12,300.0
5086.0,10,300.0
5086.0,11,300.0
5086.0,12,300.0
5087.0,10,300.0
5087.0,11,300.0
5087.0,12,300.0
5088.0,10,300.0
5088.0,11,300.0
5088.0,12,300.0
5089.0,10,300.0
5089.0,11,300.0
5089.0,12,300.0
5090.0,10,300.0
5090.0,11,300.0
5090.0,12,300.0
5091.0,10,300.0
5091.0,11,300.0
5091.0,12,300.0
5092.0,10,300.0
5092.0,11,300.0
5092.0,12,300.0
5093.0,10,300.0
5093.0,11,300.0
5093.0,12,300.0
5094.0,10,300.0
5094.0,11,300.0
5094.0,12,300.0
5095.0,10,300.0
5095.0,11,300.0
5095.0,12,300.0
5096.0,10,300.0
5096.0,11,300.0
5096.0,12,300.0
5097.0,10,300.0
5097.0,11,300.0
5097.0,12,300.0
5098.0,10,300.0
5098.0,11,300.0
5098.0,12,300.0
5099.0,10,300.0
5099.0,11,300.0
5099.0,12,300.0
5100.0,10,300.0
5100.0,11,300.0
5100.0,12,300.0
5101.0,10,300.0
5101.0,11,300.0
5101.0,12,300.0
5102.0,10,300.0
5102.0,11,300.0
5102.0,12,300.0
5103.0,10,300.0
5103.0,11,300.0
5103.0,12,300.0
5104.0,10,300.0
5104.0,11,300.0
5104.0,12,300.0
5105.0,10,300.0
5105.0,11,300.0
5105.0,12,300.0
5106.0,10,300.0
5106.0,11,300.0
5106.0,12,300.0
5107.0,10,300.0
5107.0,11,300.0
5107.0,12,300.0
5108.0,10,300.0
5108.0,11,300.0
5108.0,12,300.0
5109.0,10,300.0
5109.0,11,300.0
5109.0,12,300.0
5110.0,10,300.0
5110.0,11,300.0
5110.0,12,300.0
5111.0,10,300.0
5111.0,11,300.0
5111.0,12,300.0
5112.0,10,300.0
5112.0,11,300.0
5112.0,12,300.0
5113.0,10,300.0
5113.0,11,300.0
5113.0,12,300.0
5114.0,10,300.0
5114.0,11,300.0
5114.0,12,300.0
5115.0,10,300.0
5115.0,11,300.0
5115.0,12,300.0
5116.0,10,300.0
5116.0,11,300.0
5116.0,12,300.0
5117.0,10,300.0
5117.0,11,300.0
5117.0,12,300.0
5118.0,10,300.0
5118.0,11,300.0
5118.0,12,300.0
5119.0,10,300.0
5119.0,11,300.0
5119.0,12,300.0
5120.0,10,300.0
5120.0,11,300.0
5120.0,12,300.0
5121.0,10,300.0
5121.0,11,300.0
5121.0,12,300.0
5122.0,10,300.0
5122.0,11,300.0
5122.0,12,300.0
5123.0,10,300.0
5123.0,11,300.0
5123.0,12,300.0
5124.0,10,300.0
5124.0,11,300.0
5124.0,12,300.0
5125.0,10,300.0
5125.0,11,300.0
5125.0,12,300.0
5126.0,10,300.0
5126.0,11,300.0
5126.0,12,300.0
5127.0,10,300.0
5127.0,11,300.0
5127.0,12,300.0
5128.0,10,300.0
5128.0,11,300.0
5128.0,12,300.0
5129.0,10,300.0
5129.0,11,300.0
5129.0,12,300.0
5130.0,10,300.0
5130.0,11,300.0
5130.0,12,300.0
5131.0,10,300.0
5131.0,11,300.0
5131.0,12,300.0
5132.0,10,300.0
5132.0,11,300.0
5132.0,12,300.0
5133.0,10,300.0
5133.0,11,300.0
5133.0,12,300.0
5134.0,10,300.0
5134.0,11,300.0
5134.0,12,300.0
5135.0,10,300.0
5135.0,11,300.0
5135.0,12,300.0
5136.0,10,300.0
5136.0,11,300.0
5136.0,12,300.0
5137.0,10,300.0
5137.0,11,300.0
5137.0,12,300.0
5138.0,10,300.0
5138.0,11,300.0
5138.0,12,300.0
5139.0,10,300.0
5139.0,11,300.0
5139.0,12,300.0
5140.0,10,300.0
5140.0,11,300.0
5140.0,12,300.0
5141.0,10,300.0
5141.0,11,300.0
5141.0,12,300.0
5142.0,10,300.0
5142.0,11,300.0
5142.0,12,300.0
5143.0,10,300.0
5143.0,11,300.0
5143.0,12,300.0
5144.0,10,300.0
5144.0,11,300.0
5144.0,12,300.0
5145.0,10,300.0
5145.0,11,300.0
5145.0,12,300.0
5146.0,10,300.0
5146.0,11,300.0
5146.0,12,300.0
5147.0,10,300.0
5147.0,11,300.0
5147.0,12,300.0
5148.0,10,300.0
5148.0,11,300.0
5148.0,12,300.0
5149.0,10,300.0
5149.0,11,300.0
5149.0,12,300.0
5150.0,10,300.0
5150.0,11,300.0
5150.0,12,300.0
5151.0,10,300.0
5151.0,11,300.0
5151.0,12,300.0
5152.0,10,300.0
5152.0,11,300.0
5152.0,12,300.0
5153.0,10,300.0
5153.0,11,300.0
5153.0,12,300.0
5154.0,10,300.0
5154.0,11,300.0
5154.0,12,300.0
5155.0,10,300.0
5155.0,11,300.0
5155.0,12,300.0
5156.0,10,300.0
5156.0,11,300.0
5156.0,12,300.0
5157.0,10,300.0
5157.0,11,300.0
5157.0,12,300.0
5158.0,10,300.0
5158.0,11,300.0
5158.0,12,300.0
5159.0,10,300.0
5159.0,11,300.0
5159.0,12,300.0
5160.0,10,300.0
5160.0,11,300.0
5160.0,12,300.0
5161.0,10,300.0
5161.0,11,300.0
5161.0,12,300.0
5162.0,10,300.0
5162.0,11,300.0
5162.0,12,300.0
5163.0,10,300.0
5163.0,11,300.0
5163.0,12,300.0
5164.0,10,300.0
5164.0,11,300.0
5164.0,12,300.0
5165.0,10,300.0
5165.0,11,300.0
5165.0,12,300.0
5166.0,10,300.0
5166.0,11,300.0
5166.0,12,300.0
5167.0,10,300.0
5167.0,11,300.0
5167.0,12,300.0
5168.0,10,300.0
5168.0,11,300.0
5168.0,12,300.0
5169.0,10,300.0
5169.0,11,300.0
5169.0,12,300.0
5170.0,10,300.0
5170.0,11,300.0
5170.0,12,300.0
5171.0,10,300.0
5171.0,11,300.0
5171.0,12,300.0
5172.0,10,300.0
5172.0,11,300.0
5172.0,12,300.0
5173.0,10,300.0
5173.0,11,300.0
5173.0,12,300.0
5174.0,10,300.0
5174.0,11,300.0
5174.0,12,300.0
5175.0,10,300.0
5175.0,11,300.0
5175.0,12,300.0
5176.0,10,300.0
5176.0,11,300.0
5176.0,12,300.0
5177.0,10,300.0
5177.0,11,300.0
5177.0,12,300.0
5178.0,10,300.0
5178.0,11,300.0
5178.0,12,300.0
5179.0,10,300.0
5179.0,11,300.0
5179.0,12,300.0
5180.0,10,300.0
5180.0,11,300.0
5180.0,12,300.0
5181.0,10,300.0
5181.0,11,300.0
5181.0,12,300.0
5182.0,10,300.0
5182.0,11,300.0
5182.0,12,300.0
5183.0,10,300.0
5183.0,11,300.0
5183.0,12,300.0
5184.0,10,300.0
5184.0,11,300.0
5184.0,12,300.0
5185.0,10,300.0
5185.0,11,300.0
5185.0,12,300.0
5186.0,10,300.0
5186.0,11,300.0
5186.0,12,300.0
5187.0,10,300.0
5187.0,11,300.0
5187.0,12,300.0
5188.0,10,300.0
5188.0,11,300.0
5188.0,12,300.0
5189.0,10,300.0
5189.0,11,300.0
5189.0,12,300.0
5190.0,10,300.0
5190.0,11,300.0
5190.0,12,300.0
5191.0,10,300.0
5191.0,11,300.0
5191.0,12,300.0
5192.0,10,300.0
5192.0,11,300.0
5192.0,12,300.0
5193.0,10,300.0
5193.0,11,300.0
5193.0,12,300.0
5194.0,10,300.0
5194.0,11,300.0
5194.0,12,300.0
5195.0,10,300.0
5195.0,11,300.0
5195.0,12,300.0
5196.0,10,300.0
5196.0,11,300.0
5196.0,12,300.0
5197.0,10,300.0
5197.0,11,300.0
5197.0,12,300.0
5198.0,10,300.0
5198.0,11,300.0
5198.0,12,300.0
5199.0,10,300.0
5199.0,11,300.0
5199.0,12,300.0
5200.0,10,300.0
5200.0,11,300.0
5200.0,12,300.0
5201.0,10,300.0
5201.0,11,300.0
5201.0,12,300.0
5202.0,10,300.0
5202.0,11,300.0
5202.0,12,300.0
5203.0,10,300.0
5203.0,11,300.0
5203.0,12,300.0
5204.0,10,300.0
5204.0,11,300.0
5204.0,12,300.0
5205.0,10,300.0
5205.0,11,300.0
5205.0,12,300.0
5206.0,10,300.0
5206.0,11,300.0
5206.0,12,300.0
5207.0,10,300.0
5207.0,11,300.0
5207.0,12,300.0
5208.0,10,300.0
5208.0,11,300.0
5208.0,12,300.0
5209.0,10,300.0
5209.0,11,300.0
5209.0,12,300.0
5210.0,10,300.0
5210.0,11,300.0
5210.0,12,300.0
5211.0,10,300.0
5211.0,11,300.0
5211.0,12,300.0
5212.0,10,300.0
5212.0,11,300.0
5212.0,12,300.0
5213.0,10,300.0
5213.0,11,300.0
5213.0,12,300.0
5214.0,10,300.0
5214.0,11,300.0
5214.0,12,300.0
5215.0,10,300.0
5215.0,11,300.0
5215.0,12,300.0
5216.0,10,300.0
5216.0,11,300.0
5216.0,12,300.0
5217.0,10,300.0
5217.0,11,300.0
5217.0,12,300.0
5218.0,10,300.0
5218.0,11,300.0
5218.0,12,300.0
5219.0,10,300.0
5219.0,11,300.0
5219.0,12,300.0
5220.0,10,300.0
5220.0,11,300.0
5220.0,12,300.0
5221.0,10,300.0
5221.0,11,300.0
5221.0,12,300.0
5222.0,10,300.0
5222.0,11,300.0
5222.0,12,300.0
5223.0,10,300.0
5223.0,11,300.0
5223.0,12,300.0
5224.0,10,300.0
5224.0,11,300.0
5224.0,12,300.0
5225.0,10,300.0
5225.0,11,300.0
5225.0,12,300.0
5226.0,10,300.0
5226.0,11,300.0
5226.0,12,300.0
5227.0,10,300.0
5227.0,11,300.0
5227.0,12,300.0
5228.0,10,300.0
5228.0,11,300.0
5228.0,12,300.0
5229.0,10,300.0
5229.0,11,300.0
5229.0,12,300.0
5230.0,10,300.0
5230.0,11,300.0
5230.0,12,300.0
5231.0,10,300.0
5231.0,11,300.0
5231.0,12,300.0
5232.0,10,300.0
5232.0,11,300.0
5232.0,12,300.0
5233.0,10,300.0
5233.0,11,300.0
5233.0,12,300.0
5234.0,10,300.0
5234.0,11,300.0
5234.0,12,300.0
5235.0,10,300.0
5235.0,11,300.0
5235.0,12,300.0
5236.0,10,300.0
5236.0,11,300.0
5236.0,12,300.0
5237.0,10,300.0
5237.0,11,300.0
5237.0,12,300.0
5238.0,10,300.0
5238.0,11,300.0
5238.0,12,300.0
5239.0,10,300.0
5239.0,11,300.0
5239.0,12,300.0
5240.0,10,300.0
5240.0,11,300.0
5240.0,12,300.0
5241.0,10,300.0
5241.0,11,300.0
5241.0,12,300.0
5242.0,10,300.0
5242.0,11,300.0
5242.0,12,300.0
5243.0,10,300.0
5243.0,11,300.0
5243.0,12,300.0
5244.0,10,300.0
5244.0,11,300.0
5244.0,12,300.0
5245.0,10,300.0
5245.0,11,300.0
5245.0,12,300.0
5246.0,10,300.0
5246.0,11,300.0
5246.0,12,300.0
5247.0,10,300.0
5247.0,11,300.0
5247.0,12,300.0
5248.0,10,300.0
5248.0,11,300.0
5248.0,12,300.0
5249.0,10,300.0
5249.0,11,300.0
5249.0,12,300.0
5250.0,10,300.0
5250.0,11,300.0
5250.0,12,300.0
5251.0,10,300.0
5251.0,11,300.0
5251.0,12,300.0
5252.0,10,300.0
5252.0,11,300.0
5252.0,12,300.0
5253.0,10,300.0
5253.0,11,300.0
5253.0,12,300.0
5254.0,10,300.0
5254.0,11,300.0
5254.0,12,300.0
5255.0,10,300.0
5255.0,11,300.0
5255.0,12,300.0
5256.0,10,300.0
5256.0,11,300.0
5256.0,12,300.0
5257.0,10,300.0
5257.0,11,300.0
5257.0,12,300.0
5258.0,10,300.0
5258.0,11,300.0
5258.0,12,300.0
5259.0,10,300.0
5259.0,11,300.0
5259.0,12,300.0
5260.0,10,300.0
5260.0,11,300.0
5260.0,12,300.0
5261.0,10,300.0
5261.0,11,300.0
5261.0,12,300.0
5262.0,10,300.0
5262.0,11,300.0
5262.0,12,300.0
5263.0,10,300.0
5263.0,11,300.0
5263.0,12,300.0
5264.0,10,300.0
5264.0,11,300.0
5264.0,12,300.0
5265.0,10,300.0
5265.0,11,300.0
5265.0,12,300.0
5266.0,10,300.0
5266.0,11,300.0
5266.0,12,300.0
5267.0,10,300.0
5267.0,11,300.0
5267.0,12,300.0
5268.0,10,300.0
5268.0,11,300.0
5268.0,12,300.0
5269.0,10,300.0
5269.0,11,300.0
5269.0,12,300.0
5270.0,10,300.0
5270.0,11,300.0
5270.0,12,300.0
5271.0,10,300.0
5271.0,11,300.0
5271.0,12,300.0
5272.0,10,300.0
5272.0,11,300.0
5272.0,12,300.0
5273.0,10,300.0
5273.0,11,300.0
5273.0,12,300.0
5274.0,10,300.0
5274.0,11,300.0
5274.0,12,300.0
5275.0,10,300.0
5275.0,11,300.0
5275.0,12,300.0
5276.0,10,300.0
5276.0,11,300.0
5276.0,12,300.0
5277.0,10,300.0
5277.0,11,300.0
5277.0,12,300.0
5278.0,10,300.0
5278.0,11,300.0
5278.0,12,300.0
5279.0,10,300.0
5279.0,11,300.0
5279.0,12,300.0
5280.0,10,300.0
5280.0,11,300.0
5280.0,12,300.0
5281.0,10,300.0
5281.0,11,300.0
5281.0,12,300.0
5282.0,10,300.0
5282.0,11,300.0
5282.0,12,300.0
5283.0,10,300.0
5283.0,11,300.0
5283.0,12,300.0
5284.0,10,300.0
5284.0,11,300.0
5284.0,12,300.0
5285.0,10,300.0
5285.0,11,300.0
5285.0,12,300.0
5286.0,10,300.0
5286.0,11,300.0
5286.0,12,300.0
5287.0,10,300.0
5287.0,11,300.0
5287.0,12,300.0
5288.0,10,300.0
5288.0,11,300.0
5288.0,12,300.0
5289.0,10,300.0
5289.0,11,300.0
5289.0,12,300.0
5290.0,10,300.0
5290.0,11,300.0
5290.0,12,300.0
5291.0,10,300.0
5291.0,11,300.0
5291.0,12,300.0
5292.0,10,300.0
5292.0,11,300.0
5292.0,12,300.0
5293.0,10,300.0
5293.0,11,300.0
5293.0,12,300.0
5294.0,10,300.0
5294.0,11,300.0
5294.0,12,300.0
5295.0,10,300.0
5295.0,11,300.0
5295.0,12,300.0
5296.0,10,300.0
5296.0,11,300.0
5296.0,12,300.0
5297.0,10,300.0
5297.0,11,300.0
5297.0,12,300.0
5298.0,10,300.0
5298.0,11,300.0
5298.0,12,300.0
5299.0,10,300.0
5299.0,11,300.0
5299.0,12,300.0
5300.0,10,300.0
5300.0,11,300.0
5300.0,12,300.0
5301.0,10,300.0
5301.0,11,300.0
5301.0,12,300.0
5302.0,10,300.0
5302.0,11,300.0
5302.0,12,300.0
5303.0,10,300.0
5303.0,11,300.0
5303.0,12,300.0
5304.0,10,300.0
5304.0,11,300.0
5304.0,12,300.0
5305.0,10,300.0
5305.0,11,300.0
5305.0,12,300.0
5306.0,10,300.0
5306.0,11,300.0
5306.0,12,300.0
5307.0,10,300.0
5307.0,11,300.0
5307.0,12,300.0
5308.0,10,300.0
5308.0,11,300.0
5308.0,12,300.0
5309.0,10,300.0
5309.0,11,300.0
5309.0,12,300.0
5310.0,10,300.0
5310.0,11,300.0
5310.0,12,300.0
5311.0,10,300.0
5311.0,11,300.0
5311.0,12,300.0
5312.0,10,300.0
5312.0,11,300.0
5312.0,12,300.0
5313.0,10,300.0
5313.0,11,300.0
5313.0,12,300.0
5314.0,10,300.0
5314.0,11,300.0
5314.0,12,300.0
5315.0,10,300.0
5315.0,11,300.0
5315.0,12,300.0
5316.0,10,300.0
5316.0,11,300.0
5316.0,12,300.0
5317.0,10,300.0
5317.0,11,300.0
5317.0,12,300.0
5318.0,10,300.0
5318.0,11,300.0
5318.0,12,300.0
5319.0,10,300.0
5319.0,11,300.0
5319.0,12,300.0
5320.0,10,300.0
5320.0,11,300.0
5320.0,12,300.0
5321.0,10,300.0
5321.0,11,300.0
5321.0,12,300.0
5322.0,10,300.0
5322.0,11,300.0
5322.0,12,300.0
5323.0,10,300.0
5323.0,11,300.0
5323.0,12,300.0
5324.0,10,300.0
5324.0,11,300.0
5324.0,12,300.0
5325.0,10,300.0
5325.0,11,300.0
5325.0,12,300.0
5326.0,10,300.0
5326.0,11,300.0
5326.0,12,300.0
5327.0,10,300.0
5327.0,11,300.0
5327.0,12,300.0
5328.0,10,300.0
5328.0,11,300.0
5328.0,12,300.0
5329.0,10,300.0
5329.0,11,300.0
5329.0,12,300.0
5330.0,10,300.0
5330.0,11,300.0
5330.0,12,300.0
5331.0,10,300.0
5331.0,11,300.0
5331.0,12,300.0
5332.0,10,300.0
5332.0,11,300.0
5332.0,12,300.0
5333.0,10,300.0
5333.0,11,300.0
5333.0,12,300.0
5334.0,10,300.0
5334.0,11,300.0
5334.0,12,300.0
5335.0,10,300.0
5335.0,11,300.0
5335.0,12,300.0
5336.0,10,300.0
5336.0,11,300.0
5336.0,12,300.0
5337.0,10,300.0
5337.0,11,300.0
5337.0,12,300.0
5338.0,10,300.0
5338.0,11,300.0
5338.0,12,300.0
5339.0,10,300.0
5339.0,11,300.0
5339.0,12,300.0
5340.0,10,300.0
5340.0,11,300.0
5340.0,12,300.0
5341.0,10,300.0
5341.0,11,300.0
5341.0,12,300.0
5342.0,10,300.0
5342.0,11,300.0
5342.0,12,300.0
5343.0,10,300.0
5343.0,11,300.0
5343.0,12,300.0
5344.0,10,300.0
5344.0,11,300.0
5344.0,12,300.0
5345.0,10,300.0
5345.0,11,300.0
5345.0,12,300.0
5346.0,10,300.0
5346.0,11,300.0
5346.0,12,300.0
5347.0,10,300.0
5347.0,11,300.0
5347.0,12,300.0
5348.0,10,300.0
5348.0,11,300.0
5348.0,12,300.0
5349.0,10,300.0
5349.0,11,300.0
5349.0,12,300.0
5350.0,10,300.0
5350.0,11,300.0
5350.0,12,300.0
5351.0,10,300.0
5351.0,11,300.0
5351.0,12,300.0
5352.0,10,300.0
5352.0,11,300.0
5352.0,12,300.0
5353.0,10,300.0
5353.0,11,300.0
5353.0,12,300.0
5354.0,10,300.0
5354.0,11,300.0
5354.0,12,300.0
5355.0,10,300.0
5355.0,11,300.0
5355.0,12,300.0
5356.0,10,300.0
5356.0,11,300.0
5356.0,12,300.0
5357.0,10,300.0
5357.0,11,300.0
5357.0,12,300.0
5358.0,10,300.0
5358.0,11,300.0
5358.0,12,300.0
5359.0,10,300.0
5359.0,11,300.0
5359.0,12,300.0
5360.0,10,300.0
5360.0,11,300.0
5360.0,12,300.0
5361.0,10,300.0
5361.0,11,300.0
5361.0,12,300.0
5362.0,10,300.0
5362.0,11,300.0
5362.0,12,300.0
5363.0,10,300.0
5363.0,11,300.0
5363.0,12,300.0
5364.0,10,300.0
5364.0,11,300.0
5364.0,12,300.0
5365.0,10,300.0
5365.0,11,300.0
5365.0,12,300.0
5366.0,10,300.0
5366.0,11,300.0
5366.0,12,300.0
5367.0,10,300.0
5367.0,11,300.0
5367.0,12,300.0
5368.0,10,300.0
5368.0,11,300.0
5368.0,12,300.0
5369.0,10,300.0
5369.0,11,300.0
5369.0,12,300.0
5370.0,10,300.0
5370.0,11,300.0
5370.0,12,300.0
5371.0,10,300.0
5371.0,11,300.0
5371.0,12,300.0
5372.0,10,300.0
5372.0,11,300.0
5372.0,12,300.0
5373.0,10,300.0
5373.0,11,300.0
5373.0,12,300.0
5374.0,10,300.0
5374.0,11,300.0
5374.0,12,300.0
5375.0,10,300.0
5375.0,11,300.0
5375.0,12,300.0
5376.0,10,300.0
5376.0,11,300.0
5376.0,12,300.0
5377.0,10,300.0
5377.0,11,300.0
5377.0,12,300.0
5378.0,10,300.0
5378.0,11,300.0
5378.0,12,300.0
5379.0,10,300.0
5379.0,11,300.0
5379.0,12,300.0
5380.0,10,300.0
5380.0,11,300.0
5380.0,12,300.0
5381.0,10,300.0
5381.0,11,300.0
5381.0,12,300.0
5382.0,10,300.0
5382.0,11,300.0
5382.0,12,300.0
5383.0,10,300.0
5383.0,11,300.0
5383.0,12,300.0
5384.0,10,300.0
5384.0,11,300.0
5384.0,12,300.0
5385.0,10,300.0
5385.0,11,300.0
5385.0,12,300.0
5386.0,10,300.0
5386.0,11,300.0
5386.0,12,300.0
5387.0,10,300.0
5387.0,11,300.0
5387.0,12,300.0
5388.0,10,300.0
5388.0,11,300.0
5388.0,12,300.0
5389.0,10,300.0
5389.0,11,300.0
5389.0,12,300.0
5390.0,10,300.0
5390.0,11,300.0
5390.0,12,300.0
5391.0,10,300.0
5391.0,11,300.0
5391.0,12,300.0
5392.0,10,300.0
5392.0,11,300.0
5392.0,12,300.0
5393.0,10,300.0
5393.0,11,300.0
5393.0,12,300.0
5394.0,10,300.0
5394.0,11,300.0
5394.0,12,300.0
5395.0,10,300.0
5395.0,11,300.0
5395.0,12,300.0
5396.0,10,300.0
5396.0,11,300.0
5396.0,12,300.0
5397.0,10,300.0
5397.0,11,300.0
5397.0,12,300.0
5398.0,10,300.0
5398.0,11,300.0
5398.0,12,300.0
5399.0,10,300.0
5399.0,11,300.0
5399.0,12,300.0
5400.0,10,300.0
5400.0,11,300.0
5400.0,12,300.0
5401.0,10,300.0
5401.0,11,300.0
5401.0,12,300.0
5402.0,10,300.0
5402.0,11,300.0
5402.0,12,300.0
5403.0,10,300.0
5403.0,11,300.0
5403.0,12,300.0
5404.0,10,300.0
5404.0,11,300.0
5404.0,12,300.0
5405.0,10,300.0
5405.0,11,300.0
5405.0,12,300.0
5406.0,10,300.0
5406.0,11,300.0
5406.0,12,300.0
5407.0,10,300.0
5407.0,11,300.0
5407.0,12,300.0
5408.0,10,300.0
5408.0,11,300.0
5408.0,12,300.0
5409.0,10,300.0
5409.0,11,300.0
5409.0,12,300.0
5410.0,10,300.0
5410.0,11,300.0
5410.0,12,300.0
5411.0,10,300.0
5411.0,11,300.0
5411.0,12,300.0
5412.0,10,300.0
5412.0,11,300.0
5412.0,12,300.0
5413.0,10,300.0
5413.0,11,300.0
5413.0,12,300.0
5414.0,10,300.0
5414.0,11,300.0
5414.0,12,300.0
5415.0,10,300.0
5415.0,11,300.0
5415.0,12,300.0
5416.0,10,300.0
5416.0,11,300.0
5416.0,12,300.0
5417.0,10,300.0
5417.0,11,300.0
5417.0,12,300.0
5418.0,10,300.0
5418.0,11,300.0
5418.0,12,300.0
5419.0,10,300.0
5419.0,11,300.0
5419.0,12,300.0
5420.0,10,300.0
5420.0,11,300.0
5420.0,12,300.0
5421.0,10,300.0
5421.0,11,300.0
5421.0,12,300.0
5422.0,10,300.0
5422.0,11,300.0
5422.0,12,300.0
5423.0,10,300.0
5423.0,11,300.0
5423.0,12,300.0
5424.0,10,300.0
5424.0,11,300.0
5424.0,12,300.0
5425.0,10,300.0
5425.0,11,300.0
5425.0,12,300.0
5426.0,10,300.0
5426.0,11,300.0
5426.0,12,300.0
5427.0,10,300.0
5427.0,11,300.0
5427.0,12,300.0
5428.0,10,300.0
5428.0,11,300.0
5428.0,12,300.0
5429.0,10,300.0
5429.0,11,300.0
5429.0,12,300.0
5430.0,10,300.0
5430.0,11,300.0
5430.0,12,300.0
5431.0,10,300.0
5431.0,11,300.0
5431.0,12,300.0
5432.0,10,300.0
5432.0,11,300.0
5432.0,12,300.0
5433.0,10,300.0
5433.0,11,300.0
5433.0,12,300.0
5434.0,10,300.0
5434.0,11,300.0
5434.0,12,300.0
5435.0,10,300.0
5435.0,11,300.0
5435.0,12,300.0
5436.0,10,300.0
5436.0,11,300.0
5436.0,12,300.0
5437.0,10,300.0
5437.0,11,300.0
5437.0,12,300.0
5438.0,10,300.0
5438.0,11,300.0
5438.0,12,300.0
5439.0,10,300.0
5439.0,11,300.0
5439.0,12,300.0
5440.0,10,300.0
5440.0,11,300.0
5440.0,12,300.0
5441.0,10,300.0
5441.0,11,300.0
5441.0,12,300.0
5442.0,10,300.0
5442.0,11,300.0
5442.0,12,300.0
5443.0,10,300.0
5443.0,11,300.0
5443.0,12,300.0
5444.0,10,300.0
5444.0,11,300.0
5444.0,12,300.0
5445.0,10,300.0
5445.0,11,300.0
5445.0,12,300.0
5446.0,10,300.0
5446.0,11,300.0
5446.0,12,300.0
5447.0,10,300.0
5447.0,11,300.0
5447.0,12,300.0
5448.0,10,300.0
5448.0,11,300.0
5448.0,12,300.0
5449.0,10,300.0
5449.0,11,300.0
5449.0,12,300.0
5450.0,10,300.0
5450.0,11,300.0
5450.0,12,300.0
5451.0,10,300.0
5451.0,11,300.0
5451.0,12,300.0
5452.0,10,300.0
5452.0,11,300.0
5452.0,12,300.0
5453.0,10,300.0
5453.0,11,300.0
5453.0,12,300.0
5454.0,10,300.0
5454.0,11,300.0
5454.0,12,300.0
5455.0,10,300.0
5455.0,11,300.0
5455.0,12,300.0
5456.0,10,300.0
5456.0,11,300.0
5456.0,12,300.0
5457.0,10,300.0
5457.0,11,300.0
5457.0,12,300.0
5458.0,10,300.0
5458.0,11,300.0
5458.0,12,300.0
5459.0,10,300.0
5459.0,11,300.0
5459.0,12,300.0
5460.0,10,300.0
5460.0,11,300.0
5460.0,12,300.0
5461.0,10,300.0
5461.0,11,300.0
5461.0,12,300.0
5462.0,10,300.0
5462.0,11,300.0
5462.0,12,300.0
5463.0,10,300.0
5463.0,11,300.0
5463.0,12,300.0
5464.0,10,300.0
5464.0,11,300.0
5464.0,12,300.0
5465.0,10,300.0
5465.0,11,300.0
5465.0,12,300.0
5466.0,10,300.0
5466.0,11,300.0
5466.0,12,300.0
5467.0,10,300.0
5467.0,11,300.0
5467.0,12,300.0
5468.0,10,300.0
5468.0,11,300.0
5468.0,12,300.0
5469.0,10,300.0
5469.0,11,300.0
5469.0,12,300.0
5470.0,10,300.0
5470.0,11,300.0
5470.0,12,300.0
5471.0,10,300.0
5471.0,11,300.0
5471.0,12,300.0
5472.0,10,300.0
5472.0,11,300.0
5472.0,12,300.0
5473.0,10,300.0
5473.0,11,300.0
5473.0,12,300.0
5474.0,10,300.0
5474.0,11,300.0
5474.0,12,300.0
5475.0,10,300.0
5475.0,11,300.0
5475.0,12,300.0
5476.0,10,300.0
5476.0,11,300.0
5476.0,12,300.0
5477.0,10,300.0
5477.0,11,300.0
5477.0,12,300.0
5478.0,10,300.0
5478.0,11,300.0
5478.0,12,300.0
5479.0,10,300.0
5479.0,11,300.0
5479.0,12,300.0
5480.0,10,300.0
5480.0,11,300.0
5480.0,12,300.0
5481.0,10,300.0
5481.0,11,300.0
5481.0,12,300.0
5482.0,10,300.0
5482.0,11,300.0
5482.0,12,300.0
5483.0,10,300.0
5483.0,11,300.0
5483.0,12,300.0
5484.0,10,300.0
5484.0,11,300.0
5484.0,12,300.0
5485.0,10,300.0
5485.0,11,300.0
5485.0,12,300.0
5486.0,10,300.0
5486.0,11,300.0
5486.0,12,300.0
5487.0,10,300.0
5487.0,11,300.0
5487.0,12,300.0
5488.0,10,300.0
5488.0,11,300.0
5488.0,12,300.0
5489.0,10,300.0
5489.0,11,300.0
5489.0,12,300.0
5490.0,10,300.0
5490.0,11,300.0
5490.0,12,300.0
5491.0,10,300.0
5491.0,11,300.0
5491.0,12,300.0
5492.0,10,300.0
5492.0,11,300.0
5492.0,12,300.0
5493.0,10,300.0
5493.0,11,300.0
5493.0,12,300.0
5494.0,10,300.0
5494.0,11,300.0
5494.0,12,300.0
5495.0,10,300.0
5495.0,11,300.0
5495.0,12,300.0
5496.0,10,300.0
5496.0,11,300.0
5496.0,12,300.0
5497.0,10,300.0
5497.0,11,300.0
5497.0,12,300.0
5498.0,10,300.0
5498.0,11,300.0
5498.0,12,300.0
5499.0,10,300.0
5499.0,11,300.0
5499.0,12,300.0
5500.0,10,300.0
5500.0,11,300.0
5500.0,12,300.0
5501.0,10,300.0
5501.0,11,300.0
5501.0,12,300.0
5502.0,10,300.0
5502.0,11,300.0
5502.0,12,300.0
5503.0,10,300.0
5503.0,11,300.0
5503.0,12,300.0
5504.0,10,300.0
5504.0,11,300.0
5504.0,12,300.0
5505.0,10,300.0
5505.0,11,300.0
5505.0,12,300.0
5506.0,10,300.0
5506.0,11,300.0
5506.0,12,300.0
5507.0,10,300.0
5507.0,11,300.0
5507.0,12,300.0
5508.0,10,300.0
5508.0,11,300.0
5508.0,12,300.0
5509.0,10,300.0
5509.0,11,300.0
5509.0,12,300.0
5510.0,10,300.0
5510.0,11,300.0
5510.0,12,300.0
5511.0,10,300.0
5511.0,11,300.0
5511.0,12,300.0
5512.0,10,300.0
5512.0,11,300.0
5512.0,12,300.0
5513.0,10,300.0
5513.0,11,300.0
5513.0,12,300.0
5514.0,10,300.0
5514.0,11,300.0
5514.0,12,300.0
5515.0,10,300.0
5515.0,11,300.0
5515.0,12,300.0
5516.0,10,300.0
5516.0,11,300.0
5516.0,12,300.0
5517.0,10,300.0
5517.0,11,300.0
5517.0,12,300.0
5518.0,10,300.0
5518.0,11,300.0
5518.0,12,300.0
5519.0,10,300.0
5519.0,11,300.0
5519.0,12,300.0
5520.0,10,300.0
5520.0,11,300.0
5520.0,12,300.0
5521.0,10,300.0
5521.0,11,300.0
5521.0,12,300.0
5522.0,10,300.0
5522.0,11,300.0
5522.0,12,300.0
5523.0,10,300.0
5523.0,11,300.0
5523.0,12,300.0
5524.0,10,300.0
5524.0,11,300.0
5524.0,12,300.0
5525.0,10,300.0
5525.0,11,300.0
5525.0,12,300.0
5526.0,10,300.0
5526.0,11,300.0
5526.0,12,300.0
5527.0,10,300.0
5527.0,11,300.0
5527.0,12,300.0
5528.0,10,300.0
5528.0,11,300.0
5528.0,12,300.0
5529.0,10,300.0
5529.0,11,300.0
5529.0,12,300.0
5530.0,10,300.0
5530.0,11,300.0
5530.0,12,300.0
5531.0,10,300.0
5531.0,11,300.0
5531.0,12,300.0
5532.0,10,300.0
5532.0,11,300.0
5532.0,12,300.0
5533.0,10,300.0
5533.0,11,300.0
5533.0,12,300.0
5534.0,10,300.0
5534.0,11,300.0
5534.0,12,300.0
5535.0,10,300.0
5535.0,11,300.0
5535.0,12,300.0
5536.0,10,300.0
5536.0,11,300.0
5536.0,12,300.0
5537.0,10,300.0
5537.0,11,300.0
5537.0,12,300.0
5538.0,10,300.0
5538.0,11,300.0
5538.0,12,300.0
5539.0,10,300.0
5539.0,11,300.0
5539.0,12,300.0
5540.0,10,300.0
5540.0,11,300.0
5540.0,12,300.0
5541.0,10,300.0
5541.0,11,300.0
5541.0,12,300.0
5542.0,10,300.0
5542.0,11,300.0
5542.0,12,300.0
5543.0,10,300.0
5543.0,11,300.0
5543.0,12,300.0
5544.0,10,300.0
5544.0,11,300.0
5544.0,12,300.0
5545.0,10,300.0
5545.0,11,300.0
5545.0,12,300.0
5546.0,10,300.0
5546.0,11,300.0
5546.0,12,300.0
5547.0,10,300.0
5547.0,11,300.0
5547.0,12,300.0
5548.0,10,300.0
5548.0,11,300.0
5548.0,12,300.0
5549.0,10,300.0
5549.0,11,300.0
5549.0,12,300.0
5550.0,10,300.0
5550.0,11,300.0
5550.0,12,300.0
5551.0,10,300.0
5551.0,11,300.0
5551.0,12,300.0
5552.0,10,300.0
5552.0,11,300.0
5552.0,12,300.0
5553.0,10,300.0
5553.0,11,300.0
5553.0,12,300.0
5554.0,10,300.0
5554.0,11,300.0
5554.0,12,300.0
5555.0,10,300.0
5555.0,11,300.0
5555.0,12,300.0
5556.0,10,300.0
5556.0,11,300.0
5556.0,12,300.0
5557.0,10,300.0
5557.0,11,300.0
5557.0,12,300.0
5558.0,10,300.0
5558.0,11,300.0
5558.0,12,300.0
5559.0,10,300.0
5559.0,11,300.0
5559.0,12,300.0
5560.0,10,300.0
5560.0,11,300.0
5560.0,12,300.0
5561.0,10,300.0
5561.0,11,300.0
5561.0,12,300.0
5562.0,10,300.0
5562.0,11,300.0
5562.0,12,300.0
5563.0,10,300.0
5563.0,11,300.0
5563.0,12,300.0
5564.0,10,300.0
5564.0,11,300.0
5564.0,12,300.0
5565.0,10,300.0
5565.0,11,300.0
5565.0,12,300.0
5566.0,10,300.0
5566.0,11,300.0
5566.0,12,300.0
5567.0,10,300.0
5567.0,11,300.0
5567.0,12,300.0
5568.0,10,300.0
5568.0,11,300.0
5568.0,12,300.0
5569.0,10,300.0
5569.0,11,300.0
5569.0,12,300.0
5570.0,10,300.0
5570.0,11,300.0
5570.0,12,300.0
5571.0,10,300.0
5571.0,11,300.0
5571.0,12,300.0
5572.0,10,300.0
5572.0,11,300.0
5572.0,12,300.0
5573.0,10,300.0
5573.0,11,300.0
5573.0,12,300.0
5574.0,10,300.0
5574.0,11,300.0
5574.0,12,300.0
5575.0,10,300.0
5575.0,11,300.0
5575.0,12,300.0
5576.0,10,300.0
5576.0,11,300.0
5576.0,12,300.0
5577.0,10,300.0
5577.0,11,300.0
5577.0,12,300.0
5578.0,10,300.0
5578.0,11,300.0
5578.0,12,300.0
5579.0,10,300.0
5579.0,11,300.0
5579.0,12,300.0
5580.0,10,300.0
5580.0,11,300.0
5580.0,12,300.0
5581.0,10,300.0
5581.0,11,300.0
5581.0,12,300.0
5582.0,10,300.0
5582.0,11,300.0
5582.0,12,300.0
5583.0,10,300.0
5583.0,11,300.0
5583.0,12,300.0
5584.0,10,300.0
5584.0,11,300.0
5584.0,12,300.0
5585.0,10,300.0
5585.0,11,300.0
5585.0,12,300.0
5586.0,10,300.0
5586.0,11,300.0
5586.0,12,300.0
5587.0,10,300.0
5587.0,11,300.0
5587.0,12,300.0
5588.0,10,300.0
5588.0,11,300.0
5588.0,12,300.0
5589.0,10,300.0
5589.0,11,300.0
5589.0,12,300.0
5590.0,10,300.0
5590.0,11,300.0
5590.0,12,300.0
5591.0,10,300.0
5591.0,11,300.0
5591.0,12,300.0
5592.0,10,300.0
5592.0,11,300.0
5592.0,12,300.0
5593.0,10,300.0
5593.0,11,300.0
5593.0,12,300.0
5594.0,10,300.0
5594.0,11,300.0
5594.0,12,300.0
5595.0,10,300.0
5595.0,11,300.0
5595.0,12,300.0
5596.0,10,300.0
5596.0,11,300.0
5596.0,12,300.0
5597.0,10,300.0
5597.0,11,300.0
5597.0,12,300.0
5598.0,10,300.0
5598.0,11,300.0
5598.0,12,300.0
5599.0,10,300.0
5599.0,11,300.0
5599.0,12,300.0
5600.0,10,300.0
5600.0,11,300.0
5600.0,12,300.0
5601.0,10,300.0
5601.0,11,300.0
5601.0,12,300.0
5602.0,10,300.0
5602.0,11,300.0
5602.0,12,300.0
5603.0,10,300.0
5603.0,11,300.0
5603.0,12,300.0
5604.0,10,300.0
5604.0,11,300.0
5604.0,12,300.0
5605.0,10,300.0
5605.0,11,300.0
5605.0,12,300.0
5606.0,10,300.0
5606.0,11,300.0
5606.0,12,300.0
5607.0,10,300.0
5607.0,11,300.0
5607.0,12,300.0
5608.0,10,300.0
5608.0,11,300.0
5608.0,12,300.0
5609.0,10,300.0
5609.0,11,300.0
5609.0,12,300.0
5610.0,10,300.0
5610.0,11,300.0
5610.0,12,300.0
5611.0,10,300.0
5611.0,11,300.0
5611.0,12,300.0
5612.0,10,300.0
5612.0,11,300.0
5612.0,12,300.0
5613.0,10,300.0
5613.0,11,300.0
5613.0,12,300.0
5614.0,10,300.0
5614.0,11,300.0
5614.0,12,300.0
5615.0,10,300.0
5615.0,11,300.0
5615.0,12,300.0
5616.0,10,300.0
5616.0,11,300.0
5616.0,12,300.0
5617.0,10,300.0
5617.0,11,300.0
5617.0,12,300.0
5618.0,10,300.0
5618.0,11,300.0
5618.0,12,300.0
5619.0,10,300.0
5619.0,11,300.0
5619.0,12,300.0
5620.0,10,300.0
5620.0,11,300.0
5620.0,12,300.0
5621.0,10,300.0
5621.0,11,300.0
5621.0,12,300.0
5622.0,10,300.0
5622.0,11,300.0
5622.0,12,300.0
5623.0,10,300.0
5623.0,11,300.0
5623.0,12,300.0
5624.0,10,300.0
5624.0,11,300.0
5624.0,12,300.0
5625.0,10,300.0
5625.0,11,300.0
5625.0,12,300.0
5626.0,10,300.0
5626.0,11,300.0
5626.0,12,300.0
5627.0,10,300.0
5627.0,11,300.0
5627.0,12,300.0
5628.0,10,300.0
5628.0,11,300.0
5628.0,12,300.0
5629.0,10,300.0
5629.0,11,300.0
5629.0,12,300.0
5630.0,10,300.0
5630.0,11,300.0
5630.0,12,300.0
5631.0,10,300.0
5631.0,11,300.0
5631.0,12,300.0
5632.0,10,300.0
5632.0,11,300.0
5632.0,12,300.0
5633.0,10,300.0
5633.0,11,300.0
5633.0,12,300.0
5634.0,10,300.0
5634.0,11,300.0
5634.0,12,300.0
5635.0,10,300.0
5635.0,11,300.0
5635.0,12,300.0
5636.0,10,300.0
5636.0,11,300.0
5636.0,12,300.0
5637.0,10,300.0
5637.0,11,300.0
5637.0,12,300.0
5638.0,10,300.0
5638.0,11,300.0
5638.0,12,300.0
5639.0,10,300.0
5639.0,11,300.0
5639.0,12,300.0
5640.0,10,300.0
5640.0,11,300.0
5640.0,12,300.0
5641.0,10,300.0
5641.0,11,300.0
5641.0,12,300.0
5642.0,10,300.0
5642.0,11,300.0
5642.0,12,300.0
5643.0,10,300.0
5643.0,11,300.0
5643.0,12,300.0
5644.0,10,300.0
5644.0,11,300.0
5644.0,12,300.0
5645.0,10,300.0
5645.0,11,300.0
5645.0,12,300.0
5646.0,10,300.0
5646.0,11,300.0
5646.0,12,300.0
5647.0,10,300.0
5647.0,11,300.0
5647.0,12,300.0
5648.0,10,300.0
5648.0,11,300.0
5648.0,12,300.0
5649.0,10,300.0
5649.0,11,300.0
5649.0,12,300.0
5650.0,10,300.0
5650.0,11,300.0
5650.0,12,300.0
5651.0,10,300.0
5651.0,11,300.0
5651.0,12,300.0
5652.0,10,300.0
5652.0,11,300.0
5652.0,12,300.0
5653.0,10,300.0
5653.0,11,300.0
5653.0,12,300.0
5654.0,10,300.0
5654.0,11,300.0
5654.0,12,300.0
5655.0,10,300.0
5655.0,11,300.0
5655.0,12,300.0
5656.0,10,300.0
5656.0,11,300.0
5656.0,12,300.0
5657.0,10,300.0
5657.0,11,300.0
5657.0,12,300.0
5658.0,10,300.0
5658.0,11,300.0
5658.0,12,300.0
5659.0,10,300.0
5659.0,11,300.0
5659.0,12,300.0
5660.0,10,300.0
5660.0,11,300.0
5660.0,12,300.0
5661.0,10,300.0
5661.0,11,300.0
5661.0,12,300.0
5662.0,10,300.0
5662.0,11,300.0
5662.0,12,300.0
5663.0,10,300.0
5663.0,11,300.0
5663.0,12,300.0
5664.0,10,300.0
5664.0,11,300.0
5664.0,12,300.0
5665.0,10,300.0
5665.0,11,300.0
5665.0,12,300.0
5666.0,10,300.0
5666.0,11,300.0
5666.0,12,300.0
5667.0,10,300.0
5667.0,11,300.0
5667.0,12,300.0
5668.0,10,300.0
5668.0,11,300.0
5668.0,12,300.0
5669.0,10,300.0
5669.0,11,300.0
5669.0,12,300.0
5670.0,10,300.0
5670.0,11,300.0
5670.0,12,300.0
5671.0,10,300.0
5671.0,11,300.0
5671.0,12,300.0
5672.0,10,300.0
5672.0,11,300.0
5672.0,12,300.0
5673.0,10,300.0
5673.0,11,300.0
5673.0,12,300.0
5674.0,10,300.0
5674.0,11,300.0
5674.0,12,300.0
5675.0,10,300.0
5675.0,11,300.0
5675.0,12,300.0
5676.0,10,300.0
5676.0,11,300.0
5676.0,12,300.0
5677.0,10,300.0
5677.0,11,300.0
5677.0,12,300.0
5678.0,10,300.0
5678.0,11,300.0
5678.0,12,300.0
5679.0,10,300.0
5679.0,11,300.0
5679.0,12,300.0
5680.0,10,300.0
5680.0,11,300.0
5680.0,12,300.0
5681.0,10,300.0
5681.0,11,300.0
5681.0,12,300.0
5682.0,10,300.0
5682.0,11,300.0
5682.0,12,300.0
5683.0,10,300.0
5683.0,11,300.0
5683.0,12,300.0
5684.0,10,300.0
5684.0,11,300.0
5684.0,12,300.0
5685.0,10,300.0
5685.0,11,300.0
5685.0,12,300.0
5686.0,10,300.0
5686.0,11,300.0
5686.0,12,300.0
5687.0,10,300.0
5687.0,11,300.0
5687.0,12,300.0
5688.0,10,300.0
5688.0,11,300.0
5688.0,12,300.0
5689.0,10,300.0
5689.0,11,300.0
5689.0,12,300.0
5690.0,10,300.0
5690.0,11,300.0
5690.0,12,300.0
5691.0,10,300.0
5691.0,11,300.0
5691.0,12,300.0
5692.0,10,300.0
5692.0,11,300.0
5692.0,12,300.0
5693.0,10,300.0
5693.0,11,300.0
5693.0,12,300.0
5694.0,10,300.0
5694.0,11,300.0
5694.0,12,300.0
5695.0,10,300.0
5695.0,11,300.0
5695.0,12,300.0
5696.0,10,300.0
5696.0,11,300.0
5696.0,12,300.0
5697.0,10,300.0
5697.0,11,300.0
5697.0,12,300.0
5698.0,10,300.0
5698.0,11,300.0
5698.0,12,300.0
5699.0,10,300.0
5699.0,11,300.0
5699.0,12,300.0
5700.0,10,300.0
5700.0,11,300.0
5700.0,12,300.0
5701.0,10,300.0
5701.0,11,300.0
5701.0,12,300.0
5702.0,10,300.0
5702.0,11,300.0
5702.0,12,300.0
5703.0,10,300.0
5703.0,11,300.0
5703.0,12,300.0
5704.0,10,300.0
5704.0,11,300.0
5704.0,12,300.0
5705.0,10,300.0
5705.0,11,300.0
5705.0,12,300.0
5706.0,10,300.0
5706.0,11,300.0
5706.0,12,300.0
5707.0,10,300.0
5707.0,11,300.0
5707.0,12,300.0
5708.0,10,300.0
5708.0,11,300.0
5708.0,12,300.0
5709.0,10,300.0
5709.0,11,300.0
5709.0,12,300.0
5710.0,10,300.0
5710.0,11,300.0
5710.0,12,300.0
5711.0,10,300.0
5711.0,11,300.0
5711.0,12,300.0
5712.0,10,300.0
5712.0,11,300.0
5712.0,12,300.0
5713.0,10,300.0
5713.0,11,300.0
5713.0,12,300.0
5714.0,10,300.0
5714.0,11,300.0
5714.0,12,300.0
5715.0,10,300.0
5715.0,11,300.0
5715.0,12,300.0
5716.0,10,300.0
5716.0,11,300.0
5716.0,12,300.0
5717.0,10,300.0
5717.0,11,300.0
5717.0,12,300.0
5718.0,10,300.0
5718.0,11,300.0
5718.0,12,300.0
5719.0,10,300.0
5719.0,11,300.0
5719.0,12,300.0
5720.0,10,300.0
5720.0,11,300.0
5720.0,12,300.0
5721.0,10,300.0
5721.0,11,300.0
5721.0,12,300.0
5722.0,10,300.0
5722.0,11,300.0
5722.0,12,300.0
5723.0,10,300.0
5723.0,11,300.0
5723.0,12,300.0
5724.0,10,300.0
5724.0,11,300.0
5724.0,12,300.0
5725.0,10,300.0
5725.0,11,300.0
5725.0,12,300.0
5726.0,10,300.0
5726.0,11,300.0
5726.0,12,300.0
5727.0,10,300.0
5727.0,11,300.0
5727.0,12,300.0
5728.0,10,300.0
5728.0,11,300.0
5728.0,12,300.0
5729.0,10,300.0
5729.0,11,300.0
5729.0,12,300.0
5730.0,10,300.0
5730.0,11,300.0
5730.0,12,300.0
5731.0,10,300.0
5731.0,11,300.0
5731.0,12,300.0
5732.0,10,300.0
5732.0,11,300.0
5732.0,12,300.0
5733.0,10,300.0
5733.0,11,300.0
5733.0,12,300.0
5734.0,10,300.0
5734.0,11,300.0
5734.0,12,300.0
5735.0,10,300.0
5735.0,11,300.0
5735.0,12,300.0
5736.0,10,300.0
5736.0,11,300.0
5736.0,12,300.0
5737.0,10,300.0
5737.0,11,300.0
5737.0,12,300.0
5738.0,10,300.0
5738.0,11,300.0
5738.0,12,300.0
5739.0,10,300.0
5739.0,11,300.0
5739.0,12,300.0
5740.0,10,300.0
5740.0,11,300.0
5740.0,12,300.0
5741.0,10,300.0
5741.0,11,300.0
5741.0,12,300.0
5742.0,10,300.0
5742.0,11,300.0
5742.0,12,300.0
5743.0,10,300.0
5743.0,11,300.0
5743.0,12,300.0
5744.0,10,300.0
5744.0,11,300.0
5744.0,12,300.0
5745.0,10,300.0
5745.0,11,300.0
5745.0,12,300.0
5746.0,10,300.0
5746.0,11,300.0
5746.0,12,300.0
5747.0,10,300.0
5747.0,11,300.0
5747.0,12,300.0
5748.0,10,300.0
5748.0,11,300.0
5748.0,12,300.0
5749.0,10,300.0
5749.0,11,300.0
5749.0,12,300.0
5750.0,10,300.0
5750.0,11,300.0
5750.0,12,300.0
5751.0,10,300.0
5751.0,11,300.0
5751.0,12,300.0
5752.0,10,300.0
5752.0,11,300.0
5752.0,12,300.0
5753.0,10,300.0
5753.0,11,300.0
5753.0,12,300.0
5754.0,10,300.0
5754.0,11,300.0
5754.0,12,300.0
5755.0,10,300.0
5755.0,11,300.0
5755.0,12,300.0
5756.0,10,300.0
5756.0,11,300.0
5756.0,12,300.0
5757.0,10,300.0
5757.0,11,300.0
5757.0,12,300.0
5758.0,10,300.0
5758.0,11,300.0
5758.0,12,300.0
5759.0,10,300.0
5759.0,11,300.0
5759.0,12,300.0
5760.0,10,300.0
5760.0,11,300.0
5760.0,12,300.0
5761.0,10,300.0
5761.0,11,300.0
5761.0,12,300.0
5762.0,10,300.0
5762.0,11,300.0
5762.0,12,300.0
5763.0,10,300.0
5763.0,11,300.0
5763.0,12,300.0
5764.0,10,300.0
5764.0,11,300.0
5764.0,12,300.0
5765.0,10,300.0
5765.0,11,300.0
5765.0,12,300.0
5766.0,10,300.0
5766.0,11,300.0
5766.0,12,300.0
5767.0,10,300.0
5767.0,11,300.0
5767.0,12,300.0
5768.0,10,300.0
5768.0,11,300.0
5768.0,12,300.0
5769.0,10,300.0
5769.0,11,300.0
5769.0,12,300.0
5770.0,10,300.0
5770.0,11,300.0
5770.0,12,300.0
5771.0,10,300.0
5771.0,11,300.0
5771.0,12,300.0
5772.0,10,300.0
5772.0,11,300.0
5772.0,12,300.0
5773.0,10,300.0
5773.0,11,300.0
5773.0,12,300.0
5774.0,10,300.0
5774.0,11,300.0
5774.0,12,300.0
5775.0,10,300.0
5775.0,11,300.0
5775.0,12,300.0
5776.0,10,300.0
5776.0,11,300.0
5776.0,12,300.0
5777.0,10,300.0
5777.0,11,300.0
5777.0,12,300.0
5778.0,10,300.0
5778.0,11,300.0
5778.0,12,300.0
5779.0,10,300.0
5779.0,11,300.0
5779.0,12,300.0
5780.0,10,300.0
5780.0,11,300.0
5780.0,12,300.0
5781.0,10,300.0
5781.0,11,300.0
5781.0,12,300.0
5782.0,10,300.0
5782.0,11,300.0
5782.0,12,300.0
5783.0,10,300.0
5783.0,11,300.0
5783.0,12,300.0
5784.0,10,300.0
5784.0,11,300.0
5784.0,12,300.0
5785.0,10,300.0
5785.0,11,300.0
5785.0,12,300.0
5786.0,10,300.0
5786.0,11,300.0
5786.0,12,300.0
5787.0,10,300.0
5787.0,11,300.0
5787.0,12,300.0
5788.0,10,300.0
5788.0,11,300.0
5788.0,12,300.0
5789.0,10,300.0
5789.0,11,300.0
5789.0,12,300.0
5790.0,10,300.0
5790.0,11,300.0
5790.0,12,300.0
5791.0,10,300.0
5791.0,11,300.0
5791.0,12,300.0
5792.0,10,300.0
5792.0,11,300.0
5792.0,12,300.0
5793.0,10,300.0
5793.0,11,300.0
5793.0,12,300.0
5794.0,10,300.0
5794.0,11,300.0
5794.0,12,300.0
5795.0,10,300.0
5795.0,11,300.0
5795.0,12,300.0
5796.0,10,300.0
5796.0,11,300.0
5796.0,12,300.0
5797.0,10,300.0
5797.0,11,300.0
5797.0,12,300.0
5798.0,10,300.0
5798.0,11,300.0
5798.0,12,300.0
5799.0,10,300.0
5799.0,11,300.0
5799.0,12,300.0
5800.0,10,300.0
5800.0,11,300.0
5800.0,12,300.0
5801.0,10,300.0
5801.0,11,300.0
5801.0,12,300.0
5802.0,10,300.0
5802.0,11,300.0
5802.0,12,300.0
5803.0,10,300.0
5803.0,11,300.0
5803.0,12,300.0
5804.0,10,300.0
5804.0,11,300.0
5804.0,12,300.0
5805.0,10,300.0
5805.0,11,300.0
5805.0,12,300.0
5806.0,10,300.0
5806.0,11,300.0
5806.0,12,300.0
5807.0,10,300.0
5807.0,11,300.0
5807.0,12,300.0
5808.0,10,300.0
5808.0,11,300.0
5808.0,12,300.0
5809.0,10,300.0
5809.0,11,300.0
5809.0,12,300.0
5810.0,10,300.0
5810.0,11,300.0
5810.0,12,300.0
5811.0,10,300.0
5811.0,11,300.0
5811.0,12,300.0
5812.0,10,300.0
5812.0,11,300.0
5812.0,12,300.0
5813.0,10,300.0
5813.0,11,300.0
5813.0,12,300.0
5814.0,10,300.0
5814.0,11,300.0
5814.0,12,300.0
5815.0,10,300.0
5815.0,11,300.0
5815.0,12,300.0
5816.0,10,300.0
5816.0,11,300.0
5816.0,12,300.0
5817.0,10,300.0
5817.0,11,300.0
5817.0,12,300.0
5818.0,10,300.0
5818.0,11,300.0
5818.0,12,300.0
5819.0,10,300.0
5819.0,11,300.0
5819.0,12,300.0
5820.0,10,300.0
5820.0,11,300.0
5820.0,12,300.0
5821.0,10,300.0
5821.0,11,300.0
5821.0,12,300.0
5822.0,10,300.0
5822.0,11,300.0
5822.0,12,300.0
5823.0,10,300.0
5823.0,11,300.0
5823.0,12,300.0
5824.0,10,300.0
5824.0,11,300.0
5824.0,12,300.0
5825.0,10,300.0
5825.0,11,300.0
5825.0,12,300.0
5826.0,10,300.0
5826.0,11,300.0
5826.0,12,300.0
5827.0,10,300.0
5827.0,11,300.0
5827.0,12,300.0
5828.0,10,300.0
5828.0,11,300.0
5828.0,12,300.0
5829.0,10,300.0
5829.0,11,300.0
5829.0,12,300.0
5830.0,10,300.0
5830.0,11,300.0
5830.0,12,300.0
5831.0,10,300.0
5831.0,11,300.0
5831.0,12,300.0
5832.0,10,300.0
5832.0,11,300.0
5832.0,12,300.0
5833.0,10,300.0
5833.0,11,300.0
5833.0,12,300.0
5834.0,10,300.0
5834.0,11,300.0
5834.0,12,300.0
5835.0,10,300.0
5835.0,11,300.0
5835.0,12,300.0
5836.0,10,300.0
5836.0,11,300.0
5836.0,12,300.0
5837.0,10,300.0
5837.0,11,300.0
5837.0,12,300.0
5838.0,10,300.0
5838.0,11,300.0
5838.0,12,300.0
5839.0,10,300.0
5839.0,11,300.0
5839.0,12,300.0
5840.0,10,300.0
5840.0,11,300.0
5840.0,12,300.0
5841.0,10,300.0
5841.0,11,300.0
5841.0,12,300.0
5842.0,10,300.0
5842.0,11,300.0
5842.0,12,300.0
5843.0,10,300.0
5843.0,11,300.0
5843.0,12,300.0
5844.0,10,300.0
5844.0,11,300.0
5844.0,12,300.0
5845.0,10,300.0
5845.0,11,300.0
5845.0,12,300.0
5846.0,10,300.0
5846.0,11,300.0
5846.0,12,300.0
5847.0,10,300.0
5847.0,11,300.0
5847.0,12,300.0
5848.0,10,300.0
5848.0,11,300.0
5848.0,12,300.0
5849.0,10,300.0
5849.0,11,300.0
5849.0,12,300.0
5850.0,10,300.0
5850.0,11,300.0
5850.0,12,300.0
5851.0,10,300.0
5851.0,11,300.0
5851.0,12,300.0
5852.0,10,300.0
5852.0,11,300.0
5852.0,12,300.0
5853.0,10,300.0
5853.0,11,300.0
5853.0,12,300.0
5854.0,10,300.0
5854.0,11,300.0
5854.0,12,300.0
5855.0,10,300.0
5855.0,11,300.0
5855.0,12,300.0
5856.0,10,300.0
5856.0,11,300.0
5856.0,12,300.0
5857.0,10,300.0
5857.0,11,300.0
5857.0,12,300.0
5858.0,10,300.0
5858.0,11,300.0
5858.0,12,300.0
5859.0,10,300.0
5859.0,11,300.0
5859.0,12,300.0
5860.0,10,300.0
5860.0,11,300.0
5860.0,12,300.0
5861.0,10,300.0
5861.0,11,300.0
5861.0,12,300.0
5862.0,10,300.0
5862.0,11,300.0
5862.0,12,300.0
5863.0,10,300.0
5863.0,11,300.0
5863.0,12,300.0
5864.0,10,300.0
5864.0,11,300.0
5864.0,12,300.0
5865.0,10,300.0
5865.0,11,300.0
5865.0,12,300.0
5866.0,10,300.0
5866.0,11,300.0
5866.0,12,300.0
5867.0,10,300.0
5867.0,11,300.0
5867.0,12,300.0
5868.0,10,300.0
5868.0,11,300.0
5868.0,12,300.0
5869.0,10,300.0
5869.0,11,300.0
5869.0,12,300.0
5870.0,10,300.0
5870.0,11,300.0
5870.0,12,300.0
5871.0,10,300.0
5871.0,11,300.0
5871.0,12,300.0
5872.0,10,300.0
5872.0,11,300.0
5872.0,12,300.0
5873.0,10,300.0
5873.0,11,300.0
5873.0,12,300.0
5874.0,10,300.0
5874.0,11,300.0
5874.0,12,300.0
5875.0,10,300.0
5875.0,11,300.0
5875.0,12,300.0
5876.0,10,300.0
5876.0,11,300.0
5876.0,12,300.0
5877.0,10,300.0
5877.0,11,300.0
5877.0,12,300.0
5878.0,10,300.0
5878.0,11,300.0
5878.0,12,300.0
5879.0,10,300.0
5879.0,11,300.0
5879.0,12,300.0
5880.0,10,300.0
5880.0,11,300.0
5880.0,12,300.0
5881.0,10,300.0
5881.0,11,300.0
5881.0,12,300.0
5882.0,10,300.0
5882.0,11,300.0
5882.0,12,300.0
5883.0,10,300.0
5883.0,11,300.0
5883.0,12,300.0
5884.0,10,300.0
5884.0,11,300.0
5884.0,12,300.0
5885.0,10,300.0
5885.0,11,300.0
5885.0,12,300.0
5886.0,10,300.0
5886.0,11,300.0
5886.0,12,300.0
5887.0,10,300.0
5887.0,11,300.0
5887.0,12,300.0
5888.0,10,300.0
5888.0,11,300.0
5888.0,12,300.0
5889.0,10,300.0
5889.0,11,300.0
5889.0,12,300.0
5890.0,10,300.0
5890.0,11,300.0
5890.0,12,300.0
5891.0,10,300.0
5891.0,11,300.0
5891.0,12,300.0
5892.0,10,300.0
5892.0,11,300.0
5892.0,12,300.0
5893.0,10,300.0
5893.0,11,300.0
5893.0,12,300.0
5894.0,10,300.0
5894.0,11,300.0
5894.0,12,300.0
5895.0,10,300.0
5895.0,11,300.0
5895.0,12,300.0
5896.0,10,300.0
5896.0,11,300.0
5896.0,12,300.0
5897.0,10,300.0
5897.0,11,300.0
5897.0,12,300.0
5898.0,10,300.0
5898.0,11,300.0
5898.0,12,300.0
5899.0,10,300.0
5899.0,11,300.0
5899.0,12,300.0
5900.0,10,300.0
5900.0,11,300.0
5900.0,12,300.0
5901.0,10,300.0
5901.0,11,300.0
5901.0,12,300.0
5902.0,10,300.0
5902.0,11,300.0
5902.0,12,300.0
5903.0,10,300.0
5903.0,11,300.0
5903.0,12,300.0
5904.0,10,300.0
5904.0,11,300.0
5904.0,12,300.0
5905.0,10,300.0
5905.0,11,300.0
5905.0,12,300.0
5906.0,10,300.0
5906.0,11,300.0
5906.0,12,300.0
5907.0,10,300.0
5907.0,11,300.0
5907.0,12,300.0
5908.0,10,300.0
5908.0,11,300.0
5908.0,12,300.0
5909.0,10,300.0
5909.0,11,300.0
5909.0,12,300.0
5910.0,10,300.0
5910.0,11,300.0
5910.0,12,300.0
5911.0,10,300.0
5911.0,11,300.0
5911.0,12,300.0
5912.0,10,300.0
5912.0,11,300.0
5912.0,12,300.0
5913.0,10,300.0
5913.0,11,300.0
5913.0,12,300.0
5914.0,10,300.0
5914.0,11,300.0
5914.0,12,300.0
5915.0,10,300.0
5915.0,11,300.0
5915.0,12,300.0
5916.0,10,300.0
5916.0,11,300.0
5916.0,12,300.0
5917.0,10,300.0
5917.0,11,300.0
5917.0,12,300.0
5918.0,10,300.0
5918.0,11,300.0
5918.0,12,300.0
5919.0,10,300.0
5919.0,11,300.0
5919.0,12,300.0
5920.0,10,300.0
5920.0,11,300.0
5920.0,12,300.0
5921.0,10,300.0
5921.0,11,300.0
5921.0,12,300.0
5922.0,10,300.0
5922.0,11,300.0
5922.0,12,300.0
5923.0,10,300.0
5923.0,11,300.0
5923.0,12,300.0
5924.0,10,300.0
5924.0,11,300.0
5924.0,12,300.0
5925.0,10,300.0
5925.0,11,300.0
5925.0,12,300.0
5926.0,10,300.0
5926.0,11,300.0
5926.0,12,300.0
5927.0,10,300.0
5927.0,11,300.0
5927.0,12,300.0
5928.0,10,300.0
5928.0,11,300.0
5928.0,12,300.0
5929.0,10,300.0
5929.0,11,300.0
5929.0,12,300.0
5930.0,10,300.0
5930.0,11,300.0
5930.0,12,300.0
5931.0,10,300.0
5931.0,11,300.0
5931.0,12,300.0
5932.0,10,300.0
5932.0,11,300.0
5932.0,12,300.0
5933.0,10,300.0
5933.0,11,300.0
5933.0,12,300.0
5934.0,10,300.0
5934.0,11,300.0
5934.0,12,300.0
5935.0,10,300.0
5935.0,11,300.0
5935.0,12,300.0
5936.0,10,300.0
5936.0,11,300.0
5936.0,12,300.0
5937.0,10,300.0
5937.0,11,300.0
5937.0,12,300.0
5938.0,10,300.0
5938.0,11,300.0
5938.0,12,300.0
5939.0,10,300.0
5939.0,11,300.0
5939.0,12,300.0
5940.0,10,300.0
5940.0,11,300.0
5940.0,12,300.0
5941.0,10,300.0
5941.0,11,300.0
5941.0,12,300.0
5942.0,10,300.0
5942.0,11,300.0
5942.0,12,300.0
5943.0,10,300.0
5943.0,11,300.0
5943.0,12,300.0
5944.0,10,300.0
5944.0,11,300.0
5944.0,12,300.0
5945.0,10,300.0
5945.0,11,300.0
5945.0,12,300.0
5946.0,10,300.0
5946.0,11,300.0
5946.0,12,300.0
5947.0,10,300.0
5947.0,11,300.0
5947.0,12,300.0
5948.0,10,300.0
5948.0,11,300.0
5948.0,12,300.0
5949.0,10,300.0
5949.0,11,300.0
5949.0,12,300.0
5950.0,10,300.0
5950.0,11,300.0
5950.0,12,300.0
5951.0,10,300.0
5951.0,11,300.0
5951.0,12,300.0
5952.0,10,300.0
5952.0,11,300.0
5952.0,12,300.0
5953.0,10,300.0
5953.0,11,300.0
5953.0,12,300.0
5954.0,10,300.0
5954.0,11,300.0
5954.0,12,300.0
5955.0,10,300.0
5955.0,11,300.0
5955.0,12,300.0
5956.0,10,300.0
5956.0,11,300.0
5956.0,12,300.0
5957.0,10,300.0
5957.0,11,300.0
5957.0,12,300.0
5958.0,10,300.0
5958.0,11,300.0
5958.0,12,300.0
5959.0,10,300.0
5959.0,11,300.0
5959.0,12,300.0
5960.0,10,300.0
5960.0,11,300.0
5960.0,12,300.0
5961.0,10,300.0
5961.0,11,300.0
5961.0,12,300.0
5962.0,10,300.0
5962.0,11,300.0
5962.0,12,300.0
5963.0,10,300.0
5963.0,11,300.0
5963.0,12,300.0
5964.0,10,300.0
5964.0,11,300.0
5964.0,12,300.0
5965.0,10,300.0
5965.0,11,300.0
5965.0,12,300.0
5966.0,10,300.0
5966.0,11,300.0
5966.0,12,300.0
5967.0,10,300.0
5967.0,11,300.0
5967.0,12,300.0
5968.0,10,300.0
5968.0,11,300.0
5968.0,12,300.0
5969.0,10,300.0
5969.0,11,300.0
5969.0,12,300.0
5970.0,10,300.0
5970.0,11,300.0
5970.0,12,300.0
5971.0,10,300.0
5971.0,11,300.0
5971.0,12,300.0
5972.0,10,300.0
5972.0,11,300.0
5972.0,12,300.0
5973.0,10,300.0
5973.0,11,300.0
5973.0,12,300.0
5974.0,10,300.0
5974.0,11,300.0
5974.0,12,300.0
5975.0,10,300.0
5975.0,11,300.0
5975.0,12,300.0
5976.0,10,300.0
5976.0,11,300.0
5976.0,12,300.0
5977.0,10,300.0
5977.0,11,300.0
5977.0,12,300.0
5978.0,10,300.0
5978.0,11,300.0
5978.0,12,300.0
5979.0,10,300.0
5979.0,11,300.0
5979.0,12,300.0
5980.0,10,300.0
5980.0,11,300.0
5980.0,12,300.0
5981.0,10,300.0
5981.0,11,300.0
5981.0,12,300.0
5982.0,10,300.0
5982.0,11,300.0
5982.0,12,300.0
5983.0,10,300.0
5983.0,11,300.0
5983.0,12,300.0
5984.0,10,300.0
5984.0,11,300.0
5984.0,12,300.0
5985.0,10,300.0
5985.0,11,300.0
5985.0,12,300.0
5986.0,10,300.0
5986.0,11,300.0
5986.0,12,300.0
5987.0,10,300.0
5987.0,11,300.0
5987.0,12,300.0
5988.0,10,300.0
5988.0,11,300.0
5988.0,12,300.0
5989.0,10,300.0
5989.0,11,300.0
5989.0,12,300.0
5990.0,10,300.0
5990.0,11,300.0
5990.0,12,300.0
5991.0,10,300.0
5991.0,11,300.0
5991.0,12,300.0
5992.0,10,300.0
5992.0,11,300.0
5992.0,12,300.0
5993.0,10,300.0
5993.0,11,300.0
5993.0,12,300.0
5994.0,10,300.0
5994.0,11,300.0
5994.0,12,300.0
5995.0,10,300.0
5995.0,11,300.0
5995.0,12,300.0
5996.0,10,300.0
5996.0,11,300.0
5996.0,12,300.0
5997.0,10,300.0
5997.0,11,300.0
5997.0,12,300.0
5998.0,10,300.0
5998.0,11,300.0
5998.0,12,300.0
5999.0,10,300.0
5999.0,11,300.0
5999.0,12,300.0
6000.0,10,300.0
6000.0,11,300.0
6000.0,12,300.0
6001.0,10,300.0
6001.0,11,300.0
6001.0,12,300.0
6002.0,10,300.0
6002.0,11,300.0
6002.0,12,300.0
6003.0,10,300.0
6003.0,11,300.0
6003.0,12,300.0
6004.0,10,300.0
6004.0,11,300.0
6004.0,12,300.0
6005.0,10,300.0
6005.0,11,300.0
6005.0,12,300.0
6006.0,10,300.0
6006.0,11,300.0
6006.0,12,300.0
6007.0,10,300.0
6007.0,11,300.0
6007.0,12,300.0
6008.0,10,300.0
6008.0,11,300.0
6008.0,12,300.0
6009.0,10,300.0
6009.0,11,300.0
6009.0,12,300.0
6010.0,10,300.0
6010.0,11,300.0
6010.0,12,300.0
6011.0,10,300.0
6011.0,11,300.0
6011.0,12,300.0
6012.0,10,300.0
6012.0,11,300.0
6012.0,12,300.0
6013.0,10,300.0
6013.0,11,300.0
6013.0,12,300.0
6014.0,10,300.0
6014.0,11,300.0
6014.0,12,300.0
6015.0,10,300.0
6015.0,11,300.0
6015.0,12,300.0
6016.0,10,300.0
6016.0,11,300.0
6016.0,12,300.0
6017.0,10,300.0
6017.0,11,300.0
6017.0,12,300.0
6018.0,10,300.0
6018.0,11,300.0
6018.0,12,300.0
6019.0,10,300.0
6019.0,11,300.0
6019.0,12,300.0
6020.0,10,300.0
6020.0,11,300.0
6020.0,12,300.0
6021.0,10,300.0
6021.0,11,300.0
6021.0,12,300.0
6022.0,10,300.0
6022.0,11,300.0
6022.0,12,300.0
6023.0,10,300.0
6023.0,11,300.0
6023.0,12,300.0
6024.0,10,300.0
6024.0,11,300.0
6024.0,12,300.0
6025.0,10,300.0
6025.0,11,300.0
6025.0,12,300.0
6026.0,10,300.0
6026.0,11,300.0
6026.0,12,300.0
6027.0,10,300.0
6027.0,11,300.0
6027.0,12,300.0
6028.0,10,300.0
6028.0,11,300.0
6028.0,12,300.0
6029.0,10,300.0
6029.0,11,300.0
6029.0,12,300.0
6030.0,10,300.0
6030.0,11,300.0
6030.0,12,300.0
6031.0,10,300.0
6031.0,11,300.0
6031.0,12,300.0
6032.0,10,300.0
6032.0,11,300.0
6032.0,12,300.0
6033.0,10,300.0
6033.0,11,300.0
6033.0,12,300.0
6034.0,10,300.0
6034.0,11,300.0
6034.0,12,300.0
6035.0,10,300.0
6035.0,11,300.0
6035.0,12,300.0
6036.0,10,300.0
6036.0,11,300.0
6036.0,12,300.0
6037.0,10,300.0
6037.0,11,300.0
6037.0,12,300.0
6038.0,10,300.0
6038.0,11,300.0
6038.0,12,300.0
6039.0,10,300.0
6039.0,11,300.0
6039.0,12,300.0
6040.0,10,300.0
6040.0,11,300.0
6040.0,12,300.0
6041.0,10,300.0
6041.0,11,300.0
6041.0,12,300.0
6042.0,10,300.0
6042.0,11,300.0
6042.0,12,300.0
6043.0,10,300.0
6043.0,11,300.0
6043.0,12,300.0
6044.0,10,300.0
6044.0,11,300.0
6044.0,12,300.0
6045.0,10,300.0
6045.0,11,300.0
6045.0,12,300.0
6046.0,10,300.0
6046.0,11,300.0
6046.0,12,300.0
6047.0,10,300.0
6047.0,11,300.0
6047.0,12,300.0
6048.0,10,300.0
6048.0,11,300.0
6048.0,12,300.0
6049.0,10,300.0
6049.0,11,300.0
6049.0,12,300.0
6050.0,10,300.0
6050.0,11,300.0
6050.0,12,300.0
6051.0,10,300.0
6051.0,11,300.0
6051.0,12,300.0
6052.0,10,300.0
6052.0,11,300.0
6052.0,12,300.0
6053.0,10,300.0
6053.0,11,300.0
6053.0,12,300.0
6054.0,10,300.0
6054.0,11,300.0
6054.0,12,300.0
6055.0,10,300.0
6055.0,11,300.0
6055.0,12,300.0
6056.0,10,300.0
6056.0,11,300.0
6056.0,12,300.0
6057.0,10,300.0
6057.0,11,300.0
6057.0,12,300.0
6058.0,10,300.0
6058.0,11,300.0
6058.0,12,300.0
6059.0,10,300.0
6059.0,11,300.0
6059.0,12,300.0
6060.0,10,300.0
6060.0,11,300.0
6060.0,12,300.0
6061.0,10,300.0
6061.0,11,300.0
6061.0,12,300.0
6062.0,10,300.0
6062.0,11,300.0
6062.0,12,300.0
6063.0,10,300.0
6063.0,11,300.0
6063.0,12,300.0
6064.0,10,300.0
6064.0,11,300.0
6064.0,12,300.0
6065.0,10,300.0
6065.0,11,300.0
6065.0,12,300.0
6066.0,10,300.0
6066.0,11,300.0
6066.0,12,300.0
6067.0,10,300.0
6067.0,11,300.0
6067.0,12,300.0
6068.0,10,300.0
6068.0,11,300.0
6068.0,12,300.0
6069.0,10,300.0
6069.0,11,300.0
6069.0,12,300.0
6070.0,10,300.0
6070.0,11,300.0
6070.0,12,300.0
6071.0,10,300.0
6071.0,11,300.0
6071.0,12,300.0
6072.0,10,300.0
6072.0,11,300.0
6072.0,12,300.0
6073.0,10,300.0
6073.0,11,300.0
6073.0,12,300.0
6074.0,10,300.0
6074.0,11,300.0
6074.0,12,300.0
6075.0,10,300.0
6075.0,11,300.0
6075.0,12,300.0
6076.0,10,300.0
6076.0,11,300.0
6076.0,12,300.0
6077.0,10,300.0
6077.0,11,300.0
6077.0,12,300.0
6078.0,10,300.0
6078.0,11,300.0
6078.0,12,300.0
6079.0,10,300.0
6079.0,11,300.0
6079.0,12,300.0
6080.0,10,300.0
6080.0,11,300.0
6080.0,12,300.0
6081.0,10,300.0
6081.0,11,300.0
6081.0,12,300.0
6082.0,10,300.0
6082.0,11,300.0
6082.0,12,300.0
6083.0,10,300.0
6083.0,11,300.0
6083.0,12,300.0
6084.0,10,300.0
6084.0,11,300.0
6084.0,12,300.0
6085.0,10,300.0
6085.0,11,300.0
6085.0,12,300.0
6086.0,10,300.0
6086.0,11,300.0
6086.0,12,300.0
6087.0,10,300.0
6087.0,11,300.0
6087.0,12,300.0
6088.0,10,300.0
6088.0,11,300.0
6088.0,12,300.0
6089.0,10,300.0
6089.0,11,300.0
6089.0,12,300.0
6090.0,10,300.0
6090.0,11,300.0
6090.0,12,300.0
6091.0,10,300.0
6091.0,11,300.0
6091.0,12,300.0
6092.0,10,300.0
6092.0,11,300.0
6092.0,12,300.0
6093.0,10,300.0
6093.0,11,300.0
6093.0,12,300.0
6094.0,10,300.0
6094.0,11,300.0
6094.0,12,300.0
6095.0,10,300.0
6095.0,11,300.0
6095.0,12,300.0
6096.0,10,300.0
6096.0,11,300.0
6096.0,12,300.0
6097.0,10,300.0
6097.0,11,300.0
6097.0,12,300.0
6098.0,10,300.0
6098.0,11,300.0
6098.0,12,300.0
6099.0,10,300.0
6099.0,11,300.0
6099.0,12,300.0
6100.0,10,300.0
6100.0,11,300.0
6100.0,12,300.0
6101.0,10,300.0
6101.0,11,300.0
6101.0,12,300.0
6102.0,10,300.0
6102.0,11,300.0
6102.0,12,300.0
6103.0,10,300.0
6103.0,11,300.0
6103.0,12,300.0
6104.0,10,300.0
6104.0,11,300.0
6104.0,12,300.0
6105.0,10,300.0
6105.0,11,300.0
6105.0,12,300.0
6106.0,10,300.0
6106.0,11,300.0
6106.0,12,300.0
6107.0,10,300.0
6107.0,11,300.0
6107.0,12,300.0
6108.0,10,300.0
6108.0,11,300.0
6108.0,12,300.0
6109.0,10,300.0
6109.0,11,300.0
6109.0,12,300.0
6110.0,10,300.0
6110.0,11,300.0
6110.0,12,300.0
6111.0,10,300.0
6111.0,11,300.0
6111.0,12,300.0
6112.0,10,300.0
6112.0,11,300.0
6112.0,12,300.0
6113.0,10,300.0
6113.0,11,300.0
6113.0,12,300.0
6114.0,10,300.0
6114.0,11,300.0
6114.0,12,300.0
6115.0,10,300.0
6115.0,11,300.0
6115.0,12,300.0
6116.0,10,300.0
6116.0,11,300.0
6116.0,12,300.0
6117.0,10,300.0
6117.0,11,300.0
6117.0,12,300.0
6118.0,10,300.0
6118.0,11,300.0
6118.0,12,300.0
6119.0,10,300.0
6119.0,11,300.0
6119.0,12,300.0
6120.0,10,300.0
6120.0,11,300.0
6120.0,12,300.0
6121.0,10,300.0
6121.0,11,300.0
6121.0,12,300.0
6122.0,10,300.0
6122.0,11,300.0
6122.0,12,300.0
6123.0,10,300.0
6123.0,11,300.0
6123.0,12,300.0
6124.0,10,300.0
6124.0,11,300.0
6124.0,12,300.0
6125.0,10,300.0
6125.0,11,300.0
6125.0,12,300.0
6126.0,10,300.0
6126.0,11,300.0
6126.0,12,300.0
6127.0,10,300.0
6127.0,11,300.0
6127.0,12,300.0
6128.0,10,300.0
6128.0,11,300.0
6128.0,12,300.0
6129.0,10,300.0
6129.0,11,300.0
6129.0,12,300.0
6130.0,10,300.0
6130.0,11,300.0
6130.0,12,300.0
6131.0,10,300.0
6131.0,11,300.0
6131.0,12,300.0
6132.0,10,300.0
6132.0,11,300.0
6132.0,12,300.0
6133.0,10,300.0
6133.0,11,300.0
6133.0,12,300.0
6134.0,10,300.0
6134.0,11,300.0
6134.0,12,300.0
6135.0,10,300.0
6135.0,11,300.0
6135.0,12,300.0
6136.0,10,300.0
6136.0,11,300.0
6136.0,12,300.0
6137.0,10,300.0
6137.0,11,300.0
6137.0,12,300.0
6138.0,10,300.0
6138.0,11,300.0
6138.0,12,300.0
6139.0,10,300.0
6139.0,11,300.0
6139.0,12,300.0
6140.0,10,300.0
6140.0,11,300.0
6140.0,12,300.0
6141.0,10,300.0
6141.0,11,300.0
6141.0,12,300.0
6142.0,10,300.0
6142.0,11,300.0
6142.0,12,300.0
6143.0,10,300.0
6143.0,11,300.0
6143.0,12,300.0
6144.0,10,300.0
6144.0,11,300.0
6144.0,12,300.0
6145.0,10,300.0
6145.0,11,300.0
6145.0,12,300.0
6146.0,10,300.0
6146.0,11,300.0
6146.0,12,300.0
6147.0,10,300.0
6147.0,11,300.0
6147.0,12,300.0
6148.0,10,300.0
6148.0,11,300.0
6148.0,12,300.0
6149.0,10,300.0
6149.0,11,300.0
6149.0,12,300.0
6150.0,10,300.0
6150.0,11,300.0
6150.0,12,300.0
6151.0,10,300.0
6151.0,11,300.0
6151.0,12,300.0
6152.0,10,300.0
6152.0,11,300.0
6152.0,12,300.0
6153.0,10,300.0
6153.0,11,300.0
6153.0,12,300.0
6154.0,10,300.0
6154.0,11,300.0
6154.0,12,300.0
6155.0,10,300.0
6155.0,11,300.0
6155.0,12,300.0
6156.0,10,300.0
6156.0,11,300.0
6156.0,12,300.0
6157.0,10,300.0
6157.0,11,300.0
6157.0,12,300.0
6158.0,10,300.0
6158.0,11,300.0
6158.0,12,300.0
6159.0,10,300.0
6159.0,11,300.0
6159.0,12,300.0
6160.0,10,300.0
6160.0,11,300.0
6160.0,12,300.0
6161.0,10,300.0
6161.0,11,300.0
6161.0,12,300.0
6162.0,10,300.0
6162.0,11,300.0
6162.0,12,300.0
6163.0,10,300.0
6163.0,11,300.0
6163.0,12,300.0
6164.0,10,300.0
6164.0,11,300.0
6164.0,12,300.0
6165.0,10,300.0
6165.0,11,300.0
6165.0,12,300.0
6166.0,10,300.0
6166.0,11,300.0
6166.0,12,300.0
6167.0,10,300.0
6167.0,11,300.0
6167.0,12,300.0
6168.0,10,300.0
6168.0,11,300.0
6168.0,12,300.0
6169.0,10,300.0
6169.0,11,300.0
6169.0,12,300.0
6170.0,10,300.0
6170.0,11,300.0
6170.0,12,300.0
6171.0,10,300.0
6171.0,11,300.0
6171.0,12,300.0
6172.0,10,300.0
6172.0,11,300.0
6172.0,12,300.0
6173.0,10,300.0
6173.0,11,300.0
6173.0,12,300.0
6174.0,10,300.0
6174.0,11,300.0
6174.0,12,300.0
6175.0,10,300.0
6175.0,11,300.0
6175.0,12,300.0
6176.0,10,300.0
6176.0,11,300.0
6176.0,12,300.0
6177.0,10,300.0
6177.0,11,300.0
6177.0,12,300.0
6178.0,10,300.0
6178.0,11,300.0
6178.0,12,300.0
6179.0,10,300.0
6179.0,11,300.0
6179.0,12,300.0
6180.0,10,300.0
6180.0,11,300.0
6180.0,12,300.0
6181.0,10,300.0
6181.0,11,300.0
6181.0,12,300.0
6182.0,10,300.0
6182.0,11,300.0
6182.0,12,300.0
6183.0,10,300.0
6183.0,11,300.0
6183.0,12,300.0
6184.0,10,300.0
6184.0,11,300.0
6184.0,12,300.0
6185.0,10,300.0
6185.0,11,300.0
6185.0,12,300.0
6186.0,10,300.0
6186.0,11,300.0
6186.0,12,300.0
6187.0,10,300.0
6187.0,11,300.0
6187.0,12,300.0
6188.0,10,300.0
6188.0,11,300.0
6188.0,12,300.0
6189.0,10,300.0
6189.0,11,300.0
6189.0,12,300.0
6190.0,10,300.0
6190.0,11,300.0
6190.0,12,300.0
6191.0,10,300.0
6191.0,11,300.0
6191.0,12,300.0
6192.0,10,300.0
6192.0,11,300.0
6192.0,12,300.0
6193.0,10,300.0
6193.0,11,300.0
6193.0,12,300.0
6194.0,10,300.0
6194.0,11,300.0
6194.0,12,300.0
6195.0,10,300.0
6195.0,11,300.0
6195.0,12,300.0
6196.0,10,300.0
6196.0,11,300.0
6196.0,12,300.0
6197.0,10,300.0
6197.0,11,300.0
6197.0,12,300.0
6198.0,10,300.0
6198.0,11,300.0
6198.0,12,300.0
6199.0,10,300.0
6199.0,11,300.0
6199.0,12,300.0
6200.0,10,300.0
6200.0,11,300.0
6200.0,12,300.0
6201.0,10,300.0
6201.0,11,300.0
6201.0,12,300.0
6202.0,10,300.0
6202.0,11,300.0
6202.0,12,300.0
6203.0,10,300.0
6203.0,11,300.0
6203.0,12,300.0
6204.0,10,300.0
6204.0,11,300.0
6204.0,12,300.0
6205.0,10,300.0
6205.0,11,300.0
6205.0,12,300.0
6206.0,10,300.0
6206.0,11,300.0
6206.0,12,300.0
6207.0,10,300.0
6207.0,11,300.0
6207.0,12,300.0
6208.0,10,300.0
6208.0,11,300.0
6208.0,12,300.0
6209.0,10,300.0
6209.0,11,300.0
6209.0,12,300.0
6210.0,10,300.0
6210.0,11,300.0
6210.0,12,300.0
6211.0,10,300.0
6211.0,11,300.0
6211.0,12,300.0
6212.0,10,300.0
6212.0,11,300.0
6212.0,12,300.0
6213.0,10,300.0
6213.0,11,300.0
6213.0,12,300.0
6214.0,10,300.0
6214.0,11,300.0
6214.0,12,300.0
6215.0,10,300.0
6215.0,11,300.0
6215.0,12,300.0
6216.0,10,300.0
6216.0,11,300.0
6216.0,12,300.0
6217.0,10,300.0
6217.0,11,300.0
6217.0,12,300.0
6218.0,10,300.0
6218.0,11,300.0
6218.0,12,300.0
6219.0,10,300.0
6219.0,11,300.0
6219.0,12,300.0
6220.0,10,300.0
6220.0,11,300.0
6220.0,12,300.0
6221.0,10,300.0
6221.0,11,300.0
6221.0,12,300.0
6222.0,10,300.0
6222.0,11,300.0
6222.0,12,300.0
6223.0,10,300.0
6223.0,11,300.0
6223.0,12,300.0
6224.0,10,300.0
6224.0,11,300.0
6224.0,12,300.0
6225.0,10,300.0
6225.0,11,300.0
6225.0,12,300.0
6226.0,10,300.0
6226.0,11,300.0
6226.0,12,300.0
6227.0,10,300.0
6227.0,11,300.0
6227.0,12,300.0
6228.0,10,300.0
6228.0,11,300.0
6228.0,12,300.0
6229.0,10,300.0
6229.0,11,300.0
6229.0,12,300.0
6230.0,10,300.0
6230.0,11,300.0
6230.0,12,300.0
6231.0,10,300.0
6231.0,11,300.0
6231.0,12,300.0
6232.0,10,300.0
6232.0,11,300.0
6232.0,12,300.0
6233.0,10,300.0
6233.0,11,300.0
6233.0,12,300.0
6234.0,10,300.0
6234.0,11,300.0
6234.0,12,300.0
6235.0,10,300.0
6235.0,11,300.0
6235.0,12,300.0
6236.0,10,300.0
6236.0,11,300.0
6236.0,12,300.0
6237.0,10,300.0
6237.0,11,300.0
6237.0,12,300.0
6238.0,10,300.0
6238.0,11,300.0
6238.0,12,300.0
6239.0,10,300.0
6239.0,11,300.0
6239.0,12,300.0
6240.0,10,300.0
6240.0,11,300.0
6240.0,12,300.0
6241.0,10,300.0
6241.0,11,300.0
6241.0,12,300.0
6242.0,10,300.0
6242.0,11,300.0
6242.0,12,300.0
6243.0,10,300.0
6243.0,11,300.0
6243.0,12,300.0
6244.0,10,300.0
6244.0,11,300.0
6244.0,12,300.0
6245.0,10,300.0
6245.0,11,300.0
6245.0,12,300.0
6246.0,10,300.0
6246.0,11,300.0
6246.0,12,300.0
6247.0,10,300.0
6247.0,11,300.0
6247.0,12,300.0
6248.0,10,300.0
6248.0,11,300.0
6248.0,12,300.0
6249.0,10,300.0
6249.0,11,300.0
6249.0,12,300.0
6250.0,10,300.0
6250.0,11,300.0
6250.0,12,300.0
6251.0,10,300.0
6251.0,11,300.0
6251.0,12,300.0
6252.0,10,300.0
6252.0,11,300.0
6252.0,12,300.0
6253.0,10,300.0
6253.0,11,300.0
6253.0,12,300.0
6254.0,10,300.0
6254.0,11,300.0
6254.0,12,300.0
6255.0,10,300.0
6255.0,11,300.0
6255.0,12,300.0
6256.0,10,300.0
6256.0,11,300.0
6256.0,12,300.0
6257.0,10,300.0
6257.0,11,300.0
6257.0,12,300.0
6258.0,10,300.0
6258.0,11,300.0
6258.0,12,300.0
6259.0,10,300.0
6259.0,11,300.0
6259.0,12,300.0
6260.0,10,300.0
6260.0,11,300.0
6260.0,12,300.0
6261.0,10,300.0
6261.0,11,300.0
6261.0,12,300.0
6262.0,10,300.0
6262.0,11,300.0
6262.0,12,300.0
6263.0,10,300.0
6263.0,11,300.0
6263.0,12,300.0
6264.0,10,300.0
6264.0,11,300.0
6264.0,12,300.0
6265.0,10,300.0
6265.0,11,300.0
6265.0,12,300.0
6266.0,10,300.0
6266.0,11,300.0
6266.0,12,300.0
6267.0,10,300.0
6267.0,11,300.0
6267.0,12,300.0
6268.0,10,300.0
6268.0,11,300.0
6268.0,12,300.0
6269.0,10,300.0
6269.0,11,300.0
6269.0,12,300.0
6270.0,10,300.0
6270.0,11,300.0
6270.0,12,300.0
6271.0,10,300.0
6271.0,11,300.0
6271.0,12,300.0
6272.0,10,300.0
6272.0,11,300.0
6272.0,12,300.0
6273.0,10,300.0
6273.0,11,300.0
6273.0,12,300.0
6274.0,10,300.0
6274.0,11,300.0
6274.0,12,300.0
6275.0,10,300.0
6275.0,11,300.0
6275.0,12,300.0
6276.0,10,300.0
6276.0,11,300.0
6276.0,12,300.0
6277.0,10,300.0
6277.0,11,300.0
6277.0,12,300.0
6278.0,10,300.0
6278.0,11,300.0
6278.0,12,300.0
6279.0,10,300.0
6279.0,11,300.0
6279.0,12,300.0
6280.0,10,300.0
6280.0,11,300.0
6280.0,12,300.0
6281.0,10,300.0
6281.0,11,300.0
6281.0,12,300.0
6282.0,10,300.0
6282.0,11,300.0
6282.0,12,300.0
6283.0,10,300.0
6283.0,11,300.0
6283.0,12,300.0
6284.0,10,300.0
6284.0,11,300.0
6284.0,12,300.0
6285.0,10,300.0
6285.0,11,300.0
6285.0,12,300.0
6286.0,10,300.0
6286.0,11,300.0
6286.0,12,300.0
6287.0,10,300.0
6287.0,11,300.0
6287.0,12,300.0
6288.0,10,300.0
6288.0,11,300.0
6288.0,12,300.0
6289.0,10,300.0
6289.0,11,300.0
6289.0,12,300.0
6290.0,10,300.0
6290.0,11,300.0
6290.0,12,300.0
6291.0,10,300.0
6291.0,11,300.0
6291.0,12,300.0
6292.0,10,300.0
6292.0,11,300.0
6292.0,12,300.0
6293.0,10,300.0
6293.0,11,300.0
6293.0,12,300.0
6294.0,10,300.0
6294.0,11,300.0
6294.0,12,300.0
6295.0,10,300.0
6295.0,11,300.0
6295.0,12,300.0
6296.0,10,300.0
6296.0,11,300.0
6296.0,12,300.0
6297.0,10,300.0
6297.0,11,300.0
6297.0,12,300.0
6298.0,10,300.0
6298.0,11,300.0
6298.0,12,300.0
6299.0,10,300.0
6299.0,11,300.0
6299.0,12,300.0
6300.0,10,300.0
6300.0,11,300.0
6300.0,12,300.0
6301.0,10,300.0
6301.0,11,300.0
6301.0,12,300.0
6302.0,10,300.0
6302.0,11,300.0
6302.0,12,300.0
6303.0,10,300.0
6303.0,11,300.0
6303.0,12,300.0
6304.0,10,300.0
6304.0,11,300.0
6304.0,12,300.0
6305.0,10,300.0
6305.0,11,300.0
6305.0,12,300.0
6306.0,10,300.0
6306.0,11,300.0
6306.0,12,300.0
6307.0,10,300.0
6307.0,11,300.0
6307.0,12,300.0
6308.0,10,300.0
6308.0,11,300.0
6308.0,12,300.0
6309.0,10,300.0
6309.0,11,300.0
6309.0,12,300.0
6310.0,10,300.0
6310.0,11,300.0
6310.0,12,300.0
6311.0,10,300.0
6311.0,11,300.0
6311.0,12,300.0
6312.0,10,300.0
6312.0,11,300.0
6312.0,12,300.0
6313.0,10,300.0
6313.0,11,300.0
6313.0,12,300.0
6314.0,10,300.0
6314.0,11,300.0
6314.0,12,300.0
6315.0,10,300.0
6315.0,11,300.0
6315.0,12,300.0
6316.0,10,300.0
6316.0,11,300.0
6316.0,12,300.0
6317.0,10,300.0
6317.0,11,300.0
6317.0,12,300.0
6318.0,10,300.0
6318.0,11,300.0
6318.0,12,300.0
6319.0,10,300.0
6319.0,11,300.0
6319.0,12,300.0
6320.0,10,300.0
6320.0,11,300.0
6320.0,12,300.0
6321.0,10,300.0
6321.0,11,300.0
6321.0,12,300.0
6322.0,10,300.0
6322.0,11,300.0
6322.0,12,300.0
6323.0,10,300.0
6323.0,11,300.0
6323.0,12,300.0
6324.0,10,300.0
6324.0,11,300.0
6324.0,12,300.0
6325.0,10,300.0
6325.0,11,300.0
6325.0,12,300.0
6326.0,10,300.0
6326.0,11,300.0
6326.0,12,300.0
6327.0,10,300.0
6327.0,11,300.0
6327.0,12,300.0
6328.0,10,300.0
6328.0,11,300.0
6328.0,12,300.0
6329.0,10,300.0
6329.0,11,300.0
6329.0,12,300.0
6330.0,10,300.0
6330.0,11,300.0
6330.0,12,300.0
6331.0,10,300.0
6331.0,11,300.0
6331.0,12,300.0
6332.0,10,300.0
6332.0,11,300.0
6332.0,12,300.0
6333.0,10,300.0
6333.0,11,300.0
6333.0,12,300.0
6334.0,10,300.0
6334.0,11,300.0
6334.0,12,300.0
6335.0,10,300.0
6335.0,11,300.0
6335.0,12,300.0
6336.0,10,300.0
6336.0,11,300.0
6336.0,12,300.0
6337.0,10,300.0
6337.0,11,300.0
6337.0,12,300.0
6338.0,10,300.0
6338.0,11,300.0
6338.0,12,300.0
6339.0,10,300.0
6339.0,11,300.0
6339.0,12,300.0
6340.0,10,300.0
6340.0,11,300.0
6340.0,12,300.0
6341.0,10,300.0
6341.0,11,300.0
6341.0,12,300.0
6342.0,10,300.0
6342.0,11,300.0
6342.0,12,300.0
6343.0,10,300.0
6343.0,11,300.0
6343.0,12,300.0
6344.0,10,300.0
6344.0,11,300.0
6344.0,12,300.0
6345.0,10,300.0
6345.0,11,300.0
6345.0,12,300.0
6346.0,10,300.0
6346.0,11,300.0
6346.0,12,300.0
6347.0,10,300.0
6347.0,11,300.0
6347.0,12,300.0
6348.0,10,300.0
6348.0,11,300.0
6348.0,12,300.0
6349.0,10,300.0
6349.0,11,300.0
6349.0,12,300.0
6350.0,10,300.0
6350.0,11,300.0
6350.0,12,300.0
6351.0,10,300.0
6351.0,11,300.0
6351.0,12,300.0
6352.0,10,300.0
6352.0,11,300.0
6352.0,12,300.0
6353.0,10,300.0
6353.0,11,300.0
6353.0,12,300.0
6354.0,10,300.0
6354.0,11,300.0
6354.0,12,300.0
6355.0,10,300.0
6355.0,11,300.0
6355.0,12,300.0
6356.0,10,300.0
6356.0,11,300.0
6356.0,12,300.0
6357.0,10,300.0
6357.0,11,300.0
6357.0,12,300.0
6358.0,10,300.0
6358.0,11,300.0
6358.0,12,300.0
6359.0,10,300.0
6359.0,11,300.0
6359.0,12,300.0
6360.0,10,300.0
6360.0,11,300.0
6360.0,12,300.0
6361.0,10,300.0
6361.0,11,300.0
6361.0,12,300.0
6362.0,10,300.0
6362.0,11,300.0
6362.0,12,300.0
6363.0,10,300.0
6363.0,11,300.0
6363.0,12,300.0
6364.0,10,300.0
6364.0,11,300.0
6364.0,12,300.0
6365.0,10,300.0
6365.0,11,300.0
6365.0,12,300.0
6366.0,10,300.0
6366.0,11,300.0
6366.0,12,300.0
6367.0,10,300.0
6367.0,11,300.0
6367.0,12,300.0
6368.0,10,300.0
6368.0,11,300.0
6368.0,12,300.0
6369.0,10,300.0
6369.0,11,300.0
6369.0,12,300.0
6370.0,10,300.0
6370.0,11,300.0
6370.0,12,300.0
6371.0,10,300.0
6371.0,11,300.0
6371.0,12,300.0
6372.0,10,300.0
6372.0,11,300.0
6372.0,12,300.0
6373.0,10,300.0
6373.0,11,300.0
6373.0,12,300.0
6374.0,10,300.0
6374.0,11,300.0
6374.0,12,300.0
6375.0,10,300.0
6375.0,11,300.0
6375.0,12,300.0
6376.0,10,300.0
6376.0,11,300.0
6376.0,12,300.0
6377.0,10,300.0
6377.0,11,300.0
6377.0,12,300.0
6378.0,10,300.0
6378.0,11,300.0
6378.0,12,300.0
6379.0,10,300.0
6379.0,11,300.0
6379.0,12,300.0
6380.0,10,300.0
6380.0,11,300.0
6380.0,12,300.0
6381.0,10,300.0
6381.0,11,300.0
6381.0,12,300.0
6382.0,10,300.0
6382.0,11,300.0
6382.0,12,300.0
6383.0,10,300.0
6383.0,11,300.0
6383.0,12,300.0
6384.0,10,300.0
6384.0,11,300.0
6384.0,12,300.0
6385.0,10,300.0
6385.0,11,300.0
6385.0,12,300.0
6386.0,10,300.0
6386.0,11,300.0
6386.0,12,300.0
6387.0,10,300.0
6387.0,11,300.0
6387.0,12,300.0
6388.0,10,300.0
6388.0,11,300.0
6388.0,12,300.0
6389.0,10,300.0
6389.0,11,300.0
6389.0,12,300.0
6390.0,10,300.0
6390.0,11,300.0
6390.0,12,300.0
6391.0,10,300.0
6391.0,11,300.0
6391.0,12,300.0
6392.0,10,300.0
6392.0,11,300.0
6392.0,12,300.0
6393.0,10,300.0
6393.0,11,300.0
6393.0,12,300.0
6394.0,10,300.0
6394.0,11,300.0
6394.0,12,300.0
6395.0,10,300.0
6395.0,11,300.0
6395.0,12,300.0
6396.0,10,300.0
6396.0,11,300.0
6396.0,12,300.0
6397.0,10,300.0
6397.0,11,300.0
6397.0,12,300.0
6398.0,10,300.0
6398.0,11,300.0
6398.0,12,300.0
6399.0,10,300.0
6399.0,11,300.0
6399.0,12,300.0
6400.0,10,300.0
6400.0,11,300.0
6400.0,12,300.0
6401.0,10,300.0
6401.0,11,300.0
6401.0,12,300.0
6402.0,10,300.0
6402.0,11,300.0
6402.0,12,300.0
6403.0,10,300.0
6403.0,11,300.0
6403.0,12,300.0
6404.0,10,300.0
6404.0,11,300.0
6404.0,12,300.0
6405.0,10,300.0
6405.0,11,300.0
6405.0,12,300.0
6406.0,10,300.0
6406.0,11,300.0
6406.0,12,300.0
6407.0,10,300.0
6407.0,11,300.0
6407.0,12,300.0
6408.0,10,300.0
6408.0,11,300.0
6408.0,12,300.0
6409.0,10,300.0
6409.0,11,300.0
6409.0,12,300.0
6410.0,10,300.0
6410.0,11,300.0
6410.0,12,300.0
6411.0,10,300.0
6411.0,11,300.0
6411.0,12,300.0
6412.0,10,300.0
6412.0,11,300.0
6412.0,12,300.0
6413.0,10,300.0
6413.0,11,300.0
6413.0,12,300.0
6414.0,10,300.0
6414.0,11,300.0
6414.0,12,300.0
6415.0,10,300.0
6415.0,11,300.0
6415.0,12,300.0
6416.0,10,300.0
6416.0,11,300.0
6416.0,12,300.0
6417.0,10,300.0
6417.0,11,300.0
6417.0,12,300.0
6418.0,10,300.0
6418.0,11,300.0
6418.0,12,300.0
6419.0,10,300.0
6419.0,11,300.0
6419.0,12,300.0
6420.0,10,300.0
6420.0,11,300.0
6420.0,12,300.0
6421.0,10,300.0
6421.0,11,300.0
6421.0,12,300.0
6422.0,10,300.0
6422.0,11,300.0
6422.0,12,300.0
6423.0,10,300.0
6423.0,11,300.0
6423.0,12,300.0
6424.0,10,300.0
6424.0,11,300.0
6424.0,12,300.0
6425.0,10,300.0
6425.0,11,300.0
6425.0,12,300.0
6426.0,10,300.0
6426.0,11,300.0
6426.0,12,300.0
6427.0,10,300.0
6427.0,11,300.0
6427.0,12,300.0
6428.0,10,300.0
6428.0,11,300.0
6428.0,12,300.0
6429.0,10,300.0
6429.0,11,300.0
6429.0,12,300.0
6430.0,10,300.0
6430.0,11,300.0
6430.0,12,300.0
6431.0,10,300.0
6431.0,11,300.0
6431.0,12,300.0
6432.0,10,300.0
6432.0,11,300.0
6432.0,12,300.0
6433.0,10,300.0
6433.0,11,300.0
6433.0,12,300.0
6434.0,10,300.0
6434.0,11,300.0
6434.0,12,300.0
6435.0,10,300.0
6435.0,11,300.0
6435.0,12,300.0
6436.0,10,300.0
6436.0,11,300.0
6436.0,12,300.0
6437.0,10,300.0
6437.0,11,300.0
6437.0,12,300.0
6438.0,10,300.0
6438.0,11,300.0
6438.0,12,300.0
6439.0,10,300.0
6439.0,11,300.0
6439.0,12,300.0
6440.0,10,300.0
6440.0,11,300.0
6440.0,12,300.0
6441.0,10,300.0
6441.0,11,300.0
6441.0,12,300.0
6442.0,10,300.0
6442.0,11,300.0
6442.0,12,300.0
6443.0,10,300.0
6443.0,11,300.0
6443.0,12,300.0
6444.0,10,300.0
6444.0,11,300.0
6444.0,12,300.0
6445.0,10,300.0
6445.0,11,300.0
6445.0,12,300.0
6446.0,10,300.0
6446.0,11,300.0
6446.0,12,300.0
6447.0,10,300.0
6447.0,11,300.0
6447.0,12,300.0
6448.0,10,300.0
6448.0,11,300.0
6448.0,12,300.0
6449.0,10,300.0
6449.0,11,300.0
6449.0,12,300.0
6450.0,10,300.0
6450.0,11,300.0
6450.0,12,300.0
6451.0,10,300.0
6451.0,11,300.0
6451.0,12,300.0
6452.0,10,300.0
6452.0,11,300.0
6452.0,12,300.0
6453.0,10,300.0
6453.0,11,300.0
6453.0,12,300.0
6454.0,10,300.0
6454.0,11,300.0
6454.0,12,300.0
6455.0,10,300.0
6455.0,11,300.0
6455.0,12,300.0
6456.0,10,300.0
6456.0,11,300.0
6456.0,12,300.0
6457.0,10,300.0
6457.0,11,300.0
6457.0,12,300.0
6458.0,10,300.0
6458.0,11,300.0
6458.0,12,300.0
6459.0,10,300.0
6459.0,11,300.0
6459.0,12,300.0
6460.0,10,300.0
6460.0,11,300.0
6460.0,12,300.0
6461.0,10,300.0
6461.0,11,300.0
6461.0,12,300.0
6462.0,10,300.0
6462.0,11,300.0
6462.0,12,300.0
6463.0,10,300.0
6463.0,11,300.0
6463.0,12,300.0
6464.0,10,300.0
6464.0,11,300.0
6464.0,12,300.0
6465.0,10,300.0
6465.0,11,300.0
6465.0,12,300.0
6466.0,10,300.0
6466.0,11,300.0
6466.0,12,300.0
6467.0,10,300.0
6467.0,11,300.0
6467.0,12,300.0
6468.0,10,300.0
6468.0,11,300.0
6468.0,12,300.0
6469.0,10,300.0
6469.0,11,300.0
6469.0,12,300.0
6470.0,10,300.0
6470.0,11,300.0
6470.0,12,300.0
6471.0,10,300.0
6471.0,11,300.0
6471.0,12,300.0
6472.0,10,300.0
6472.0,11,300.0
6472.0,12,300.0
6473.0,10,300.0
6473.0,11,300.0
6473.0,12,300.0
6474.0,10,300.0
6474.0,11,300.0
6474.0,12,300.0
6475.0,10,300.0
6475.0,11,300.0
6475.0,12,300.0
6476.0,10,300.0
6476.0,11,300.0
6476.0,12,300.0
6477.0,10,300.0
6477.0,11,300.0
6477.0,12,300.0
6478.0,10,300.0
6478.0,11,300.0
6478.0,12,300.0
6479.0,10,300.0
6479.0,11,300.0
6479.0,12,300.0
6480.0,10,300.0
6480.0,11,300.0
6480.0,12,300.0
6481.0,10,300.0
6481.0,11,300.0
6481.0,12,300.0
6482.0,10,300.0
6482.0,11,300.0
6482.0,12,300.0
6483.0,10,300.0
6483.0,11,300.0
6483.0,12,300.0
6484.0,10,300.0
6484.0,11,300.0
6484.0,12,300.0
6485.0,10,300.0
6485.0,11,300.0
6485.0,12,300.0
6486.0,10,300.0
6486.0,11,300.0
6486.0,12,300.0
6487.0,10,300.0
6487.0,11,300.0
6487.0,12,300.0
6488.0,10,300.0
6488.0,11,300.0
6488.0,12,300.0
6489.0,10,300.0
6489.0,11,300.0
6489.0,12,300.0
6490.0,10,300.0
6490.0,11,300.0
6490.0,12,300.0
6491.0,10,300.0
6491.0,11,300.0
6491.0,12,300.0
6492.0,10,300.0
6492.0,11,300.0
6492.0,12,300.0
6493.0,10,300.0
6493.0,11,300.0
6493.0,12,300.0
6494.0,10,300.0
6494.0,11,300.0
6494.0,12,300.0
6495.0,10,300.0
6495.0,11,300.0
6495.0,12,300.0
6496.0,10,300.0
6496.0,11,300.0
6496.0,12,300.0
6497.0,10,300.0
6497.0,11,300.0
6497.0,12,300.0
6498.0,10,300.0
6498.0,11,300.0
6498.0,12,300.0
6499.0,10,300.0
6499.0,11,300.0
6499.0,12,300.0
6500.0,10,300.0
6500.0,11,300.0
6500.0,12,300.0
6501.0,10,300.0
6501.0,11,300.0
6501.0,12,300.0
6502.0,10,300.0
6502.0,11,300.0
6502.0,12,300.0
6503.0,10,300.0
6503.0,11,300.0
6503.0,12,300.0
6504.0,10,300.0
6504.0,11,300.0
6504.0,12,300.0
6505.0,10,300.0
6505.0,11,300.0
6505.0,12,300.0
6506.0,10,300.0
6506.0,11,300.0
6506.0,12,300.0
6507.0,10,300.0
6507.0,11,300.0
6507.0,12,300.0
6508.0,10,300.0
6508.0,11,300.0
6508.0,12,300.0
6509.0,10,300.0
6509.0,11,300.0
6509.0,12,300.0
6510.0,10,300.0
6510.0,11,300.0
6510.0,12,300.0
6511.0,10,300.0
6511.0,11,300.0
6511.0,12,300.0
6512.0,10,300.0
6512.0,11,300.0
6512.0,12,300.0
6513.0,10,300.0
6513.0,11,300.0
6513.0,12,300.0
6514.0,10,300.0
6514.0,11,300.0
6514.0,12,300.0
6515.0,10,300.0
6515.0,11,300.0
6515.0,12,300.0
6516.0,10,300.0
6516.0,11,300.0
6516.0,12,300.0
6517.0,10,300.0
6517.0,11,300.0
6517.0,12,300.0
6518.0,10,300.0
6518.0,11,300.0
6518.0,12,300.0
6519.0,10,300.0
6519.0,11,300.0
6519.0,12,300.0
6520.0,10,300.0
6520.0,11,300.0
6520.0,12,300.0
6521.0,10,300.0
6521.0,11,300.0
6521.0,12,300.0
6522.0,10,300.0
6522.0,11,300.0
6522.0,12,300.0
6523.0,10,300.0
6523.0,11,300.0
6523.0,12,300.0
6524.0,10,300.0
6524.0,11,300.0
6524.0,12,300.0
6525.0,10,300.0
6525.0,11,300.0
6525.0,12,300.0
6526.0,10,300.0
6526.0,11,300.0
6526.0,12,300.0
6527.0,10,300.0
6527.0,11,300.0
6527.0,12,300.0
6528.0,10,300.0
6528.0,11,300.0
6528.0,12,300.0
6529.0,10,300.0
6529.0,11,300.0
6529.0,12,300.0
6530.0,10,300.0
6530.0,11,300.0
6530.0,12,300.0
6531.0,10,300.0
6531.0,11,300.0
6531.0,12,300.0
6532.0,10,300.0
6532.0,11,300.0
6532.0,12,300.0
6533.0,10,300.0
6533.0,11,300.0
6533.0,12,300.0
6534.0,10,300.0
6534.0,11,300.0
6534.0,12,300.0
6535.0,10,300.0
6535.0,11,300.0
6535.0,12,300.0
6536.0,10,300.0
6536.0,11,300.0
6536.0,12,300.0
6537.0,10,300.0
6537.0,11,300.0
6537.0,12,300.0
6538.0,10,300.0
6538.0,11,300.0
6538.0,12,300.0
6539.0,10,300.0
6539.0,11,300.0
6539.0,12,300.0
6540.0,10,300.0
6540.0,11,300.0
6540.0,12,300.0
6541.0,10,300.0
6541.0,11,300.0
6541.0,12,300.0
6542.0,10,300.0
6542.0,11,300.0
6542.0,12,300.0
6543.0,10,300.0
6543.0,11,300.0
6543.0,12,300.0
6544.0,10,300.0
6544.0,11,300.0
6544.0,12,300.0
6545.0,10,300.0
6545.0,11,300.0
6545.0,12,300.0
6546.0,10,300.0
6546.0,11,300.0
6546.0,12,300.0
6547.0,10,300.0
6547.0,11,300.0
6547.0,12,300.0
6548.0,10,300.0
6548.0,11,300.0
6548.0,12,300.0
6549.0,10,300.0
6549.0,11,300.0
6549.0,12,300.0
6550.0,10,300.0
6550.0,11,300.0
6550.0,12,300.0
6551.0,10,300.0
6551.0,11,300.0
6551.0,12,300.0
6552.0,10,300.0
6552.0,11,300.0
6552.0,12,300.0
6553.0,10,300.0
6553.0,11,300.0
6553.0,12,300.0
6554.0,10,300.0
6554.0,11,300.0
6554.0,12,300.0
6555.0,10,300.0
6555.0,11,300.0
6555.0,12,300.0
6556.0,10,300.0
6556.0,11,300.0
6556.0,12,300.0
6557.0,10,300.0
6557.0,11,300.0
6557.0,12,300.0
6558.0,10,300.0
6558.0,11,300.0
6558.0,12,300.0
6559.0,10,300.0
6559.0,11,300.0
6559.0,12,300.0
6560.0,10,300.0
6560.0,11,300.0
6560.0,12,300.0
6561.0,10,300.0
6561.0,11,300.0
6561.0,12,300.0
6562.0,10,300.0
6562.0,11,300.0
6562.0,12,300.0
6563.0,10,300.0
6563.0,11,300.0
6563.0,12,300.0
6564.0,10,300.0
6564.0,11,300.0
6564.0,12,300.0
6565.0,10,300.0
6565.0,11,300.0
6565.0,12,300.0
6566.0,10,300.0
6566.0,11,300.0
6566.0,12,300.0
6567.0,10,300.0
6567.0,11,300.0
6567.0,12,300.0
6568.0,10,300.0
6568.0,11,300.0
6568.0,12,300.0
6569.0,10,300.0
6569.0,11,300.0
6569.0,12,300.0
6570.0,10,300.0
6570.0,11,300.0
6570.0,12,300.0
6571.0,10,300.0
6571.0,11,300.0
6571.0,12,300.0
6572.0,10,300.0
6572.0,11,300.0
6572.0,12,300.0
6573.0,10,300.0
6573.0,11,300.0
6573.0,12,300.0
6574.0,10,300.0
6574.0,11,300.0
6574.0,12,300.0
6575.0,10,300.0
6575.0,11,300.0
6575.0,12,300.0
6576.0,10,300.0
6576.0,11,300.0
6576.0,12,300.0
6577.0,10,300.0
6577.0,11,300.0
6577.0,12,300.0
6578.0,10,300.0
6578.0,11,300.0
6578.0,12,300.0
6579.0,10,300.0
6579.0,11,300.0
6579.0,12,300.0
6580.0,10,300.0
6580.0,11,300.0
6580.0,12,300.0
6581.0,10,300.0
6581.0,11,300.0
6581.0,12,300.0
6582.0,10,300.0
6582.0,11,300.0
6582.0,12,300.0
6583.0,10,300.0
6583.0,11,300.0
6583.0,12,300.0
6584.0,10,300.0
6584.0,11,300.0
6584.0,12,300.0
6585.0,10,300.0
6585.0,11,300.0
6585.0,12,300.0
6586.0,10,300.0
6586.0,11,300.0
6586.0,12,300.0
6587.0,10,300.0
6587.0,11,300.0
6587.0,12,300.0
6588.0,10,300.0
6588.0,11,300.0
6588.0,12,300.0
6589.0,10,300.0
6589.0,11,300.0
6589.0,12,300.0
6590.0,10,300.0
6590.0,11,300.0
6590.0,12,300.0
6591.0,10,300.0
6591.0,11,300.0
6591.0,12,300.0
6592.0,10,300.0
6592.0,11,300.0
6592.0,12,300.0
6593.0,10,300.0
6593.0,11,300.0
6593.0,12,300.0
6594.0,10,300.0
6594.0,11,300.0
6594.0,12,300.0
6595.0,10,300.0
6595.0,11,300.0
6595.0,12,300.0
6596.0,10,300.0
6596.0,11,300.0
6596.0,12,300.0
6597.0,10,300.0
6597.0,11,300.0
6597.0,12,300.0
6598.0,10,300.0
6598.0,11,300.0
6598.0,12,300.0
6599.0,10,300.0
6599.0,11,300.0
6599.0,12,300.0
6600.0,10,300.0
6600.0,11,300.0
6600.0,12,300.0
6601.0,10,300.0
6601.0,11,300.0
6601.0,12,300.0
6602.0,10,300.0
6602.0,11,300.0
6602.0,12,300.0
6603.0,10,300.0
6603.0,11,300.0
6603.0,12,300.0
6604.0,10,300.0
6604.0,11,300.0
6604.0,12,300.0
6605.0,10,300.0
6605.0,11,300.0
6605.0,12,300.0
6606.0,10,300.0
6606.0,11,300.0
6606.0,12,300.0
6607.0,10,300.0
6607.0,11,300.0
6607.0,12,300.0
6608.0,10,300.0
6608.0,11,300.0
6608.0,12,300.0
6609.0,10,300.0
6609.0,11,300.0
6609.0,12,300.0
6610.0,10,300.0
6610.0,11,300.0
6610.0,12,300.0
6611.0,10,300.0
6611.0,11,300.0
6611.0,12,300.0
6612.0,10,300.0
6612.0,11,300.0
6612.0,12,300.0
6613.0,10,300.0
6613.0,11,300.0
6613.0,12,300.0
6614.0,10,300.0
6614.0,11,300.0
6614.0,12,300.0
6615.0,10,300.0
6615.0,11,300.0
6615.0,12,300.0
6616.0,10,300.0
6616.0,11,300.0
6616.0,12,300.0
6617.0,10,300.0
6617.0,11,300.0
6617.0,12,300.0
6618.0,10,300.0
6618.0,11,300.0
6618.0,12,300.0
6619.0,10,300.0
6619.0,11,300.0
6619.0,12,300.0
6620.0,10,300.0
6620.0,11,300.0
6620.0,12,300.0
6621.0,10,300.0
6621.0,11,300.0
6621.0,12,300.0
6622.0,10,300.0
6622.0,11,300.0
6622.0,12,300.0
6623.0,10,300.0
6623.0,11,300.0
6623.0,12,300.0
6624.0,10,300.0
6624.0,11,300.0
6624.0,12,300.0
6625.0,10,300.0
6625.0,11,300.0
6625.0,12,300.0
6626.0,10,300.0
6626.0,11,300.0
6626.0,12,300.0
6627.0,10,300.0
6627.0,11,300.0
6627.0,12,300.0
6628.0,10,300.0
6628.0,11,300.0
6628.0,12,300.0
6629.0,10,300.0
6629.0,11,300.0
6629.0,12,300.0
6630.0,10,300.0
6630.0,11,300.0
6630.0,12,300.0
6631.0,10,300.0
6631.0,11,300.0
6631.0,12,300.0
6632.0,10,300.0
6632.0,11,300.0
6632.0,12,300.0
6633.0,10,300.0
6633.0,11,300.0
6633.0,12,300.0
6634.0,10,300.0
6634.0,11,300.0
6634.0,12,300.0
6635.0,10,300.0
6635.0,11,300.0
6635.0,12,300.0
6636.0,10,300.0
6636.0,11,300.0
6636.0,12,300.0
6637.0,10,300.0
6637.0,11,300.0
6637.0,12,300.0
6638.0,10,300.0
6638.0,11,300.0
6638.0,12,300.0
6639.0,10,300.0
6639.0,11,300.0
6639.0,12,300.0
6640.0,10,300.0
6640.0,11,300.0
6640.0,12,300.0
6641.0,10,300.0
6641.0,11,300.0
6641.0,12,300.0
6642.0,10,300.0
6642.0,11,300.0
6642.0,12,300.0
6643.0,10,300.0
6643.0,11,300.0
6643.0,12,300.0
6644.0,10,300.0
6644.0,11,300.0
6644.0,12,300.0
6645.0,10,300.0
6645.0,11,300.0
6645.0,12,300.0
6646.0,10,300.0
6646.0,11,300.0
6646.0,12,300.0
6647.0,10,300.0
6647.0,11,300.0
6647.0,12,300.0
6648.0,10,300.0
6648.0,11,300.0
6648.0,12,300.0
6649.0,10,300.0
6649.0,11,300.0
6649.0,12,300.0
6650.0,10,300.0
6650.0,11,300.0
6650.0,12,300.0
6651.0,10,300.0
6651.0,11,300.0
6651.0,12,300.0
6652.0,10,300.0
6652.0,11,300.0
6652.0,12,300.0
6653.0,10,300.0
6653.0,11,300.0
6653.0,12,300.0
6654.0,10,300.0
6654.0,11,300.0
6654.0,12,300.0
6655.0,10,300.0
6655.0,11,300.0
6655.0,12,300.0
6656.0,10,300.0
6656.0,11,300.0
6656.0,12,300.0
6657.0,10,300.0
6657.0,11,300.0
6657.0,12,300.0
6658.0,10,300.0
6658.0,11,300.0
6658.0,12,300.0
6659.0,10,300.0
6659.0,11,300.0
6659.0,12,300.0
6660.0,10,300.0
6660.0,11,300.0
6660.0,12,300.0
6661.0,10,300.0
6661.0,11,300.0
6661.0,12,300.0
6662.0,10,300.0
6662.0,11,300.0
6662.0,12,300.0
6663.0,10,300.0
6663.0,11,300.0
6663.0,12,300.0
6664.0,10,300.0
6664.0,11,300.0
6664.0,12,300.0
6665.0,10,300.0
6665.0,11,300.0
6665.0,12,300.0
6666.0,10,300.0
6666.0,11,300.0
6666.0,12,300.0
6667.0,10,300.0
6667.0,11,300.0
6667.0,12,300.0
6668.0,10,300.0
6668.0,11,300.0
6668.0,12,300.0
6669.0,10,300.0
6669.0,11,300.0
6669.0,12,300.0
6670.0,10,300.0
6670.0,11,300.0
6670.0,12,300.0
6671.0,10,300.0
6671.0,11,300.0
6671.0,12,300.0
6672.0,10,300.0
6672.0,11,300.0
6672.0,12,300.0
6673.0,10,300.0
6673.0,11,300.0
6673.0,12,300.0
6674.0,10,300.0
6674.0,11,300.0
6674.0,12,300.0
6675.0,10,300.0
6675.0,11,300.0
6675.0,12,300.0
6676.0,10,300.0
6676.0,11,300.0
6676.0,12,300.0
6677.0,10,300.0
6677.0,11,300.0
6677.0,12,300.0
6678.0,10,300.0
6678.0,11,300.0
6678.0,12,300.0
6679.0,10,300.0
6679.0,11,300.0
6679.0,12,300.0
6680.0,10,300.0
6680.0,11,300.0
6680.0,12,300.0
6681.0,10,300.0
6681.0,11,300.0
6681.0,12,300.0
6682.0,10,300.0
6682.0,11,300.0
6682.0,12,300.0
6683.0,10,300.0
6683.0,11,300.0
6683.0,12,300.0
6684.0,10,300.0
6684.0,11,300.0
6684.0,12,300.0
6685.0,10,300.0
6685.0,11,300.0
6685.0,12,300.0
6686.0,10,300.0
6686.0,11,300.0
6686.0,12,300.0
6687.0,10,300.0
6687.0,11,300.0
6687.0,12,300.0
6688.0,10,300.0
6688.0,11,300.0
6688.0,12,300.0
6689.0,10,300.0
6689.0,11,300.0
6689.0,12,300.0
6690.0,10,300.0
6690.0,11,300.0
6690.0,12,300.0
6691.0,10,300.0
6691.0,11,300.0
6691.0,12,300.0
6692.0,10,300.0
6692.0,11,300.0
6692.0,12,300.0
6693.0,10,300.0
6693.0,11,300.0
6693.0,12,300.0
6694.0,10,300.0
6694.0,11,300.0
6694.0,12,300.0
6695.0,10,300.0
6695.0,11,300.0
6695.0,12,300.0
6696.0,10,300.0
6696.0,11,300.0
6696.0,12,300.0
6697.0,10,300.0
6697.0,11,300.0
6697.0,12,300.0
6698.0,10,300.0
6698.0,11,300.0
6698.0,12,300.0
6699.0,10,300.0
6699.0,11,300.0
6699.0,12,300.0
6700.0,10,300.0
6700.0,11,300.0
6700.0,12,300.0
6701.0,10,300.0
6701.0,11,300.0
6701.0,12,300.0
6702.0,10,300.0
6702.0,11,300.0
6702.0,12,300.0
6703.0,10,300.0
6703.0,11,300.0
6703.0,12,300.0
6704.0,10,300.0
6704.0,11,300.0
6704.0,12,300.0
6705.0,10,300.0
6705.0,11,300.0
6705.0,12,300.0
6706.0,10,300.0
6706.0,11,300.0
6706.0,12,300.0
6707.0,10,300.0
6707.0,11,300.0
6707.0,12,300.0
6708.0,10,300.0
6708.0,11,300.0
6708.0,12,300.0
6709.0,10,300.0
6709.0,11,300.0
6709.0,12,300.0
6710.0,10,300.0
6710.0,11,300.0
6710.0,12,300.0
6711.0,10,300.0
6711.0,11,300.0
6711.0,12,300.0
6712.0,10,300.0
6712.0,11,300.0
6712.0,12,300.0
6713.0,10,300.0
6713.0,11,300.0
6713.0,12,300.0
6714.0,10,300.0
6714.0,11,300.0
6714.0,12,300.0
6715.0,10,300.0
6715.0,11,300.0
6715.0,12,300.0
6716.0,10,300.0
6716.0,11,300.0
6716.0,12,300.0
6717.0,10,300.0
6717.0,11,300.0
6717.0,12,300.0
6718.0,10,300.0
6718.0,11,300.0
6718.0,12,300.0
6719.0,10,300.0
6719.0,11,300.0
6719.0,12,300.0
6720.0,10,300.0
6720.0,11,300.0
6720.0,12,300.0
6721.0,10,300.0
6721.0,11,300.0
6721.0,12,300.0
6722.0,10,300.0
6722.0,11,300.0
6722.0,12,300.0
6723.0,10,300.0
6723.0,11,300.0
6723.0,12,300.0
6724.0,10,300.0
6724.0,11,300.0
6724.0,12,300.0
6725.0,10,300.0
6725.0,11,300.0
6725.0,12,300.0
6726.0,10,300.0
6726.0,11,300.0
6726.0,12,300.0
6727.0,10,300.0
6727.0,11,300.0
6727.0,12,300.0
6728.0,10,300.0
6728.0,11,300.0
6728.0,12,300.0
6729.0,10,300.0
6729.0,11,300.0
6729.0,12,300.0
6730.0,10,300.0
6730.0,11,300.0
6730.0,12,300.0
6731.0,10,300.0
6731.0,11,300.0
6731.0,12,300.0
6732.0,10,300.0
6732.0,11,300.0
6732.0,12,300.0
6733.0,10,300.0
6733.0,11,300.0
6733.0,12,300.0
6734.0,10,300.0
6734.0,11,300.0
6734.0,12,300.0
6735.0,10,300.0
6735.0,11,300.0
6735.0,12,300.0
6736.0,10,300.0
6736.0,11,300.0
6736.0,12,300.0
6737.0,10,300.0
6737.0,11,300.0
6737.0,12,300.0
6738.0,10,300.0
6738.0,11,300.0
6738.0,12,300.0
6739.0,10,300.0
6739.0,11,300.0
6739.0,12,300.0
6740.0,10,300.0
6740.0,11,300.0
6740.0,12,300.0
6741.0,10,300.0
6741.0,11,300.0
6741.0,12,300.0
6742.0,10,300.0
6742.0,11,300.0
6742.0,12,300.0
6743.0,10,300.0
6743.0,11,300.0
6743.0,12,300.0
6744.0,10,300.0
6744.0,11,300.0
6744.0,12,300.0
6745.0,10,300.0
6745.0,11,300.0
6745.0,12,300.0
6746.0,10,300.0
6746.0,11,300.0
6746.0,12,300.0
6747.0,10,300.0
6747.0,11,300.0
6747.0,12,300.0
6748.0,10,300.0
6748.0,11,300.0
6748.0,12,300.0
6749.0,10,300.0
6749.0,11,300.0
6749.0,12,300.0
6750.0,10,300.0
6750.0,11,300.0
6750.0,12,300.0
6751.0,10,300.0
6751.0,11,300.0
6751.0,12,300.0
6752.0,10,300.0
6752.0,11,300.0
6752.0,12,300.0
6753.0,10,300.0
6753.0,11,300.0
6753.0,12,300.0
6754.0,10,300.0
6754.0,11,300.0
6754.0,12,300.0
6755.0,10,300.0
6755.0,11,300.0
6755.0,12,300.0
6756.0,10,300.0
6756.0,11,300.0
6756.0,12,300.0
6757.0,10,300.0
6757.0,11,300.0
6757.0,12,300.0
6758.0,10,300.0
6758.0,11,300.0
6758.0,12,300.0
6759.0,10,300.0
6759.0,11,300.0
6759.0,12,300.0
6760.0,10,300.0
6760.0,11,300.0
6760.0,12,300.0
6761.0,10,300.0
6761.0,11,300.0
6761.0,12,300.0
6762.0,10,300.0
6762.0,11,300.0
6762.0,12,300.0
6763.0,10,300.0
6763.0,11,300.0
6763.0,12,300.0
6764.0,10,300.0
6764.0,11,300.0
6764.0,12,300.0
6765.0,10,300.0
6765.0,11,300.0
6765.0,12,300.0
6766.0,10,300.0
6766.0,11,300.0
6766.0,12,300.0
6767.0,10,300.0
6767.0,11,300.0
6767.0,12,300.0
6768.0,10,300.0
6768.0,11,300.0
6768.0,12,300.0
6769.0,10,300.0
6769.0,11,300.0
6769.0,12,300.0
6770.0,10,300.0
6770.0,11,300.0
6770.0,12,300.0
6771.0,10,300.0
6771.0,11,300.0
6771.0,12,300.0
6772.0,10,300.0
6772.0,11,300.0
6772.0,12,300.0
6773.0,10,300.0
6773.0,11,300.0
6773.0,12,300.0
6774.0,10,300.0
6774.0,11,300.0
6774.0,12,300.0
6775.0,10,300.0
6775.0,11,300.0
6775.0,12,300.0
6776.0,10,300.0
6776.0,11,300.0
6776.0,12,300.0
6777.0,10,300.0
6777.0,11,300.0
6777.0,12,300.0
6778.0,10,300.0
6778.0,11,300.0
6778.0,12,300.0
6779.0,10,300.0
6779.0,11,300.0
6779.0,12,300.0
6780.0,10,300.0
6780.0,11,300.0
6780.0,12,300.0
6781.0,10,300.0
6781.0,11,300.0
6781.0,12,300.0
6782.0,10,300.0
6782.0,11,300.0
6782.0,12,300.0
6783.0,10,300.0
6783.0,11,300.0
6783.0,12,300.0
6784.0,10,300.0
6784.0,11,300.0
6784.0,12,300.0
6785.0,10,300.0
6785.0,11,300.0
6785.0,12,300.0
6786.0,10,300.0
6786.0,11,300.0
6786.0,12,300.0
6787.0,10,300.0
6787.0,11,300.0
6787.0,12,300.0
6788.0,10,300.0
6788.0,11,300.0
6788.0,12,300.0
6789.0,10,300.0
6789.0,11,300.0
6789.0,12,300.0
6790.0,10,300.0
6790.0,11,300.0
6790.0,12,300.0
6791.0,10,300.0
6791.0,11,300.0
6791.0,12,300.0
6792.0,10,300.0
6792.0,11,300.0
6792.0,12,300.0
6793.0,10,300.0
6793.0,11,300.0
6793.0,12,300.0
6794.0,10,300.0
6794.0,11,300.0
6794.0,12,300.0
6795.0,10,300.0
6795.0,11,300.0
6795.0,12,300.0
6796.0,10,300.0
6796.0,11,300.0
6796.0,12,300.0
6797.0,10,300.0
6797.0,11,300.0
6797.0,12,300.0
6798.0,10,300.0
6798.0,11,300.0
6798.0,12,300.0
6799.0,10,300.0
6799.0,11,300.0
6799.0,12,300.0
6800.0,10,300.0
6800.0,11,300.0
6800.0,12,300.0
6801.0,10,300.0
6801.0,11,300.0
6801.0,12,300.0
6802.0,10,300.0
6802.0,11,300.0
6802.0,12,300.0
6803.0,10,300.0
6803.0,11,300.0
6803.0,12,300.0
6804.0,10,300.0
6804.0,11,300.0
6804.0,12,300.0
6805.0,10,300.0
6805.0,11,300.0
6805.0,12,300.0
6806.0,10,300.0
6806.0,11,300.0
6806.0,12,300.0
6807.0,10,300.0
6807.0,11,300.0
6807.0,12,300.0
6808.0,10,300.0
6808.0,11,300.0
6808.0,12,300.0
6809.0,10,300.0
6809.0,11,300.0
6809.0,12,300.0
6810.0,10,300.0
6810.0,11,300.0
6810.0,12,300.0
6811.0,10,300.0
6811.0,11,300.0
6811.0,12,300.0
6812.0,10,300.0
6812.0,11,300.0
6812.0,12,300.0
6813.0,10,300.0
6813.0,11,300.0
6813.0,12,300.0
6814.0,10,300.0
6814.0,11,300.0
6814.0,12,300.0
6815.0,10,300.0
6815.0,11,300.0
6815.0,12,300.0
6816.0,10,300.0
6816.0,11,300.0
6816.0,12,300.0
6817.0,10,300.0
6817.0,11,300.0
6817.0,12,300.0
6818.0,10,300.0
6818.0,11,300.0
6818.0,12,300.0
6819.0,10,300.0
6819.0,11,300.0
6819.0,12,300.0
6820.0,10,300.0
6820.0,11,300.0
6820.0,12,300.0
6821.0,10,300.0
6821.0,11,300.0
6821.0,12,300.0
6822.0,10,300.0
6822.0,11,300.0
6822.0,12,300.0
6823.0,10,300.0
6823.0,11,300.0
6823.0,12,300.0
6824.0,10,300.0
6824.0,11,300.0
6824.0,12,300.0
6825.0,10,300.0
6825.0,11,300.0
6825.0,12,300.0
6826.0,10,300.0
6826.0,11,300.0
6826.0,12,300.0
6827.0,10,300.0
6827.0,11,300.0
6827.0,12,300.0
6828.0,10,300.0
6828.0,11,300.0
6828.0,12,300.0
6829.0,10,300.0
6829.0,11,300.0
6829.0,12,300.0
6830.0,10,300.0
6830.0,11,300.0
6830.0,12,300.0
6831.0,10,300.0
6831.0,11,300.0
6831.0,12,300.0
6832.0,10,300.0
6832.0,11,300.0
6832.0,12,300.0
6833.0,10,300.0
6833.0,11,300.0
6833.0,12,300.0
6834.0,10,300.0
6834.0,11,300.0
6834.0,12,300.0
6835.0,10,300.0
6835.0,11,300.0
6835.0,12,300.0
6836.0,10,300.0
6836.0,11,300.0
6836.0,12,300.0
6837.0,10,300.0
6837.0,11,300.0
6837.0,12,300.0
6838.0,10,300.0
6838.0,11,300.0
6838.0,12,300.0
6839.0,10,300.0
6839.0,11,300.0
6839.0,12,300.0
6840.0,10,300.0
6840.0,11,300.0
6840.0,12,300.0
6841.0,10,300.0
6841.0,11,300.0
6841.0,12,300.0
6842.0,10,300.0
6842.0,11,300.0
6842.0,12,300.0
6843.0,10,300.0
6843.0,11,300.0
6843.0,12,300.0
6844.0,10,300.0
6844.0,11,300.0
6844.0,12,300.0
6845.0,10,300.0
6845.0,11,300.0
6845.0,12,300.0
6846.0,10,300.0
6846.0,11,300.0
6846.0,12,300.0
6847.0,10,300.0
6847.0,11,300.0
6847.0,12,300.0
6848.0,10,300.0
6848.0,11,300.0
6848.0,12,300.0
6849.0,10,300.0
6849.0,11,300.0
6849.0,12,300.0
6850.0,10,300.0
6850.0,11,300.0
6850.0,12,300.0
6851.0,10,300.0
6851.0,11,300.0
6851.0,12,300.0
6852.0,10,300.0
6852.0,11,300.0
6852.0,12,300.0
6853.0,10,300.0
6853.0,11,300.0
6853.0,12,300.0
6854.0,10,300.0
6854.0,11,300.0
6854.0,12,300.0
6855.0,10,300.0
6855.0,11,300.0
6855.0,12,300.0
6856.0,10,300.0
6856.0,11,300.0
6856.0,12,300.0
6857.0,10,300.0
6857.0,11,300.0
6857.0,12,300.0
6858.0,10,300.0
6858.0,11,300.0
6858.0,12,300.0
6859.0,10,300.0
6859.0,11,300.0
6859.0,12,300.0
6860.0,10,300.0
6860.0,11,300.0
6860.0,12,300.0
6861.0,10,300.0
6861.0,11,300.0
6861.0,12,300.0
6862.0,10,300.0
6862.0,11,300.0
6862.0,12,300.0
6863.0,10,300.0
6863.0,11,300.0
6863.0,12,300.0
6864.0,10,300.0
6864.0,11,300.0
6864.0,12,300.0
6865.0,10,300.0
6865.0,11,300.0
6865.0,12,300.0
6866.0,10,300.0
6866.0,11,300.0
6866.0,12,300.0
6867.0,10,300.0
6867.0,11,300.0
6867.0,12,300.0
6868.0,10,300.0
6868.0,11,300.0
6868.0,12,300.0
6869.0,10,300.0
6869.0,11,300.0
6869.0,12,300.0
6870.0,10,300.0
6870.0,11,300.0
6870.0,12,300.0
6871.0,10,300.0
6871.0,11,300.0
6871.0,12,300.0
6872.0,10,300.0
6872.0,11,300.0
6872.0,12,300.0
6873.0,10,300.0
6873.0,11,300.0
6873.0,12,300.0
6874.0,10,300.0
6874.0,11,300.0
6874.0,12,300.0
6875.0,10,300.0
6875.0,11,300.0
6875.0,12,300.0
6876.0,10,300.0
6876.0,11,300.0
6876.0,12,300.0
6877.0,10,300.0
6877.0,11,300.0
6877.0,12,300.0
6878.0,10,300.0
6878.0,11,300.0
6878.0,12,300.0
6879.0,10,300.0
6879.0,11,300.0
6879.0,12,300.0
6880.0,10,300.0
6880.0,11,300.0
6880.0,12,300.0
6881.0,10,300.0
6881.0,11,300.0
6881.0,12,300.0
6882.0,10,300.0
6882.0,11,300.0
6882.0,12,300.0
6883.0,10,300.0
6883.0,11,300.0
6883.0,12,300.0
6884.0,10,300.0
6884.0,11,300.0
6884.0,12,300.0
6885.0,10,300.0
6885.0,11,300.0
6885.0,12,300.0
6886.0,10,300.0
6886.0,11,300.0
6886.0,12,300.0
6887.0,10,300.0
6887.0,11,300.0
6887.0,12,300.0
6888.0,10,300.0
6888.0,11,300.0
6888.0,12,300.0
6889.0,10,300.0
6889.0,11,300.0
6889.0,12,300.0
6890.0,10,300.0
6890.0,11,300.0
6890.0,12,300.0
6891.0,10,300.0
6891.0,11,300.0
6891.0,12,300.0
6892.0,10,300.0
6892.0,11,300.0
6892.0,12,300.0
6893.0,10,300.0
6893.0,11,300.0
6893.0,12,300.0
6894.0,10,300.0
6894.0,11,300.0
6894.0,12,300.0
6895.0,10,300.0
6895.0,11,300.0
6895.0,12,300.0
6896.0,10,300.0
6896.0,11,300.0
6896.0,12,300.0
6897.0,10,300.0
6897.0,11,300.0
6897.0,12,300.0
6898.0,10,300.0
6898.0,11,300.0
6898.0,12,300.0
6899.0,10,300.0
6899.0,11,300.0
6899.0,12,300.0
6900.0,10,300.0
6900.0,11,300.0
6900.0,12,300.0
6901.0,10,300.0
6901.0,11,300.0
6901.0,12,300.0
6902.0,10,300.0
6902.0,11,300.0
6902.0,12,300.0
6903.0,10,300.0
6903.0,11,300.0
6903.0,12,300.0
6904.0,10,300.0
6904.0,11,300.0
6904.0,12,300.0
6905.0,10,300.0
6905.0,11,300.0
6905.0,12,300.0
6906.0,10,300.0
6906.0,11,300.0
6906.0,12,300.0
6907.0,10,300.0
6907.0,11,300.0
6907.0,12,300.0
6908.0,10,300.0
6908.0,11,300.0
6908.0,12,300.0
6909.0,10,300.0
6909.0,11,300.0
6909.0,12,300.0
6910.0,10,300.0
6910.0,11,300.0
6910.0,12,300.0
6911.0,10,300.0
6911.0,11,300.0
6911.0,12,300.0
6912.0,10,300.0
6912.0,11,300.0
6912.0,12,300.0
6913.0,10,300.0
6913.0,11,300.0
6913.0,12,300.0
6914.0,10,300.0
6914.0,11,300.0
6914.0,12,300.0
6915.0,10,300.0
6915.0,11,300.0
6915.0,12,300.0
6916.0,10,300.0
6916.0,11,300.0
6916.0,12,300.0
6917.0,10,300.0
6917.0,11,300.0
6917.0,12,300.0
6918.0,10,300.0
6918.0,11,300.0
6918.0,12,300.0
6919.0,10,300.0
6919.0,11,300.0
6919.0,12,300.0
6920.0,10,300.0
6920.0,11,300.0
6920.0,12,300.0
6921.0,10,300.0
6921.0,11,300.0
6921.0,12,300.0
6922.0,10,300.0
6922.0,11,300.0
6922.0,12,300.0
6923.0,10,300.0
6923.0,11,300.0
6923.0,12,300.0
6924.0,10,300.0
6924.0,11,300.0
6924.0,12,300.0
6925.0,10,300.0
6925.0,11,300.0
6925.0,12,300.0
6926.0,10,300.0
6926.0,11,300.0
6926.0,12,300.0
6927.0,10,300.0
6927.0,11,300.0
6927.0,12,300.0
6928.0,10,300.0
6928.0,11,300.0
6928.0,12,300.0
6929.0,10,300.0
6929.0,11,300.0
6929.0,12,300.0
6930.0,10,300.0
6930.0,11,300.0
6930.0,12,300.0
6931.0,10,300.0
6931.0,11,300.0
6931.0,12,300.0
6932.0,10,300.0
6932.0,11,300.0
6932.0,12,300.0
6933.0,10,300.0
6933.0,11,300.0
6933.0,12,300.0
6934.0,10,300.0
6934.0,11,300.0
6934.0,12,300.0
6935.0,10,300.0
6935.0,11,300.0
6935.0,12,300.0
6936.0,10,300.0
6936.0,11,300.0
6936.0,12,300.0
6937.0,10,300.0
6937.0,11,300.0
6937.0,12,300.0
6938.0,10,300.0
6938.0,11,300.0
6938.0,12,300.0
6939.0,10,300.0
6939.0,11,300.0
6939.0,12,300.0
6940.0,10,300.0
6940.0,11,300.0
6940.0,12,300.0
6941.0,10,300.0
6941.0,11,300.0
6941.0,12,300.0
6942.0,10,300.0
6942.0,11,300.0
6942.0,12,300.0
6943.0,10,300.0
6943.0,11,300.0
6943.0,12,300.0
6944.0,10,300.0
6944.0,11,300.0
6944.0,12,300.0
6945.0,10,300.0
6945.0,11,300.0
6945.0,12,300.0
6946.0,10,300.0
6946.0,11,300.0
6946.0,12,300.0
6947.0,10,300.0
6947.0,11,300.0
6947.0,12,300.0
6948.0,10,300.0
6948.0,11,300.0
6948.0,12,300.0
6949.0,10,300.0
6949.0,11,300.0
6949.0,12,300.0
6950.0,10,300.0
6950.0,11,300.0
6950.0,12,300.0
6951.0,10,300.0
6951.0,11,300.0
6951.0,12,300.0
6952.0,10,300.0
6952.0,11,300.0
6952.0,12,300.0
6953.0,10,300.0
6953.0,11,300.0
6953.0,12,300.0
6954.0,10,300.0
6954.0,11,300.0
6954.0,12,300.0
6955.0,10,300.0
6955.0,11,300.0
6955.0,12,300.0
6956.0,10,300.0
6956.0,11,300.0
6956.0,12,300.0
6957.0,10,300.0
6957.0,11,300.0
6957.0,12,300.0
6958.0,10,300.0
6958.0,11,300.0
6958.0,12,300.0
6959.0,10,300.0
6959.0,11,300.0
6959.0,12,300.0
6960.0,10,300.0
6960.0,11,300.0
6960.0,12,300.0
6961.0,10,300.0
6961.0,11,300.0
6961.0,12,300.0
6962.0,10,300.0
6962.0,11,300.0
6962.0,12,300.0
6963.0,10,300.0
6963.0,11,300.0
6963.0,12,300.0
6964.0,10,300.0
6964.0,11,300.0
6964.0,12,300.0
6965.0,10,300.0
6965.0,11,300.0
6965.0,12,300.0
6966.0,10,300.0
6966.0,11,300.0
6966.0,12,300.0
6967.0,10,300.0
6967.0,11,300.0
6967.0,12,300.0
6968.0,10,300.0
6968.0,11,300.0
6968.0,12,300.0
6969.0,10,300.0
6969.0,11,300.0
6969.0,12,300.0
6970.0,10,300.0
6970.0,11,300.0
6970.0,12,300.0
6971.0,10,300.0
6971.0,11,300.0
6971.0,12,300.0
6972.0,10,300.0
6972.0,11,300.0
6972.0,12,300.0
6973.0,10,300.0
6973.0,11,300.0
6973.0,12,300.0
6974.0,10,300.0
6974.0,11,300.0
6974.0,12,300.0
6975.0,10,300.0
6975.0,11,300.0
6975.0,12,300.0
6976.0,10,300.0
6976.0,11,300.0
6976.0,12,300.0
6977.0,10,300.0
6977.0,11,300.0
6977.0,12,300.0
6978.0,10,300.0
6978.0,11,300.0
6978.0,12,300.0
6979.0,10,300.0
6979.0,11,300.0
6979.0,12,300.0
6980.0,10,300.0
6980.0,11,300.0
6980.0,12,300.0
6981.0,10,300.0
6981.0,11,300.0
6981.0,12,300.0
6982.0,10,300.0
6982.0,11,300.0
6982.0,12,300.0
6983.0,10,300.0
6983.0,11,300.0
6983.0,12,300.0
6984.0,10,300.0
6984.0,11,300.0
6984.0,12,300.0
6985.0,10,300.0
6985.0,11,300.0
6985.0,12,300.0
6986.0,10,300.0
6986.0,11,300.0
6986.0,12,300.0
6987.0,10,300.0
6987.0,11,300.0
6987.0,12,300.0
6988.0,10,300.0
6988.0,11,300.0
6988.0,12,300.0
6989.0,10,300.0
6989.0,11,300.0
6989.0,12,300.0
6990.0,10,300.0
6990.0,11,300.0
6990.0,12,300.0
6991.0,10,300.0
6991.0,11,300.0
6991.0,12,300.0
6992.0,10,300.0
6992.0,11,300.0
6992.0,12,300.0
6993.0,10,300.0
6993.0,11,300.0
6993.0,12,300.0
6994.0,10,300.0
6994.0,11,300.0
6994.0,12,300.0
6995.0,10,300.0
6995.0,11,300.0
6995.0,12,300.0
6996.0,10,300.0
6996.0,11,300.0
6996.0,12,300.0
6997.0,10,300.0
6997.0,11,300.0
6997.0,12,300.0
6998.0,10,300.0
6998.0,11,300.0
6998.0,12,300.0
6999.0,10,300.0
6999.0,11,300.0
6999.0,12,300.0
7000.0,10,300.0
7000.0,11,300.0
7000.0,12,300.0
7001.0,10,300.0
7001.0,11,300.0
7001.0,12,300.0
7002.0,10,300.0
7002.0,11,300.0
7002.0,12,300.0
7003.0,10,300.0
7003.0,11,300.0
7003.0,12,300.0
7004.0,10,300.0
7004.0,11,300.0
7004.0,12,300.0
7005.0,10,300.0
7005.0,11,300.0
7005.0,12,300.0
7006.0,10,300.0
7006.0,11,300.0
7006.0,12,300.0
7007.0,10,300.0
7007.0,11,300.0
7007.0,12,300.0
7008.0,10,300.0
7008.0,11,300.0
7008.0,12,300.0
7009.0,10,300.0
7009.0,11,300.0
7009.0,12,300.0
7010.0,10,300.0
7010.0,11,300.0
7010.0,12,300.0
7011.0,10,300.0
7011.0,11,300.0
7011.0,12,300.0
7012.0,10,300.0
7012.0,11,300.0
7012.0,12,300.0
7013.0,10,300.0
7013.0,11,300.0
7013.0,12,300.0
7014.0,10,300.0
7014.0,11,300.0
7014.0,12,300.0
7015.0,10,300.0
7015.0,11,300.0
7015.0,12,300.0
7016.0,10,300.0
7016.0,11,300.0
7016.0,12,300.0
7017.0,10,300.0
7017.0,11,300.0
7017.0,12,300.0
7018.0,10,300.0
7018.0,11,300.0
7018.0,12,300.0
7019.0,10,300.0
7019.0,11,300.0
7019.0,12,300.0
7020.0,10,300.0
7020.0,11,300.0
7020.0,12,300.0
7021.0,10,300.0
7021.0,11,300.0
7021.0,12,300.0
7022.0,10,300.0
7022.0,11,300.0
7022.0,12,300.0
7023.0,10,300.0
7023.0,11,300.0
7023.0,12,300.0
7024.0,10,300.0
7024.0,11,300.0
7024.0,12,300.0
7025.0,10,300.0
7025.0,11,300.0
7025.0,12,300.0
7026.0,10,300.0
7026.0,11,300.0
7026.0,12,300.0
7027.0,10,300.0
7027.0,11,300.0
7027.0,12,300.0
7028.0,10,300.0
7028.0,11,300.0
7028.0,12,300.0
7029.0,10,300.0
7029.0,11,300.0
7029.0,12,300.0
7030.0,10,300.0
7030.0,11,300.0
7030.0,12,300.0
7031.0,10,300.0
7031.0,11,300.0
7031.0,12,300.0
7032.0,10,300.0
7032.0,11,300.0
7032.0,12,300.0
7033.0,10,300.0
7033.0,11,300.0
7033.0,12,300.0
7034.0,10,300.0
7034.0,11,300.0
7034.0,12,300.0
7035.0,10,300.0
7035.0,11,300.0
7035.0,12,300.0
7036.0,10,300.0
7036.0,11,300.0
7036.0,12,300.0
7037.0,10,300.0
7037.0,11,300.0
7037.0,12,300.0
7038.0,10,300.0
7038.0,11,300.0
7038.0,12,300.0
7039.0,10,300.0
7039.0,11,300.0
7039.0,12,300.0
7040.0,10,300.0
7040.0,11,300.0
7040.0,12,300.0
7041.0,10,300.0
7041.0,11,300.0
7041.0,12,300.0
7042.0,10,300.0
7042.0,11,300.0
7042.0,12,300.0
7043.0,10,300.0
7043.0,11,300.0
7043.0,12,300.0
7044.0,10,300.0
7044.0,11,300.0
7044.0,12,300.0
7045.0,10,300.0
7045.0,11,300.0
7045.0,12,300.0
7046.0,10,300.0
7046.0,11,300.0
7046.0,12,300.0
7047.0,10,300.0
7047.0,11,300.0
7047.0,12,300.0
7048.0,10,300.0
7048.0,11,300.0
7048.0,12,300.0
7049.0,10,300.0
7049.0,11,300.0
7049.0,12,300.0
7050.0,10,300.0
7050.0,11,300.0
7050.0,12,300.0
7051.0,10,300.0
7051.0,11,300.0
7051.0,12,300.0
7052.0,10,300.0
7052.0,11,300.0
7052.0,12,300.0
7053.0,10,300.0
7053.0,11,300.0
7053.0,12,300.0
7054.0,10,300.0
7054.0,11,300.0
7054.0,12,300.0
7055.0,10,300.0
7055.0,11,300.0
7055.0,12,300.0
7056.0,10,300.0
7056.0,11,300.0
7056.0,12,300.0
7057.0,10,300.0
7057.0,11,300.0
7057.0,12,300.0
7058.0,10,300.0
7058.0,11,300.0
7058.0,12,300.0
7059.0,10,300.0
7059.0,11,300.0
7059.0,12,300.0
7060.0,10,300.0
7060.0,11,300.0
7060.0,12,300.0
7061.0,10,300.0
7061.0,11,300.0
7061.0,12,300.0
7062.0,10,300.0
7062.0,11,300.0
7062.0,12,300.0
7063.0,10,300.0
7063.0,11,300.0
7063.0,12,300.0
7064.0,10,300.0
7064.0,11,300.0
7064.0,12,300.0
7065.0,10,300.0
7065.0,11,300.0
7065.0,12,300.0
7066.0,10,300.0
7066.0,11,300.0
7066.0,12,300.0
7067.0,10,300.0
7067.0,11,300.0
7067.0,12,300.0
7068.0,10,300.0
7068.0,11,300.0
7068.0,12,300.0
7069.0,10,300.0
7069.0,11,300.0
7069.0,12,300.0
7070.0,10,300.0
7070.0,11,300.0
7070.0,12,300.0
7071.0,10,300.0
7071.0,11,300.0
7071.0,12,300.0
7072.0,10,300.0
7072.0,11,300.0
7072.0,12,300.0
7073.0,10,300.0
7073.0,11,300.0
7073.0,12,300.0
7074.0,10,300.0
7074.0,11,300.0
7074.0,12,300.0
7075.0,10,300.0
7075.0,11,300.0
7075.0,12,300.0
7076.0,10,300.0
7076.0,11,300.0
7076.0,12,300.0
7077.0,10,300.0
7077.0,11,300.0
7077.0,12,300.0
7078.0,10,300.0
7078.0,11,300.0
7078.0,12,300.0
7079.0,10,300.0
7079.0,11,300.0
7079.0,12,300.0
7080.0,10,300.0
7080.0,11,300.0
7080.0,12,300.0
7081.0,10,300.0
7081.0,11,300.0
7081.0,12,300.0
7082.0,10,300.0
7082.0,11,300.0
7082.0,12,300.0
7083.0,10,300.0
7083.0,11,300.0
7083.0,12,300.0
7084.0,10,300.0
7084.0,11,300.0
7084.0,12,300.0
7085.0,10,300.0
7085.0,11,300.0
7085.0,12,300.0
7086.0,10,300.0
7086.0,11,300.0
7086.0,12,300.0
7087.0,10,300.0
7087.0,11,300.0
7087.0,12,300.0
7088.0,10,300.0
7088.0,11,300.0
7088.0,12,300.0
7089.0,10,300.0
7089.0,11,300.0
7089.0,12,300.0
7090.0,10,300.0
7090.0,11,300.0
7090.0,12,300.0
7091.0,10,300.0
7091.0,11,300.0
7091.0,12,300.0
7092.0,10,300.0
7092.0,11,300.0
7092.0,12,300.0
7093.0,10,300.0
7093.0,11,300.0
7093.0,12,300.0
7094.0,10,300.0
7094.0,11,300.0
7094.0,12,300.0
7095.0,10,300.0
7095.0,11,300.0
7095.0,12,300.0
7096.0,10,300.0
7096.0,11,300.0
7096.0,12,300.0
7097.0,10,300.0
7097.0,11,300.0
7097.0,12,300.0
7098.0,10,300.0
7098.0,11,300.0
7098.0,12,300.0
7099.0,10,300.0
7099.0,11,300.0
7099.0,12,300.0
7100.0,10,300.0
7100.0,11,300.0
7100.0,12,300.0
7101.0,10,300.0
7101.0,11,300.0
7101.0,12,300.0
7102.0,10,300.0
7102.0,11,300.0
7102.0,12,300.0
7103.0,10,300.0
7103.0,11,300.0
7103.0,12,300.0
7104.0,10,300.0
7104.0,11,300.0
7104.0,12,300.0
7105.0,10,300.0
7105.0,11,300.0
7105.0,12,300.0
7106.0,10,300.0
7106.0,11,300.0
7106.0,12,300.0
7107.0,10,300.0
7107.0,11,300.0
7107.0,12,300.0
7108.0,10,300.0
7108.0,11,300.0
7108.0,12,300.0
7109.0,10,300.0
7109.0,11,300.0
7109.0,12,300.0
7110.0,10,300.0
7110.0,11,300.0
7110.0,12,300.0
7111.0,10,300.0
7111.0,11,300.0
7111.0,12,300.0
7112.0,10,300.0
7112.0,11,300.0
7112.0,12,300.0
7113.0,10,300.0
7113.0,11,300.0
7113.0,12,300.0
7114.0,10,300.0
7114.0,11,300.0
7114.0,12,300.0
7115.0,10,300.0
7115.0,11,300.0
7115.0,12,300.0
7116.0,10,300.0
7116.0,11,300.0
7116.0,12,300.0
7117.0,10,300.0
7117.0,11,300.0
7117.0,12,300.0
7118.0,10,300.0
7118.0,11,300.0
7118.0,12,300.0
7119.0,10,300.0
7119.0,11,300.0
7119.0,12,300.0
7120.0,10,300.0
7120.0,11,300.0
7120.0,12,300.0
7121.0,10,300.0
7121.0,11,300.0
7121.0,12,300.0
7122.0,10,300.0
7122.0,11,300.0
7122.0,12,300.0
7123.0,10,300.0
7123.0,11,300.0
7123.0,12,300.0
7124.0,10,300.0
7124.0,11,300.0
7124.0,12,300.0
7125.0,10,300.0
7125.0,11,300.0
7125.0,12,300.0
7126.0,10,300.0
7126.0,11,300.0
7126.0,12,300.0
7127.0,10,300.0
7127.0,11,300.0
7127.0,12,300.0
7128.0,10,300.0
7128.0,11,300.0
7128.0,12,300.0
7129.0,10,300.0
7129.0,11,300.0
7129.0,12,300.0
7130.0,10,300.0
7130.0,11,300.0
7130.0,12,300.0
7131.0,10,300.0
7131.0,11,300.0
7131.0,12,300.0
7132.0,10,300.0
7132.0,11,300.0
7132.0,12,300.0
7133.0,10,300.0
7133.0,11,300.0
7133.0,12,300.0
7134.0,10,300.0
7134.0,11,300.0
7134.0,12,300.0
7135.0,10,300.0
7135.0,11,300.0
7135.0,12,300.0
7136.0,10,300.0
7136.0,11,300.0
7136.0,12,300.0
7137.0,10,300.0
7137.0,11,300.0
7137.0,12,300.0
7138.0,10,300.0
7138.0,11,300.0
7138.0,12,300.0
7139.0,10,300.0
7139.0,11,300.0
7139.0,12,300.0
7140.0,10,300.0
7140.0,11,300.0
7140.0,12,300.0
7141.0,10,300.0
7141.0,11,300.0
7141.0,12,300.0
7142.0,10,300.0
7142.0,11,300.0
7142.0,12,300.0
7143.0,10,300.0
7143.0,11,300.0
7143.0,12,300.0
7144.0,10,300.0
7144.0,11,300.0
7144.0,12,300.0
7145.0,10,300.0
7145.0,11,300.0
7145.0,12,300.0
7146.0,10,300.0
7146.0,11,300.0
7146.0,12,300.0
7147.0,10,300.0
7147.0,11,300.0
7147.0,12,300.0
7148.0,10,300.0
7148.0,11,300.0
7148.0,12,300.0
7149.0,10,300.0
7149.0,11,300.0
7149.0,12,300.0
7150.0,10,300.0
7150.0,11,300.0
7150.0,12,300.0
7151.0,10,300.0
7151.0,11,300.0
7151.0,12,300.0
7152.0,10,300.0
7152.0,11,300.0
7152.0,12,300.0
7153.0,10,300.0
7153.0,11,300.0
7153.0,12,300.0
7154.0,10,300.0
7154.0,11,300.0
7154.0,12,300.0
7155.0,10,300.0
7155.0,11,300.0
7155.0,12,300.0
7156.0,10,300.0
7156.0,11,300.0
7156.0,12,300.0
7157.0,10,300.0
7157.0,11,300.0
7157.0,12,300.0
7158.0,10,300.0
7158.0,11,300.0
7158.0,12,300.0
7159.0,10,300.0
7159.0,11,300.0
7159.0,12,300.0
7160.0,10,300.0
7160.0,11,300.0
7160.0,12,300.0
7161.0,10,300.0
7161.0,11,300.0
7161.0,12,300.0
7162.0,10,300.0
7162.0,11,300.0
7162.0,12,300.0
7163.0,10,300.0
7163.0,11,300.0
7163.0,12,300.0
7164.0,10,300.0
7164.0,11,300.0
7164.0,12,300.0
7165.0,10,300.0
7165.0,11,300.0
7165.0,12,300.0
7166.0,10,300.0
7166.0,11,300.0
7166.0,12,300.0
7167.0,10,300.0
7167.0,11,300.0
7167.0,12,300.0
7168.0,10,300.0
7168.0,11,300.0
7168.0,12,300.0
7169.0,10,300.0
7169.0,11,300.0
7169.0,12,300.0
7170.0,10,300.0
7170.0,11,300.0
7170.0,12,300.0
7171.0,10,300.0
7171.0,11,300.0
7171.0,12,300.0
7172.0,10,300.0
7172.0,11,300.0
7172.0,12,300.0
7173.0,10,300.0
7173.0,11,300.0
7173.0,12,300.0
7174.0,10,300.0
7174.0,11,300.0
7174.0,12,300.0
7175.0,10,300.0
7175.0,11,300.0
7175.0,12,300.0
7176.0,10,300.0
7176.0,11,300.0
7176.0,12,300.0
7177.0,10,300.0
7177.0,11,300.0
7177.0,12,300.0
7178.0,10,300.0
7178.0,11,300.0
7178.0,12,300.0
7179.0,10,300.0
7179.0,11,300.0
7179.0,12,300.0
7180.0,10,300.0
7180.0,11,300.0
7180.0,12,300.0
7181.0,10,300.0
7181.0,11,300.0
7181.0,12,300.0
7182.0,10,300.0
7182.0,11,300.0
7182.0,12,300.0
7183.0,10,300.0
7183.0,11,300.0
7183.0,12,300.0
7184.0,10,300.0
7184.0,11,300.0
7184.0,12,300.0
7185.0,10,300.0
7185.0,11,300.0
7185.0,12,300.0
7186.0,10,300.0
7186.0,11,300.0
7186.0,12,300.0
7187.0,10,300.0
7187.0,11,300.0
7187.0,12,300.0
7188.0,10,300.0
7188.0,11,300.0
7188.0,12,300.0
7189.0,10,300.0
7189.0,11,300.0
7189.0,12,300.0
7190.0,10,300.0
7190.0,11,300.0
7190.0,12,300.0
7191.0,10,300.0
7191.0,11,300.0
7191.0,12,300.0
7192.0,10,300.0
7192.0,11,300.0
7192.0,12,300.0
7193.0,10,300.0
7193.0,11,300.0
7193.0,12,300.0
7194.0,10,300.0
7194.0,11,300.0
7194.0,12,300.0
7195.0,10,300.0
7195.0,11,300.0
7195.0,12,300.0
7196.0,10,300.0
7196.0,11,300.0
7196.0,12,300.0
7197.0,10,300.0
7197.0,11,300.0
7197.0,12,300.0
7198.0,10,300.0
7198.0,11,300.0
7198.0,12,300.0
7199.0,10,300.0
7199.0,11,300.0
7199.0,12,300.0
7200.0,10,300.0
7200.0,11,300.0
7200.0,12,300.0
7201.0,10,300.0
7201.0,11,300.0
7201.0,12,300.0
7202.0,10,300.0
7202.0,11,300.0
7202.0,12,300.0
7203.0,10,300.0
7203.0,11,300.0
7203.0,12,300.0
7204.0,10,300.0
7204.0,11,300.0
7204.0,12,300.0
7205.0,10,300.0
7205.0,11,300.0
7205.0,12,300.0
7206.0,10,300.0
7206.0,11,300.0
7206.0,12,300.0
7207.0,10,300.0
7207.0,11,300.0
7207.0,12,300.0
7208.0,10,300.0
7208.0,11,300.0
7208.0,12,300.0
7209.0,10,300.0
7209.0,11,300.0
7209.0,12,300.0
7210.0,10,300.0
7210.0,11,300.0
7210.0,12,300.0
7211.0,10,300.0
7211.0,11,300.0
7211.0,12,300.0
7212.0,10,300.0
7212.0,11,300.0
7212.0,12,300.0
7213.0,10,300.0
7213.0,11,300.0
7213.0,12,300.0
7214.0,10,300.0
7214.0,11,300.0
7214.0,12,300.0
7215.0,10,300.0
7215.0,11,300.0
7215.0,12,300.0
7216.0,10,300.0
7216.0,11,300.0
7216.0,12,300.0
7217.0,10,300.0
7217.0,11,300.0
7217.0,12,300.0
7218.0,10,300.0
7218.0,11,300.0
7218.0,12,300.0
7219.0,10,300.0
7219.0,11,300.0
7219.0,12,300.0
7220.0,10,300.0
7220.0,11,300.0
7220.0,12,300.0
7221.0,10,300.0
7221.0,11,300.0
7221.0,12,300.0
7222.0,10,300.0
7222.0,11,300.0
7222.0,12,300.0
7223.0,10,300.0
7223.0,11,300.0
7223.0,12,300.0
7224.0,10,300.0
7224.0,11,300.0
7224.0,12,300.0
7225.0,10,300.0
7225.0,11,300.0
7225.0,12,300.0
7226.0,10,300.0
7226.0,11,300.0
7226.0,12,300.0
7227.0,10,300.0
7227.0,11,300.0
7227.0,12,300.0
7228.0,10,300.0
7228.0,11,300.0
7228.0,12,300.0
7229.0,10,300.0
7229.0,11,300.0
7229.0,12,300.0
7230.0,10,300.0
7230.0,11,300.0
7230.0,12,300.0
7231.0,10,300.0
7231.0,11,300.0
7231.0,12,300.0
7232.0,10,300.0
7232.0,11,300.0
7232.0,12,300.0
7233.0,10,300.0
7233.0,11,300.0
7233.0,12,300.0
7234.0,10,300.0
7234.0,11,300.0
7234.0,12,300.0
7235.0,10,300.0
7235.0,11,300.0
7235.0,12,300.0
7236.0,10,300.0
7236.0,11,300.0
7236.0,12,300.0
7237.0,10,300.0
7237.0,11,300.0
7237.0,12,300.0
7238.0,10,300.0
7238.0,11,300.0
7238.0,12,300.0
7239.0,10,300.0
7239.0,11,300.0
7239.0,12,300.0
7240.0,10,300.0
7240.0,11,300.0
7240.0,12,300.0
7241.0,10,300.0
7241.0,11,300.0
7241.0,12,300.0
7242.0,10,300.0
7242.0,11,300.0
7242.0,12,300.0
7243.0,10,300.0
7243.0,11,300.0
7243.0,12,300.0
7244.0,10,300.0
7244.0,11,300.0
7244.0,12,300.0
7245.0,10,300.0
7245.0,11,300.0
7245.0,12,300.0
7246.0,10,300.0
7246.0,11,300.0
7246.0,12,300.0
7247.0,10,300.0
7247.0,11,300.0
7247.0,12,300.0
7248.0,10,300.0
7248.0,11,300.0
7248.0,12,300.0
7249.0,10,300.0
7249.0,11,300.0
7249.0,12,300.0
7250.0,10,300.0
7250.0,11,300.0
7250.0,12,300.0
7251.0,10,300.0
7251.0,11,300.0
7251.0,12,300.0
7252.0,10,300.0
7252.0,11,300.0
7252.0,12,300.0
7253.0,10,300.0
7253.0,11,300.0
7253.0,12,300.0
7254.0,10,300.0
7254.0,11,300.0
7254.0,12,300.0
7255.0,10,300.0
7255.0,11,300.0
7255.0,12,300.0
7256.0,10,300.0
7256.0,11,300.0
7256.0,12,300.0
7257.0,10,300.0
7257.0,11,300.0
7257.0,12,300.0
7258.0,10,300.0
7258.0,11,300.0
7258.0,12,300.0
7259.0,10,300.0
7259.0,11,300.0
7259.0,12,300.0
7260.0,10,300.0
7260.0,11,300.0
7260.0,12,300.0
7261.0,10,300.0
7261.0,11,300.0
7261.0,12,300.0
7262.0,10,300.0
7262.0,11,300.0
7262.0,12,300.0
7263.0,10,300.0
7263.0,11,300.0
7263.0,12,300.0
7264.0,10,300.0
7264.0,11,300.0
7264.0,12,300.0
7265.0,10,300.0
7265.0,11,300.0
7265.0,12,300.0
7266.0,10,300.0
7266.0,11,300.0
7266.0,12,300.0
7267.0,10,300.0
7267.0,11,300.0
7267.0,12,300.0
7268.0,10,300.0
7268.0,11,300.0
7268.0,12,300.0
7269.0,10,300.0
7269.0,11,300.0
7269.0,12,300.0
7270.0,10,300.0
7270.0,11,300.0
7270.0,12,300.0
7271.0,10,300.0
7271.0,11,300.0
7271.0,12,300.0
7272.0,10,300.0
7272.0,11,300.0
7272.0,12,300.0
7273.0,10,300.0
7273.0,11,300.0
7273.0,12,300.0
7274.0,10,300.0
7274.0,11,300.0
7274.0,12,300.0
7275.0,10,300.0
7275.0,11,300.0
7275.0,12,300.0
7276.0,10,300.0
7276.0,11,300.0
7276.0,12,300.0
7277.0,10,300.0
7277.0,11,300.0
7277.0,12,300.0
7278.0,10,300.0
7278.0,11,300.0
7278.0,12,300.0
7279.0,10,300.0
7279.0,11,300.0
7279.0,12,300.0
7280.0,10,300.0
7280.0,11,300.0
7280.0,12,300.0
7281.0,10,300.0
7281.0,11,300.0
7281.0,12,300.0
7282.0,10,300.0
7282.0,11,300.0
7282.0,12,300.0
7283.0,10,300.0
7283.0,11,300.0
7283.0,12,300.0
7284.0,10,300.0
7284.0,11,300.0
7284.0,12,300.0
7285.0,10,300.0
7285.0,11,300.0
7285.0,12,300.0
7286.0,10,300.0
7286.0,11,300.0
7286.0,12,300.0
7287.0,10,300.0
7287.0,11,300.0
7287.0,12,300.0
7288.0,10,300.0
7288.0,11,300.0
7288.0,12,300.0
7289.0,10,300.0
7289.0,11,300.0
7289.0,12,300.0
7290.0,10,300.0
7290.0,11,300.0
7290.0,12,300.0
7291.0,10,300.0
7291.0,11,300.0
7291.0,12,300.0
7292.0,10,300.0
7292.0,11,300.0
7292.0,12,300.0
7293.0,10,300.0
7293.0,11,300.0
7293.0,12,300.0
7294.0,10,300.0
7294.0,11,300.0
7294.0,12,300.0
7295.0,10,300.0
7295.0,11,300.0
7295.0,12,300.0
7296.0,10,300.0
7296.0,11,300.0
7296.0,12,300.0
7297.0,10,300.0
7297.0,11,300.0
7297.0,12,300.0
7298.0,10,300.0
7298.0,11,300.0
7298.0,12,300.0
7299.0,10,300.0
7299.0,11,300.0
7299.0,12,300.0
7300.0,10,300.0
7300.0,11,300.0
7300.0,12,300.0
7301.0,10,300.0
7301.0,11,300.0
7301.0,12,300.0
7302.0,10,300.0
7302.0,11,300.0
7302.0,12,300.0
7303.0,10,300.0
7303.0,11,300.0
7303.0,12,300.0
7304.0,10,300.0
7304.0,11,300.0
7304.0,12,300.0
7305.0,10,300.0
7305.0,11,300.0
7305.0,12,300.0
7306.0,10,300.0
7306.0,11,300.0
7306.0,12,300.0
7307.0,10,300.0
7307.0,11,300.0
7307.0,12,300.0
7308.0,10,300.0
7308.0,11,300.0
7308.0,12,300.0
7309.0,10,300.0
7309.0,11,300.0
7309.0,12,300.0
7310.0,10,300.0
7310.0,11,300.0
7310.0,12,300.0
7311.0,10,300.0
7311.0,11,300.0
7311.0,12,300.0
7312.0,10,300.0
7312.0,11,300.0
7312.0,12,300.0
7313.0,10,300.0
7313.0,11,300.0
7313.0,12,300.0
7314.0,10,300.0
7314.0,11,300.0
7314.0,12,300.0
7315.0,10,300.0
7315.0,11,300.0
7315.0,12,300.0
7316.0,10,300.0
7316.0,11,300.0
7316.0,12,300.0
7317.0,10,300.0
7317.0,11,300.0
7317.0,12,300.0
7318.0,10,300.0
7318.0,11,300.0
7318.0,12,300.0
7319.0,10,300.0
7319.0,11,300.0
7319.0,12,300.0
7320.0,10,300.0
7320.0,11,300.0
7320.0,12,300.0
7321.0,10,300.0
7321.0,11,300.0
7321.0,12,300.0
7322.0,10,300.0
7322.0,11,300.0
7322.0,12,300.0
7323.0,10,300.0
7323.0,11,300.0
7323.0,12,300.0
7324.0,10,300.0
7324.0,11,300.0
7324.0,12,300.0
7325.0,10,300.0
7325.0,11,300.0
7325.0,12,300.0
7326.0,10,300.0
7326.0,11,300.0
7326.0,12,300.0
7327.0,10,300.0
7327.0,11,300.0
7327.0,12,300.0
7328.0,10,300.0
7328.0,11,300.0
7328.0,12,300.0
7329.0,10,300.0
7329.0,11,300.0
7329.0,12,300.0
7330.0,10,300.0
7330.0,11,300.0
7330.0,12,300.0
7331.0,10,300.0
7331.0,11,300.0
7331.0,12,300.0
7332.0,10,300.0
7332.0,11,300.0
7332.0,12,300.0
7333.0,10,300.0
7333.0,11,300.0
7333.0,12,300.0
7334.0,10,300.0
7334.0,11,300.0
7334.0,12,300.0
7335.0,10,300.0
7335.0,11,300.0
7335.0,12,300.0
7336.0,10,300.0
7336.0,11,300.0
7336.0,12,300.0
7337.0,10,300.0
7337.0,11,300.0
7337.0,12,300.0
7338.0,10,300.0
7338.0,11,300.0
7338.0,12,300.0
7339.0,10,300.0
7339.0,11,300.0
7339.0,12,300.0
7340.0,10,300.0
7340.0,11,300.0
7340.0,12,300.0
7341.0,10,300.0
7341.0,11,300.0
7341.0,12,300.0
7342.0,10,300.0
7342.0,11,300.0
7342.0,12,300.0
7343.0,10,300.0
7343.0,11,300.0
7343.0,12,300.0
7344.0,10,300.0
7344.0,11,300.0
7344.0,12,300.0
7345.0,10,300.0
7345.0,11,300.0
7345.0,12,300.0
7346.0,10,300.0
7346.0,11,300.0
7346.0,12,300.0
7347.0,10,300.0
7347.0,11,300.0
7347.0,12,300.0
7348.0,10,300.0
7348.0,11,300.0
7348.0,12,300.0
7349.0,10,300.0
7349.0,11,300.0
7349.0,12,300.0
7350.0,10,300.0
7350.0,11,300.0
7350.0,12,300.0
7351.0,10,300.0
7351.0,11,300.0
7351.0,12,300.0
7352.0,10,300.0
7352.0,11,300.0
7352.0,12,300.0
7353.0,10,300.0
7353.0,11,300.0
7353.0,12,300.0
7354.0,10,300.0
7354.0,11,300.0
7354.0,12,300.0
7355.0,10,300.0
7355.0,11,300.0
7355.0,12,300.0
7356.0,10,300.0
7356.0,11,300.0
7356.0,12,300.0
7357.0,10,300.0
7357.0,11,300.0
7357.0,12,300.0
7358.0,10,300.0
7358.0,11,300.0
7358.0,12,300.0
7359.0,10,300.0
7359.0,11,300.0
7359.0,12,300.0
7360.0,10,300.0
7360.0,11,300.0
7360.0,12,300.0
7361.0,10,300.0
7361.0,11,300.0
7361.0,12,300.0
7362.0,10,300.0
7362.0,11,300.0
7362.0,12,300.0
7363.0,10,300.0
7363.0,11,300.0
7363.0,12,300.0
7364.0,10,300.0
7364.0,11,300.0
7364.0,12,300.0
7365.0,10,300.0
7365.0,11,300.0
7365.0,12,300.0
7366.0,10,300.0
7366.0,11,300.0
7366.0,12,300.0
7367.0,10,300.0
7367.0,11,300.0
7367.0,12,300.0
7368.0,10,300.0
7368.0,11,300.0
7368.0,12,300.0
7369.0,10,300.0
7369.0,11,300.0
7369.0,12,300.0
7370.0,10,300.0
7370.0,11,300.0
7370.0,12,300.0
7371.0,10,300.0
7371.0,11,300.0
7371.0,12,300.0
7372.0,10,300.0
7372.0,11,300.0
7372.0,12,300.0
7373.0,10,300.0
7373.0,11,300.0
7373.0,12,300.0
7374.0,10,300.0
7374.0,11,300.0
7374.0,12,300.0
7375.0,10,300.0
7375.0,11,300.0
7375.0,12,300.0
7376.0,10,300.0
7376.0,11,300.0
7376.0,12,300.0
7377.0,10,300.0
7377.0,11,300.0
7377.0,12,300.0
7378.0,10,300.0
7378.0,11,300.0
7378.0,12,300.0
7379.0,10,300.0
7379.0,11,300.0
7379.0,12,300.0
7380.0,10,300.0
7380.0,11,300.0
7380.0,12,300.0
7381.0,10,300.0
7381.0,11,300.0
7381.0,12,300.0
7382.0,10,300.0
7382.0,11,300.0
7382.0,12,300.0
7383.0,10,300.0
7383.0,11,300.0
7383.0,12,300.0
7384.0,10,300.0
7384.0,11,300.0
7384.0,12,300.0
7385.0,10,300.0
7385.0,11,300.0
7385.0,12,300.0
7386.0,10,300.0
7386.0,11,300.0
7386.0,12,300.0
7387.0,10,300.0
7387.0,11,300.0
7387.0,12,300.0
7388.0,10,300.0
7388.0,11,300.0
7388.0,12,300.0
7389.0,10,300.0
7389.0,11,300.0
7389.0,12,300.0
7390.0,10,300.0
7390.0,11,300.0
7390.0,12,300.0
7391.0,10,300.0
7391.0,11,300.0
7391.0,12,300.0
7392.0,10,300.0
7392.0,11,300.0
7392.0,12,300.0
7393.0,10,300.0
7393.0,11,300.0
7393.0,12,300.0
7394.0,10,300.0
7394.0,11,300.0
7394.0,12,300.0
7395.0,10,300.0
7395.0,11,300.0
7395.0,12,300.0
7396.0,10,300.0
7396.0,11,300.0
7396.0,12,300.0
7397.0,10,300.0
7397.0,11,300.0
7397.0,12,300.0
7398.0,10,300.0
7398.0,11,300.0
7398.0,12,300.0
7399.0,10,300.0
7399.0,11,300.0
7399.0,12,300.0
7400.0,10,300.0
7400.0,11,300.0
7400.0,12,300.0
7401.0,10,300.0
7401.0,11,300.0
7401.0,12,300.0
7402.0,10,300.0
7402.0,11,300.0
7402.0,12,300.0
7403.0,10,300.0
7403.0,11,300.0
7403.0,12,300.0
7404.0,10,300.0
7404.0,11,300.0
7404.0,12,300.0
7405.0,10,300.0
7405.0,11,300.0
7405.0,12,300.0
7406.0,10,300.0
7406.0,11,300.0
7406.0,12,300.0
7407.0,10,300.0
7407.0,11,300.0
7407.0,12,300.0
7408.0,10,300.0
7408.0,11,300.0
7408.0,12,300.0
7409.0,10,300.0
7409.0,11,300.0
7409.0,12,300.0
7410.0,10,300.0
7410.0,11,300.0
7410.0,12,300.0
7411.0,10,300.0
7411.0,11,300.0
7411.0,12,300.0
7412.0,10,300.0
7412.0,11,300.0
7412.0,12,300.0
7413.0,10,300.0
7413.0,11,300.0
7413.0,12,300.0
7414.0,10,300.0
7414.0,11,300.0
7414.0,12,300.0
7415.0,10,300.0
7415.0,11,300.0
7415.0,12,300.0
7416.0,10,300.0
7416.0,11,300.0
7416.0,12,300.0
7417.0,10,300.0
7417.0,11,300.0
7417.0,12,300.0
7418.0,10,300.0
7418.0,11,300.0
7418.0,12,300.0
7419.0,10,300.0
7419.0,11,300.0
7419.0,12,300.0
7420.0,10,300.0
7420.0,11,300.0
7420.0,12,300.0
7421.0,10,300.0
7421.0,11,300.0
7421.0,12,300.0
7422.0,10,300.0
7422.0,11,300.0
7422.0,12,300.0
7423.0,10,300.0
7423.0,11,300.0
7423.0,12,300.0
7424.0,10,300.0
7424.0,11,300.0
7424.0,12,300.0
7425.0,10,300.0
7425.0,11,300.0
7425.0,12,300.0
7426.0,10,300.0
7426.0,11,300.0
7426.0,12,300.0
7427.0,10,300.0
7427.0,11,300.0
7427.0,12,300.0
7428.0,10,300.0
7428.0,11,300.0
7428.0,12,300.0
7429.0,10,300.0
7429.0,11,300.0
7429.0,12,300.0
7430.0,10,300.0
7430.0,11,300.0
7430.0,12,300.0
7431.0,10,300.0
7431.0,11,300.0
7431.0,12,300.0
7432.0,10,300.0
7432.0,11,300.0
7432.0,12,300.0
7433.0,10,300.0
7433.0,11,300.0
7433.0,12,300.0
7434.0,10,300.0
7434.0,11,300.0
7434.0,12,300.0
7435.0,10,300.0
7435.0,11,300.0
7435.0,12,300.0
7436.0,10,300.0
7436.0,11,300.0
7436.0,12,300.0
7437.0,10,300.0
7437.0,11,300.0
7437.0,12,300.0
7438.0,10,300.0
7438.0,11,300.0
7438.0,12,300.0
7439.0,10,300.0
7439.0,11,300.0
7439.0,12,300.0
7440.0,10,300.0
7440.0,11,300.0
7440.0,12,300.0
7441.0,10,300.0
7441.0,11,300.0
7441.0,12,300.0
7442.0,10,300.0
7442.0,11,300.0
7442.0,12,300.0
7443.0,10,300.0
7443.0,11,300.0
7443.0,12,300.0
7444.0,10,300.0
7444.0,11,300.0
7444.0,12,300.0
7445.0,10,300.0
7445.0,11,300.0
7445.0,12,300.0
7446.0,10,300.0
7446.0,11,300.0
7446.0,12,300.0
7447.0,10,300.0
7447.0,11,300.0
7447.0,12,300.0
7448.0,10,300.0
7448.0,11,300.0
7448.0,12,300.0
7449.0,10,300.0
7449.0,11,300.0
7449.0,12,300.0
7450.0,10,300.0
7450.0,11,300.0
7450.0,12,300.0
7451.0,10,300.0
7451.0,11,300.0
7451.0,12,300.0
7452.0,10,300.0
7452.0,11,300.0
7452.0,12,300.0
7453.0,10,300.0
7453.0,11,300.0
7453.0,12,300.0
7454.0,10,300.0
7454.0,11,300.0
7454.0,12,300.0
7455.0,10,300.0
7455.0,11,300.0
7455.0,12,300.0
7456.0,10,300.0
7456.0,11,300.0
7456.0,12,300.0
7457.0,10,300.0
7457.0,11,300.0
7457.0,12,300.0
7458.0,10,300.0
7458.0,11,300.0
7458.0,12,300.0
7459.0,10,300.0
7459.0,11,300.0
7459.0,12,300.0
7460.0,10,300.0
7460.0,11,300.0
7460.0,12,300.0
7461.0,10,300.0
7461.0,11,300.0
7461.0,12,300.0
7462.0,10,300.0
7462.0,11,300.0
7462.0,12,300.0
7463.0,10,300.0
7463.0,11,300.0
7463.0,12,300.0
7464.0,10,300.0
7464.0,11,300.0
7464.0,12,300.0
7465.0,10,300.0
7465.0,11,300.0
7465.0,12,300.0
7466.0,10,300.0
7466.0,11,300.0
7466.0,12,300.0
7467.0,10,300.0
7467.0,11,300.0
7467.0,12,300.0
7468.0,10,300.0
7468.0,11,300.0
7468.0,12,300.0
7469.0,10,300.0
7469.0,11,300.0
7469.0,12,300.0
7470.0,10,300.0
7470.0,11,300.0
7470.0,12,300.0
7471.0,10,300.0
7471.0,11,300.0
7471.0,12,300.0
7472.0,10,300.0
7472.0,11,300.0
7472.0,12,300.0
7473.0,10,300.0
7473.0,11,300.0
7473.0,12,300.0
7474.0,10,300.0
7474.0,11,300.0
7474.0,12,300.0
7475.0,10,300.0
7475.0,11,300.0
7475.0,12,300.0
7476.0,10,300.0
7476.0,11,300.0
7476.0,12,300.0
7477.0,10,300.0
7477.0,11,300.0
7477.0,12,300.0
7478.0,10,300.0
7478.0,11,300.0
7478.0,12,300.0
7479.0,10,300.0
7479.0,11,300.0
7479.0,12,300.0
7480.0,10,300.0
7480.0,11,300.0
7480.0,12,300.0
7481.0,10,300.0
7481.0,11,300.0
7481.0,12,300.0
7482.0,10,300.0
7482.0,11,300.0
7482.0,12,300.0
7483.0,10,300.0
7483.0,11,300.0
7483.0,12,300.0
7484.0,10,300.0
7484.0,11,300.0
7484.0,12,300.0
7485.0,10,300.0
7485.0,11,300.0
7485.0,12,300.0
7486.0,10,300.0
7486.0,11,300.0
7486.0,12,300.0
7487.0,10,300.0
7487.0,11,300.0
7487.0,12,300.0
7488.0,10,300.0
7488.0,11,300.0
7488.0,12,300.0
7489.0,10,300.0
7489.0,11,300.0
7489.0,12,300.0
7490.0,10,300.0
7490.0,11,300.0
7490.0,12,300.0
7491.0,10,300.0
7491.0,11,300.0
7491.0,12,300.0
7492.0,10,300.0
7492.0,11,300.0
7492.0,12,300.0
7493.0,10,300.0
7493.0,11,300.0
7493.0,12,300.0
7494.0,10,300.0
7494.0,11,300.0
7494.0,12,300.0
7495.0,10,300.0
7495.0,11,300.0
7495.0,12,300.0
7496.0,10,300.0
7496.0,11,300.0
7496.0,12,300.0
7497.0,10,300.0
7497.0,11,300.0
7497.0,12,300.0
7498.0,10,300.0
7498.0,11,300.0
7498.0,12,300.0
7499.0,10,300.0
7499.0,11,300.0
7499.0,12,300.0
7500.0,10,300.0
7500.0,11,300.0
7500.0,12,300.0
7501.0,10,300.0
7501.0,11,300.0
7501.0,12,300.0
7502.0,10,300.0
7502.0,11,300.0
7502.0,12,300.0
7503.0,10,300.0
7503.0,11,300.0
7503.0,12,300.0
7504.0,10,300.0
7504.0,11,300.0
7504.0,12,300.0
7505.0,10,300.0
7505.0,11,300.0
7505.0,12,300.0
7506.0,10,300.0
7506.0,11,300.0
7506.0,12,300.0
7507.0,10,300.0
7507.0,11,300.0
7507.0,12,300.0
7508.0,10,300.0
7508.0,11,300.0
7508.0,12,300.0
7509.0,10,300.0
7509.0,11,300.0
7509.0,12,300.0
7510.0,10,300.0
7510.0,11,300.0
7510.0,12,300.0
7511.0,10,300.0
7511.0,11,300.0
7511.0,12,300.0
7512.0,10,300.0
7512.0,11,300.0
7512.0,12,300.0
7513.0,10,300.0
7513.0,11,300.0
7513.0,12,300.0
7514.0,10,300.0
7514.0,11,300.0
7514.0,12,300.0
7515.0,10,300.0
7515.0,11,300.0
7515.0,12,300.0
7516.0,10,300.0
7516.0,11,300.0
7516.0,12,300.0
7517.0,10,300.0
7517.0,11,300.0
7517.0,12,300.0
7518.0,10,300.0
7518.0,11,300.0
7518.0,12,300.0
7519.0,10,300.0
7519.0,11,300.0
7519.0,12,300.0
7520.0,10,300.0
7520.0,11,300.0
7520.0,12,300.0
7521.0,10,300.0
7521.0,11,300.0
7521.0,12,300.0
7522.0,10,300.0
7522.0,11,300.0
7522.0,12,300.0
7523.0,10,300.0
7523.0,11,300.0
7523.0,12,300.0
7524.0,10,300.0
7524.0,11,300.0
7524.0,12,300.0
7525.0,10,300.0
7525.0,11,300.0
7525.0,12,300.0
7526.0,10,300.0
7526.0,11,300.0
7526.0,12,300.0
7527.0,10,300.0
7527.0,11,300.0
7527.0,12,300.0
7528.0,10,300.0
7528.0,11,300.0
7528.0,12,300.0
7529.0,10,300.0
7529.0,11,300.0
7529.0,12,300.0
7530.0,10,300.0
7530.0,11,300.0
7530.0,12,300.0
7531.0,10,300.0
7531.0,11,300.0
7531.0,12,300.0
7532.0,10,300.0
7532.0,11,300.0
7532.0,12,300.0
7533.0,10,300.0
7533.0,11,300.0
7533.0,12,300.0
7534.0,10,300.0
7534.0,11,300.0
7534.0,12,300.0
7535.0,10,300.0
7535.0,11,300.0
7535.0,12,300.0
7536.0,10,300.0
7536.0,11,300.0
7536.0,12,300.0
7537.0,10,300.0
7537.0,11,300.0
7537.0,12,300.0
7538.0,10,300.0
7538.0,11,300.0
7538.0,12,300.0
7539.0,10,300.0
7539.0,11,300.0
7539.0,12,300.0
7540.0,10,300.0
7540.0,11,300.0
7540.0,12,300.0
7541.0,10,300.0
7541.0,11,300.0
7541.0,12,300.0
7542.0,10,300.0
7542.0,11,300.0
7542.0,12,300.0
7543.0,10,300.0
7543.0,11,300.0
7543.0,12,300.0
7544.0,10,300.0
7544.0,11,300.0
7544.0,12,300.0
7545.0,10,300.0
7545.0,11,300.0
7545.0,12,300.0
7546.0,10,300.0
7546.0,11,300.0
7546.0,12,300.0
7547.0,10,300.0
7547.0,11,300.0
7547.0,12,300.0
7548.0,10,300.0
7548.0,11,300.0
7548.0,12,300.0
7549.0,10,300.0
7549.0,11,300.0
7549.0,12,300.0
7550.0,10,300.0
7550.0,11,300.0
7550.0,12,300.0
7551.0,10,300.0
7551.0,11,300.0
7551.0,12,300.0
7552.0,10,300.0
7552.0,11,300.0
7552.0,12,300.0
7553.0,10,300.0
7553.0,11,300.0
7553.0,12,300.0
7554.0,10,300.0
7554.0,11,300.0
7554.0,12,300.0
7555.0,10,300.0
7555.0,11,300.0
7555.0,12,300.0
7556.0,10,300.0
7556.0,11,300.0
7556.0,12,300.0
7557.0,10,300.0
7557.0,11,300.0
7557.0,12,300.0
7558.0,10,300.0
7558.0,11,300.0
7558.0,12,300.0
7559.0,10,300.0
7559.0,11,300.0
7559.0,12,300.0
7560.0,10,300.0
7560.0,11,300.0
7560.0,12,300.0
7561.0,10,300.0
7561.0,11,300.0
7561.0,12,300.0
7562.0,10,300.0
7562.0,11,300.0
7562.0,12,300.0
7563.0,10,300.0
7563.0,11,300.0
7563.0,12,300.0
7564.0,10,300.0
7564.0,11,300.0
7564.0,12,300.0
7565.0,10,300.0
7565.0,11,300.0
7565.0,12,300.0
7566.0,10,300.0
7566.0,11,300.0
7566.0,12,300.0
7567.0,10,300.0
7567.0,11,300.0
7567.0,12,300.0
7568.0,10,300.0
7568.0,11,300.0
7568.0,12,300.0
7569.0,10,300.0
7569.0,11,300.0
7569.0,12,300.0
7570.0,10,300.0
7570.0,11,300.0
7570.0,12,300.0
7571.0,10,300.0
7571.0,11,300.0
7571.0,12,300.0
7572.0,10,300.0
7572.0,11,300.0
7572.0,12,300.0
7573.0,10,300.0
7573.0,11,300.0
7573.0,12,300.0
7574.0,10,300.0
7574.0,11,300.0
7574.0,12,300.0
7575.0,10,300.0
7575.0,11,300.0
7575.0,12,300.0
7576.0,10,300.0
7576.0,11,300.0
7576.0,12,300.0
7577.0,10,300.0
7577.0,11,300.0
7577.0,12,300.0
7578.0,10,300.0
7578.0,11,300.0
7578.0,12,300.0
7579.0,10,300.0
7579.0,11,300.0
7579.0,12,300.0
7580.0,10,300.0
7580.0,11,300.0
7580.0,12,300.0
7581.0,10,300.0
7581.0,11,300.0
7581.0,12,300.0
7582.0,10,300.0
7582.0,11,300.0
7582.0,12,300.0
7583.0,10,300.0
7583.0,11,300.0
7583.0,12,300.0
7584.0,10,300.0
7584.0,11,300.0
7584.0,12,300.0
7585.0,10,300.0
7585.0,11,300.0
7585.0,12,300.0
7586.0,10,300.0
7586.0,11,300.0
7586.0,12,300.0
7587.0,10,300.0
7587.0,11,300.0
7587.0,12,300.0
7588.0,10,300.0
7588.0,11,300.0
7588.0,12,300.0
7589.0,10,300.0
7589.0,11,300.0
7589.0,12,300.0
7590.0,10,300.0
7590.0,11,300.0
7590.0,12,300.0
7591.0,10,300.0
7591.0,11,300.0
7591.0,12,300.0
7592.0,10,300.0
7592.0,11,300.0
7592.0,12,300.0
7593.0,10,300.0
7593.0,11,300.0
7593.0,12,300.0
7594.0,10,300.0
7594.0,11,300.0
7594.0,12,300.0
7595.0,10,300.0
7595.0,11,300.0
7595.0,12,300.0
7596.0,10,300.0
7596.0,11,300.0
7596.0,12,300.0
7597.0,10,300.0
7597.0,11,300.0
7597.0,12,300.0
7598.0,10,300.0
7598.0,11,300.0
7598.0,12,300.0
7599.0,10,300.0
7599.0,11,300.0
7599.0,12,300.0
7600.0,10,300.0
7600.0,11,300.0
7600.0,12,300.0
7601.0,10,300.0
7601.0,11,300.0
7601.0,12,300.0
7602.0,10,300.0
7602.0,11,300.0
7602.0,12,300.0
7603.0,10,300.0
7603.0,11,300.0
7603.0,12,300.0
7604.0,10,300.0
7604.0,11,300.0
7604.0,12,300.0
7605.0,10,300.0
7605.0,11,300.0
7605.0,12,300.0
7606.0,10,300.0
7606.0,11,300.0
7606.0,12,300.0
7607.0,10,300.0
7607.0,11,300.0
7607.0,12,300.0
7608.0,10,300.0
7608.0,11,300.0
7608.0,12,300.0
7609.0,10,300.0
7609.0,11,300.0
7609.0,12,300.0
7610.0,10,300.0
7610.0,11,300.0
7610.0,12,300.0
7611.0,10,300.0
7611.0,11,300.0
7611.0,12,300.0
7612.0,10,300.0
7612.0,11,300.0
7612.0,12,300.0
7613.0,10,300.0
7613.0,11,300.0
7613.0,12,300.0
7614.0,10,300.0
7614.0,11,300.0
7614.0,12,300.0
7615.0,10,300.0
7615.0,11,300.0
7615.0,12,300.0
7616.0,10,300.0
7616.0,11,300.0
7616.0,12,300.0
7617.0,10,300.0
7617.0,11,300.0
7617.0,12,300.0
7618.0,10,300.0
7618.0,11,300.0
7618.0,12,300.0
7619.0,10,300.0
7619.0,11,300.0
7619.0,12,300.0
7620.0,10,300.0
7620.0,11,300.0
7620.0,12,300.0
7621.0,10,300.0
7621.0,11,300.0
7621.0,12,300.0
7622.0,10,300.0
7622.0,11,300.0
7622.0,12,300.0
7623.0,10,300.0
7623.0,11,300.0
7623.0,12,300.0
7624.0,10,300.0
7624.0,11,300.0
7624.0,12,300.0
7625.0,10,300.0
7625.0,11,300.0
7625.0,12,300.0
7626.0,10,300.0
7626.0,11,300.0
7626.0,12,300.0
7627.0,10,300.0
7627.0,11,300.0
7627.0,12,300.0
7628.0,10,300.0
7628.0,11,300.0
7628.0,12,300.0
7629.0,10,300.0
7629.0,11,300.0
7629.0,12,300.0
7630.0,10,300.0
7630.0,11,300.0
7630.0,12,300.0
7631.0,10,300.0
7631.0,11,300.0
7631.0,12,300.0
7632.0,10,300.0
7632.0,11,300.0
7632.0,12,300.0
7633.0,10,300.0
7633.0,11,300.0
7633.0,12,300.0
7634.0,10,300.0
7634.0,11,300.0
7634.0,12,300.0
7635.0,10,300.0
7635.0,11,300.0
7635.0,12,300.0
7636.0,10,300.0
7636.0,11,300.0
7636.0,12,300.0
7637.0,10,300.0
7637.0,11,300.0
7637.0,12,300.0
7638.0,10,300.0
7638.0,11,300.0
7638.0,12,300.0
7639.0,10,300.0
7639.0,11,300.0
7639.0,12,300.0
7640.0,10,300.0
7640.0,11,300.0
7640.0,12,300.0
7641.0,10,300.0
7641.0,11,300.0
7641.0,12,300.0
7642.0,10,300.0
7642.0,11,300.0
7642.0,12,300.0
7643.0,10,300.0
7643.0,11,300.0
7643.0,12,300.0
7644.0,10,300.0
7644.0,11,300.0
7644.0,12,300.0
7645.0,10,300.0
7645.0,11,300.0
7645.0,12,300.0
7646.0,10,300.0
7646.0,11,300.0
7646.0,12,300.0
7647.0,10,300.0
7647.0,11,300.0
7647.0,12,300.0
7648.0,10,300.0
7648.0,11,300.0
7648.0,12,300.0
7649.0,10,300.0
7649.0,11,300.0
7649.0,12,300.0
7650.0,10,300.0
7650.0,11,300.0
7650.0,12,300.0
7651.0,10,300.0
7651.0,11,300.0
7651.0,12,300.0
7652.0,10,300.0
7652.0,11,300.0
7652.0,12,300.0
7653.0,10,300.0
7653.0,11,300.0
7653.0,12,300.0
7654.0,10,300.0
7654.0,11,300.0
7654.0,12,300.0
7655.0,10,300.0
7655.0,11,300.0
7655.0,12,300.0
7656.0,10,300.0
7656.0,11,300.0
7656.0,12,300.0
7657.0,10,300.0
7657.0,11,300.0
7657.0,12,300.0
7658.0,10,300.0
7658.0,11,300.0
7658.0,12,300.0
7659.0,10,300.0
7659.0,11,300.0
7659.0,12,300.0
7660.0,10,300.0
7660.0,11,300.0
7660.0,12,300.0
7661.0,10,300.0
7661.0,11,300.0
7661.0,12,300.0
7662.0,10,300.0
7662.0,11,300.0
7662.0,12,300.0
7663.0,10,300.0
7663.0,11,300.0
7663.0,12,300.0
7664.0,10,300.0
7664.0,11,300.0
7664.0,12,300.0
7665.0,10,300.0
7665.0,11,300.0
7665.0,12,300.0
7666.0,10,300.0
7666.0,11,300.0
7666.0,12,300.0
7667.0,10,300.0
7667.0,11,300.0
7667.0,12,300.0
7668.0,10,300.0
7668.0,11,300.0
7668.0,12,300.0
7669.0,10,300.0
7669.0,11,300.0
7669.0,12,300.0
7670.0,10,300.0
7670.0,11,300.0
7670.0,12,300.0
7671.0,10,300.0
7671.0,11,300.0
7671.0,12,300.0
7672.0,10,300.0
7672.0,11,300.0
7672.0,12,300.0
7673.0,10,300.0
7673.0,11,300.0
7673.0,12,300.0
7674.0,10,300.0
7674.0,11,300.0
7674.0,12,300.0
7675.0,10,300.0
7675.0,11,300.0
7675.0,12,300.0
7676.0,10,300.0
7676.0,11,300.0
7676.0,12,300.0
7677.0,10,300.0
7677.0,11,300.0
7677.0,12,300.0
7678.0,10,300.0
7678.0,11,300.0
7678.0,12,300.0
7679.0,10,300.0
7679.0,11,300.0
7679.0,12,300.0
7680.0,10,300.0
7680.0,11,300.0
7680.0,12,300.0
7681.0,10,300.0
7681.0,11,300.0
7681.0,12,300.0
7682.0,10,300.0
7682.0,11,300.0
7682.0,12,300.0
7683.0,10,300.0
7683.0,11,300.0
7683.0,12,300.0
7684.0,10,300.0
7684.0,11,300.0
7684.0,12,300.0
7685.0,10,300.0
7685.0,11,300.0
7685.0,12,300.0
7686.0,10,300.0
7686.0,11,300.0
7686.0,12,300.0
7687.0,10,300.0
7687.0,11,300.0
7687.0,12,300.0
7688.0,10,300.0
7688.0,11,300.0
7688.0,12,300.0
7689.0,10,300.0
7689.0,11,300.0
7689.0,12,300.0
7690.0,10,300.0
7690.0,11,300.0
7690.0,12,300.0
7691.0,10,300.0
7691.0,11,300.0
7691.0,12,300.0
7692.0,10,300.0
7692.0,11,300.0
7692.0,12,300.0
7693.0,10,300.0
7693.0,11,300.0
7693.0,12,300.0
7694.0,10,300.0
7694.0,11,300.0
7694.0,12,300.0
7695.0,10,300.0
7695.0,11,300.0
7695.0,12,300.0
7696.0,10,300.0
7696.0,11,300.0
7696.0,12,300.0
7697.0,10,300.0
7697.0,11,300.0
7697.0,12,300.0
7698.0,10,300.0
7698.0,11,300.0
7698.0,12,300.0
7699.0,10,300.0
7699.0,11,300.0
7699.0,12,300.0
7700.0,10,300.0
7700.0,11,300.0
7700.0,12,300.0
7701.0,10,300.0
7701.0,11,300.0
7701.0,12,300.0
7702.0,10,300.0
7702.0,11,300.0
7702.0,12,300.0
7703.0,10,300.0
7703.0,11,300.0
7703.0,12,300.0
7704.0,10,300.0
7704.0,11,300.0
7704.0,12,300.0
7705.0,10,300.0
7705.0,11,300.0
7705.0,12,300.0
7706.0,10,300.0
7706.0,11,300.0
7706.0,12,300.0
7707.0,10,300.0
7707.0,11,300.0
7707.0,12,300.0
7708.0,10,300.0
7708.0,11,300.0
7708.0,12,300.0
7709.0,10,300.0
7709.0,11,300.0
7709.0,12,300.0
7710.0,10,300.0
7710.0,11,300.0
7710.0,12,300.0
7711.0,10,300.0
7711.0,11,300.0
7711.0,12,300.0
7712.0,10,300.0
7712.0,11,300.0
7712.0,12,300.0
7713.0,10,300.0
7713.0,11,300.0
7713.0,12,300.0
7714.0,10,300.0
7714.0,11,300.0
7714.0,12,300.0
7715.0,10,300.0
7715.0,11,300.0
7715.0,12,300.0
7716.0,10,300.0
7716.0,11,300.0
7716.0,12,300.0
7717.0,10,300.0
7717.0,11,300.0
7717.0,12,300.0
7718.0,10,300.0
7718.0,11,300.0
7718.0,12,300.0
7719.0,10,300.0
7719.0,11,300.0
7719.0,12,300.0
7720.0,10,300.0
7720.0,11,300.0
7720.0,12,300.0
7721.0,10,300.0
7721.0,11,300.0
7721.0,12,300.0
7722.0,10,300.0
7722.0,11,300.0
7722.0,12,300.0
7723.0,10,300.0
7723.0,11,300.0
7723.0,12,300.0
7724.0,10,300.0
7724.0,11,300.0
7724.0,12,300.0
7725.0,10,300.0
7725.0,11,300.0
7725.0,12,300.0
7726.0,10,300.0
7726.0,11,300.0
7726.0,12,300.0
7727.0,10,300.0
7727.0,11,300.0
7727.0,12,300.0
7728.0,10,300.0
7728.0,11,300.0
7728.0,12,300.0
7729.0,10,300.0
7729.0,11,300.0
7729.0,12,300.0
7730.0,10,300.0
7730.0,11,300.0
7730.0,12,300.0
7731.0,10,300.0
7731.0,11,300.0
7731.0,12,300.0
7732.0,10,300.0
7732.0,11,300.0
7732.0,12,300.0
7733.0,10,300.0
7733.0,11,300.0
7733.0,12,300.0
7734.0,10,300.0
7734.0,11,300.0
7734.0,12,300.0
7735.0,10,300.0
7735.0,11,300.0
7735.0,12,300.0
7736.0,10,300.0
7736.0,11,300.0
7736.0,12,300.0
7737.0,10,300.0
7737.0,11,300.0
7737.0,12,300.0
7738.0,10,300.0
7738.0,11,300.0
7738.0,12,300.0
7739.0,10,300.0
7739.0,11,300.0
7739.0,12,300.0
7740.0,10,300.0
7740.0,11,300.0
7740.0,12,300.0
7741.0,10,300.0
7741.0,11,300.0
7741.0,12,300.0
7742.0,10,300.0
7742.0,11,300.0
7742.0,12,300.0
7743.0,10,300.0
7743.0,11,300.0
7743.0,12,300.0
7744.0,10,300.0
7744.0,11,300.0
7744.0,12,300.0
7745.0,10,300.0
7745.0,11,300.0
7745.0,12,300.0
7746.0,10,300.0
7746.0,11,300.0
7746.0,12,300.0
7747.0,10,300.0
7747.0,11,300.0
7747.0,12,300.0
7748.0,10,300.0
7748.0,11,300.0
7748.0,12,300.0
7749.0,10,300.0
7749.0,11,300.0
7749.0,12,300.0
7750.0,10,300.0
7750.0,11,300.0
7750.0,12,300.0
7751.0,10,300.0
7751.0,11,300.0
7751.0,12,300.0
7752.0,10,300.0
7752.0,11,300.0
7752.0,12,300.0
7753.0,10,300.0
7753.0,11,300.0
7753.0,12,300.0
7754.0,10,300.0
7754.0,11,300.0
7754.0,12,300.0
7755.0,10,300.0
7755.0,11,300.0
7755.0,12,300.0
7756.0,10,300.0
7756.0,11,300.0
7756.0,12,300.0
7757.0,10,300.0
7757.0,11,300.0
7757.0,12,300.0
7758.0,10,300.0
7758.0,11,300.0
7758.0,12,300.0
7759.0,10,300.0
7759.0,11,300.0
7759.0,12,300.0
7760.0,10,300.0
7760.0,11,300.0
7760.0,12,300.0
7761.0,10,300.0
7761.0,11,300.0
7761.0,12,300.0
7762.0,10,300.0
7762.0,11,300.0
7762.0,12,300.0
7763.0,10,300.0
7763.0,11,300.0
7763.0,12,300.0
7764.0,10,300.0
7764.0,11,300.0
7764.0,12,300.0
7765.0,10,300.0
7765.0,11,300.0
7765.0,12,300.0
7766.0,10,300.0
7766.0,11,300.0
7766.0,12,300.0
7767.0,10,300.0
7767.0,11,300.0
7767.0,12,300.0
7768.0,10,300.0
7768.0,11,300.0
7768.0,12,300.0
7769.0,10,300.0
7769.0,11,300.0
7769.0,12,300.0
7770.0,10,300.0
7770.0,11,300.0
7770.0,12,300.0
7771.0,10,300.0
7771.0,11,300.0
7771.0,12,300.0
7772.0,10,300.0
7772.0,11,300.0
7772.0,12,300.0
7773.0,10,300.0
7773.0,11,300.0
7773.0,12,300.0
7774.0,10,300.0
7774.0,11,300.0
7774.0,12,300.0
7775.0,10,300.0
7775.0,11,300.0
7775.0,12,300.0
7776.0,10,300.0
7776.0,11,300.0
7776.0,12,300.0
7777.0,10,300.0
7777.0,11,300.0
7777.0,12,300.0
7778.0,10,300.0
7778.0,11,300.0
7778.0,12,300.0
7779.0,10,300.0
7779.0,11,300.0
7779.0,12,300.0
7780.0,10,300.0
7780.0,11,300.0
7780.0,12,300.0
7781.0,10,300.0
7781.0,11,300.0
7781.0,12,300.0
7782.0,10,300.0
7782.0,11,300.0
7782.0,12,300.0
7783.0,10,300.0
7783.0,11,300.0
7783.0,12,300.0
7784.0,10,300.0
7784.0,11,300.0
7784.0,12,300.0
7785.0,10,300.0
7785.0,11,300.0
7785.0,12,300.0
7786.0,10,300.0
7786.0,11,300.0
7786.0,12,300.0
7787.0,10,300.0
7787.0,11,300.0
7787.0,12,300.0
7788.0,10,300.0
7788.0,11,300.0
7788.0,12,300.0
7789.0,10,300.0
7789.0,11,300.0
7789.0,12,300.0
7790.0,10,300.0
7790.0,11,300.0
7790.0,12,300.0
7791.0,10,300.0
7791.0,11,300.0
7791.0,12,300.0
7792.0,10,300.0
7792.0,11,300.0
7792.0,12,300.0
7793.0,10,300.0
7793.0,11,300.0
7793.0,12,300.0
7794.0,10,300.0
7794.0,11,300.0
7794.0,12,300.0
7795.0,10,300.0
7795.0,11,300.0
7795.0,12,300.0
7796.0,10,300.0
7796.0,11,300.0
7796.0,12,300.0
7797.0,10,300.0
7797.0,11,300.0
7797.0,12,300.0
7798.0,10,300.0
7798.0,11,300.0
7798.0,12,300.0
7799.0,10,300.0
7799.0,11,300.0
7799.0,12,300.0
7800.0,10,300.0
7800.0,11,300.0
7800.0,12,300.0
7801.0,10,300.0
7801.0,11,300.0
7801.0,12,300.0
7802.0,10,300.0
7802.0,11,300.0
7802.0,12,300.0
7803.0,10,300.0
7803.0,11,300.0
7803.0,12,300.0
7804.0,10,300.0
7804.0,11,300.0
7804.0,12,300.0
7805.0,10,300.0
7805.0,11,300.0
7805.0,12,300.0
7806.0,10,300.0
7806.0,11,300.0
7806.0,12,300.0
7807.0,10,300.0
7807.0,11,300.0
7807.0,12,300.0
7808.0,10,300.0
7808.0,11,300.0
7808.0,12,300.0
7809.0,10,300.0
7809.0,11,300.0
7809.0,12,300.0
7810.0,10,300.0
7810.0,11,300.0
7810.0,12,300.0
7811.0,10,300.0
7811.0,11,300.0
7811.0,12,300.0
7812.0,10,300.0
7812.0,11,300.0
7812.0,12,300.0
7813.0,10,300.0
7813.0,11,300.0
7813.0,12,300.0
7814.0,10,300.0
7814.0,11,300.0
7814.0,12,300.0
7815.0,10,300.0
7815.0,11,300.0
7815.0,12,300.0
7816.0,10,300.0
7816.0,11,300.0
7816.0,12,300.0
7817.0,10,300.0
7817.0,11,300.0
7817.0,12,300.0
7818.0,10,300.0
7818.0,11,300.0
7818.0,12,300.0
7819.0,10,300.0
7819.0,11,300.0
7819.0,12,300.0
7820.0,10,300.0
7820.0,11,300.0
7820.0,12,300.0
7821.0,10,300.0
7821.0,11,300.0
7821.0,12,300.0
7822.0,10,300.0
7822.0,11,300.0
7822.0,12,300.0
7823.0,10,300.0
7823.0,11,300.0
7823.0,12,300.0
7824.0,10,300.0
7824.0,11,300.0
7824.0,12,300.0
7825.0,10,300.0
7825.0,11,300.0
7825.0,12,300.0
7826.0,10,300.0
7826.0,11,300.0
7826.0,12,300.0
7827.0,10,300.0
7827.0,11,300.0
7827.0,12,300.0
7828.0,10,300.0
7828.0,11,300.0
7828.0,12,300.0
7829.0,10,300.0
7829.0,11,300.0
7829.0,12,300.0
7830.0,10,300.0
7830.0,11,300.0
7830.0,12,300.0
7831.0,10,300.0
7831.0,11,300.0
7831.0,12,300.0
7832.0,10,300.0
7832.0,11,300.0
7832.0,12,300.0
7833.0,10,300.0
7833.0,11,300.0
7833.0,12,300.0
7834.0,10,300.0
7834.0,11,300.0
7834.0,12,300.0
7835.0,10,300.0
7835.0,11,300.0
7835.0,12,300.0
7836.0,10,300.0
7836.0,11,300.0
7836.0,12,300.0
7837.0,10,300.0
7837.0,11,300.0
7837.0,12,300.0
7838.0,10,300.0
7838.0,11,300.0
7838.0,12,300.0
7839.0,10,300.0
7839.0,11,300.0
7839.0,12,300.0
7840.0,10,300.0
7840.0,11,300.0
7840.0,12,300.0
7841.0,10,300.0
7841.0,11,300.0
7841.0,12,300.0
7842.0,10,300.0
7842.0,11,300.0
7842.0,12,300.0
7843.0,10,300.0
7843.0,11,300.0
7843.0,12,300.0
7844.0,10,300.0
7844.0,11,300.0
7844.0,12,300.0
7845.0,10,300.0
7845.0,11,300.0
7845.0,12,300.0
7846.0,10,300.0
7846.0,11,300.0
7846.0,12,300.0
7847.0,10,300.0
7847.0,11,300.0
7847.0,12,300.0
7848.0,10,300.0
7848.0,11,300.0
7848.0,12,300.0
7849.0,10,300.0
7849.0,11,300.0
7849.0,12,300.0
7850.0,10,300.0
7850.0,11,300.0
7850.0,12,300.0
7851.0,10,300.0
7851.0,11,300.0
7851.0,12,300.0
7852.0,10,300.0
7852.0,11,300.0
7852.0,12,300.0
7853.0,10,300.0
7853.0,11,300.0
7853.0,12,300.0
7854.0,10,300.0
7854.0,11,300.0
7854.0,12,300.0
7855.0,10,300.0
7855.0,11,300.0
7855.0,12,300.0
7856.0,10,300.0
7856.0,11,300.0
7856.0,12,300.0
7857.0,10,300.0
7857.0,11,300.0
7857.0,12,300.0
7858.0,10,300.0
7858.0,11,300.0
7858.0,12,300.0
7859.0,10,300.0
7859.0,11,300.0
7859.0,12,300.0
7860.0,10,300.0
7860.0,11,300.0
7860.0,12,300.0
7861.0,10,300.0
7861.0,11,300.0
7861.0,12,300.0
7862.0,10,300.0
7862.0,11,300.0
7862.0,12,300.0
7863.0,10,300.0
7863.0,11,300.0
7863.0,12,300.0
7864.0,10,300.0
7864.0,11,300.0
7864.0,12,300.0
7865.0,10,300.0
7865.0,11,300.0
7865.0,12,300.0
7866.0,10,300.0
7866.0,11,300.0
7866.0,12,300.0
7867.0,10,300.0
7867.0,11,300.0
7867.0,12,300.0
7868.0,10,300.0
7868.0,11,300.0
7868.0,12,300.0
7869.0,10,300.0
7869.0,11,300.0
7869.0,12,300.0
7870.0,10,300.0
7870.0,11,300.0
7870.0,12,300.0
7871.0,10,300.0
7871.0,11,300.0
7871.0,12,300.0
7872.0,10,300.0
7872.0,11,300.0
7872.0,12,300.0
7873.0,10,300.0
7873.0,11,300.0
7873.0,12,300.0
7874.0,10,300.0
7874.0,11,300.0
7874.0,12,300.0
7875.0,10,300.0
7875.0,11,300.0
7875.0,12,300.0
7876.0,10,300.0
7876.0,11,300.0
7876.0,12,300.0
7877.0,10,300.0
7877.0,11,300.0
7877.0,12,300.0
7878.0,10,300.0
7878.0,11,300.0
7878.0,12,300.0
7879.0,10,300.0
7879.0,11,300.0
7879.0,12,300.0
7880.0,10,300.0
7880.0,11,300.0
7880.0,12,300.0
7881.0,10,300.0
7881.0,11,300.0
7881.0,12,300.0
7882.0,10,300.0
7882.0,11,300.0
7882.0,12,300.0
7883.0,10,300.0
7883.0,11,300.0
7883.0,12,300.0
7884.0,10,300.0
7884.0,11,300.0
7884.0,12,300.0
7885.0,10,300.0
7885.0,11,300.0
7885.0,12,300.0
7886.0,10,300.0
7886.0,11,300.0
7886.0,12,300.0
7887.0,10,300.0
7887.0,11,300.0
7887.0,12,300.0
7888.0,10,300.0
7888.0,11,300.0
7888.0,12,300.0
7889.0,10,300.0
7889.0,11,300.0
7889.0,12,300.0
7890.0,10,300.0
7890.0,11,300.0
7890.0,12,300.0
7891.0,10,300.0
7891.0,11,300.0
7891.0,12,300.0
7892.0,10,300.0
7892.0,11,300.0
7892.0,12,300.0
7893.0,10,300.0
7893.0,11,300.0
7893.0,12,300.0
7894.0,10,300.0
7894.0,11,300.0
7894.0,12,300.0
7895.0,10,300.0
7895.0,11,300.0
7895.0,12,300.0
7896.0,10,300.0
7896.0,11,300.0
7896.0,12,300.0
7897.0,10,300.0
7897.0,11,300.0
7897.0,12,300.0
7898.0,10,300.0
7898.0,11,300.0
7898.0,12,300.0
7899.0,10,300.0
7899.0,11,300.0
7899.0,12,300.0
7900.0,10,300.0
7900.0,11,300.0
7900.0,12,300.0
7901.0,10,300.0
7901.0,11,300.0
7901.0,12,300.0
7902.0,10,300.0
7902.0,11,300.0
7902.0,12,300.0
7903.0,10,300.0
7903.0,11,300.0
7903.0,12,300.0
7904.0,10,300.0
7904.0,11,300.0
7904.0,12,300.0
7905.0,10,300.0
7905.0,11,300.0
7905.0,12,300.0
7906.0,10,300.0
7906.0,11,300.0
7906.0,12,300.0
7907.0,10,300.0
7907.0,11,300.0
7907.0,12,300.0
7908.0,10,300.0
7908.0,11,300.0
7908.0,12,300.0
7909.0,10,300.0
7909.0,11,300.0
7909.0,12,300.0
7910.0,10,300.0
7910.0,11,300.0
7910.0,12,300.0
7911.0,10,300.0
7911.0,11,300.0
7911.0,12,300.0
7912.0,10,300.0
7912.0,11,300.0
7912.0,12,300.0
7913.0,10,300.0
7913.0,11,300.0
7913.0,12,300.0
7914.0,10,300.0
7914.0,11,300.0
7914.0,12,300.0
7915.0,10,300.0
7915.0,11,300.0
7915.0,12,300.0
7916.0,10,300.0
7916.0,11,300.0
7916.0,12,300.0
7917.0,10,300.0
7917.0,11,300.0
7917.0,12,300.0
7918.0,10,300.0
7918.0,11,300.0
7918.0,12,300.0
7919.0,10,300.0
7919.0,11,300.0
7919.0,12,300.0
7920.0,10,300.0
7920.0,11,300.0
7920.0,12,300.0
7921.0,10,300.0
7921.0,11,300.0
7921.0,12,300.0
7922.0,10,300.0
7922.0,11,300.0
7922.0,12,300.0
7923.0,10,300.0
7923.0,11,300.0
7923.0,12,300.0
7924.0,10,300.0
7924.0,11,300.0
7924.0,12,300.0
7925.0,10,300.0
7925.0,11,300.0
7925.0,12,300.0
7926.0,10,300.0
7926.0,11,300.0
7926.0,12,300.0
7927.0,10,300.0
7927.0,11,300.0
7927.0,12,300.0
7928.0,10,300.0
7928.0,11,300.0
7928.0,12,300.0
7929.0,10,300.0
7929.0,11,300.0
7929.0,12,300.0
7930.0,10,300.0
7930.0,11,300.0
7930.0,12,300.0
7931.0,10,300.0
7931.0,11,300.0
7931.0,12,300.0
7932.0,10,300.0
7932.0,11,300.0
7932.0,12,300.0
7933.0,10,300.0
7933.0,11,300.0
7933.0,12,300.0
7934.0,10,300.0
7934.0,11,300.0
7934.0,12,300.0
7935.0,10,300.0
7935.0,11,300.0
7935.0,12,300.0
7936.0,10,300.0
7936.0,11,300.0
7936.0,12,300.0
7937.0,10,300.0
7937.0,11,300.0
7937.0,12,300.0
7938.0,10,300.0
7938.0,11,300.0
7938.0,12,300.0
7939.0,10,300.0
7939.0,11,300.0
7939.0,12,300.0
7940.0,10,300.0
7940.0,11,300.0
7940.0,12,300.0
7941.0,10,300.0
7941.0,11,300.0
7941.0,12,300.0
7942.0,10,300.0
7942.0,11,300.0
7942.0,12,300.0
7943.0,10,300.0
7943.0,11,300.0
7943.0,12,300.0
7944.0,10,300.0
7944.0,11,300.0
7944.0,12,300.0
7945.0,10,300.0
7945.0,11,300.0
7945.0,12,300.0
7946.0,10,300.0
7946.0,11,300.0
7946.0,12,300.0
7947.0,10,300.0
7947.0,11,300.0
7947.0,12,300.0
7948.0,10,300.0
7948.0,11,300.0
7948.0,12,300.0
7949.0,10,300.0
7949.0,11,300.0
7949.0,12,300.0
7950.0,10,300.0
7950.0,11,300.0
7950.0,12,300.0
7951.0,10,300.0
7951.0,11,300.0
7951.0,12,300.0
7952.0,10,300.0
7952.0,11,300.0
7952.0,12,300.0
7953.0,10,300.0
7953.0,11,300.0
7953.0,12,300.0
7954.0,10,300.0
7954.0,11,300.0
7954.0,12,300.0
7955.0,10,300.0
7955.0,11,300.0
7955.0,12,300.0
7956.0,10,300.0
7956.0,11,300.0
7956.0,12,300.0
7957.0,10,300.0
7957.0,11,300.0
7957.0,12,300.0
7958.0,10,300.0
7958.0,11,300.0
7958.0,12,300.0
7959.0,10,300.0
7959.0,11,300.0
7959.0,12,300.0
7960.0,10,300.0
7960.0,11,300.0
7960.0,12,300.0
7961.0,10,300.0
7961.0,11,300.0
7961.0,12,300.0
7962.0,10,300.0
7962.0,11,300.0
7962.0,12,300.0
7963.0,10,300.0
7963.0,11,300.0
7963.0,12,300.0
7964.0,10,300.0
7964.0,11,300.0
7964.0,12,300.0
7965.0,10,300.0
7965.0,11,300.0
7965.0,12,300.0
7966.0,10,300.0
7966.0,11,300.0
7966.0,12,300.0
7967.0,10,300.0
7967.0,11,300.0
7967.0,12,300.0
7968.0,10,300.0
7968.0,11,300.0
7968.0,12,300.0
7969.0,10,300.0
7969.0,11,300.0
7969.0,12,300.0
7970.0,10,300.0
7970.0,11,300.0
7970.0,12,300.0
7971.0,10,300.0
7971.0,11,300.0
7971.0,12,300.0
7972.0,10,300.0
7972.0,11,300.0
7972.0,12,300.0
7973.0,10,300.0
7973.0,11,300.0
7973.0,12,300.0
7974.0,10,300.0
7974.0,11,300.0
7974.0,12,300.0
7975.0,10,300.0
7975.0,11,300.0
7975.0,12,300.0
7976.0,10,300.0
7976.0,11,300.0
7976.0,12,300.0
7977.0,10,300.0
7977.0,11,300.0
7977.0,12,300.0
7978.0,10,300.0
7978.0,11,300.0
7978.0,12,300.0
7979.0,10,300.0
7979.0,11,300.0
7979.0,12,300.0
7980.0,10,300.0
7980.0,11,300.0
7980.0,12,300.0
7981.0,10,300.0
7981.0,11,300.0
7981.0,12,300.0
7982.0,10,300.0
7982.0,11,300.0
7982.0,12,300.0
7983.0,10,300.0
7983.0,11,300.0
7983.0,12,300.0
7984.0,10,300.0
7984.0,11,300.0
7984.0,12,300.0
7985.0,10,300.0
7985.0,11,300.0
7985.0,12,300.0
7986.0,10,300.0
7986.0,11,300.0
7986.0,12,300.0
7987.0,10,300.0
7987.0,11,300.0
7987.0,12,300.0
7988.0,10,300.0
7988.0,11,300.0
7988.0,12,300.0
7989.0,10,300.0
7989.0,11,300.0
7989.0,12,300.0
7990.0,10,300.0
7990.0,11,300.0
7990.0,12,300.0
7991.0,10,300.0
7991.0,11,300.0
7991.0,12,300.0
7992.0,10,300.0
7992.0,11,300.0
7992.0,12,300.0
7993.0,10,300.0
7993.0,11,300.0
7993.0,12,300.0
7994.0,10,300.0
7994.0,11,300.0
7994.0,12,300.0
7995.0,10,300.0
7995.0,11,300.0
7995.0,12,300.0
7996.0,10,300.0
7996.0,11,300.0
7996.0,12,300.0
7997.0,10,300.0
7997.0,11,300.0
7997.0,12,300.0
7998.0,10,300.0
7998.0,11,300.0
7998.0,12,300.0
7999.0,10,300.0
7999.0,11,300.0
7999.0,12,300.0
8000.0,10,300.0
8000.0,11,300.0
8000.0,12,300.0
8001.0,10,300.0
8001.0,11,300.0
8001.0,12,300.0
8002.0,10,300.0
8002.0,11,300.0
8002.0,12,300.0
8003.0,10,300.0
8003.0,11,300.0
8003.0,12,300.0
8004.0,10,300.0
8004.0,11,300.0
8004.0,12,300.0
8005.0,10,300.0
8005.0,11,300.0
8005.0,12,300.0
8006.0,10,300.0
8006.0,11,300.0
8006.0,12,300.0
8007.0,10,300.0
8007.0,11,300.0
8007.0,12,300.0
8008.0,10,300.0
8008.0,11,300.0
8008.0,12,300.0
8009.0,10,300.0
8009.0,11,300.0
8009.0,12,300.0
8010.0,10,300.0
8010.0,11,300.0
8010.0,12,300.0
8011.0,10,300.0
8011.0,11,300.0
8011.0,12,300.0
8012.0,10,300.0
8012.0,11,300.0
8012.0,12,300.0
8013.0,10,300.0
8013.0,11,300.0
8013.0,12,300.0
8014.0,10,300.0
8014.0,11,300.0
8014.0,12,300.0
8015.0,10,300.0
8015.0,11,300.0
8015.0,12,300.0
8016.0,10,300.0
8016.0,11,300.0
8016.0,12,300.0
8017.0,10,300.0
8017.0,11,300.0
8017.0,12,300.0
8018.0,10,300.0
8018.0,11,300.0
8018.0,12,300.0
8019.0,10,300.0
8019.0,11,300.0
8019.0,12,300.0
8020.0,10,300.0
8020.0,11,300.0
8020.0,12,300.0
8021.0,10,300.0
8021.0,11,300.0
8021.0,12,300.0
8022.0,10,300.0
8022.0,11,300.0
8022.0,12,300.0
8023.0,10,300.0
8023.0,11,300.0
8023.0,12,300.0
8024.0,10,300.0
8024.0,11,300.0
8024.0,12,300.0
8025.0,10,300.0
8025.0,11,300.0
8025.0,12,300.0
8026.0,10,300.0
8026.0,11,300.0
8026.0,12,300.0
8027.0,10,300.0
8027.0,11,300.0
8027.0,12,300.0
8028.0,10,300.0
8028.0,11,300.0
8028.0,12,300.0
8029.0,10,300.0
8029.0,11,300.0
8029.0,12,300.0
8030.0,10,300.0
8030.0,11,300.0
8030.0,12,300.0
8031.0,10,300.0
8031.0,11,300.0
8031.0,12,300.0
8032.0,10,300.0
8032.0,11,300.0
8032.0,12,300.0
8033.0,10,300.0
8033.0,11,300.0
8033.0,12,300.0
8034.0,10,300.0
8034.0,11,300.0
8034.0,12,300.0
8035.0,10,300.0
8035.0,11,300.0
8035.0,12,300.0
8036.0,10,300.0
8036.0,11,300.0
8036.0,12,300.0
8037.0,10,300.0
8037.0,11,300.0
8037.0,12,300.0
8038.0,10,300.0
8038.0,11,300.0
8038.0,12,300.0
8039.0,10,300.0
8039.0,11,300.0
8039.0,12,300.0
8040.0,10,300.0
8040.0,11,300.0
8040.0,12,300.0
8041.0,10,300.0
8041.0,11,300.0
8041.0,12,300.0
8042.0,10,300.0
8042.0,11,300.0
8042.0,12,300.0
8043.0,10,300.0
8043.0,11,300.0
8043.0,12,300.0
8044.0,10,300.0
8044.0,11,300.0
8044.0,12,300.0
8045.0,10,300.0
8045.0,11,300.0
8045.0,12,300.0
8046.0,10,300.0
8046.0,11,300.0
8046.0,12,300.0
8047.0,10,300.0
8047.0,11,300.0
8047.0,12,300.0
8048.0,10,300.0
8048.0,11,300.0
8048.0,12,300.0
8049.0,10,300.0
8049.0,11,300.0
8049.0,12,300.0
8050.0,10,300.0
8050.0,11,300.0
8050.0,12,300.0
8051.0,10,300.0
8051.0,11,300.0
8051.0,12,300.0
8052.0,10,300.0
8052.0,11,300.0
8052.0,12,300.0
8053.0,10,300.0
8053.0,11,300.0
8053.0,12,300.0
8054.0,10,300.0
8054.0,11,300.0
8054.0,12,300.0
8055.0,10,300.0
8055.0,11,300.0
8055.0,12,300.0
8056.0,10,300.0
8056.0,11,300.0
8056.0,12,300.0
8057.0,10,300.0
8057.0,11,300.0
8057.0,12,300.0
8058.0,10,300.0
8058.0,11,300.0
8058.0,12,300.0
8059.0,10,300.0
8059.0,11,300.0
8059.0,12,300.0
8060.0,10,300.0
8060.0,11,300.0
8060.0,12,300.0
8061.0,10,300.0
8061.0,11,300.0
8061.0,12,300.0
8062.0,10,300.0
8062.0,11,300.0
8062.0,12,300.0
8063.0,10,300.0
8063.0,11,300.0
8063.0,12,300.0
8064.0,10,300.0
8064.0,11,300.0
8064.0,12,300.0
8065.0,10,300.0
8065.0,11,300.0
8065.0,12,300.0
8066.0,10,300.0
8066.0,11,300.0
8066.0,12,300.0
8067.0,10,300.0
8067.0,11,300.0
8067.0,12,300.0
8068.0,10,300.0
8068.0,11,300.0
8068.0,12,300.0
8069.0,10,300.0
8069.0,11,300.0
8069.0,12,300.0
8070.0,10,300.0
8070.0,11,300.0
8070.0,12,300.0
8071.0,10,300.0
8071.0,11,300.0
8071.0,12,300.0
8072.0,10,300.0
8072.0,11,300.0
8072.0,12,300.0
8073.0,10,300.0
8073.0,11,300.0
8073.0,12,300.0
8074.0,10,300.0
8074.0,11,300.0
8074.0,12,300.0
8075.0,10,300.0
8075.0,11,300.0
8075.0,12,300.0
8076.0,10,300.0
8076.0,11,300.0
8076.0,12,300.0
8077.0,10,300.0
8077.0,11,300.0
8077.0,12,300.0
8078.0,10,300.0
8078.0,11,300.0
8078.0,12,300.0
8079.0,10,300.0
8079.0,11,300.0
8079.0,12,300.0
8080.0,10,300.0
8080.0,11,300.0
8080.0,12,300.0
8081.0,10,300.0
8081.0,11,300.0
8081.0,12,300.0
8082.0,10,300.0
8082.0,11,300.0
8082.0,12,300.0
8083.0,10,300.0
8083.0,11,300.0
8083.0,12,300.0
8084.0,10,300.0
8084.0,11,300.0
8084.0,12,300.0
8085.0,10,300.0
8085.0,11,300.0
8085.0,12,300.0
8086.0,10,300.0
8086.0,11,300.0
8086.0,12,300.0
8087.0,10,300.0
8087.0,11,300.0
8087.0,12,300.0
8088.0,10,300.0
8088.0,11,300.0
8088.0,12,300.0
8089.0,10,300.0
8089.0,11,300.0
8089.0,12,300.0
8090.0,10,300.0
8090.0,11,300.0
8090.0,12,300.0
8091.0,10,300.0
8091.0,11,300.0
8091.0,12,300.0
8092.0,10,300.0
8092.0,11,300.0
8092.0,12,300.0
8093.0,10,300.0
8093.0,11,300.0
8093.0,12,300.0
8094.0,10,300.0
8094.0,11,300.0
8094.0,12,300.0
8095.0,10,300.0
8095.0,11,300.0
8095.0,12,300.0
8096.0,10,300.0
8096.0,11,300.0
8096.0,12,300.0
8097.0,10,300.0
8097.0,11,300.0
8097.0,12,300.0
8098.0,10,300.0
8098.0,11,300.0
8098.0,12,300.0
8099.0,10,300.0
8099.0,11,300.0
8099.0,12,300.0
8100.0,10,300.0
8100.0,11,300.0
8100.0,12,300.0
8101.0,10,300.0
8101.0,11,300.0
8101.0,12,300.0
8102.0,10,300.0
8102.0,11,300.0
8102.0,12,300.0
8103.0,10,300.0
8103.0,11,300.0
8103.0,12,300.0
8104.0,10,300.0
8104.0,11,300.0
8104.0,12,300.0
8105.0,10,300.0
8105.0,11,300.0
8105.0,12,300.0
8106.0,10,300.0
8106.0,11,300.0
8106.0,12,300.0
8107.0,10,300.0
8107.0,11,300.0
8107.0,12,300.0
8108.0,10,300.0
8108.0,11,300.0
8108.0,12,300.0
8109.0,10,300.0
8109.0,11,300.0
8109.0,12,300.0
8110.0,10,300.0
8110.0,11,300.0
8110.0,12,300.0
8111.0,10,300.0
8111.0,11,300.0
8111.0,12,300.0
8112.0,10,300.0
8112.0,11,300.0
8112.0,12,300.0
8113.0,10,300.0
8113.0,11,300.0
8113.0,12,300.0
8114.0,10,300.0
8114.0,11,300.0
8114.0,12,300.0
8115.0,10,300.0
8115.0,11,300.0
8115.0,12,300.0
8116.0,10,300.0
8116.0,11,300.0
8116.0,12,300.0
8117.0,10,300.0
8117.0,11,300.0
8117.0,12,300.0
8118.0,10,300.0
8118.0,11,300.0
8118.0,12,300.0
8119.0,10,300.0
8119.0,11,300.0
8119.0,12,300.0
8120.0,10,300.0
8120.0,11,300.0
8120.0,12,300.0
8121.0,10,300.0
8121.0,11,300.0
8121.0,12,300.0
8122.0,10,300.0
8122.0,11,300.0
8122.0,12,300.0
8123.0,10,300.0
8123.0,11,300.0
8123.0,12,300.0
8124.0,10,300.0
8124.0,11,300.0
8124.0,12,300.0
8125.0,10,300.0
8125.0,11,300.0
8125.0,12,300.0
8126.0,10,300.0
8126.0,11,300.0
8126.0,12,300.0
8127.0,10,300.0
8127.0,11,300.0
8127.0,12,300.0
8128.0,10,300.0
8128.0,11,300.0
8128.0,12,300.0
8129.0,10,300.0
8129.0,11,300.0
8129.0,12,300.0
8130.0,10,300.0
8130.0,11,300.0
8130.0,12,300.0
8131.0,10,300.0
8131.0,11,300.0
8131.0,12,300.0
8132.0,10,300.0
8132.0,11,300.0
8132.0,12,300.0
8133.0,10,300.0
8133.0,11,300.0
8133.0,12,300.0
8134.0,10,300.0
8134.0,11,300.0
8134.0,12,300.0
8135.0,10,300.0
8135.0,11,300.0
8135.0,12,300.0
8136.0,10,300.0
8136.0,11,300.0
8136.0,12,300.0
8137.0,10,300.0
8137.0,11,300.0
8137.0,12,300.0
8138.0,10,300.0
8138.0,11,300.0
8138.0,12,300.0
8139.0,10,300.0
8139.0,11,300.0
8139.0,12,300.0
8140.0,10,300.0
8140.0,11,300.0
8140.0,12,300.0
8141.0,10,300.0
8141.0,11,300.0
8141.0,12,300.0
8142.0,10,300.0
8142.0,11,300.0
8142.0,12,300.0
8143.0,10,300.0
8143.0,11,300.0
8143.0,12,300.0
8144.0,10,300.0
8144.0,11,300.0
8144.0,12,300.0
8145.0,10,300.0
8145.0,11,300.0
8145.0,12,300.0
8146.0,10,300.0
8146.0,11,300.0
8146.0,12,300.0
8147.0,10,300.0
8147.0,11,300.0
8147.0,12,300.0
8148.0,10,300.0
8148.0,11,300.0
8148.0,12,300.0
8149.0,10,300.0
8149.0,11,300.0
8149.0,12,300.0
8150.0,10,300.0
8150.0,11,300.0
8150.0,12,300.0
8151.0,10,300.0
8151.0,11,300.0
8151.0,12,300.0
8152.0,10,300.0
8152.0,11,300.0
8152.0,12,300.0
8153.0,10,300.0
8153.0,11,300.0
8153.0,12,300.0
8154.0,10,300.0
8154.0,11,300.0
8154.0,12,300.0
8155.0,10,300.0
8155.0,11,300.0
8155.0,12,300.0
8156.0,10,300.0
8156.0,11,300.0
8156.0,12,300.0
8157.0,10,300.0
8157.0,11,300.0
8157.0,12,300.0
8158.0,10,300.0
8158.0,11,300.0
8158.0,12,300.0
8159.0,10,300.0
8159.0,11,300.0
8159.0,12,300.0
8160.0,10,300.0
8160.0,11,300.0
8160.0,12,300.0
8161.0,10,300.0
8161.0,11,300.0
8161.0,12,300.0
8162.0,10,300.0
8162.0,11,300.0
8162.0,12,300.0
8163.0,10,300.0
8163.0,11,300.0
8163.0,12,300.0
8164.0,10,300.0
8164.0,11,300.0
8164.0,12,300.0
8165.0,10,300.0
8165.0,11,300.0
8165.0,12,300.0
8166.0,10,300.0
8166.0,11,300.0
8166.0,12,300.0
8167.0,10,300.0
8167.0,11,300.0
8167.0,12,300.0
8168.0,10,300.0
8168.0,11,300.0
8168.0,12,300.0
8169.0,10,300.0
8169.0,11,300.0
8169.0,12,300.0
8170.0,10,300.0
8170.0,11,300.0
8170.0,12,300.0
8171.0,10,300.0
8171.0,11,300.0
8171.0,12,300.0
8172.0,10,300.0
8172.0,11,300.0
8172.0,12,300.0
8173.0,10,300.0
8173.0,11,300.0
8173.0,12,300.0
8174.0,10,300.0
8174.0,11,300.0
8174.0,12,300.0
8175.0,10,300.0
8175.0,11,300.0
8175.0,12,300.0
8176.0,10,300.0
8176.0,11,300.0
8176.0,12,300.0
8177.0,10,300.0
8177.0,11,300.0
8177.0,12,300.0
8178.0,10,300.0
8178.0,11,300.0
8178.0,12,300.0
8179.0,10,300.0
8179.0,11,300.0
8179.0,12,300.0
8180.0,10,300.0
8180.0,11,300.0
8180.0,12,300.0
8181.0,10,300.0
8181.0,11,300.0
8181.0,12,300.0
8182.0,10,300.0
8182.0,11,300.0
8182.0,12,300.0
8183.0,10,300.0
8183.0,11,300.0
8183.0,12,300.0
8184.0,10,300.0
8184.0,11,300.0
8184.0,12,300.0
8185.0,10,300.0
8185.0,11,300.0
8185.0,12,300.0
8186.0,10,300.0
8186.0,11,300.0
8186.0,12,300.0
8187.0,10,300.0
8187.0,11,300.0
8187.0,12,300.0
8188.0,10,300.0
8188.0,11,300.0
8188.0,12,300.0
8189.0,10,300.0
8189.0,11,300.0
8189.0,12,300.0
8190.0,10,300.0
8190.0,11,300.0
8190.0,12,300.0
8191.0,10,300.0
8191.0,11,300.0
8191.0,12,300.0
8192.0,10,300.0
8192.0,11,300.0
8192.0,12,300.0
8193.0,10,300.0
8193.0,11,300.0
8193.0,12,300.0
8194.0,10,300.0
8194.0,11,300.0
8194.0,12,300.0
8195.0,10,300.0
8195.0,11,300.0
8195.0,12,300.0
8196.0,10,300.0
8196.0,11,300.0
8196.0,12,300.0
8197.0,10,300.0
8197.0,11,300.0
8197.0,12,300.0
8198.0,10,300.0
8198.0,11,300.0
8198.0,12,300.0
8199.0,10,300.0
8199.0,11,300.0
8199.0,12,300.0
8200.0,10,300.0
8200.0,11,300.0
8200.0,12,300.0
8201.0,10,300.0
8201.0,11,300.0
8201.0,12,300.0
8202.0,10,300.0
8202.0,11,300.0
8202.0,12,300.0
8203.0,10,300.0
8203.0,11,300.0
8203.0,12,300.0
8204.0,10,300.0
8204.0,11,300.0
8204.0,12,300.0
8205.0,10,300.0
8205.0,11,300.0
8205.0,12,300.0
8206.0,10,300.0
8206.0,11,300.0
8206.0,12,300.0
8207.0,10,300.0
8207.0,11,300.0
8207.0,12,300.0
8208.0,10,300.0
8208.0,11,300.0
8208.0,12,300.0
8209.0,10,300.0
8209.0,11,300.0
8209.0,12,300.0
8210.0,10,300.0
8210.0,11,300.0
8210.0,12,300.0
8211.0,10,300.0
8211.0,11,300.0
8211.0,12,300.0
8212.0,10,300.0
8212.0,11,300.0
8212.0,12,300.0
8213.0,10,300.0
8213.0,11,300.0
8213.0,12,300.0
8214.0,10,300.0
8214.0,11,300.0
8214.0,12,300.0
8215.0,10,300.0
8215.0,11,300.0
8215.0,12,300.0
8216.0,10,300.0
8216.0,11,300.0
8216.0,12,300.0
8217.0,10,300.0
8217.0,11,300.0
8217.0,12,300.0
8218.0,10,300.0
8218.0,11,300.0
8218.0,12,300.0
8219.0,10,300.0
8219.0,11,300.0
8219.0,12,300.0
8220.0,10,300.0
8220.0,11,300.0
8220.0,12,300.0
8221.0,10,300.0
8221.0,11,300.0
8221.0,12,300.0
8222.0,10,300.0
8222.0,11,300.0
8222.0,12,300.0
8223.0,10,300.0
8223.0,11,300.0
8223.0,12,300.0
8224.0,10,300.0
8224.0,11,300.0
8224.0,12,300.0
8225.0,10,300.0
8225.0,11,300.0
8225.0,12,300.0
8226.0,10,300.0
8226.0,11,300.0
8226.0,12,300.0
8227.0,10,300.0
8227.0,11,300.0
8227.0,12,300.0
8228.0,10,300.0
8228.0,11,300.0
8228.0,12,300.0
8229.0,10,300.0
8229.0,11,300.0
8229.0,12,300.0
8230.0,10,300.0
8230.0,11,300.0
8230.0,12,300.0
8231.0,10,300.0
8231.0,11,300.0
8231.0,12,300.0
8232.0,10,300.0
8232.0,11,300.0
8232.0,12,300.0
8233.0,10,300.0
8233.0,11,300.0
8233.0,12,300.0
8234.0,10,300.0
8234.0,11,300.0
8234.0,12,300.0
8235.0,10,300.0
8235.0,11,300.0
8235.0,12,300.0
8236.0,10,300.0
8236.0,11,300.0
8236.0,12,300.0
8237.0,10,300.0
8237.0,11,300.0
8237.0,12,300.0
8238.0,10,300.0
8238.0,11,300.0
8238.0,12,300.0
8239.0,10,300.0
8239.0,11,300.0
8239.0,12,300.0
8240.0,10,300.0
8240.0,11,300.0
8240.0,12,300.0
8241.0,10,300.0
8241.0,11,300.0
8241.0,12,300.0
8242.0,10,300.0
8242.0,11,300.0
8242.0,12,300.0
8243.0,10,300.0
8243.0,11,300.0
8243.0,12,300.0
8244.0,10,300.0
8244.0,11,300.0
8244.0,12,300.0
8245.0,10,300.0
8245.0,11,300.0
8245.0,12,300.0
8246.0,10,300.0
8246.0,11,300.0
8246.0,12,300.0
8247.0,10,300.0
8247.0,11,300.0
8247.0,12,300.0
8248.0,10,300.0
8248.0,11,300.0
8248.0,12,300.0
8249.0,10,300.0
8249.0,11,300.0
8249.0,12,300.0
8250.0,10,300.0
8250.0,11,300.0
8250.0,12,300.0
8251.0,10,300.0
8251.0,11,300.0
8251.0,12,300.0
8252.0,10,300.0
8252.0,11,300.0
8252.0,12,300.0
8253.0,10,300.0
8253.0,11,300.0
8253.0,12,300.0
8254.0,10,300.0
8254.0,11,300.0
8254.0,12,300.0
8255.0,10,300.0
8255.0,11,300.0
8255.0,12,300.0
8256.0,10,300.0
8256.0,11,300.0
8256.0,12,300.0
8257.0,10,300.0
8257.0,11,300.0
8257.0,12,300.0
8258.0,10,300.0
8258.0,11,300.0
8258.0,12,300.0
8259.0,10,300.0
8259.0,11,300.0
8259.0,12,300.0
8260.0,10,300.0
8260.0,11,300.0
8260.0,12,300.0
8261.0,10,300.0
8261.0,11,300.0
8261.0,12,300.0
8262.0,10,300.0
8262.0,11,300.0
8262.0,12,300.0
8263.0,10,300.0
8263.0,11,300.0
8263.0,12,300.0
8264.0,10,300.0
8264.0,11,300.0
8264.0,12,300.0
8265.0,10,300.0
8265.0,11,300.0
8265.0,12,300.0
8266.0,10,300.0
8266.0,11,300.0
8266.0,12,300.0
8267.0,10,300.0
8267.0,11,300.0
8267.0,12,300.0
8268.0,10,300.0
8268.0,11,300.0
8268.0,12,300.0
8269.0,10,300.0
8269.0,11,300.0
8269.0,12,300.0
8270.0,10,300.0
8270.0,11,300.0
8270.0,12,300.0
8271.0,10,300.0
8271.0,11,300.0
8271.0,12,300.0
8272.0,10,300.0
8272.0,11,300.0
8272.0,12,300.0
8273.0,10,300.0
8273.0,11,300.0
8273.0,12,300.0
8274.0,10,300.0
8274.0,11,300.0
8274.0,12,300.0
8275.0,10,300.0
8275.0,11,300.0
8275.0,12,300.0
8276.0,10,300.0
8276.0,11,300.0
8276.0,12,300.0
8277.0,10,300.0
8277.0,11,300.0
8277.0,12,300.0
8278.0,10,300.0
8278.0,11,300.0
8278.0,12,300.0
8279.0,10,300.0
8279.0,11,300.0
8279.0,12,300.0
8280.0,10,300.0
8280.0,11,300.0
8280.0,12,300.0
8281.0,10,300.0
8281.0,11,300.0
8281.0,12,300.0
8282.0,10,300.0
8282.0,11,300.0
8282.0,12,300.0
8283.0,10,300.0
8283.0,11,300.0
8283.0,12,300.0
8284.0,10,300.0
8284.0,11,300.0
8284.0,12,300.0
8285.0,10,300.0
8285.0,11,300.0
8285.0,12,300.0
8286.0,10,300.0
8286.0,11,300.0
8286.0,12,300.0
8287.0,10,300.0
8287.0,11,300.0
8287.0,12,300.0
8288.0,10,300.0
8288.0,11,300.0
8288.0,12,300.0
8289.0,10,300.0
8289.0,11,300.0
8289.0,12,300.0
8290.0,10,300.0
8290.0,11,300.0
8290.0,12,300.0
8291.0,10,300.0
8291.0,11,300.0
8291.0,12,300.0
8292.0,10,300.0
8292.0,11,300.0
8292.0,12,300.0
8293.0,10,300.0
8293.0,11,300.0
8293.0,12,300.0
8294.0,10,300.0
8294.0,11,300.0
8294.0,12,300.0
8295.0,10,300.0
8295.0,11,300.0
8295.0,12,300.0
8296.0,10,300.0
8296.0,11,300.0
8296.0,12,300.0
8297.0,10,300.0
8297.0,11,300.0
8297.0,12,300.0
8298.0,10,300.0
8298.0,11,300.0
8298.0,12,300.0
8299.0,10,300.0
8299.0,11,300.0
8299.0,12,300.0
8300.0,10,300.0
8300.0,11,300.0
8300.0,12,300.0
8301.0,10,300.0
8301.0,11,300.0
8301.0,12,300.0
8302.0,10,300.0
8302.0,11,300.0
8302.0,12,300.0
8303.0,10,300.0
8303.0,11,300.0
8303.0,12,300.0
8304.0,10,300.0
8304.0,11,300.0
8304.0,12,300.0
8305.0,10,300.0
8305.0,11,300.0
8305.0,12,300.0
8306.0,10,300.0
8306.0,11,300.0
8306.0,12,300.0
8307.0,10,300.0
8307.0,11,300.0
8307.0,12,300.0
8308.0,10,300.0
8308.0,11,300.0
8308.0,12,300.0
8309.0,10,300.0
8309.0,11,300.0
8309.0,12,300.0
8310.0,10,300.0
8310.0,11,300.0
8310.0,12,300.0
8311.0,10,300.0
8311.0,11,300.0
8311.0,12,300.0
8312.0,10,300.0
8312.0,11,300.0
8312.0,12,300.0
8313.0,10,300.0
8313.0,11,300.0
8313.0,12,300.0
8314.0,10,300.0
8314.0,11,300.0
8314.0,12,300.0
8315.0,10,300.0
8315.0,11,300.0
8315.0,12,300.0
8316.0,10,300.0
8316.0,11,300.0
8316.0,12,300.0
8317.0,10,300.0
8317.0,11,300.0
8317.0,12,300.0
8318.0,10,300.0
8318.0,11,300.0
8318.0,12,300.0
8319.0,10,300.0
8319.0,11,300.0
8319.0,12,300.0
8320.0,10,300.0
8320.0,11,300.0
8320.0,12,300.0
8321.0,10,300.0
8321.0,11,300.0
8321.0,12,300.0
8322.0,10,300.0
8322.0,11,300.0
8322.0,12,300.0
8323.0,10,300.0
8323.0,11,300.0
8323.0,12,300.0
8324.0,10,300.0
8324.0,11,300.0
8324.0,12,300.0
8325.0,10,300.0
8325.0,11,300.0
8325.0,12,300.0
8326.0,10,300.0
8326.0,11,300.0
8326.0,12,300.0
8327.0,10,300.0
8327.0,11,300.0
8327.0,12,300.0
8328.0,10,300.0
8328.0,11,300.0
8328.0,12,300.0
8329.0,10,300.0
8329.0,11,300.0
8329.0,12,300.0
8330.0,10,300.0
8330.0,11,300.0
8330.0,12,300.0
8331.0,10,300.0
8331.0,11,300.0
8331.0,12,300.0
8332.0,10,300.0
8332.0,11,300.0
8332.0,12,300.0
8333.0,10,300.0
8333.0,11,300.0
8333.0,12,300.0
8334.0,10,300.0
8334.0,11,300.0
8334.0,12,300.0
8335.0,10,300.0
8335.0,11,300.0
8335.0,12,300.0
8336.0,10,300.0
8336.0,11,300.0
8336.0,12,300.0
8337.0,10,300.0
8337.0,11,300.0
8337.0,12,300.0
8338.0,10,300.0
8338.0,11,300.0
8338.0,12,300.0
8339.0,10,300.0
8339.0,11,300.0
8339.0,12,300.0
8340.0,10,300.0
8340.0,11,300.0
8340.0,12,300.0
8341.0,10,300.0
8341.0,11,300.0
8341.0,12,300.0
8342.0,10,300.0
8342.0,11,300.0
8342.0,12,300.0
8343.0,10,300.0
8343.0,11,300.0
8343.0,12,300.0
8344.0,10,300.0
8344.0,11,300.0
8344.0,12,300.0
8345.0,10,300.0
8345.0,11,300.0
8345.0,12,300.0
8346.0,10,300.0
8346.0,11,300.0
8346.0,12,300.0
8347.0,10,300.0
8347.0,11,300.0
8347.0,12,300.0
8348.0,10,300.0
8348.0,11,300.0
8348.0,12,300.0
8349.0,10,300.0
8349.0,11,300.0
8349.0,12,300.0
8350.0,10,300.0
8350.0,11,300.0
8350.0,12,300.0
8351.0,10,300.0
8351.0,11,300.0
8351.0,12,300.0
8352.0,10,300.0
8352.0,11,300.0
8352.0,12,300.0
8353.0,10,300.0
8353.0,11,300.0
8353.0,12,300.0
8354.0,10,300.0
8354.0,11,300.0
8354.0,12,300.0
8355.0,10,300.0
8355.0,11,300.0
8355.0,12,300.0
8356.0,10,300.0
8356.0,11,300.0
8356.0,12,300.0
8357.0,10,300.0
8357.0,11,300.0
8357.0,12,300.0
8358.0,10,300.0
8358.0,11,300.0
8358.0,12,300.0
8359.0,10,300.0
8359.0,11,300.0
8359.0,12,300.0
8360.0,10,300.0
8360.0,11,300.0
8360.0,12,300.0
8361.0,10,300.0
8361.0,11,300.0
8361.0,12,300.0
8362.0,10,300.0
8362.0,11,300.0
8362.0,12,300.0
8363.0,10,300.0
8363.0,11,300.0
8363.0,12,300.0
8364.0,10,300.0
8364.0,11,300.0
8364.0,12,300.0
8365.0,10,300.0
8365.0,11,300.0
8365.0,12,300.0
8366.0,10,300.0
8366.0,11,300.0
8366.0,12,300.0
8367.0,10,300.0
8367.0,11,300.0
8367.0,12,300.0
8368.0,10,300.0
8368.0,11,300.0
8368.0,12,300.0
8369.0,10,300.0
8369.0,11,300.0
8369.0,12,300.0
8370.0,10,300.0
8370.0,11,300.0
8370.0,12,300.0
8371.0,10,300.0
8371.0,11,300.0
8371.0,12,300.0
8372.0,10,300.0
8372.0,11,300.0
8372.0,12,300.0
8373.0,10,300.0
8373.0,11,300.0
8373.0,12,300.0
8374.0,10,300.0
8374.0,11,300.0
8374.0,12,300.0
8375.0,10,300.0
8375.0,11,300.0
8375.0,12,300.0
8376.0,10,300.0
8376.0,11,300.0
8376.0,12,300.0
8377.0,10,300.0
8377.0,11,300.0
8377.0,12,300.0
8378.0,10,300.0
8378.0,11,300.0
8378.0,12,300.0
8379.0,10,300.0
8379.0,11,300.0
8379.0,12,300.0
8380.0,10,300.0
8380.0,11,300.0
8380.0,12,300.0
8381.0,10,300.0
8381.0,11,300.0
8381.0,12,300.0
8382.0,10,300.0
8382.0,11,300.0
8382.0,12,300.0
8383.0,10,300.0
8383.0,11,300.0
8383.0,12,300.0
8384.0,10,300.0
8384.0,11,300.0
8384.0,12,300.0
8385.0,10,300.0
8385.0,11,300.0
8385.0,12,300.0
8386.0,10,300.0
8386.0,11,300.0
8386.0,12,300.0
8387.0,10,300.0
8387.0,11,300.0
8387.0,12,300.0
8388.0,10,300.0
8388.0,11,300.0
8388.0,12,300.0
8389.0,10,300.0
8389.0,11,300.0
8389.0,12,300.0
8390.0,10,300.0
8390.0,11,300.0
8390.0,12,300.0
8391.0,10,300.0
8391.0,11,300.0
8391.0,12,300.0
8392.0,10,300.0
8392.0,11,300.0
8392.0,12,300.0
8393.0,10,300.0
8393.0,11,300.0
8393.0,12,300.0
8394.0,10,300.0
8394.0,11,300.0
8394.0,12,300.0
8395.0,10,300.0
8395.0,11,300.0
8395.0,12,300.0
8396.0,10,300.0
8396.0,11,300.0
8396.0,12,300.0
8397.0,10,300.0
8397.0,11,300.0
8397.0,12,300.0
8398.0,10,300.0
8398.0,11,300.0
8398.0,12,300.0
8399.0,10,300.0
8399.0,11,300.0
8399.0,12,300.0
8400.0,10,300.0
8400.0,11,300.0
8400.0,12,300.0
8401.0,10,300.0
8401.0,11,300.0
8401.0,12,300.0
8402.0,10,300.0
8402.0,11,300.0
8402.0,12,300.0
8403.0,10,300.0
8403.0,11,300.0
8403.0,12,300.0
8404.0,10,300.0
8404.0,11,300.0
8404.0,12,300.0
8405.0,10,300.0
8405.0,11,300.0
8405.0,12,300.0
8406.0,10,300.0
8406.0,11,300.0
8406.0,12,300.0
8407.0,10,300.0
8407.0,11,300.0
8407.0,12,300.0
8408.0,10,300.0
8408.0,11,300.0
8408.0,12,300.0
8409.0,10,300.0
8409.0,11,300.0
8409.0,12,300.0
8410.0,10,300.0
8410.0,11,300.0
8410.0,12,300.0
8411.0,10,300.0
8411.0,11,300.0
8411.0,12,300.0
8412.0,10,300.0
8412.0,11,300.0
8412.0,12,300.0
8413.0,10,300.0
8413.0,11,300.0
8413.0,12,300.0
8414.0,10,300.0
8414.0,11,300.0
8414.0,12,300.0
8415.0,10,300.0
8415.0,11,300.0
8415.0,12,300.0
8416.0,10,300.0
8416.0,11,300.0
8416.0,12,300.0
8417.0,10,300.0
8417.0,11,300.0
8417.0,12,300.0
8418.0,10,300.0
8418.0,11,300.0
8418.0,12,300.0
8419.0,10,300.0
8419.0,11,300.0
8419.0,12,300.0
8420.0,10,300.0
8420.0,11,300.0
8420.0,12,300.0
8421.0,10,300.0
8421.0,11,300.0
8421.0,12,300.0
8422.0,10,300.0
8422.0,11,300.0
8422.0,12,300.0
8423.0,10,300.0
8423.0,11,300.0
8423.0,12,300.0
8424.0,10,300.0
8424.0,11,300.0
8424.0,12,300.0
8425.0,10,300.0
8425.0,11,300.0
8425.0,12,300.0
8426.0,10,300.0
8426.0,11,300.0
8426.0,12,300.0
8427.0,10,300.0
8427.0,11,300.0
8427.0,12,300.0
8428.0,10,300.0
8428.0,11,300.0
8428.0,12,300.0
8429.0,10,300.0
8429.0,11,300.0
8429.0,12,300.0
8430.0,10,300.0
8430.0,11,300.0
8430.0,12,300.0
8431.0,10,300.0
8431.0,11,300.0
8431.0,12,300.0
8432.0,10,300.0
8432.0,11,300.0
8432.0,12,300.0
8433.0,10,300.0
8433.0,11,300.0
8433.0,12,300.0
8434.0,10,300.0
8434.0,11,300.0
8434.0,12,300.0
8435.0,10,300.0
8435.0,11,300.0
8435.0,12,300.0
8436.0,10,300.0
8436.0,11,300.0
8436.0,12,300.0
8437.0,10,300.0
8437.0,11,300.0
8437.0,12,300.0
8438.0,10,300.0
8438.0,11,300.0
8438.0,12,300.0
8439.0,10,300.0
8439.0,11,300.0
8439.0,12,300.0
8440.0,10,300.0
8440.0,11,300.0
8440.0,12,300.0
8441.0,10,300.0
8441.0,11,300.0
8441.0,12,300.0
8442.0,10,300.0
8442.0,11,300.0
8442.0,12,300.0
8443.0,10,300.0
8443.0,11,300.0
8443.0,12,300.0
8444.0,10,300.0
8444.0,11,300.0
8444.0,12,300.0
8445.0,10,300.0
8445.0,11,300.0
8445.0,12,300.0
8446.0,10,300.0
8446.0,11,300.0
8446.0,12,300.0
8447.0,10,300.0
8447.0,11,300.0
8447.0,12,300.0
8448.0,10,300.0
8448.0,11,300.0
8448.0,12,300.0
8449.0,10,300.0
8449.0,11,300.0
8449.0,12,300.0
8450.0,10,300.0
8450.0,11,300.0
8450.0,12,300.0
8451.0,10,300.0
8451.0,11,300.0
8451.0,12,300.0
8452.0,10,300.0
8452.0,11,300.0
8452.0,12,300.0
8453.0,10,300.0
8453.0,11,300.0
8453.0,12,300.0
8454.0,10,300.0
8454.0,11,300.0
8454.0,12,300.0
8455.0,10,300.0
8455.0,11,300.0
8455.0,12,300.0
8456.0,10,300.0
8456.0,11,300.0
8456.0,12,300.0
8457.0,10,300.0
8457.0,11,300.0
8457.0,12,300.0
8458.0,10,300.0
8458.0,11,300.0
8458.0,12,300.0
8459.0,10,300.0
8459.0,11,300.0
8459.0,12,300.0
8460.0,10,300.0
8460.0,11,300.0
8460.0,12,300.0
8461.0,10,300.0
8461.0,11,300.0
8461.0,12,300.0
8462.0,10,300.0
8462.0,11,300.0
8462.0,12,300.0
8463.0,10,300.0
8463.0,11,300.0
8463.0,12,300.0
8464.0,10,300.0
8464.0,11,300.0
8464.0,12,300.0
8465.0,10,300.0
8465.0,11,300.0
8465.0,12,300.0
8466.0,10,300.0
8466.0,11,300.0
8466.0,12,300.0
8467.0,10,300.0
8467.0,11,300.0
8467.0,12,300.0
8468.0,10,300.0
8468.0,11,300.0
8468.0,12,300.0
8469.0,10,300.0
8469.0,11,300.0
8469.0,12,300.0
8470.0,10,300.0
8470.0,11,300.0
8470.0,12,300.0
8471.0,10,300.0
8471.0,11,300.0
8471.0,12,300.0
8472.0,10,300.0
8472.0,11,300.0
8472.0,12,300.0
8473.0,10,300.0
8473.0,11,300.0
8473.0,12,300.0
8474.0,10,300.0
8474.0,11,300.0
8474.0,12,300.0
8475.0,10,300.0
8475.0,11,300.0
8475.0,12,300.0
8476.0,10,300.0
8476.0,11,300.0
8476.0,12,300.0
8477.0,10,300.0
8477.0,11,300.0
8477.0,12,300.0
8478.0,10,300.0
8478.0,11,300.0
8478.0,12,300.0
8479.0,10,300.0
8479.0,11,300.0
8479.0,12,300.0
8480.0,10,300.0
8480.0,11,300.0
8480.0,12,300.0
8481.0,10,300.0
8481.0,11,300.0
8481.0,12,300.0
8482.0,10,300.0
8482.0,11,300.0
8482.0,12,300.0
8483.0,10,300.0
8483.0,11,300.0
8483.0,12,300.0
8484.0,10,300.0
8484.0,11,300.0
8484.0,12,300.0
8485.0,10,300.0
8485.0,11,300.0
8485.0,12,300.0
8486.0,10,300.0
8486.0,11,300.0
8486.0,12,300.0
8487.0,10,300.0
8487.0,11,300.0
8487.0,12,300.0
8488.0,10,300.0
8488.0,11,300.0
8488.0,12,300.0
8489.0,10,300.0
8489.0,11,300.0
8489.0,12,300.0
8490.0,10,300.0
8490.0,11,300.0
8490.0,12,300.0
8491.0,10,300.0
8491.0,11,300.0
8491.0,12,300.0
8492.0,10,300.0
8492.0,11,300.0
8492.0,12,300.0
8493.0,10,300.0
8493.0,11,300.0
8493.0,12,300.0
8494.0,10,300.0
8494.0,11,300.0
8494.0,12,300.0
8495.0,10,300.0
8495.0,11,300.0
8495.0,12,300.0
8496.0,10,300.0
8496.0,11,300.0
8496.0,12,300.0
8497.0,10,300.0
8497.0,11,300.0
8497.0,12,300.0
8498.0,10,300.0
8498.0,11,300.0
8498.0,12,300.0
8499.0,10,300.0
8499.0,11,300.0
8499.0,12,300.0
8500.0,10,300.0
8500.0,11,300.0
8500.0,12,300.0
8501.0,10,300.0
8501.0,11,300.0
8501.0,12,300.0
8502.0,10,300.0
8502.0,11,300.0
8502.0,12,300.0
8503.0,10,300.0
8503.0,11,300.0
8503.0,12,300.0
8504.0,10,300.0
8504.0,11,300.0
8504.0,12,300.0
8505.0,10,300.0
8505.0,11,300.0
8505.0,12,300.0
8506.0,10,300.0
8506.0,11,300.0
8506.0,12,300.0
8507.0,10,300.0
8507.0,11,300.0
8507.0,12,300.0
8508.0,10,300.0
8508.0,11,300.0
8508.0,12,300.0
8509.0,10,300.0
8509.0,11,300.0
8509.0,12,300.0
8510.0,10,300.0
8510.0,11,300.0
8510.0,12,300.0
8511.0,10,300.0
8511.0,11,300.0
8511.0,12,300.0
8512.0,10,300.0
8512.0,11,300.0
8512.0,12,300.0
8513.0,10,300.0
8513.0,11,300.0
8513.0,12,300.0
8514.0,10,300.0
8514.0,11,300.0
8514.0,12,300.0
8515.0,10,300.0
8515.0,11,300.0
8515.0,12,300.0
8516.0,10,300.0
8516.0,11,300.0
8516.0,12,300.0
8517.0,10,300.0
8517.0,11,300.0
8517.0,12,300.0
8518.0,10,300.0
8518.0,11,300.0
8518.0,12,300.0
8519.0,10,300.0
8519.0,11,300.0
8519.0,12,300.0
8520.0,10,300.0
8520.0,11,300.0
8520.0,12,300.0
8521.0,10,300.0
8521.0,11,300.0
8521.0,12,300.0
8522.0,10,300.0
8522.0,11,300.0
8522.0,12,300.0
8523.0,10,300.0
8523.0,11,300.0
8523.0,12,300.0
8524.0,10,300.0
8524.0,11,300.0
8524.0,12,300.0
8525.0,10,300.0
8525.0,11,300.0
8525.0,12,300.0
8526.0,10,300.0
8526.0,11,300.0
8526.0,12,300.0
8527.0,10,300.0
8527.0,11,300.0
8527.0,12,300.0
8528.0,10,300.0
8528.0,11,300.0
8528.0,12,300.0
8529.0,10,300.0
8529.0,11,300.0
8529.0,12,300.0
8530.0,10,300.0
8530.0,11,300.0
8530.0,12,300.0
8531.0,10,300.0
8531.0,11,300.0
8531.0,12,300.0
8532.0,10,300.0
8532.0,11,300.0
8532.0,12,300.0
8533.0,10,300.0
8533.0,11,300.0
8533.0,12,300.0
8534.0,10,300.0
8534.0,11,300.0
8534.0,12,300.0
8535.0,10,300.0
8535.0,11,300.0
8535.0,12,300.0
8536.0,10,300.0
8536.0,11,300.0
8536.0,12,300.0
8537.0,10,300.0
8537.0,11,300.0
8537.0,12,300.0
8538.0,10,300.0
8538.0,11,300.0
8538.0,12,300.0
8539.0,10,300.0
8539.0,11,300.0
8539.0,12,300.0
8540.0,10,300.0
8540.0,11,300.0
8540.0,12,300.0
8541.0,10,300.0
8541.0,11,300.0
8541.0,12,300.0
8542.0,10,300.0
8542.0,11,300.0
8542.0,12,300.0
8543.0,10,300.0
8543.0,11,300.0
8543.0,12,300.0
8544.0,10,300.0
8544.0,11,300.0
8544.0,12,300.0
8545.0,10,300.0
8545.0,11,300.0
8545.0,12,300.0
8546.0,10,300.0
8546.0,11,300.0
8546.0,12,300.0
8547.0,10,300.0
8547.0,11,300.0
8547.0,12,300.0
8548.0,10,300.0
8548.0,11,300.0
8548.0,12,300.0
8549.0,10,300.0
8549.0,11,300.0
8549.0,12,300.0
8550.0,10,300.0
8550.0,11,300.0
8550.0,12,300.0
8551.0,10,300.0
8551.0,11,300.0
8551.0,12,300.0
8552.0,10,300.0
8552.0,11,300.0
8552.0,12,300.0
8553.0,10,300.0
8553.0,11,300.0
8553.0,12,300.0
8554.0,10,300.0
8554.0,11,300.0
8554.0,12,300.0
8555.0,10,300.0
8555.0,11,300.0
8555.0,12,300.0
8556.0,10,300.0
8556.0,11,300.0
8556.0,12,300.0
8557.0,10,300.0
8557.0,11,300.0
8557.0,12,300.0
8558.0,10,300.0
8558.0,11,300.0
8558.0,12,300.0
8559.0,10,300.0
8559.0,11,300.0
8559.0,12,300.0
8560.0,10,300.0
8560.0,11,300.0
8560.0,12,300.0
8561.0,10,300.0
8561.0,11,300.0
8561.0,12,300.0
8562.0,10,300.0
8562.0,11,300.0
8562.0,12,300.0
8563.0,10,300.0
8563.0,11,300.0
8563.0,12,300.0
8564.0,10,300.0
8564.0,11,300.0
8564.0,12,300.0
8565.0,10,300.0
8565.0,11,300.0
8565.0,12,300.0
8566.0,10,300.0
8566.0,11,300.0
8566.0,12,300.0
8567.0,10,300.0
8567.0,11,300.0
8567.0,12,300.0
8568.0,10,300.0
8568.0,11,300.0
8568.0,12,300.0
8569.0,10,300.0
8569.0,11,300.0
8569.0,12,300.0
8570.0,10,300.0
8570.0,11,300.0
8570.0,12,300.0
8571.0,10,300.0
8571.0,11,300.0
8571.0,12,300.0
8572.0,10,300.0
8572.0,11,300.0
8572.0,12,300.0
8573.0,10,300.0
8573.0,11,300.0
8573.0,12,300.0
8574.0,10,300.0
8574.0,11,300.0
8574.0,12,300.0
8575.0,10,300.0
8575.0,11,300.0
8575.0,12,300.0
8576.0,10,300.0
8576.0,11,300.0
8576.0,12,300.0
8577.0,10,300.0
8577.0,11,300.0
8577.0,12,300.0
8578.0,10,300.0
8578.0,11,300.0
8578.0,12,300.0
8579.0,10,300.0
8579.0,11,300.0
8579.0,12,300.0
8580.0,10,300.0
8580.0,11,300.0
8580.0,12,300.0
8581.0,10,300.0
8581.0,11,300.0
8581.0,12,300.0
8582.0,10,300.0
8582.0,11,300.0
8582.0,12,300.0
8583.0,10,300.0
8583.0,11,300.0
8583.0,12,300.0
8584.0,10,300.0
8584.0,11,300.0
8584.0,12,300.0
8585.0,10,300.0
8585.0,11,300.0
8585.0,12,300.0
8586.0,10,300.0
8586.0,11,300.0
8586.0,12,300.0
8587.0,10,300.0
8587.0,11,300.0
8587.0,12,300.0
8588.0,10,300.0
8588.0,11,300.0
8588.0,12,300.0
8589.0,10,300.0
8589.0,11,300.0
8589.0,12,300.0
8590.0,10,300.0
8590.0,11,300.0
8590.0,12,300.0
8591.0,10,300.0
8591.0,11,300.0
8591.0,12,300.0
8592.0,10,300.0
8592.0,11,300.0
8592.0,12,300.0
8593.0,10,300.0
8593.0,11,300.0
8593.0,12,300.0
8594.0,10,300.0
8594.0,11,300.0
8594.0,12,300.0
8595.0,10,300.0
8595.0,11,300.0
8595.0,12,300.0
8596.0,10,300.0
8596.0,11,300.0
8596.0,12,300.0
8597.0,10,300.0
8597.0,11,300.0
8597.0,12,300.0
8598.0,10,300.0
8598.0,11,300.0
8598.0,12,300.0
8599.0,10,300.0
8599.0,11,300.0
8599.0,12,300.0
8600.0,10,300.0
8600.0,11,300.0
8600.0,12,300.0
8601.0,10,300.0
8601.0,11,300.0
8601.0,12,300.0
8602.0,10,300.0
8602.0,11,300.0
8602.0,12,300.0
8603.0,10,300.0
8603.0,11,300.0
8603.0,12,300.0
8604.0,10,300.0
8604.0,11,300.0
8604.0,12,300.0
8605.0,10,300.0
8605.0,11,300.0
8605.0,12,300.0
8606.0,10,300.0
8606.0,11,300.0
8606.0,12,300.0
8607.0,10,300.0
8607.0,11,300.0
8607.0,12,300.0
8608.0,10,300.0
8608.0,11,300.0
8608.0,12,300.0
8609.0,10,300.0
8609.0,11,300.0
8609.0,12,300.0
8610.0,10,300.0
8610.0,11,300.0
8610.0,12,300.0
8611.0,10,300.0
8611.0,11,300.0
8611.0,12,300.0
8612.0,10,300.0
8612.0,11,300.0
8612.0,12,300.0
8613.0,10,300.0
8613.0,11,300.0
8613.0,12,300.0
8614.0,10,300.0
8614.0,11,300.0
8614.0,12,300.0
8615.0,10,300.0
8615.0,11,300.0
8615.0,12,300.0
8616.0,10,300.0
8616.0,11,300.0
8616.0,12,300.0
8617.0,10,300.0
8617.0,11,300.0
8617.0,12,300.0
8618.0,10,300.0
8618.0,11,300.0
8618.0,12,300.0
8619.0,10,300.0
8619.0,11,300.0
8619.0,12,300.0
8620.0,10,300.0
8620.0,11,300.0
8620.0,12,300.0
8621.0,10,300.0
8621.0,11,300.0
8621.0,12,300.0
8622.0,10,300.0
8622.0,11,300.0
8622.0,12,300.0
8623.0,10,300.0
8623.0,11,300.0
8623.0,12,300.0
8624.0,10,300.0
8624.0,11,300.0
8624.0,12,300.0
8625.0,10,300.0
8625.0,11,300.0
8625.0,12,300.0
8626.0,10,300.0
8626.0,11,300.0
8626.0,12,300.0
8627.0,10,300.0
8627.0,11,300.0
8627.0,12,300.0
8628.0,10,300.0
8628.0,11,300.0
8628.0,12,300.0
8629.0,10,300.0
8629.0,11,300.0
8629.0,12,300.0
8630.0,10,300.0
8630.0,11,300.0
8630.0,12,300.0
8631.0,10,300.0
8631.0,11,300.0
8631.0,12,300.0
8632.0,10,300.0
8632.0,11,300.0
8632.0,12,300.0
8633.0,10,300.0
8633.0,11,300.0
8633.0,12,300.0
8634.0,10,300.0
8634.0,11,300.0
8634.0,12,300.0
8635.0,10,300.0
8635.0,11,300.0
8635.0,12,300.0
8636.0,10,300.0
8636.0,11,300.0
8636.0,12,300.0
8637.0,10,300.0
8637.0,11,300.0
8637.0,12,300.0
8638.0,10,300.0
8638.0,11,300.0
8638.0,12,300.0
8639.0,10,300.0
8639.0,11,300.0
8639.0,12,300.0
8640.0,10,300.0
8640.0,11,300.0
8640.0,12,300.0
8641.0,10,300.0
8641.0,11,300.0
8641.0,12,300.0
8642.0,10,300.0
8642.0,11,300.0
8642.0,12,300.0
8643.0,10,300.0
8643.0,11,300.0
8643.0,12,300.0
8644.0,10,300.0
8644.0,11,300.0
8644.0,12,300.0
8645.0,10,300.0
8645.0,11,300.0
8645.0,12,300.0
8646.0,10,300.0
8646.0,11,300.0
8646.0,12,300.0
8647.0,10,300.0
8647.0,11,300.0
8647.0,12,300.0
8648.0,10,300.0
8648.0,11,300.0
8648.0,12,300.0
8649.0,10,300.0
8649.0,11,300.0
8649.0,12,300.0
8650.0,10,300.0
8650.0,11,300.0
8650.0,12,300.0
8651.0,10,300.0
8651.0,11,300.0
8651.0,12,300.0
8652.0,10,300.0
8652.0,11,300.0
8652.0,12,300.0
8653.0,10,300.0
8653.0,11,300.0
8653.0,12,300.0
8654.0,10,300.0
8654.0,11,300.0
8654.0,12,300.0
8655.0,10,300.0
8655.0,11,300.0
8655.0,12,300.0
8656.0,10,300.0
8656.0,11,300.0
8656.0,12,300.0
8657.0,10,300.0
8657.0,11,300.0
8657.0,12,300.0
8658.0,10,300.0
8658.0,11,300.0
8658.0,12,300.0
8659.0,10,300.0
8659.0,11,300.0
8659.0,12,300.0
8660.0,10,300.0
8660.0,11,300.0
8660.0,12,300.0
8661.0,10,300.0
8661.0,11,300.0
8661.0,12,300.0
8662.0,10,300.0
8662.0,11,300.0
8662.0,12,300.0
8663.0,10,300.0
8663.0,11,300.0
8663.0,12,300.0
8664.0,10,300.0
8664.0,11,300.0
8664.0,12,300.0
8665.0,10,300.0
8665.0,11,300.0
8665.0,12,300.0
8666.0,10,300.0
8666.0,11,300.0
8666.0,12,300.0
8667.0,10,300.0
8667.0,11,300.0
8667.0,12,300.0
8668.0,10,300.0
8668.0,11,300.0
8668.0,12,300.0
8669.0,10,300.0
8669.0,11,300.0
8669.0,12,300.0
8670.0,10,300.0
8670.0,11,300.0
8670.0,12,300.0
8671.0,10,300.0
8671.0,11,300.0
8671.0,12,300.0
8672.0,10,300.0
8672.0,11,300.0
8672.0,12,300.0
8673.0,10,300.0
8673.0,11,300.0
8673.0,12,300.0
8674.0,10,300.0
8674.0,11,300.0
8674.0,12,300.0
8675.0,10,300.0
8675.0,11,300.0
8675.0,12,300.0
8676.0,10,300.0
8676.0,11,300.0
8676.0,12,300.0
8677.0,10,300.0
8677.0,11,300.0
8677.0,12,300.0
8678.0,10,300.0
8678.0,11,300.0
8678.0,12,300.0
8679.0,10,300.0
8679.0,11,300.0
8679.0,12,300.0
8680.0,10,300.0
8680.0,11,300.0
8680.0,12,300.0
8681.0,10,300.0
8681.0,11,300.0
8681.0,12,300.0
8682.0,10,300.0
8682.0,11,300.0
8682.0,12,300.0
8683.0,10,300.0
8683.0,11,300.0
8683.0,12,300.0
8684.0,10,300.0
8684.0,11,300.0
8684.0,12,300.0
8685.0,10,300.0
8685.0,11,300.0
8685.0,12,300.0
8686.0,10,300.0
8686.0,11,300.0
8686.0,12,300.0
8687.0,10,300.0
8687.0,11,300.0
8687.0,12,300.0
8688.0,10,300.0
8688.0,11,300.0
8688.0,12,300.0
8689.0,10,300.0
8689.0,11,300.0
8689.0,12,300.0
8690.0,10,300.0
8690.0,11,300.0
8690.0,12,300.0
8691.0,10,300.0
8691.0,11,300.0
8691.0,12,300.0
8692.0,10,300.0
8692.0,11,300.0
8692.0,12,300.0
8693.0,10,300.0
8693.0,11,300.0
8693.0,12,300.0
8694.0,10,300.0
8694.0,11,300.0
8694.0,12,300.0
8695.0,10,300.0
8695.0,11,300.0
8695.0,12,300.0
8696.0,10,300.0
8696.0,11,300.0
8696.0,12,300.0
8697.0,10,300.0
8697.0,11,300.0
8697.0,12,300.0
8698.0,10,300.0
8698.0,11,300.0
8698.0,12,300.0
8699.0,10,300.0
8699.0,11,300.0
8699.0,12,300.0
8700.0,10,300.0
8700.0,11,300.0
8700.0,12,300.0
8701.0,10,300.0
8701.0,11,300.0
8701.0,12,300.0
8702.0,10,300.0
8702.0,11,300.0
8702.0,12,300.0
8703.0,10,300.0
8703.0,11,300.0
8703.0,12,300.0
8704.0,10,300.0
8704.0,11,300.0
8704.0,12,300.0
8705.0,10,300.0
8705.0,11,300.0
8705.0,12,300.0
8706.0,10,300.0
8706.0,11,300.0
8706.0,12,300.0
8707.0,10,300.0
8707.0,11,300.0
8707.0,12,300.0
8708.0,10,300.0
8708.0,11,300.0
8708.0,12,300.0
8709.0,10,300.0
8709.0,11,300.0
8709.0,12,300.0
8710.0,10,300.0
8710.0,11,300.0
8710.0,12,300.0
8711.0,10,300.0
8711.0,11,300.0
8711.0,12,300.0
8712.0,10,300.0
8712.0,11,300.0
8712.0,12,300.0
8713.0,10,300.0
8713.0,11,300.0
8713.0,12,300.0
8714.0,10,300.0
8714.0,11,300.0
8714.0,12,300.0
8715.0,10,300.0
8715.0,11,300.0
8715.0,12,300.0
8716.0,10,300.0
8716.0,11,300.0
8716.0,12,300.0
8717.0,10,300.0
8717.0,11,300.0
8717.0,12,300.0
8718.0,10,300.0
8718.0,11,300.0
8718.0,12,300.0
8719.0,10,300.0
8719.0,11,300.0
8719.0,12,300.0
8720.0,10,300.0
8720.0,11,300.0
8720.0,12,300.0
8721.0,10,300.0
8721.0,11,300.0
8721.0,12,300.0
8722.0,10,300.0
8722.0,11,300.0
8722.0,12,300.0
8723.0,10,300.0
8723.0,11,300.0
8723.0,12,300.0
8724.0,10,300.0
8724.0,11,300.0
8724.0,12,300.0
8725.0,10,300.0
8725.0,11,300.0
8725.0,12,300.0
8726.0,10,300.0
8726.0,11,300.0
8726.0,12,300.0
8727.0,10,300.0
8727.0,11,300.0
8727.0,12,300.0
8728.0,10,300.0
8728.0,11,300.0
8728.0,12,300.0
8729.0,10,300.0
8729.0,11,300.0
8729.0,12,300.0
8730.0,10,300.0
8730.0,11,300.0
8730.0,12,300.0
8731.0,10,300.0
8731.0,11,300.0
8731.0,12,300.0
8732.0,10,300.0
8732.0,11,300.0
8732.0,12,300.0
8733.0,10,300.0
8733.0,11,300.0
8733.0,12,300.0
8734.0,10,300.0
8734.0,11,300.0
8734.0,12,300.0
8735.0,10,300.0
8735.0,11,300.0
8735.0,12,300.0
8736.0,10,300.0
8736.0,11,300.0
8736.0,12,300.0
8737.0,10,300.0
8737.0,11,300.0
8737.0,12,300.0
8738.0,10,300.0
8738.0,11,300.0
8738.0,12,300.0
8739.0,10,300.0
8739.0,11,300.0
8739.0,12,300.0
8740.0,10,300.0
8740.0,11,300.0
8740.0,12,300.0
8741.0,10,300.0
8741.0,11,300.0
8741.0,12,300.0
8742.0,10,300.0
8742.0,11,300.0
8742.0,12,300.0
8743.0,10,300.0
8743.0,11,300.0
8743.0,12,300.0
8744.0,10,300.0
8744.0,11,300.0
8744.0,12,300.0
8745.0,10,300.0
8745.0,11,300.0
8745.0,12,300.0
8746.0,10,300.0
8746.0,11,300.0
8746.0,12,300.0
8747.0,10,300.0
8747.0,11,300.0
8747.0,12,300.0
8748.0,10,300.0
8748.0,11,300.0
8748.0,12,300.0
8749.0,10,300.0
8749.0,11,300.0
8749.0,12,300.0
8750.0,10,300.0
8750.0,11,300.0
8750.0,12,300.0
8751.0,10,300.0
8751.0,11,300.0
8751.0,12,300.0
8752.0,10,300.0
8752.0,11,300.0
8752.0,12,300.0
8753.0,10,300.0
8753.0,11,300.0
8753.0,12,300.0
8754.0,10,300.0
8754.0,11,300.0
8754.0,12,300.0
8755.0,10,300.0
8755.0,11,300.0
8755.0,12,300.0
8756.0,10,300.0
8756.0,11,300.0
8756.0,12,300.0
8757.0,10,300.0
8757.0,11,300.0
8757.0,12,300.0
8758.0,10,300.0
8758.0,11,300.0
8758.0,12,300.0
8759.0,10,300.0
8759.0,11,300.0
8759.0,12,300.0
